static const unsigned char _Users_lemonliu_IOT_STM32_H743_ALIENTEK_CubeIDE_Core_Src_jpeg_frames_bin[] = {
  0xff, 0xd8, 0xff, 0xe0, 0x00, 0x10, 0x4a, 0x46, 0x49, 0x46, 0x00, 0x01,
  0x01, 0x00, 0x00, 0x01, 0x00, 0x01, 0x00, 0x00, 0xff, 0xdb, 0x00, 0x43,
  0x00, 0x08, 0x06, 0x06, 0x07, 0x06, 0x05, 0x08, 0x07, 0x07, 0x07, 0x09,
  0x09, 0x08, 0x0a, 0x0c, 0x14, 0x0d, 0x0c, 0x0b, 0x0b, 0x0c, 0x19, 0x12,
  0x13, 0x0f, 0x14, 0x1d, 0x1a, 0x1f, 0x1e, 0x1d, 0x1a, 0x1c, 0x1c, 0x20,
  0x24, 0x2e, 0x27, 0x20, 0x22, 0x2c, 0x23, 0x1c, 0x1c, 0x28, 0x37, 0x29,
  0x2c, 0x30, 0x31, 0x34, 0x34, 0x34, 0x1f, 0x27, 0x39, 0x3d, 0x38, 0x32,
  0x3c, 0x2e, 0x33, 0x34, 0x32, 0xff, 0xdb, 0x00, 0x43, 0x01, 0x09, 0x09,
  0x09, 0x0c, 0x0b, 0x0c, 0x18, 0x0d, 0x0d, 0x18, 0x32, 0x21, 0x1c, 0x21,
  0x32, 0x32, 0x32, 0x32, 0x32, 0x32, 0x32, 0x32, 0x32, 0x32, 0x32, 0x32,
  0x32, 0x32, 0x32, 0x32, 0x32, 0x32, 0x32, 0x32, 0x32, 0x32, 0x32, 0x32,
  0x32, 0x32, 0x32, 0x32, 0x32, 0x32, 0x32, 0x32, 0x32, 0x32, 0x32, 0x32,
  0x32, 0x32, 0x32, 0x32, 0x32, 0x32, 0x32, 0x32, 0x32, 0x32, 0x32, 0x32,
  0x32, 0x32, 0xff, 0xc0, 0x00, 0x11, 0x08, 0x01, 0x40, 0x01, 0x40, 0x03,
  0x01, 0x22, 0x00, 0x02, 0x11, 0x01, 0x03, 0x11, 0x01, 0xff, 0xc4, 0x00,
  0x1f, 0x00, 0x00, 0x01, 0x05, 0x01, 0x01, 0x01, 0x01, 0x01, 0x01, 0x00,
  0x00, 0x00, 0x00, 0x00, 0x00, 0x00, 0x00, 0x01, 0x02, 0x03, 0x04, 0x05,
  0x06, 0x07, 0x08, 0x09, 0x0a, 0x0b, 0xff, 0xc4, 0x00, 0xb5, 0x10, 0x00,
  0x02, 0x01, 0x03, 0x03, 0x02, 0x04, 0x03, 0x05, 0x05, 0x04, 0x04, 0x00,
  0x00, 0x01, 0x7d, 0x01, 0x02, 0x03, 0x00, 0x04, 0x11, 0x05, 0x12, 0x21,
  0x31, 0x41, 0x06, 0x13, 0x51, 0x61, 0x07, 0x22, 0x71, 0x14, 0x32, 0x81,
  0x91, 0xa1, 0x08, 0x23, 0x42, 0xb1, 0xc1, 0x15, 0x52, 0xd1, 0xf0, 0x24,
  0x33, 0x62, 0x72, 0x82, 0x09, 0x0a, 0x16, 0x17, 0x18, 0x19, 0x1a, 0x25,
  0x26, 0x27, 0x28, 0x29, 0x2a, 0x34, 0x35, 0x36, 0x37, 0x38, 0x39, 0x3a,
  0x43, 0x44, 0x45, 0x46, 0x47, 0x48, 0x49, 0x4a, 0x53, 0x54, 0x55, 0x56,
  0x57, 0x58, 0x59, 0x5a, 0x63, 0x64, 0x65, 0x66, 0x67, 0x68, 0x69, 0x6a,
  0x73, 0x74, 0x75, 0x76, 0x77, 0x78, 0x79, 0x7a, 0x83, 0x84, 0x85, 0x86,
  0x87, 0x88, 0x89, 0x8a, 0x92, 0x93, 0x94, 0x95, 0x96, 0x97, 0x98, 0x99,
  0x9a, 0xa2, 0xa3, 0xa4, 0xa5, 0xa6, 0xa7, 0xa8, 0xa9, 0xaa, 0xb2, 0xb3,
  0xb4, 0xb5, 0xb6, 0xb7, 0xb8, 0xb9, 0xba, 0xc2, 0xc3, 0xc4, 0xc5, 0xc6,
  0xc7, 0xc8, 0xc9, 0xca, 0xd2, 0xd3, 0xd4, 0xd5, 0xd6, 0xd7, 0xd8, 0xd9,
  0xda, 0xe1, 0xe2, 0xe3, 0xe4, 0xe5, 0xe6, 0xe7, 0xe8, 0xe9, 0xea, 0xf1,
  0xf2, 0xf3, 0xf4, 0xf5, 0xf6, 0xf7, 0xf8, 0xf9, 0xfa, 0xff, 0xc4, 0x00,
  0x1f, 0x01, 0x00, 0x03, 0x01, 0x01, 0x01, 0x01, 0x01, 0x01, 0x01, 0x01,
  0x01, 0x00, 0x00, 0x00, 0x00, 0x00, 0x00, 0x01, 0x02, 0x03, 0x04, 0x05,
  0x06, 0x07, 0x08, 0x09, 0x0a, 0x0b, 0xff, 0xc4, 0x00, 0xb5, 0x11, 0x00,
  0x02, 0x01, 0x02, 0x04, 0x04, 0x03, 0x04, 0x07, 0x05, 0x04, 0x04, 0x00,
  0x01, 0x02, 0x77, 0x00, 0x01, 0x02, 0x03, 0x11, 0x04, 0x05, 0x21, 0x31,
  0x06, 0x12, 0x41, 0x51, 0x07, 0x61, 0x71, 0x13, 0x22, 0x32, 0x81, 0x08,
  0x14, 0x42, 0x91, 0xa1, 0xb1, 0xc1, 0x09, 0x23, 0x33, 0x52, 0xf0, 0x15,
  0x62, 0x72, 0xd1, 0x0a, 0x16, 0x24, 0x34, 0xe1, 0x25, 0xf1, 0x17, 0x18,
  0x19, 0x1a, 0x26, 0x27, 0x28, 0x29, 0x2a, 0x35, 0x36, 0x37, 0x38, 0x39,
  0x3a, 0x43, 0x44, 0x45, 0x46, 0x47, 0x48, 0x49, 0x4a, 0x53, 0x54, 0x55,
  0x56, 0x57, 0x58, 0x59, 0x5a, 0x63, 0x64, 0x65, 0x66, 0x67, 0x68, 0x69,
  0x6a, 0x73, 0x74, 0x75, 0x76, 0x77, 0x78, 0x79, 0x7a, 0x82, 0x83, 0x84,
  0x85, 0x86, 0x87, 0x88, 0x89, 0x8a, 0x92, 0x93, 0x94, 0x95, 0x96, 0x97,
  0x98, 0x99, 0x9a, 0xa2, 0xa3, 0xa4, 0xa5, 0xa6, 0xa7, 0xa8, 0xa9, 0xaa,
  0xb2, 0xb3, 0xb4, 0xb5, 0xb6, 0xb7, 0xb8, 0xb9, 0xba, 0xc2, 0xc3, 0xc4,
  0xc5, 0xc6, 0xc7, 0xc8, 0xc9, 0xca, 0xd2, 0xd3, 0xd4, 0xd5, 0xd6, 0xd7,
  0xd8, 0xd9, 0xda, 0xe2, 0xe3, 0xe4, 0xe5, 0xe6, 0xe7, 0xe8, 0xe9, 0xea,
  0xf2, 0xf3, 0xf4, 0xf5, 0xf6, 0xf7, 0xf8, 0xf9, 0xfa, 0xff, 0xda, 0x00,
  0x0c, 0x03, 0x01, 0x00, 0x02, 0x11, 0x03, 0x11, 0x00, 0x3f, 0x00, 0xe2,
  0xe8, 0xa2, 0xb4, 0xa2, 0xd3, 0xed, 0x06, 0x8f, 0x15, 0xfd, 0xd5, 0xdc,
  0xf1, 0xb4, 0xb3, 0x4b, 0x0a, 0x47, 0x14, 0x01, 0xc7, 0xc8, 0xa8, 0x72,
  0x49, 0x71, 0x8c, 0xf9, 0x83, 0xb1, 0xe9, 0x5f, 0x34, 0x93, 0x67, 0xed,
  0xd3, 0xa9, 0x18, 0x5a, 0xfd, 0x4c, 0xda, 0x2b, 0x51, 0x3c, 0x3b, 0xaa,
  0x48, 0xf1, 0xa2, 0xdb, 0xa1, 0x79, 0x23, 0x49, 0x11, 0x7c, 0xe4, 0x04,
  0x87, 0x00, 0xa7, 0xf1, 0x75, 0x60, 0x78, 0x5e, 0xa7, 0xd2, 0x8b, 0x7f,
  0x0f, 0x6a, 0x77, 0x36, 0x91, 0xdd, 0x45, 0x0c, 0x7e, 0x4c, 0x89, 0xbd,
  0x59, 0xa7, 0x8d, 0x7e, 0x5d, 0xc5, 0x37, 0x10, 0x58, 0x10, 0x37, 0x0c,
  0x64, 0xf1, 0x9c, 0x7a, 0x8a, 0x7c, 0x92, 0xec, 0x43, 0xc4, 0xd1, 0x4a,
  0xee, 0x6b, 0xef, 0x46, 0x5d, 0x15, 0x7d, 0xb4, 0x5d, 0x41, 0x12, 0x66,
  0x7b, 0x7d, 0xa6, 0x12, 0xe1, 0xd1, 0x9d, 0x43, 0xfc, 0x99, 0x0c, 0x42,
  0xe7, 0x24, 0x0c, 0x1c, 0x90, 0x08, 0x18, 0x3e, 0x86, 0x96, 0xd3, 0x4e,
  0x8a, 0xeb, 0x4a, 0xbf, 0xbb, 0x37, 0x61, 0x65, 0xb5, 0x41, 0x20, 0x80,
  0x21, 0x25, 0x94, 0xba, 0x21, 0x24, 0xf4, 0x1c, 0xb8, 0xf5, 0xe8, 0x7a,
  0x52, 0xe5, 0x63, 0x75, 0xe9, 0xda, 0xe9, 0xdf, 0x54, 0xb4, 0xd7, 0x7f,
  0x43, 0x3e, 0x8a, 0x28, 0xa4, 0x6a, 0x14, 0x51, 0x45, 0x00, 0x14, 0x51,
  0x45, 0x00, 0x14, 0x51, 0x45, 0x00, 0x14, 0x51, 0x45, 0x00, 0x14, 0x51,
  0x45, 0x00, 0x14, 0x51, 0x45, 0x00, 0x14, 0x51, 0x45, 0x00, 0x14, 0x51,
  0x45, 0x00, 0x14, 0x51, 0x45, 0x00, 0x14, 0x51, 0x45, 0x00, 0x14, 0x51,
  0x45, 0x00, 0x14, 0x51, 0x45, 0x00, 0x14, 0x51, 0x45, 0x00, 0x14, 0x51,
  0x45, 0x00, 0x14, 0x51, 0x45, 0x00, 0x14, 0x51, 0x45, 0x00, 0x15, 0xa2,
  0x9a, 0xcd, 0xd4, 0x3a, 0x2c, 0x7a, 0x6d, 0xbc, 0xb3, 0x42, 0x82, 0x69,
  0x64, 0x90, 0xc7, 0x29, 0x51, 0x20, 0x75, 0x45, 0xda, 0x40, 0xf4, 0xd8,
  0x7f, 0xef, 0xaf, 0xcf, 0x3a, 0x8a, 0x69, 0xb5, 0xb1, 0x13, 0xa7, 0x19,
  0xdb, 0x99, 0x5e, 0xc7, 0x49, 0xa7, 0x78, 0xaa, 0x3b, 0x1d, 0x49, 0x2f,
  0x5a, 0xc0, 0xbb, 0xa2, 0xda, 0x85, 0x29, 0x30, 0x56, 0xfd, 0xca, 0x04,
  0x23, 0x3b, 0x4f, 0xca, 0xd8, 0x04, 0x81, 0x8e, 0x83, 0x9e, 0x39, 0xa1,
  0xfd, 0xb5, 0xff, 0x00, 0x12, 0xdf, 0xb1, 0xf9, 0x1f, 0xf2, 0xe3, 0xf6,
  0x3d, 0xdb, 0xff, 0x00, 0xe9, 0xe7, 0xcf, 0xdd, 0x8c, 0x7f, 0xc0, 0x71,
  0xf8, 0xe7, 0xb5, 0x65, 0x51, 0x55, 0xed, 0x25, 0xb1, 0x8a, 0xc1, 0xd1,
  0x4f, 0x99, 0x2e, 0xdd, 0x5f, 0x4d, 0xbe, 0xe3, 0xa6, 0xbd, 0xf1, 0x7c,
  0xb7, 0xb1, 0xdd, 0x0f, 0x2a, 0xe2, 0x3f, 0x34, 0xcf, 0xb1, 0x12, 0xed,
  0x84, 0x61, 0x65, 0x76, 0x63, 0xb9, 0x00, 0x1b, 0x88, 0xde, 0xc3, 0x39,
  0x1d, 0xb2, 0x0e, 0x2b, 0x0e, 0xd2, 0xf7, 0xec, 0xb6, 0xd7, 0xf0, 0xf9,
  0x7b, 0xbe, 0xd7, 0x00, 0x87, 0x39, 0xc6, 0xdc, 0x48, 0x8f, 0x9f, 0x7f,
  0xb9, 0x8f, 0xc6, 0xaa, 0xd1, 0x49, 0xce, 0x4d, 0xdd, 0x8e, 0x9e, 0x16,
  0x95, 0x38, 0xf2, 0xc1, 0x59, 0x6f, 0xf7, 0x6a, 0x14, 0x51, 0x45, 0x49,
  0xd0, 0x14, 0x51, 0x45, 0x00, 0x14, 0x51, 0x45, 0x00, 0x14, 0x51, 0x45,
  0x00, 0x14, 0x51, 0x45, 0x00, 0x14, 0x51, 0x45, 0x00, 0x14, 0x51, 0x45,
  0x00, 0x14, 0x51, 0x45, 0x00, 0x14, 0x51, 0x45, 0x00, 0x14, 0x51, 0x45,
  0x00, 0x14, 0x51, 0x45, 0x00, 0x14, 0x51, 0x45, 0x00, 0x14, 0x51, 0x45,
  0x00, 0x14, 0x51, 0x45, 0x00, 0x14, 0x51, 0x45, 0x00, 0x14, 0x51, 0x45,
  0x00, 0x14, 0x51, 0x45, 0x00, 0x14, 0x51, 0x45, 0x00, 0x14, 0x51, 0x45,
  0x00, 0x14, 0x51, 0x45, 0x00, 0x14, 0x51, 0x45, 0x00, 0x14, 0x51, 0x45,
  0x00, 0x14, 0x51, 0x45, 0x00, 0x14, 0x51, 0x45, 0x00, 0x14, 0x51, 0x45,
  0x00, 0x14, 0x51, 0x45, 0x00, 0x14, 0x51, 0x45, 0x00, 0x14, 0x51, 0x45,
  0x00, 0x14, 0x51, 0x45, 0x00, 0x14, 0x51, 0x45, 0x00, 0x14, 0x51, 0x45,
  0x00, 0x14, 0x51, 0x45, 0x00, 0x14, 0x51, 0x45, 0x00, 0x14, 0x51, 0x45,
  0x00, 0x14, 0x51, 0x45, 0x00, 0x14, 0x51, 0x45, 0x00, 0x14, 0x51, 0x45,
  0x00, 0x14, 0x51, 0x45, 0x00, 0x14, 0x51, 0x45, 0x00, 0x14, 0x51, 0x45,
  0x00, 0x14, 0x51, 0x45, 0x00, 0x14, 0x51, 0x45, 0x00, 0x14, 0x51, 0x45,
  0x00, 0x14, 0x51, 0x45, 0x00, 0x14, 0x51, 0x45, 0x00, 0x14, 0x51, 0x45,
  0x00, 0x14, 0x51, 0x45, 0x00, 0x14, 0x51, 0x45, 0x00, 0x14, 0x51, 0x45,
  0x00, 0x14, 0x51, 0x45, 0x00, 0x14, 0x51, 0x45, 0x00, 0x14, 0x51, 0x45,
  0x00, 0x14, 0x51, 0x45, 0x00, 0x14, 0x51, 0x45, 0x00, 0x14, 0x51, 0x45,
  0x00, 0x14, 0x51, 0x45, 0x00, 0x14, 0x51, 0x45, 0x00, 0x14, 0x51, 0x45,
  0x00, 0x14, 0x51, 0x45, 0x00, 0x14, 0x51, 0x45, 0x00, 0x14, 0x51, 0x45,
  0x00, 0x14, 0x51, 0x45, 0x00, 0x14, 0x51, 0x45, 0x00, 0x14, 0x51, 0x45,
  0x00, 0x14, 0x51, 0x45, 0x00, 0x14, 0x51, 0x45, 0x00, 0x14, 0x51, 0x45,
  0x00, 0x14, 0x51, 0x45, 0x00, 0x14, 0x51, 0x45, 0x00, 0x14, 0x51, 0x45,
  0x00, 0x14, 0x51, 0x45, 0x00, 0x14, 0x51, 0x45, 0x00, 0x14, 0x51, 0x45,
  0x00, 0x14, 0x51, 0x45, 0x00, 0x14, 0x51, 0x45, 0x00, 0x14, 0x51, 0x45,
  0x00, 0x14, 0x51, 0x45, 0x00, 0x14, 0x51, 0x45, 0x00, 0x14, 0x51, 0x45,
  0x00, 0x14, 0x51, 0x45, 0x00, 0x14, 0x51, 0x45, 0x00, 0x14, 0x51, 0x45,
  0x00, 0x14, 0x51, 0x45, 0x00, 0x14, 0x51, 0x45, 0x00, 0x14, 0x51, 0x45,
  0x00, 0x14, 0x51, 0x45, 0x00, 0x14, 0x51, 0x45, 0x00, 0x14, 0x51, 0x45,
  0x00, 0x14, 0x51, 0x45, 0x00, 0x14, 0x51, 0x45, 0x00, 0x14, 0x51, 0x45,
  0x00, 0x14, 0x51, 0x45, 0x00, 0x14, 0x51, 0x45, 0x00, 0x14, 0x51, 0x45,
  0x00, 0x14, 0x51, 0x45, 0x00, 0x14, 0x51, 0x45, 0x00, 0x14, 0x51, 0x45,
  0x00, 0x14, 0x51, 0x45, 0x00, 0x14, 0x51, 0x45, 0x00, 0x14, 0x51, 0x45,
  0x00, 0x14, 0x51, 0x45, 0x00, 0x14, 0x51, 0x45, 0x00, 0x14, 0x51, 0x45,
  0x00, 0x14, 0x51, 0x45, 0x00, 0x14, 0x51, 0x45, 0x00, 0x14, 0x51, 0x45,
  0x00, 0x14, 0x53, 0xe3, 0x86, 0x59, 0x73, 0xe5, 0xc6, 0xef, 0x8e, 0xbb,
  0x54, 0x9c, 0x55, 0x95, 0xd2, 0xaf, 0x59, 0x41, 0x10, 0x1c, 0x11, 0x9e,
  0x58, 0x0f, 0xeb, 0x57, 0x1a, 0x73, 0x97, 0xc2, 0x9b, 0x39, 0xea, 0xe3,
  0x30, 0xf4, 0x5d, 0xaa, 0xd4, 0x8c, 0x7d, 0x5a, 0x5f, 0x99, 0x4e, 0x8a,
  0xbb, 0xfd, 0x93, 0x7d, 0xff, 0x00, 0x3c, 0x3f, 0xf1, 0xf5, 0xff, 0x00,
  0x1a, 0xad, 0x25, 0xbc, 0xd1, 0x2e, 0xe9, 0x22, 0x91, 0x06, 0x71, 0x96,
  0x52, 0x28, 0x95, 0x39, 0xc7, 0xe2, 0x4d, 0x0a, 0x96, 0x37, 0x0d, 0x59,
  0xda, 0x9d, 0x48, 0xc9, 0xf9, 0x34, 0xc8, 0xe8, 0xa2, 0x8a, 0x83, 0xa4,
  0x28, 0xa2, 0x8a, 0x00, 0x28, 0xa2, 0x8a, 0x00, 0x28, 0xa2, 0x8a, 0x00,
  0x28, 0xa2, 0x8a, 0x00, 0x28, 0xa2, 0x8a, 0x00, 0x28, 0xa2, 0x8a, 0x00,
  0x28, 0xa2, 0x8a, 0x00, 0x28, 0xa2, 0x8a, 0x00, 0x28, 0xa2, 0x8a, 0x00,
  0x28, 0xa2, 0x8a, 0x00, 0x28, 0xa2, 0x8a, 0x00, 0x28, 0xa2, 0x8a, 0x00,
  0x28, 0xa2, 0x8a, 0x00, 0x28, 0xa2, 0x8a, 0x00, 0x28, 0xa2, 0x8a, 0x00,
  0x28, 0xa2, 0xb4, 0x74, 0xdd, 0x34, 0xdd, 0x30, 0x96, 0x50, 0x44, 0x20,
  0xff, 0x00, 0xdf, 0x5f, 0xfd, 0x6a, 0xba, 0x74, 0xe5, 0x52, 0x5c, 0xb1,
  0x39, 0xb1, 0x78, 0xba, 0x58, 0x4a, 0x4e, 0xb5, 0x67, 0x64, 0xbf, 0x1f,
  0x25, 0xe6, 0x56, 0xb5, 0xb2, 0x9e, 0xed, 0xb1, 0x1a, 0xfc, 0xbd, 0xdd,
  0xbe, 0xe8, 0xfc, 0x6b, 0x72, 0xdb, 0x47, 0xb7, 0x83, 0xe6, 0x90, 0x79,
  0xcf, 0xea, 0xc3, 0x8f, 0xca, 0xaf, 0x47, 0x1a, 0x43, 0x1a, 0xc7, 0x1a,
  0x85, 0x45, 0x18, 0x00, 0x53, 0xab, 0xd8, 0xa3, 0x83, 0x85, 0x3d, 0x65,
  0xab, 0x3f, 0x39, 0xcc, 0xf8, 0x8f, 0x15, 0x8b, 0x6e, 0x14, 0x9f, 0x24,
  0x3b, 0x2d, 0xdf, 0xab, 0xfd, 0x16, 0x9e, 0xa2, 0x2a, 0x85, 0x50, 0xaa,
  0x00, 0x00, 0x60, 0x01, 0xda, 0x96, 0x8a, 0x2b, 0xac, 0xf9, 0xd6, 0xef,
  0xab, 0x0a, 0x28, 0xa2, 0x80, 0x28, 0xdc, 0xe9, 0x56, 0xb7, 0x0b, 0xf2,
  0xa0, 0x89, 0xf1, 0xc1, 0x41, 0x8f, 0xcc, 0x56, 0x25, 0xe6, 0x9d, 0x3d,
  0x99, 0xcb, 0x0d, 0xf1, 0xff, 0x00, 0x7d, 0x47, 0x03, 0xeb, 0xe9, 0x5d,
  0x4d, 0x23, 0x28, 0x65, 0x2a, 0xc0, 0x10, 0x46, 0x08, 0x3d, 0xeb, 0x96,
  0xb6, 0x12, 0x9d, 0x45, 0xa6, 0x8c, 0xf7, 0xb2, 0xee, 0x21, 0xc5, 0xe0,
  0xda, 0x52, 0x7c, 0xf0, 0xec, 0xff, 0x00, 0x47, 0xd3, 0xf2, 0x38, 0xca,
  0x2b, 0x5b, 0x52, 0xd2, 0x84, 0x2a, 0x66, 0xb7, 0x53, 0xe5, 0x81, 0xf3,
  0x27, 0x5d, 0xbe, 0xff, 0x00, 0x4a, 0xc9, 0xaf, 0x1e, 0xad, 0x29, 0x52,
  0x97, 0x2c, 0x8f, 0xd1, 0xf0, 0x38, 0xea, 0x38, 0xda, 0x4a, 0xad, 0x17,
  0xa7, 0xe2, 0xbc, 0x98, 0x51, 0x45, 0x15, 0x99, 0xd8, 0x14, 0x51, 0x45,
  0x00, 0x14, 0x51, 0x45, 0x00, 0x14, 0x51, 0x45, 0x00, 0x14, 0x51, 0x45,
  0x00, 0x14, 0x51, 0x45, 0x00, 0x14, 0x51, 0x45, 0x00, 0x14, 0x51, 0x45,
  0x00, 0x14, 0x51, 0x45, 0x00, 0x14, 0x51, 0x45, 0x00, 0x14, 0x51, 0x45,
  0x00, 0x14, 0x51, 0x45, 0x00, 0x14, 0x51, 0x45, 0x00, 0x14, 0x51, 0x45,
  0x00, 0x58, 0xb2, 0xb5, 0x6b, 0xbb, 0x95, 0x8c, 0x7d, 0xde, 0xac, 0x73,
  0xd0, 0x77, 0xae, 0xaa, 0x38, 0xd2, 0x18, 0xd6, 0x38, 0xd4, 0x2a, 0x28,
  0xc0, 0x02, 0xa8, 0xe8, 0xf6, 0xde, 0x45, 0x98, 0x91, 0xbe, 0xfc, 0xbf,
  0x31, 0xfa, 0x76, 0xff, 0x00, 0x1f, 0xc6, 0xb4, 0x2b, 0xda, 0xc1, 0xd1,
  0xf6, 0x70, 0xe6, 0x7b, 0xb3, 0xf3, 0x0e, 0x23, 0xcc, 0xde, 0x2f, 0x14,
  0xe9, 0x41, 0xfb, 0x90, 0xd1, 0x79, 0xbe, 0xaf, 0xf4, 0x5e, 0x5e, 0xa1,
  0x45, 0x14, 0x57, 0x61, 0xf3, 0xa1, 0x45, 0x14, 0x50, 0x01, 0x45, 0x14,
  0x50, 0x01, 0x45, 0x14, 0x50, 0x02, 0x32, 0x86, 0x52, 0xac, 0x01, 0x04,
  0x60, 0x83, 0xde, 0xb9, 0x9d, 0x4e, 0xcb, 0xec, 0x77, 0x1f, 0x28, 0xfd,
  0xd3, 0xf2, 0x9c, 0xe7, 0x1e, 0xa2, 0xba, 0x7a, 0xab, 0xa8, 0x5b, 0x7d,
  0xae, 0xcd, 0xe3, 0x1f, 0x7c, 0x7c, 0xc9, 0xf5, 0x1f, 0xe7, 0x15, 0xcd,
  0x8a, 0xa3, 0xed, 0x61, 0xa6, 0xe8, 0xf6, 0xf2, 0x1c, 0xcd, 0xe0, 0x71,
  0x4b, 0x99, 0xfb, 0x92, 0xd1, 0xff, 0x00, 0x9f, 0xcb, 0xf2, 0xb9, 0xca,
  0xd1, 0x45, 0x15, 0xe1, 0x1f, 0xab, 0x05, 0x14, 0x51, 0x40, 0x05, 0x14,
  0x51, 0x40, 0x05, 0x14, 0x51, 0x40, 0x05, 0x14, 0x51, 0x40, 0x05, 0x14,
  0x51, 0x40, 0x05, 0x14, 0x51, 0x40, 0x05, 0x14, 0x51, 0x40, 0x05, 0x14,
  0x51, 0x40, 0x05, 0x14, 0x51, 0x40, 0x05, 0x14, 0x51, 0x40, 0x05, 0x14,
  0x51, 0x40, 0x05, 0x14, 0x51, 0x40, 0x05, 0x3e, 0x18, 0xfc, 0xd9, 0xe3,
  0x8f, 0x38, 0xde, 0xc1, 0x73, 0xe9, 0x93, 0x4c, 0xab, 0x9a, 0x52, 0x86,
  0xd4, 0xe1, 0x04, 0x02, 0x32, 0x4f, 0x3f, 0x43, 0x57, 0x4e, 0x3c, 0xd3,
  0x51, 0xee, 0xce, 0x7c, 0x65, 0x57, 0x47, 0x0f, 0x52, 0xaa, 0xfb, 0x31,
  0x6f, 0xee, 0x57, 0x3a, 0x75, 0x50, 0xaa, 0x15, 0x40, 0x00, 0x0c, 0x00,
  0x3b, 0x52, 0xd1, 0x45, 0x7d, 0x19, 0xf8, 0xb3, 0x77, 0xd5, 0x85, 0x14,
  0x51, 0x40, 0x05, 0x14, 0xd7, 0x41, 0x24, 0x6c, 0x84, 0x90, 0x18, 0x10,
  0x4a, 0x92, 0x0f, 0xe0, 0x47, 0x4a, 0xa1, 0xa2, 0x46, 0xb1, 0x69, 0xcd,
  0x1a, 0x0d, 0xa8, 0x97, 0x37, 0x0a, 0xa3, 0xd0, 0x09, 0x9e, 0x80, 0x34,
  0x68, 0xa2, 0x8a, 0x00, 0x28, 0xa2, 0x8a, 0x00, 0x28, 0xa2, 0x8a, 0x00,
  0xe5, 0x35, 0x08, 0x84, 0x17, 0xf3, 0x46, 0xb8, 0xc6, 0xec, 0x80, 0x06,
  0x31, 0x9e, 0x71, 0xfa, 0xd5, 0x6a, 0xd3, 0xd7, 0x14, 0x0b, 0xe5, 0x20,
  0x00, 0x4c, 0x60, 0x9f, 0x7e, 0x4d, 0x66, 0x57, 0xcf, 0x57, 0x8f, 0x2d,
  0x49, 0x25, 0xdc, 0xfd, 0x8b, 0x2b, 0xac, 0xeb, 0x60, 0xa9, 0x54, 0x96,
  0xee, 0x28, 0x28, 0xa2, 0x8a, 0xc8, 0xef, 0x0a, 0x28, 0xa2, 0x80, 0x0a,
  0x28, 0xa2, 0x80, 0x0a, 0x28, 0xa2, 0x80, 0x0a, 0x28, 0xa2, 0x80, 0x0a,
  0x28, 0xa2, 0x80, 0x0a, 0x28, 0xa2, 0x80, 0x0a, 0x28, 0xa2, 0x80, 0x0a,
  0x28, 0xa2, 0x80, 0x0a, 0x28, 0xa2, 0x80, 0x0a, 0x28, 0xa2, 0x80, 0x0a,
  0x28, 0xa2, 0x80, 0x0a, 0xbb, 0xa4, 0xff, 0x00, 0xc8, 0x4e, 0x1f, 0xf8,
  0x17, 0xfe, 0x82, 0x6a, 0x95, 0x49, 0x6f, 0x20, 0x8a, 0xe6, 0x29, 0x1b,
  0x38, 0x47, 0x0c, 0x71, 0xec, 0x6a, 0xe9, 0xcb, 0x96, 0x6a, 0x5d, 0x99,
  0xcd, 0x8d, 0xa4, 0xeb, 0x61, 0xaa, 0x53, 0x5b, 0xca, 0x2d, 0x7d, 0xe8,
  0xec, 0x28, 0xa2, 0x8a, 0xfa, 0x33, 0xf1, 0x70, 0xa2, 0x8a, 0x28, 0x00,
  0xa2, 0x8a, 0x28, 0x00, 0xa2, 0x8a, 0x28, 0x00, 0xa2, 0x8a, 0x28, 0x00,
  0xa2, 0x8a, 0x28, 0x03, 0x9e, 0xd7, 0x7f, 0xe3, 0xf9, 0x3f, 0xeb, 0x98,
  0xfe, 0x66, 0xb3, 0x2a, 0xde, 0xa5, 0x20, 0x93, 0x51, 0x9d, 0x86, 0x70,
  0x1b, 0x6f, 0x3e, 0xc3, 0x1f, 0xd2, 0xaa, 0x57, 0xcf, 0x57, 0x97, 0x35,
  0x59, 0x3f, 0x33, 0xf6, 0x1c, 0xa6, 0x93, 0xa5, 0x81, 0xa5, 0x07, 0xbf,
  0x2a, 0xfc, 0x75, 0x0a, 0x28, 0xa2, 0xb2, 0x3d, 0x00, 0xa2, 0x8a, 0x28,
  0x00, 0xa2, 0x8a, 0x28, 0x00, 0xa2, 0x8a, 0x28, 0x00, 0xa2, 0x8a, 0x28,
  0x00, 0xa2, 0x8a, 0x28, 0x00, 0xa2, 0x8a, 0x28, 0x00, 0xa2, 0x8a, 0x28,
  0x00, 0xa2, 0x8a, 0x28, 0x00, 0xa2, 0x8a, 0x28, 0x00, 0xa2, 0x8a, 0x28,
  0x00, 0xa2, 0x8a, 0x28, 0x00, 0xa2, 0x8a, 0x28, 0x03, 0xa6, 0xd2, 0xae,
  0x45, 0xc5, 0x92, 0x2f, 0x1b, 0xe3, 0x1b, 0x08, 0xfe, 0x47, 0xf2, 0xfe,
  0xb5, 0x7a, 0xb9, 0x6d, 0x3a, 0xf0, 0xd9, 0xdc, 0x86, 0x3f, 0xea, 0xdb,
  0xe5, 0x7f, 0x61, 0xeb, 0xf8, 0x57, 0x50, 0xac, 0x19, 0x43, 0x29, 0x04,
  0x11, 0x90, 0x47, 0x7a, 0xf7, 0x30, 0x95, 0x95, 0x4a, 0x76, 0xea, 0x8f,
  0xcb, 0x38, 0x87, 0x2e, 0x78, 0x3c, 0x5b, 0x92, 0x5e, 0xe4, 0xf5, 0x5f,
  0xaa, 0xf9, 0x7e, 0x42, 0xd1, 0x45, 0x15, 0xd4, 0x78, 0x21, 0x45, 0x14,
  0x50, 0x01, 0x45, 0x14, 0x50, 0x01, 0x45, 0x14, 0x50, 0x01, 0x50, 0x5e,
  0x5c, 0x8b, 0x5b, 0x57, 0x94, 0xe3, 0x20, 0x61, 0x41, 0xee, 0x7b, 0x54,
  0xf5, 0xce, 0x6a, 0xd7, 0xa2, 0xe6, 0x7f, 0x2a, 0x32, 0x0c, 0x51, 0x9e,
  0x08, 0x3f, 0x78, 0xfa, 0xd7, 0x3e, 0x26, 0xb2, 0xa5, 0x4d, 0xbe, 0xbd,
  0x0f, 0x5f, 0x25, 0xcb, 0x9e, 0x3b, 0x14, 0xa0, 0xd7, 0xba, 0xb5, 0x97,
  0xa7, 0x6f, 0x9e, 0xdf, 0xf0, 0xc6, 0x75, 0x14, 0x51, 0x5e, 0x09, 0xfa,
  0xd0, 0x51, 0x45, 0x14, 0x00, 0x51, 0x45, 0x14, 0x00, 0x51, 0x45, 0x14,
  0x00, 0x51, 0x45, 0x14, 0x00, 0x51, 0x45, 0x14, 0x00, 0x51, 0x45, 0x14,
  0x00, 0x51, 0x45, 0x14, 0x00, 0x51, 0x45, 0x14, 0x00, 0x51, 0x45, 0x14,
  0x00, 0x51, 0x45, 0x14, 0x00, 0x51, 0x45, 0x14, 0x00, 0x51, 0x45, 0x14,
  0x00, 0x51, 0x45, 0x14, 0x00, 0x56, 0xb6, 0x95, 0xa9, 0x08, 0x40, 0xb7,
  0x98, 0x81, 0x1e, 0x7e, 0x56, 0xfe, 0xef, 0xd7, 0xda, 0xb2, 0x68, 0xad,
  0x29, 0x55, 0x95, 0x29, 0x73, 0x44, 0xe3, 0xc7, 0x60, 0x69, 0x63, 0x68,
  0xba, 0x35, 0x96, 0x9f, 0x93, 0xee, 0x8e, 0xcd, 0x58, 0x32, 0x86, 0x52,
  0x08, 0x23, 0x20, 0x8e, 0xf4, 0xb5, 0xcc, 0x59, 0x6a, 0x73, 0x59, 0xe1,
  0x7e, 0xfc, 0x5c, 0xfc, 0x84, 0xf4, 0xfa, 0x1a, 0xdd, 0xb6, 0xd4, 0x2d,
  0xee, 0xf8, 0x8d, 0xf0, 0xff, 0x00, 0xdc, 0x6e, 0x0f, 0xff, 0x00, 0x5e,
  0xbd, 0x9a, 0x38, 0xa8, 0x55, 0xd3, 0x66, 0x7e, 0x6b, 0x99, 0xe4, 0x38,
  0xac, 0x0b, 0x72, 0xb7, 0x34, 0x3b, 0xaf, 0xd7, 0xb7, 0xe5, 0xe6, 0x5a,
  0xa2, 0x8a, 0x2b, 0xa4, 0xf1, 0x02, 0x8a, 0x28, 0xa0, 0x02, 0x8a, 0x82,
  0xe6, 0xf2, 0x0b, 0x55, 0xcc, 0xae, 0x01, 0xc6, 0x42, 0x8e, 0x49, 0xfc,
  0x2b, 0x0e, 0xf7, 0x56, 0x96, 0xe4, 0x18, 0xe2, 0x06, 0x38, 0x88, 0xc1,
  0x1d, 0xdb, 0xeb, 0xe9, 0x5c, 0xf5, 0xb1, 0x34, 0xe9, 0x2d, 0x5e, 0xbd,
  0x8f, 0x5f, 0x2e, 0xc9, 0x71, 0x58, 0xe6, 0x9c, 0x15, 0xa3, 0xfc, 0xcf,
  0x6f, 0x97, 0x7f, 0x97, 0xe0, 0x5b, 0xd5, 0x35, 0x45, 0xd8, 0xd6, 0xf6,
  0xec, 0x1b, 0x70, 0xc3, 0xb8, 0xe4, 0x01, 0xe8, 0x3f, 0xcf, 0xff, 0x00,
  0x5b, 0x0e, 0x8a, 0x2b, 0xc6, 0xad, 0x5a, 0x55, 0x65, 0xcd, 0x23, 0xf4,
  0xbc, 0xbb, 0x2e, 0xa3, 0x80, 0xa3, 0xec, 0xa9, 0x7c, 0xdf, 0x56, 0xc2,
  0x8a, 0x28, 0xac, 0x8e, 0xf0, 0xa2, 0x8a, 0x28, 0x00, 0xa2, 0x8a, 0x28,
  0x00, 0xa2, 0x8a, 0x28, 0x00, 0xa2, 0x8a, 0x28, 0x00, 0xa2, 0x8a, 0x28,
  0x00, 0xa2, 0x8a, 0x28, 0x00, 0xa2, 0x8a, 0x28, 0x00, 0xa2, 0x8a, 0x28,
  0x00, 0xa2, 0x8a, 0x28, 0x00, 0xa2, 0x8a, 0x28, 0x00, 0xa2, 0x8a, 0x28,
  0x00, 0xa2, 0x8a, 0x28, 0x00, 0xa2, 0x8a, 0x28, 0x00, 0xa2, 0x8a, 0x28,
  0x00, 0xa2, 0x8a, 0x28, 0x02, 0xcc, 0x5a, 0x85, 0xdc, 0x0b, 0xb6, 0x39,
  0xdb, 0x18, 0x03, 0x07, 0x9c, 0x7d, 0x33, 0xd2, 0xad, 0x2e, 0xb9, 0x74,
  0x14, 0x02, 0xb1, 0x12, 0x07, 0x52, 0xa7, 0x9f, 0xd6, 0xb3, 0x28, 0xad,
  0x63, 0x5e, 0xa4, 0x74, 0x52, 0x67, 0x05, 0x6c, 0xaf, 0x05, 0x59, 0xf3,
  0x54, 0xa5, 0x16, 0xfd, 0x35, 0x34, 0xff, 0x00, 0xb7, 0x6e, 0xbf, 0xe7,
  0x9c, 0x3f, 0x91, 0xff, 0x00, 0x1a, 0xaf, 0x26, 0xa5, 0x79, 0x22, 0xe1,
  0xa7, 0x60, 0x33, 0x9f, 0x97, 0x0b, 0xfc, 0xaa, 0xa5, 0x14, 0x4a, 0xbd,
  0x59, 0x6f, 0x26, 0x2a, 0x59, 0x4e, 0x06, 0x93, 0xbc, 0x29, 0x46, 0xfe,
  0x97, 0xfc, 0xc2, 0x8a, 0x28, 0xac, 0x8f, 0x40, 0x28, 0xa2, 0x8a, 0x00,
  0x28, 0xa2, 0x8a, 0x00, 0x28, 0xa2, 0x8a, 0x00, 0x28, 0xa2, 0x8a, 0x00,
  0x28, 0xa2, 0x8a, 0x00, 0x28, 0xa2, 0x8a, 0x00, 0x28, 0xa2, 0x8a, 0x00,
  0x28, 0xa2, 0x8a, 0x00, 0x28, 0xa2, 0x8a, 0x00, 0x28, 0xa2, 0x8a, 0x00,
  0x28, 0xa2, 0x8a, 0x00, 0x28, 0xa2, 0x8a, 0x00, 0x28, 0xa2, 0x8a, 0x00,
  0x28, 0xa2, 0x8a, 0x00, 0x28, 0xa2, 0x8a, 0x00, 0x28, 0xa2, 0x8a, 0x00,
  0x28, 0xa2, 0x8a, 0x00, 0x28, 0xa2, 0x8a, 0x00, 0x28, 0xa2, 0x8a, 0x00,
  0x28, 0xa2, 0x8a, 0x00, 0x28, 0xa2, 0x8a, 0x00, 0x28, 0xa2, 0x8a, 0x00,
  0x28, 0xa2, 0x8a, 0x00, 0x28, 0xa2, 0x8a, 0x00, 0x28, 0xa2, 0x8a, 0x00,
  0x28, 0xa2, 0x8a, 0x00, 0x28, 0xa2, 0x8a, 0x00, 0x28, 0xa2, 0x8a, 0x00,
  0x28, 0xa2, 0x8a, 0x00, 0x28, 0xa2, 0x8a, 0x00, 0x28, 0xa2, 0x8a, 0x00,
  0x28, 0xa2, 0x8a, 0x00, 0x28, 0xa2, 0x8a, 0x00, 0x28, 0xa2, 0x8a, 0x00,
  0x28, 0xa2, 0x8a, 0x00, 0x28, 0xa2, 0x8a, 0x00, 0x28, 0xa2, 0x8a, 0x00,
  0x28, 0xa2, 0x8a, 0x00, 0x28, 0xa2, 0x8a, 0x00, 0x28, 0xa2, 0x8a, 0x00,
  0x28, 0xa2, 0x8a, 0x00, 0x28, 0xa2, 0x8a, 0x00, 0x28, 0xa2, 0x8a, 0x00,
  0x28, 0xa2, 0x8a, 0x00, 0x28, 0xa2, 0x8a, 0x00, 0x28, 0xa2, 0x8a, 0x00,
  0x28, 0xa2, 0x8a, 0x00, 0x28, 0xa2, 0x8a, 0x00, 0x28, 0xa2, 0x8a, 0x00,
  0x28, 0xa2, 0x8a, 0x00, 0x28, 0xa2, 0x8a, 0x00, 0x28, 0xa2, 0x8a, 0x00,
  0x28, 0xa2, 0x8a, 0x00, 0x28, 0xa2, 0x8a, 0x00, 0x28, 0xa2, 0x8a, 0x00,
  0x28, 0xa2, 0x8a, 0x00, 0x28, 0xa2, 0x8a, 0x00, 0x28, 0xa2, 0x8a, 0x00,
  0x28, 0xa2, 0x8a, 0x00, 0x28, 0xa2, 0x8a, 0x00, 0x28, 0xa2, 0x8a, 0x00,
  0x28, 0xa2, 0x8a, 0x00, 0x28, 0xa2, 0x8a, 0x00, 0x28, 0xa2, 0x8a, 0x00,
  0x28, 0xa2, 0x8a, 0x00, 0x28, 0xa2, 0x8a, 0x00, 0x28, 0xa2, 0x8a, 0x00,
  0x28, 0xa2, 0x8a, 0x00, 0x28, 0xa2, 0x8a, 0x00, 0x28, 0xa2, 0x8a, 0x00,
  0x28, 0xa2, 0x8a, 0x00, 0x28, 0xa2, 0x8a, 0x00, 0x28, 0xa2, 0x8a, 0x00,
  0x28, 0xa2, 0x8a, 0x00, 0x28, 0xa2, 0x8a, 0x00, 0x28, 0xa2, 0x8a, 0x00,
  0x28, 0xa2, 0x8a, 0x00, 0x28, 0xa2, 0x8a, 0x00, 0x28, 0xa2, 0x8a, 0x00,
  0x28, 0xa2, 0x8a, 0x00, 0x28, 0xa2, 0x8a, 0x00, 0x28, 0xa2, 0x8a, 0x00,
  0x28, 0xa2, 0x8a, 0x00, 0x28, 0xa2, 0x8a, 0x00, 0x28, 0xa2, 0x8a, 0x00,
  0x28, 0xa2, 0x8a, 0x00, 0x28, 0xa2, 0x8a, 0x00, 0x28, 0xa2, 0x8a, 0x00,
  0x28, 0xa2, 0x8a, 0x00, 0x28, 0xa2, 0x8a, 0x00, 0x28, 0xa2, 0x8a, 0x00,
  0x28, 0xa2, 0x8a, 0x00, 0x28, 0xa2, 0x8a, 0x00, 0x28, 0xa2, 0x8a, 0x00,
  0x28, 0xa2, 0x8a, 0x00, 0x28, 0xa2, 0x8a, 0x00, 0x28, 0xa2, 0x8a, 0x00,
  0x28, 0xa2, 0x8a, 0x00, 0x28, 0xa2, 0x8a, 0x00, 0x28, 0xa2, 0x8a, 0x00,
  0x28, 0xa2, 0x8a, 0x00, 0x28, 0xa2, 0x8a, 0x00, 0x28, 0xa2, 0x8a, 0x00,
  0x28, 0xa2, 0x8a, 0x00, 0x28, 0xa2, 0x8a, 0x00, 0x28, 0xa2, 0x8a, 0x00,
  0x28, 0xa2, 0x8a, 0x00, 0x28, 0xa2, 0x8a, 0x00, 0x28, 0xa2, 0x8a, 0x00,
  0x28, 0xa2, 0x8a, 0x00, 0x28, 0xa2, 0x8a, 0x00, 0x28, 0xa2, 0x8a, 0x00,
  0x28, 0xa2, 0x8a, 0x00, 0x28, 0xa2, 0x8a, 0x00, 0x28, 0xa2, 0x8a, 0x00,
  0x28, 0xa2, 0x8a, 0x00, 0x28, 0xa2, 0x8a, 0x00, 0x28, 0xa2, 0x8a, 0x00,
  0x28, 0xa2, 0x8a, 0x00, 0x28, 0xa2, 0x8a, 0x00, 0x28, 0xa2, 0x8a, 0x00,
  0x28, 0xa2, 0x8a, 0x00, 0x28, 0xa2, 0x8a, 0x00, 0x28, 0xa2, 0x8a, 0x00,
  0x28, 0xa2, 0x8a, 0x00, 0x28, 0xa2, 0x8a, 0x00, 0x28, 0xa2, 0x8a, 0x00,
  0x28, 0xa2, 0x8a, 0x00, 0xff, 0xd9, 0xff, 0xd8, 0xff, 0xe0, 0x00, 0x10,
  0x4a, 0x46, 0x49, 0x46, 0x00, 0x01, 0x01, 0x00, 0x00, 0x01, 0x00, 0x01,
  0x00, 0x00, 0xff, 0xdb, 0x00, 0x43, 0x00, 0x08, 0x06, 0x06, 0x07, 0x06,
  0x05, 0x08, 0x07, 0x07, 0x07, 0x09, 0x09, 0x08, 0x0a, 0x0c, 0x14, 0x0d,
  0x0c, 0x0b, 0x0b, 0x0c, 0x19, 0x12, 0x13, 0x0f, 0x14, 0x1d, 0x1a, 0x1f,
  0x1e, 0x1d, 0x1a, 0x1c, 0x1c, 0x20, 0x24, 0x2e, 0x27, 0x20, 0x22, 0x2c,
  0x23, 0x1c, 0x1c, 0x28, 0x37, 0x29, 0x2c, 0x30, 0x31, 0x34, 0x34, 0x34,
  0x1f, 0x27, 0x39, 0x3d, 0x38, 0x32, 0x3c, 0x2e, 0x33, 0x34, 0x32, 0xff,
  0xdb, 0x00, 0x43, 0x01, 0x09, 0x09, 0x09, 0x0c, 0x0b, 0x0c, 0x18, 0x0d,
  0x0d, 0x18, 0x32, 0x21, 0x1c, 0x21, 0x32, 0x32, 0x32, 0x32, 0x32, 0x32,
  0x32, 0x32, 0x32, 0x32, 0x32, 0x32, 0x32, 0x32, 0x32, 0x32, 0x32, 0x32,
  0x32, 0x32, 0x32, 0x32, 0x32, 0x32, 0x32, 0x32, 0x32, 0x32, 0x32, 0x32,
  0x32, 0x32, 0x32, 0x32, 0x32, 0x32, 0x32, 0x32, 0x32, 0x32, 0x32, 0x32,
  0x32, 0x32, 0x32, 0x32, 0x32, 0x32, 0x32, 0x32, 0xff, 0xc0, 0x00, 0x11,
  0x08, 0x01, 0x40, 0x01, 0x40, 0x03, 0x01, 0x22, 0x00, 0x02, 0x11, 0x01,
  0x03, 0x11, 0x01, 0xff, 0xc4, 0x00, 0x1f, 0x00, 0x00, 0x01, 0x05, 0x01,
  0x01, 0x01, 0x01, 0x01, 0x01, 0x00, 0x00, 0x00, 0x00, 0x00, 0x00, 0x00,
  0x00, 0x01, 0x02, 0x03, 0x04, 0x05, 0x06, 0x07, 0x08, 0x09, 0x0a, 0x0b,
  0xff, 0xc4, 0x00, 0xb5, 0x10, 0x00, 0x02, 0x01, 0x03, 0x03, 0x02, 0x04,
  0x03, 0x05, 0x05, 0x04, 0x04, 0x00, 0x00, 0x01, 0x7d, 0x01, 0x02, 0x03,
  0x00, 0x04, 0x11, 0x05, 0x12, 0x21, 0x31, 0x41, 0x06, 0x13, 0x51, 0x61,
  0x07, 0x22, 0x71, 0x14, 0x32, 0x81, 0x91, 0xa1, 0x08, 0x23, 0x42, 0xb1,
  0xc1, 0x15, 0x52, 0xd1, 0xf0, 0x24, 0x33, 0x62, 0x72, 0x82, 0x09, 0x0a,
  0x16, 0x17, 0x18, 0x19, 0x1a, 0x25, 0x26, 0x27, 0x28, 0x29, 0x2a, 0x34,
  0x35, 0x36, 0x37, 0x38, 0x39, 0x3a, 0x43, 0x44, 0x45, 0x46, 0x47, 0x48,
  0x49, 0x4a, 0x53, 0x54, 0x55, 0x56, 0x57, 0x58, 0x59, 0x5a, 0x63, 0x64,
  0x65, 0x66, 0x67, 0x68, 0x69, 0x6a, 0x73, 0x74, 0x75, 0x76, 0x77, 0x78,
  0x79, 0x7a, 0x83, 0x84, 0x85, 0x86, 0x87, 0x88, 0x89, 0x8a, 0x92, 0x93,
  0x94, 0x95, 0x96, 0x97, 0x98, 0x99, 0x9a, 0xa2, 0xa3, 0xa4, 0xa5, 0xa6,
  0xa7, 0xa8, 0xa9, 0xaa, 0xb2, 0xb3, 0xb4, 0xb5, 0xb6, 0xb7, 0xb8, 0xb9,
  0xba, 0xc2, 0xc3, 0xc4, 0xc5, 0xc6, 0xc7, 0xc8, 0xc9, 0xca, 0xd2, 0xd3,
  0xd4, 0xd5, 0xd6, 0xd7, 0xd8, 0xd9, 0xda, 0xe1, 0xe2, 0xe3, 0xe4, 0xe5,
  0xe6, 0xe7, 0xe8, 0xe9, 0xea, 0xf1, 0xf2, 0xf3, 0xf4, 0xf5, 0xf6, 0xf7,
  0xf8, 0xf9, 0xfa, 0xff, 0xc4, 0x00, 0x1f, 0x01, 0x00, 0x03, 0x01, 0x01,
  0x01, 0x01, 0x01, 0x01, 0x01, 0x01, 0x01, 0x00, 0x00, 0x00, 0x00, 0x00,
  0x00, 0x01, 0x02, 0x03, 0x04, 0x05, 0x06, 0x07, 0x08, 0x09, 0x0a, 0x0b,
  0xff, 0xc4, 0x00, 0xb5, 0x11, 0x00, 0x02, 0x01, 0x02, 0x04, 0x04, 0x03,
  0x04, 0x07, 0x05, 0x04, 0x04, 0x00, 0x01, 0x02, 0x77, 0x00, 0x01, 0x02,
  0x03, 0x11, 0x04, 0x05, 0x21, 0x31, 0x06, 0x12, 0x41, 0x51, 0x07, 0x61,
  0x71, 0x13, 0x22, 0x32, 0x81, 0x08, 0x14, 0x42, 0x91, 0xa1, 0xb1, 0xc1,
  0x09, 0x23, 0x33, 0x52, 0xf0, 0x15, 0x62, 0x72, 0xd1, 0x0a, 0x16, 0x24,
  0x34, 0xe1, 0x25, 0xf1, 0x17, 0x18, 0x19, 0x1a, 0x26, 0x27, 0x28, 0x29,
  0x2a, 0x35, 0x36, 0x37, 0x38, 0x39, 0x3a, 0x43, 0x44, 0x45, 0x46, 0x47,
  0x48, 0x49, 0x4a, 0x53, 0x54, 0x55, 0x56, 0x57, 0x58, 0x59, 0x5a, 0x63,
  0x64, 0x65, 0x66, 0x67, 0x68, 0x69, 0x6a, 0x73, 0x74, 0x75, 0x76, 0x77,
  0x78, 0x79, 0x7a, 0x82, 0x83, 0x84, 0x85, 0x86, 0x87, 0x88, 0x89, 0x8a,
  0x92, 0x93, 0x94, 0x95, 0x96, 0x97, 0x98, 0x99, 0x9a, 0xa2, 0xa3, 0xa4,
  0xa5, 0xa6, 0xa7, 0xa8, 0xa9, 0xaa, 0xb2, 0xb3, 0xb4, 0xb5, 0xb6, 0xb7,
  0xb8, 0xb9, 0xba, 0xc2, 0xc3, 0xc4, 0xc5, 0xc6, 0xc7, 0xc8, 0xc9, 0xca,
  0xd2, 0xd3, 0xd4, 0xd5, 0xd6, 0xd7, 0xd8, 0xd9, 0xda, 0xe2, 0xe3, 0xe4,
  0xe5, 0xe6, 0xe7, 0xe8, 0xe9, 0xea, 0xf2, 0xf3, 0xf4, 0xf5, 0xf6, 0xf7,
  0xf8, 0xf9, 0xfa, 0xff, 0xda, 0x00, 0x0c, 0x03, 0x01, 0x00, 0x02, 0x11,
  0x03, 0x11, 0x00, 0x3f, 0x00, 0xd6, 0xa2, 0x8a, 0xb6, 0x96, 0xd0, 0x0b,
  0x14, 0xb9, 0x9a, 0x69, 0x14, 0xbc, 0x8e, 0x8a, 0xa9, 0x18, 0x6f, 0xba,
  0x14, 0xf2, 0x4b, 0x0f, 0xef, 0x7e, 0x95, 0xf9, 0xb4, 0x62, 0xe5, 0xb1,
  0xf9, 0x14, 0x60, 0xe5, 0x7b, 0x74, 0x2a, 0x51, 0x57, 0x17, 0x4b, 0xbc,
  0x66, 0x55, 0x11, 0x2e, 0xe6, 0x55, 0x75, 0x1e, 0x62, 0xf2, 0x18, 0x65,
  0x7b, 0xf5, 0x3d, 0x87, 0x5a, 0x48, 0xf4, 0xcb, 0xb9, 0x61, 0x59, 0x92,
  0x34, 0xf2, 0xd9, 0x77, 0x02, 0x64, 0x51, 0xc6, 0x4a, 0xe4, 0xe4, 0xf0,
  0x32, 0x31, 0x93, 0x55, 0xec, 0x6a, 0x7f, 0x2b, 0xfb, 0x8b, 0x54, 0x2a,
  0xbd, 0x39, 0x5f, 0xdc, 0xca, 0x94, 0x55, 0x93, 0x61, 0x72, 0xaa, 0xe5,
  0xa3, 0xc1, 0x4d, 0xdb, 0x94, 0xb0, 0x0d, 0xf2, 0xf5, 0xc0, 0xce, 0x4e,
  0x30, 0x7a, 0x7a, 0x1a, 0x75, 0xbd, 0xa2, 0x4f, 0x0b, 0xb7, 0x9f, 0xb6,
  0x50, 0xae, 0xe1, 0x36, 0xe4, 0x61, 0x46, 0x4e, 0x4e, 0x78, 0xcf, 0x41,
  0xd7, 0x9a, 0x15, 0x29, 0xb7, 0x6b, 0x09, 0x51, 0xa8, 0xdd, 0xad, 0xfa,
  0x15, 0x28, 0xa2, 0x8a, 0xcc, 0xcc, 0x28, 0xa2, 0x8a, 0x00, 0x28, 0xa2,
  0x8a, 0x00, 0x28, 0xa2, 0x8a, 0x00, 0x28, 0xa2, 0x8a, 0x00, 0x28, 0xa2,
  0x8a, 0x00, 0x28, 0xa2, 0x8a, 0x00, 0x28, 0xa2, 0x8a, 0x00, 0x28, 0xa2,
  0x8a, 0x00, 0x28, 0xa2, 0x8a, 0x00, 0x28, 0xa2, 0x8a, 0x00, 0x28, 0xa2,
  0x8a, 0x00, 0x28, 0xa2, 0x8a, 0x00, 0x28, 0xa2, 0x8a, 0x00, 0x28, 0xa2,
  0x8a, 0x00, 0x28, 0xa2, 0x8a, 0x00, 0x28, 0xa2, 0x8a, 0x00, 0x2a, 0xd2,
  0xdf, 0xcd, 0x1d, 0x82, 0xda, 0xc4, 0xf2, 0x46, 0xa1, 0xdd, 0xd8, 0xab,
  0x90, 0x1c, 0x30, 0x51, 0x82, 0x3f, 0xe0, 0x3f, 0xad, 0x55, 0xa2, 0xaa,
  0x32, 0x71, 0xbd, 0x8a, 0x8c, 0xe5, 0x1b, 0xf2, 0xbb, 0x5c, 0xd5, 0xb5,
  0xd6, 0x16, 0xde, 0xed, 0x67, 0x36, 0xc5, 0x99, 0x44, 0x20, 0x6d, 0x93,
  0x07, 0xf7, 0x6a, 0x06, 0x33, 0x83, 0xc1, 0xc6, 0x48, 0xfa, 0x55, 0x7f,
  0xb7, 0xff, 0x00, 0xa2, 0x79, 0x1e, 0x5f, 0xfc, 0xbb, 0xf9, 0x19, 0xdd,
  0xff, 0x00, 0x4d, 0x7c, 0xcc, 0xf4, 0xfc, 0x31, 0x54, 0xa8, 0xad, 0x1e,
  0x22, 0xa3, 0x56, 0xbf, 0x7f, 0xc7, 0x73, 0x67, 0x8a, 0xaa, 0xd5, 0xaf,
  0xdf, 0xb7, 0x5d, 0xcd, 0x6b, 0x8d, 0x71, 0xee, 0x16, 0x61, 0xb2, 0x54,
  0xde, 0x64, 0xda, 0xab, 0x31, 0x08, 0x03, 0xb1, 0x27, 0x20, 0x0e, 0x48,
  0xdc, 0x79, 0xfa, 0x71, 0x55, 0x22, 0xba, 0x86, 0x3b, 0x09, 0x20, 0xf2,
  0x64, 0xf3, 0x24, 0x3f, 0x34, 0x8b, 0x20, 0x19, 0x1d, 0x81, 0x1b, 0x7a,
  0x67, 0x9e, 0xbc, 0xfe, 0x02, 0xaa, 0x51, 0x44, 0xab, 0xd4, 0x93, 0xbb,
  0x62, 0x96, 0x2a, 0xac, 0xdf, 0x34, 0x9d, 0xde, 0xdb, 0x20, 0xa2, 0x8a,
  0x2b, 0x13, 0x00, 0xa2, 0x8a, 0x28, 0x00, 0xa2, 0x8a, 0x28, 0x00, 0xa2,
  0x8a, 0x28, 0x00, 0xa2, 0x8a, 0x28, 0x00, 0xa2, 0x8a, 0x28, 0x00, 0xa2,
  0x8a, 0x28, 0x00, 0xa2, 0x8a, 0x28, 0x00, 0xa2, 0x8a, 0x28, 0x00, 0xa2,
  0x8a, 0x28, 0x00, 0xa2, 0x8a, 0x28, 0x00, 0xa2, 0x8a, 0x28, 0x00, 0xa2,
  0x8a, 0x28, 0x00, 0xa2, 0x8a, 0x28, 0x00, 0xa2, 0x8a, 0x28, 0x00, 0xa2,
  0x8a, 0x28, 0x00, 0xa2, 0x8a, 0x28, 0x00, 0xa2, 0x8a, 0x28, 0x00, 0xa2,
  0x8a, 0x28, 0x00, 0xa2, 0x8a, 0x28, 0x00, 0xa2, 0x8a, 0x28, 0x00, 0xa2,
  0x8a, 0x28, 0x00, 0xa2, 0x8a, 0x28, 0x00, 0xa2, 0x8a, 0x28, 0x00, 0xa2,
  0x8a, 0x28, 0x00, 0xa2, 0x8a, 0x28, 0x00, 0xa2, 0x8a, 0x28, 0x00, 0xa2,
  0x8a, 0x28, 0x00, 0xa2, 0x8a, 0x28, 0x00, 0xa2, 0x8a, 0x28, 0x00, 0xa2,
  0x8a, 0x28, 0x00, 0xa2, 0x8a, 0x28, 0x00, 0xa2, 0x8a, 0x28, 0x00, 0xa2,
  0x8a, 0x28, 0x00, 0xa2, 0x8a, 0x28, 0x00, 0xa2, 0x8a, 0x28, 0x00, 0xa2,
  0x8a, 0x28, 0x00, 0xa2, 0x8a, 0x28, 0x00, 0xa2, 0x8a, 0x28, 0x00, 0xa2,
  0x8a, 0x28, 0x00, 0xa2, 0x8a, 0x28, 0x00, 0xa2, 0x8a, 0x28, 0x00, 0xa2,
  0x8a, 0x28, 0x00, 0xa2, 0x8a, 0x28, 0x00, 0xa2, 0x8a, 0x28, 0x00, 0xa2,
  0x8a, 0x28, 0x00, 0xa2, 0x8a, 0x28, 0x00, 0xa2, 0x8a, 0x28, 0x00, 0xa2,
  0x8a, 0x28, 0x00, 0xa2, 0x8a, 0x28, 0x00, 0xa2, 0x8a, 0x28, 0x00, 0xa2,
  0x8a, 0x28, 0x00, 0xa2, 0x8a, 0x28, 0x00, 0xa2, 0x8a, 0x28, 0x00, 0xa2,
  0x8a, 0x28, 0x00, 0xa2, 0x8a, 0x28, 0x00, 0xa2, 0x8a, 0x28, 0x00, 0xa2,
  0x8a, 0x28, 0x00, 0xa2, 0x8a, 0x28, 0x00, 0xa2, 0x8a, 0x28, 0x00, 0xa2,
  0x8a, 0x28, 0x00, 0xa2, 0x8a, 0x28, 0x00, 0xa2, 0x8a, 0x28, 0x00, 0xa2,
  0x8a, 0x28, 0x00, 0xa2, 0x8a, 0x28, 0x00, 0xa2, 0x8a, 0x28, 0x00, 0xa2,
  0x8a, 0x28, 0x00, 0xa2, 0x8a, 0x28, 0x00, 0xa2, 0x8a, 0x28, 0x00, 0xa2,
  0x8a, 0x28, 0x00, 0xa2, 0x8a, 0x28, 0x00, 0xa2, 0x8a, 0x28, 0x00, 0xa2,
  0x8a, 0x28, 0x00, 0xa2, 0x8a, 0x28, 0x00, 0xa2, 0x8a, 0x28, 0x00, 0xa2,
  0x8a, 0x28, 0x00, 0xa2, 0x8a, 0x28, 0x00, 0xa2, 0x8a, 0x28, 0x00, 0xa2,
  0x8a, 0x28, 0x00, 0xa2, 0x8a, 0x28, 0x00, 0xa2, 0x8a, 0x28, 0x00, 0xa2,
  0x8a, 0x28, 0x00, 0xa2, 0x8a, 0x28, 0x00, 0xa2, 0x8a, 0x28, 0x00, 0xa2,
  0x8a, 0x28, 0x00, 0xa2, 0x8a, 0x28, 0x00, 0xa2, 0x8a, 0x28, 0x00, 0xa2,
  0x8a, 0x28, 0x00, 0xa2, 0x8a, 0x28, 0x00, 0xa2, 0x8a, 0x28, 0x00, 0xa2,
  0x8a, 0x28, 0x00, 0xa2, 0x8a, 0x28, 0x00, 0xa2, 0x8a, 0x28, 0x00, 0xa2,
  0x8a, 0x28, 0x00, 0xa2, 0x8a, 0x28, 0x00, 0xa2, 0x8a, 0x28, 0x00, 0xa2,
  0x8a, 0x28, 0x00, 0xa2, 0x8a, 0x28, 0x00, 0xa2, 0x8a, 0x28, 0x00, 0xa2,
  0x8a, 0x28, 0x00, 0xa2, 0x8a, 0x28, 0x00, 0xa2, 0x8a, 0x28, 0x00, 0xa2,
  0x8a, 0x28, 0x00, 0xa2, 0x8a, 0x28, 0x00, 0xa2, 0x8a, 0x28, 0x00, 0xa2,
  0x8a, 0x28, 0x00, 0xa2, 0x91, 0x9d, 0x57, 0xef, 0x30, 0x1f, 0x53, 0x51,
  0x9b, 0x98, 0x41, 0xc6, 0xff, 0x00, 0xd0, 0xd6, 0xd4, 0xf0, 0xf5, 0x6a,
  0x2b, 0xc2, 0x2d, 0xfa, 0x26, 0xcd, 0xe9, 0x61, 0x6b, 0xd5, 0x57, 0xa7,
  0x06, 0xfd, 0x13, 0x64, 0xb4, 0x54, 0x5f, 0x69, 0x87, 0xfb, 0xff, 0x00,
  0xa1, 0xa7, 0xab, 0xa3, 0x1c, 0x2b, 0x29, 0x3e, 0xc6, 0x89, 0xe1, 0xab,
  0x53, 0x57, 0x9c, 0x1a, 0xf5, 0x4c, 0x75, 0x30, 0x98, 0x8a, 0x4a, 0xf5,
  0x20, 0xd7, 0xaa, 0x68, 0x75, 0x14, 0x51, 0x58, 0x9c, 0xe1, 0x45, 0x14,
  0x50, 0x01, 0x45, 0x14, 0x50, 0x01, 0x45, 0x14, 0x50, 0x01, 0x45, 0x14,
  0x50, 0x01, 0x45, 0x14, 0x50, 0x01, 0x45, 0x14, 0x50, 0x01, 0x45, 0x14,
  0x50, 0x01, 0x45, 0x14, 0x50, 0x01, 0x45, 0x14, 0x50, 0x01, 0x45, 0x14,
  0x50, 0x01, 0x45, 0x14, 0x50, 0x01, 0x45, 0x14, 0x50, 0x01, 0x45, 0x14,
  0x50, 0x01, 0x45, 0x14, 0x50, 0x01, 0x45, 0x14, 0x50, 0x01, 0x45, 0x15,
  0x05, 0xc5, 0xc0, 0x8c, 0x6d, 0x5e, 0x5f, 0xf9, 0x56, 0xd8, 0x7c, 0x3d,
  0x4c, 0x45, 0x45, 0x4e, 0x9a, 0xbb, 0x67, 0x46, 0x17, 0x0b, 0x57, 0x15,
  0x55, 0x52, 0xa4, 0xae, 0xdf, 0xf5, 0x76, 0x49, 0x24, 0xc9, 0x10, 0xf9,
  0x8f, 0x3e, 0x83, 0xad, 0x53, 0x92, 0xea, 0x47, 0xe1, 0x7e, 0x51, 0xed,
  0xd6, 0xa1, 0x66, 0x2c, 0xc5, 0x98, 0xe4, 0x9a, 0x4a, 0xfa, 0xfc, 0x1e,
  0x51, 0x46, 0x82, 0x52, 0x9a, 0xe6, 0x97, 0xe1, 0xf2, 0x47, 0xdd, 0x65,
  0xf9, 0x0e, 0x1f, 0x0c, 0x94, 0xaa, 0x2e, 0x69, 0xf9, 0xec, 0xbd, 0x17,
  0xea, 0xf5, 0x02, 0x49, 0x39, 0x3c, 0x9a, 0x28, 0xa2, 0xbd, 0x63, 0xdd,
  0x4a, 0xc1, 0x45, 0x14, 0x50, 0x04, 0xd1, 0xdc, 0xc8, 0x87, 0x93, 0xb8,
  0x7a, 0x1a, 0xb7, 0x14, 0xe9, 0x2f, 0x4e, 0x1b, 0xd0, 0xd6, 0x75, 0x00,
  0x90, 0x72, 0x38, 0x35, 0xe5, 0xe2, 0xf2, 0x9a, 0x18, 0x84, 0xda, 0x5c,
  0xb2, 0xee, 0xbf, 0x54, 0x78, 0xd8, 0xfc, 0x8f, 0x0d, 0x8a, 0x4d, 0xc5,
  0x72, 0xcb, 0xba, 0xfd, 0x51, 0xad, 0x45, 0x56, 0xb7, 0xb9, 0xde, 0x76,
  0x48, 0x7e, 0x6e, 0xc7, 0xd6, 0xac, 0xd7, 0xc8, 0x62, 0x70, 0xd5, 0x30,
  0xd5, 0x3d, 0x9d, 0x45, 0xaf, 0xe6, 0x7c, 0x1e, 0x33, 0x07, 0x57, 0x09,
  0x55, 0xd2, 0xaa, 0xb5, 0xfc, 0x1f, 0xa0, 0x51, 0x45, 0x15, 0xce, 0x72,
  0x85, 0x14, 0x51, 0x40, 0x05, 0x14, 0x51, 0x40, 0x05, 0x14, 0x51, 0x40,
  0x05, 0x14, 0x51, 0x40, 0x05, 0x14, 0x51, 0x40, 0x05, 0x14, 0x51, 0x40,
  0x05, 0x14, 0x51, 0x40, 0x05, 0x14, 0x51, 0x40, 0x05, 0x14, 0x51, 0x40,
  0x05, 0x14, 0x51, 0x40, 0x05, 0x14, 0x51, 0x40, 0x05, 0x14, 0x51, 0x40,
  0x05, 0x14, 0x51, 0x40, 0x0c, 0x9a, 0x41, 0x14, 0x65, 0xbb, 0xf4, 0x1f,
  0x5a, 0xcd, 0x66, 0x2c, 0xc5, 0x98, 0xe4, 0x9a, 0x9a, 0xea, 0x4d, 0xf2,
  0xed, 0x1d, 0x17, 0x8f, 0xc6, 0xa0, 0xaf, 0xb5, 0xca, 0x30, 0x6a, 0x85,
  0x15, 0x39, 0x2f, 0x7a, 0x5f, 0x97, 0x44, 0x7e, 0x85, 0x90, 0xe5, 0xeb,
  0x0d, 0x87, 0x55, 0x24, 0xbd, 0xf9, 0x6b, 0xe8, 0xba, 0x2f, 0xd5, 0xf9,
  0x85, 0x14, 0x51, 0x5e, 0xb1, 0xee, 0x85, 0x14, 0x51, 0x40, 0x05, 0x14,
  0x51, 0x40, 0x05, 0x14, 0x51, 0x40, 0x00, 0x24, 0x1c, 0x8e, 0x0d, 0x68,
  0xdb, 0xcb, 0xe6, 0xa7, 0x3f, 0x78, 0x75, 0xac, 0xea, 0x92, 0x09, 0x3c,
  0xa9, 0x43, 0x76, 0xe8, 0x7e, 0x95, 0xe6, 0xe6, 0x98, 0x35, 0x89, 0xa0,
  0xec, 0xbd, 0xe5, 0xaa, 0xff, 0x00, 0x2f, 0x9f, 0xe6, 0x79, 0x19, 0xce,
  0x5e, 0xb1, 0x98, 0x77, 0xca, 0xbd, 0xf8, 0xea, 0xbf, 0xcb, 0xe7, 0xf9,
  0xd8, 0xd2, 0xa2, 0x8a, 0x2b, 0xe1, 0x8f, 0xcd, 0xc2, 0x8a, 0x28, 0xa0,
  0x02, 0x8a, 0x28, 0xa0, 0x02, 0x8a, 0x28, 0xa0, 0x02, 0x8a, 0x28, 0xa0,
  0x02, 0x8a, 0x28, 0xa0, 0x02, 0x8a, 0x28, 0xa0, 0x02, 0x8a, 0x28, 0xa0,
  0x02, 0x8a, 0x28, 0xa0, 0x02, 0x8a, 0x28, 0xa0, 0x02, 0x8a, 0x28, 0xa0,
  0x02, 0x8a, 0x28, 0xa0, 0x02, 0x8a, 0x28, 0xa0, 0x02, 0x91, 0xdb, 0x6a,
  0x33, 0x63, 0x38, 0x19, 0xa5, 0xa8, 0xae, 0x49, 0x16, 0xef, 0x8f, 0xf3,
  0xcd, 0x6d, 0x87, 0xa6, 0xaa, 0x55, 0x8c, 0x1f, 0x56, 0x97, 0xde, 0xcd,
  0xf0, 0xb4, 0xd5, 0x5a, 0xf0, 0xa6, 0xfa, 0xb4, 0xbe, 0xf6, 0x67, 0x12,
  0x49, 0xc9, 0xe4, 0xd1, 0x45, 0x15, 0xfa, 0x29, 0xfa, 0xc2, 0x56, 0x0a,
  0x28, 0xa2, 0x80, 0x0a, 0x2a, 0xbd, 0xf3, 0x42, 0x96, 0x33, 0xb5, 0xcc,
  0x86, 0x38, 0x02, 0x1d, 0xee, 0x0e, 0x30, 0x31, 0xcd, 0x54, 0xd0, 0xc4,
  0x46, 0xd2, 0x59, 0x60, 0x31, 0x08, 0xe5, 0x94, 0xba, 0xc5, 0x13, 0x02,
  0xb1, 0x0c, 0x01, 0xb7, 0x8e, 0x01, 0xe3, 0x24, 0x7a, 0xb1, 0xa0, 0x0d,
  0x3a, 0x28, 0xa2, 0x80, 0x0a, 0x28, 0xa2, 0x80, 0x0a, 0x28, 0xa2, 0x80,
  0x34, 0xa0, 0x62, 0xf0, 0xa9, 0x3d, 0x71, 0x52, 0x55, 0x7b, 0x32, 0x4c,
  0x27, 0xd9, 0xaa, 0xc5, 0x7e, 0x7d, 0x8d, 0xa6, 0xa9, 0xe2, 0x67, 0x15,
  0xb5, 0xd9, 0xf9, 0x6e, 0x63, 0x49, 0x52, 0xc5, 0xd4, 0x82, 0xd9, 0x36,
  0x14, 0x51, 0x45, 0x72, 0x9c, 0x41, 0x45, 0x14, 0x50, 0x01, 0x45, 0x14,
  0x50, 0x01, 0x45, 0x14, 0x50, 0x01, 0x45, 0x14, 0x50, 0x01, 0x45, 0x14,
  0x50, 0x01, 0x45, 0x14, 0x50, 0x01, 0x45, 0x14, 0x50, 0x01, 0x45, 0x14,
  0x50, 0x01, 0x45, 0x14, 0x50, 0x01, 0x45, 0x14, 0x50, 0x01, 0x45, 0x14,
  0x50, 0x01, 0x51, 0x5c, 0xff, 0x00, 0xc7, 0xbb, 0x7e, 0x1f, 0xce, 0xa5,
  0xa6, 0xba, 0x96, 0x8d, 0x94, 0x75, 0x20, 0x8a, 0xdb, 0x0d, 0x35, 0x4e,
  0xb4, 0x26, 0xfa, 0x34, 0xff, 0x00, 0x13, 0xa3, 0x09, 0x51, 0x52, 0xc4,
  0x42, 0xa3, 0xe8, 0xd3, 0xfb, 0x99, 0x97, 0x45, 0x14, 0x57, 0xe8, 0xa7,
  0xea, 0xe1, 0x45, 0x14, 0x50, 0x01, 0x45, 0x14, 0x50, 0x01, 0x45, 0x14,
  0x50, 0x01, 0x45, 0x14, 0x50, 0x01, 0x45, 0x14, 0x50, 0x05, 0xeb, 0x3f,
  0xf5, 0x27, 0xfd, 0xea, 0xb1, 0x51, 0xdb, 0xa9, 0x58, 0x10, 0x1f, 0x4c,
  0xd4, 0x95, 0xf9, 0xfe, 0x3a, 0x6a, 0x78, 0x99, 0xc9, 0x77, 0x67, 0xe5,
  0xd9, 0x95, 0x45, 0x53, 0x19, 0x52, 0x4b, 0xbb, 0x0a, 0x28, 0xa2, 0xb9,
  0x0e, 0x10, 0xa2, 0x8a, 0x28, 0x00, 0xa2, 0x8a, 0x28, 0x00, 0xa2, 0x8a,
  0x28, 0x00, 0xa2, 0x8a, 0x28, 0x00, 0xa2, 0x8a, 0x28, 0x00, 0xa2, 0x8a,
  0x28, 0x00, 0xa2, 0x8a, 0x28, 0x00, 0xa2, 0x8a, 0x28, 0x00, 0xa2, 0x8a,
  0x28, 0x00, 0xa2, 0x8a, 0x28, 0x00, 0xa2, 0x8a, 0x28, 0x00, 0xa2, 0x8a,
  0x28, 0x03, 0x3e, 0xe6, 0x32, 0x93, 0x13, 0xd9, 0xb9, 0x15, 0x0d, 0x68,
  0xcf, 0x17, 0x9b, 0x1e, 0x3f, 0x88, 0x72, 0x2b, 0x38, 0x82, 0x0e, 0x0f,
  0x06, 0xbe, 0xdf, 0x29, 0xc5, 0xac, 0x45, 0x04, 0x9b, 0xf7, 0xa3, 0xa3,
  0xfd, 0x19, 0xfa, 0x36, 0x47, 0x8e, 0x58, 0xac, 0x32, 0x8b, 0x7e, 0xf4,
  0x74, 0x7f, 0xa3, 0x0a, 0x28, 0xa2, 0xbd, 0x43, 0xd9, 0x0a, 0x28, 0xa2,
  0x80, 0x0a, 0x28, 0xa2, 0x80, 0x0a, 0x28, 0xa2, 0x80, 0x0a, 0x7c, 0x51,
  0x99, 0x24, 0x0b, 0xdb, 0xbf, 0xd2, 0x99, 0x57, 0xed, 0xa1, 0xf2, 0xd3,
  0x73, 0x0f, 0x99, 0xbf, 0x4a, 0xe0, 0xcc, 0xb1, 0x6b, 0x0b, 0x41, 0xca,
  0xfe, 0xf3, 0xd1, 0x7f, 0x5e, 0x47, 0x99, 0x9b, 0x63, 0x96, 0x0f, 0x0c,
  0xe4, 0x9f, 0xbc, 0xf4, 0x5e, 0xbf, 0xf0, 0x09, 0xe8, 0xa2, 0x8a, 0xf8,
  0x33, 0xf3, 0x30, 0xa2, 0x8a, 0x28, 0x00, 0xa2, 0x8a, 0x28, 0x00, 0xa2,
  0x8a, 0x28, 0x00, 0xa2, 0x8a, 0x28, 0x00, 0xa2, 0x8a, 0x28, 0x00, 0xa2,
  0x8a, 0x28, 0x00, 0xa2, 0x8a, 0x28, 0x00, 0xa2, 0x8a, 0x28, 0x00, 0xa2,
  0x8a, 0x28, 0x00, 0xa2, 0x8a, 0x28, 0x00, 0xa2, 0x8a, 0x28, 0x00, 0xa2,
  0x8a, 0x28, 0x00, 0xa2, 0x8a, 0x28, 0x00, 0xaa, 0xd7, 0x36, 0xe5, 0xf3,
  0x22, 0x7d, 0xee, 0xe3, 0xd6, 0xac, 0xd1, 0x5d, 0x18, 0x6c, 0x4d, 0x4c,
  0x35, 0x45, 0x52, 0x9e, 0xff, 0x00, 0x99, 0xd5, 0x83, 0xc6, 0x55, 0xc2,
  0x55, 0x55, 0x69, 0x3d, 0x7f, 0x35, 0xd8, 0xc9, 0x20, 0x83, 0x83, 0xc1,
  0xa2, 0xb4, 0x65, 0xb7, 0x59, 0x79, 0xe8, 0xde, 0xb5, 0x4a, 0x48, 0x24,
  0x8b, 0xef, 0x0e, 0x3d, 0x47, 0x4a, 0xfb, 0x1c, 0x1e, 0x69, 0x43, 0x12,
  0x92, 0xbd, 0xa5, 0xd9, 0xfe, 0x9d, 0xff, 0x00, 0x33, 0xef, 0xb2, 0xfc,
  0xe7, 0x0f, 0x8c, 0x4a, 0x37, 0xe5, 0x9f, 0x67, 0xfa, 0x77, 0xfc, 0xfc,
  0x88, 0xe8, 0xa2, 0x8a, 0xf4, 0x8f, 0x5c, 0x28, 0xa2, 0x8a, 0x00, 0x28,
  0xa7, 0xc7, 0x13, 0xc8, 0x7e, 0x51, 0xc7, 0xaf, 0x6a, 0xb9, 0x0d, 0xb2,
  0xc7, 0x86, 0x6f, 0x99, 0xbf, 0x95, 0x70, 0x62, 0xf3, 0x2a, 0x18, 0x54,
  0xf9, 0x9d, 0xe5, 0xd9, 0x7f, 0x5a, 0x1e, 0x66, 0x3b, 0x36, 0xc3, 0x60,
  0xd3, 0x52, 0x77, 0x97, 0x65, 0xbf, 0xfc, 0x02, 0x2b, 0x7b, 0x73, 0x90,
  0xee, 0x08, 0xc7, 0x41, 0x57, 0x28, 0xa2, 0xbe, 0x37, 0x17, 0x8b, 0xa9,
  0x8a, 0xa9, 0xcf, 0x3f, 0x92, 0xec, 0x7c, 0x06, 0x3b, 0x1d, 0x57, 0x1b,
  0x57, 0xda, 0x54, 0xf9, 0x2e, 0xc1, 0x45, 0x14, 0x57, 0x29, 0xc4, 0x14,
  0x51, 0x45, 0x00, 0x14, 0x51, 0x45, 0x00, 0x14, 0x51, 0x45, 0x00, 0x14,
  0x51, 0x45, 0x00, 0x14, 0x51, 0x45, 0x00, 0x14, 0x51, 0x45, 0x00, 0x14,
  0x51, 0x45, 0x00, 0x14, 0x51, 0x45, 0x00, 0x14, 0x51, 0x45, 0x00, 0x14,
  0x51, 0x45, 0x00, 0x14, 0x51, 0x45, 0x00, 0x14, 0x51, 0x45, 0x00, 0x14,
  0x51, 0x45, 0x00, 0x14, 0x51, 0x45, 0x00, 0x14, 0x51, 0x45, 0x00, 0x46,
  0xd0, 0x46, 0xe7, 0x25, 0x06, 0x7d, 0xb8, 0xa8, 0xcd, 0x9c, 0x64, 0xf5,
  0x61, 0xf8, 0xd5, 0x8a, 0x2b, 0xaa, 0x9e, 0x37, 0x13, 0x4d, 0x5a, 0x33,
  0x76, 0xf5, 0x3b, 0x69, 0x66, 0x38, 0xba, 0x4a, 0xd0, 0xa8, 0xd2, 0xf5,
  0x2b, 0xfd, 0x8e, 0x3f, 0xef, 0x37, 0xe7, 0x52, 0x2d, 0xbc, 0x4a, 0x72,
  0x10, 0x7e, 0x3c, 0xd4, 0x94, 0x53, 0x9e, 0x3b, 0x13, 0x35, 0x69, 0x4d,
  0xfd, 0xe3, 0xa9, 0x99, 0x63, 0x2a, 0x2b, 0x4a, 0xa3, 0xfb, 0xc2, 0x8a,
  0x28, 0xae, 0x43, 0x84, 0x28, 0xa2, 0x8a, 0x00, 0x28, 0xa2, 0x8a, 0x00,
  0x28, 0xa2, 0x8a, 0x00, 0x28, 0xa2, 0x8a, 0x00, 0x28, 0xa2, 0x8a, 0x00,
  0x28, 0xa2, 0x8a, 0x00, 0x28, 0xa2, 0x8a, 0x00, 0x28, 0xa2, 0x8a, 0x00,
  0x28, 0xa2, 0x8a, 0x00, 0x28, 0xa2, 0x8a, 0x00, 0x28, 0xa2, 0x8a, 0x00,
  0x28, 0xa2, 0x8a, 0x00, 0x28, 0xa2, 0x8a, 0x00, 0x28, 0xa2, 0x8a, 0x00,
  0x28, 0xa2, 0x8a, 0x00, 0x28, 0xa2, 0x8a, 0x00, 0x28, 0xa2, 0x8a, 0x00,
  0x28, 0xa2, 0x8a, 0x00, 0x28, 0xa2, 0x8a, 0x00, 0x28, 0xa2, 0x8a, 0x00,
  0x28, 0xa2, 0x8a, 0x00, 0x28, 0xa2, 0x8a, 0x00, 0x28, 0xa2, 0x8a, 0x00,
  0x28, 0xa2, 0x8a, 0x00, 0x28, 0xa2, 0x8a, 0x00, 0x28, 0xa2, 0x8a, 0x00,
  0x28, 0xa2, 0x8a, 0x00, 0x28, 0xa2, 0x8a, 0x00, 0x28, 0xa2, 0x8a, 0x00,
  0x28, 0xa2, 0x8a, 0x00, 0x28, 0xa2, 0x8a, 0x00, 0x28, 0xa2, 0x8a, 0x00,
  0x28, 0xa2, 0x8a, 0x00, 0x28, 0xa2, 0x8a, 0x00, 0x28, 0xa2, 0x8a, 0x00,
  0x28, 0xa2, 0x8a, 0x00, 0x28, 0xa2, 0x8a, 0x00, 0x28, 0xa2, 0x8a, 0x00,
  0x28, 0xa2, 0x8a, 0x00, 0x28, 0xa2, 0x8a, 0x00, 0x28, 0xa2, 0x8a, 0x00,
  0x28, 0xa2, 0x8a, 0x00, 0x28, 0xa2, 0x8a, 0x00, 0x28, 0xa2, 0x8a, 0x00,
  0x28, 0xa2, 0x8a, 0x00, 0x28, 0xa2, 0x8a, 0x00, 0x28, 0xa2, 0x8a, 0x00,
  0x28, 0xa2, 0x8a, 0x00, 0x28, 0xa2, 0x8a, 0x00, 0x28, 0xa2, 0x8a, 0x00,
  0x28, 0xa2, 0x8a, 0x00, 0x28, 0xa2, 0x8a, 0x00, 0x28, 0xa2, 0x8a, 0x00,
  0x28, 0xa2, 0x8a, 0x00, 0x28, 0xa2, 0x8a, 0x00, 0x28, 0xa2, 0x8a, 0x00,
  0x28, 0xa2, 0x8a, 0x00, 0x28, 0xa2, 0x8a, 0x00, 0x28, 0xa2, 0x8a, 0x00,
  0x28, 0xa2, 0x8a, 0x00, 0x28, 0xa2, 0x8a, 0x00, 0x28, 0xa2, 0x8a, 0x00,
  0x28, 0xa2, 0x8a, 0x00, 0x28, 0xa2, 0x8a, 0x00, 0x28, 0xa2, 0x8a, 0x00,
  0x28, 0xa2, 0x8a, 0x00, 0x28, 0xa2, 0x8a, 0x00, 0x28, 0xa2, 0x8a, 0x00,
  0x28, 0xa2, 0x8a, 0x00, 0x28, 0xa2, 0x8a, 0x00, 0x28, 0xa2, 0x8a, 0x00,
  0x28, 0xa2, 0x8a, 0x00, 0x28, 0xa2, 0x8a, 0x00, 0x28, 0xa2, 0x8a, 0x00,
  0x28, 0xa2, 0x8a, 0x00, 0x28, 0xa2, 0x8a, 0x00, 0x28, 0xa2, 0x8a, 0x00,
  0x28, 0xa2, 0x8a, 0x00, 0x28, 0xa2, 0x8a, 0x00, 0x28, 0xa2, 0x8a, 0x00,
  0x28, 0xa2, 0x8a, 0x00, 0x28, 0xa2, 0x8a, 0x00, 0x28, 0xa2, 0x8a, 0x00,
  0x28, 0xa2, 0x8a, 0x00, 0x28, 0xa2, 0x8a, 0x00, 0x28, 0xa2, 0x8a, 0x00,
  0x28, 0xa2, 0x8a, 0x00, 0x28, 0xa2, 0x8a, 0x00, 0x28, 0xa2, 0x8a, 0x00,
  0x28, 0xa2, 0x8a, 0x00, 0x28, 0xa2, 0x8a, 0x00, 0x28, 0xa2, 0x8a, 0x00,
  0x28, 0xa2, 0x8a, 0x00, 0x28, 0xa2, 0x8a, 0x00, 0x28, 0xa2, 0x8a, 0x00,
  0x28, 0xa2, 0x8a, 0x00, 0x28, 0xa2, 0x8a, 0x00, 0x28, 0xa2, 0x8a, 0x00,
  0x28, 0xa2, 0x8a, 0x00, 0x28, 0xa2, 0x8a, 0x00, 0x28, 0xa2, 0x8a, 0x00,
  0x28, 0xa2, 0x8a, 0x00, 0x28, 0xa2, 0x8a, 0x00, 0x28, 0xa2, 0x8a, 0x00,
  0x28, 0xa2, 0x8a, 0x00, 0x28, 0xa2, 0x8a, 0x00, 0x28, 0xa2, 0x8a, 0x00,
  0x28, 0xa2, 0x8a, 0x00, 0x28, 0xa2, 0x8a, 0x00, 0x28, 0xa2, 0x8a, 0x00,
  0x28, 0xa2, 0x8a, 0x00, 0x28, 0xa2, 0x8a, 0x00, 0x28, 0xa2, 0x8a, 0x00,
  0x28, 0xa2, 0x8a, 0x00, 0x28, 0xa2, 0x8a, 0x00, 0x28, 0xa2, 0x8a, 0x00,
  0x28, 0xa2, 0x8a, 0x00, 0x28, 0xa2, 0x8a, 0x00, 0x28, 0xa2, 0x8a, 0x00,
  0x28, 0xa2, 0x8a, 0x00, 0x28, 0xa2, 0x8a, 0x00, 0x28, 0xa2, 0x8a, 0x00,
  0x28, 0xa2, 0x8a, 0x00, 0x28, 0xa2, 0x8a, 0x00, 0x28, 0xa2, 0x8a, 0x00,
  0x28, 0xa2, 0x8a, 0x00, 0x28, 0xa2, 0x8a, 0x00, 0x28, 0xa2, 0x8a, 0x00,
  0xff, 0xd9, 0xff, 0xd8, 0xff, 0xe0, 0x00, 0x10, 0x4a, 0x46, 0x49, 0x46,
  0x00, 0x01, 0x01, 0x00, 0x00, 0x01, 0x00, 0x01, 0x00, 0x00, 0xff, 0xdb,
  0x00, 0x43, 0x00, 0x08, 0x06, 0x06, 0x07, 0x06, 0x05, 0x08, 0x07, 0x07,
  0x07, 0x09, 0x09, 0x08, 0x0a, 0x0c, 0x14, 0x0d, 0x0c, 0x0b, 0x0b, 0x0c,
  0x19, 0x12, 0x13, 0x0f, 0x14, 0x1d, 0x1a, 0x1f, 0x1e, 0x1d, 0x1a, 0x1c,
  0x1c, 0x20, 0x24, 0x2e, 0x27, 0x20, 0x22, 0x2c, 0x23, 0x1c, 0x1c, 0x28,
  0x37, 0x29, 0x2c, 0x30, 0x31, 0x34, 0x34, 0x34, 0x1f, 0x27, 0x39, 0x3d,
  0x38, 0x32, 0x3c, 0x2e, 0x33, 0x34, 0x32, 0xff, 0xdb, 0x00, 0x43, 0x01,
  0x09, 0x09, 0x09, 0x0c, 0x0b, 0x0c, 0x18, 0x0d, 0x0d, 0x18, 0x32, 0x21,
  0x1c, 0x21, 0x32, 0x32, 0x32, 0x32, 0x32, 0x32, 0x32, 0x32, 0x32, 0x32,
  0x32, 0x32, 0x32, 0x32, 0x32, 0x32, 0x32, 0x32, 0x32, 0x32, 0x32, 0x32,
  0x32, 0x32, 0x32, 0x32, 0x32, 0x32, 0x32, 0x32, 0x32, 0x32, 0x32, 0x32,
  0x32, 0x32, 0x32, 0x32, 0x32, 0x32, 0x32, 0x32, 0x32, 0x32, 0x32, 0x32,
  0x32, 0x32, 0x32, 0x32, 0xff, 0xc0, 0x00, 0x11, 0x08, 0x01, 0x40, 0x01,
  0x40, 0x03, 0x01, 0x22, 0x00, 0x02, 0x11, 0x01, 0x03, 0x11, 0x01, 0xff,
  0xc4, 0x00, 0x1f, 0x00, 0x00, 0x01, 0x05, 0x01, 0x01, 0x01, 0x01, 0x01,
  0x01, 0x00, 0x00, 0x00, 0x00, 0x00, 0x00, 0x00, 0x00, 0x01, 0x02, 0x03,
  0x04, 0x05, 0x06, 0x07, 0x08, 0x09, 0x0a, 0x0b, 0xff, 0xc4, 0x00, 0xb5,
  0x10, 0x00, 0x02, 0x01, 0x03, 0x03, 0x02, 0x04, 0x03, 0x05, 0x05, 0x04,
  0x04, 0x00, 0x00, 0x01, 0x7d, 0x01, 0x02, 0x03, 0x00, 0x04, 0x11, 0x05,
  0x12, 0x21, 0x31, 0x41, 0x06, 0x13, 0x51, 0x61, 0x07, 0x22, 0x71, 0x14,
  0x32, 0x81, 0x91, 0xa1, 0x08, 0x23, 0x42, 0xb1, 0xc1, 0x15, 0x52, 0xd1,
  0xf0, 0x24, 0x33, 0x62, 0x72, 0x82, 0x09, 0x0a, 0x16, 0x17, 0x18, 0x19,
  0x1a, 0x25, 0x26, 0x27, 0x28, 0x29, 0x2a, 0x34, 0x35, 0x36, 0x37, 0x38,
  0x39, 0x3a, 0x43, 0x44, 0x45, 0x46, 0x47, 0x48, 0x49, 0x4a, 0x53, 0x54,
  0x55, 0x56, 0x57, 0x58, 0x59, 0x5a, 0x63, 0x64, 0x65, 0x66, 0x67, 0x68,
  0x69, 0x6a, 0x73, 0x74, 0x75, 0x76, 0x77, 0x78, 0x79, 0x7a, 0x83, 0x84,
  0x85, 0x86, 0x87, 0x88, 0x89, 0x8a, 0x92, 0x93, 0x94, 0x95, 0x96, 0x97,
  0x98, 0x99, 0x9a, 0xa2, 0xa3, 0xa4, 0xa5, 0xa6, 0xa7, 0xa8, 0xa9, 0xaa,
  0xb2, 0xb3, 0xb4, 0xb5, 0xb6, 0xb7, 0xb8, 0xb9, 0xba, 0xc2, 0xc3, 0xc4,
  0xc5, 0xc6, 0xc7, 0xc8, 0xc9, 0xca, 0xd2, 0xd3, 0xd4, 0xd5, 0xd6, 0xd7,
  0xd8, 0xd9, 0xda, 0xe1, 0xe2, 0xe3, 0xe4, 0xe5, 0xe6, 0xe7, 0xe8, 0xe9,
  0xea, 0xf1, 0xf2, 0xf3, 0xf4, 0xf5, 0xf6, 0xf7, 0xf8, 0xf9, 0xfa, 0xff,
  0xc4, 0x00, 0x1f, 0x01, 0x00, 0x03, 0x01, 0x01, 0x01, 0x01, 0x01, 0x01,
  0x01, 0x01, 0x01, 0x00, 0x00, 0x00, 0x00, 0x00, 0x00, 0x01, 0x02, 0x03,
  0x04, 0x05, 0x06, 0x07, 0x08, 0x09, 0x0a, 0x0b, 0xff, 0xc4, 0x00, 0xb5,
  0x11, 0x00, 0x02, 0x01, 0x02, 0x04, 0x04, 0x03, 0x04, 0x07, 0x05, 0x04,
  0x04, 0x00, 0x01, 0x02, 0x77, 0x00, 0x01, 0x02, 0x03, 0x11, 0x04, 0x05,
  0x21, 0x31, 0x06, 0x12, 0x41, 0x51, 0x07, 0x61, 0x71, 0x13, 0x22, 0x32,
  0x81, 0x08, 0x14, 0x42, 0x91, 0xa1, 0xb1, 0xc1, 0x09, 0x23, 0x33, 0x52,
  0xf0, 0x15, 0x62, 0x72, 0xd1, 0x0a, 0x16, 0x24, 0x34, 0xe1, 0x25, 0xf1,
  0x17, 0x18, 0x19, 0x1a, 0x26, 0x27, 0x28, 0x29, 0x2a, 0x35, 0x36, 0x37,
  0x38, 0x39, 0x3a, 0x43, 0x44, 0x45, 0x46, 0x47, 0x48, 0x49, 0x4a, 0x53,
  0x54, 0x55, 0x56, 0x57, 0x58, 0x59, 0x5a, 0x63, 0x64, 0x65, 0x66, 0x67,
  0x68, 0x69, 0x6a, 0x73, 0x74, 0x75, 0x76, 0x77, 0x78, 0x79, 0x7a, 0x82,
  0x83, 0x84, 0x85, 0x86, 0x87, 0x88, 0x89, 0x8a, 0x92, 0x93, 0x94, 0x95,
  0x96, 0x97, 0x98, 0x99, 0x9a, 0xa2, 0xa3, 0xa4, 0xa5, 0xa6, 0xa7, 0xa8,
  0xa9, 0xaa, 0xb2, 0xb3, 0xb4, 0xb5, 0xb6, 0xb7, 0xb8, 0xb9, 0xba, 0xc2,
  0xc3, 0xc4, 0xc5, 0xc6, 0xc7, 0xc8, 0xc9, 0xca, 0xd2, 0xd3, 0xd4, 0xd5,
  0xd6, 0xd7, 0xd8, 0xd9, 0xda, 0xe2, 0xe3, 0xe4, 0xe5, 0xe6, 0xe7, 0xe8,
  0xe9, 0xea, 0xf2, 0xf3, 0xf4, 0xf5, 0xf6, 0xf7, 0xf8, 0xf9, 0xfa, 0xff,
  0xda, 0x00, 0x0c, 0x03, 0x01, 0x00, 0x02, 0x11, 0x03, 0x11, 0x00, 0x3f,
  0x00, 0xf1, 0xca, 0x28, 0xad, 0x78, 0x74, 0xbb, 0x11, 0xa0, 0xc3, 0xa9,
  0x5e, 0x5e, 0xdc, 0xc4, 0xd3, 0xdc, 0x4d, 0x04, 0x71, 0x43, 0x6c, 0xb2,
  0x0c, 0xc6, 0xb1, 0xb6, 0x4b, 0x19, 0x17, 0x19, 0xf3, 0x40, 0xe8, 0x7a,
  0x57, 0xed, 0xd3, 0xa9, 0x18, 0x5a, 0xfd, 0x4f, 0x36, 0xc6, 0x45, 0x15,
  0xb5, 0x1f, 0x85, 0x35, 0x99, 0x64, 0x8a, 0x34, 0xb5, 0x8c, 0xbc, 0xb1,
  0x47, 0x32, 0x29, 0xb8, 0x8c, 0x16, 0x59, 0x00, 0x28, 0x31, 0xbb, 0xef,
  0x30, 0x23, 0x0b, 0xd4, 0xf6, 0x1c, 0x1a, 0x4b, 0x5f, 0x0b, 0x6a, 0xf7,
  0x96, 0x31, 0x5e, 0xc3, 0x6f, 0x17, 0xd9, 0xe5, 0x43, 0x22, 0xbb, 0xdc,
  0xc4, 0x9f, 0x26, 0xf3, 0x1e, 0xe2, 0x19, 0x81, 0x55, 0xde, 0x0a, 0xe4,
  0xe0, 0x67, 0x1e, 0xa3, 0x30, 0xf1, 0x34, 0x52, 0xbb, 0x9a, 0xfb, 0xd0,
  0x59, 0x98, 0xd4, 0x56, 0xa3, 0xf8, 0x7b, 0x54, 0x8d, 0x27, 0x67, 0xb6,
  0x08, 0x60, 0x32, 0x07, 0x8d, 0xa4, 0x41, 0x27, 0xc8, 0x48, 0x72, 0x10,
  0x9d, 0xcc, 0x17, 0x07, 0x24, 0x02, 0x06, 0x0f, 0xa1, 0xa9, 0xf4, 0xcd,
  0x0a, 0x2d, 0x4b, 0x4b, 0xbb, 0xb9, 0x4b, 0xb9, 0x16, 0x6b, 0x68, 0x5e,
  0x69, 0x14, 0x5b, 0x93, 0x14, 0x6a, 0xa3, 0x20, 0x3c, 0x99, 0x1b, 0x59,
  0x88, 0x21, 0x40, 0x07, 0x27, 0x03, 0x8c, 0xf0, 0x3c, 0x45, 0x24, 0xb9,
  0xaf, 0xa7, 0x96, 0xbf, 0x90, 0x59, 0x98, 0x94, 0x51, 0x45, 0x6c, 0x20,
  0xa2, 0x8a, 0x28, 0x00, 0xa2, 0x8a, 0x28, 0x00, 0xa2, 0x8a, 0x28, 0x00,
  0xa2, 0x8a, 0x28, 0x00, 0xa2, 0x8a, 0x28, 0x00, 0xa2, 0x8a, 0x28, 0x00,
  0xa2, 0x8a, 0x28, 0x00, 0xa2, 0x8a, 0x28, 0x00, 0xa2, 0x8a, 0x28, 0x00,
  0xa2, 0x8a, 0x28, 0x00, 0xa2, 0x8a, 0x28, 0x00, 0xa2, 0x8a, 0x28, 0x00,
  0xa2, 0x8a, 0x28, 0x00, 0xa2, 0x8a, 0x28, 0x00, 0xa2, 0x8a, 0x28, 0x00,
  0xa2, 0x8a, 0x28, 0x00, 0xad, 0x68, 0xfc, 0x41, 0x7b, 0x6f, 0xe1, 0xf8,
  0xb4, 0x8b, 0x59, 0xee, 0x2d, 0xe3, 0x17, 0x13, 0x4d, 0x2b, 0x45, 0x31,
  0x51, 0x28, 0x91, 0x23, 0x5d, 0xac, 0xa3, 0xae, 0x3c, 0xb3, 0xd7, 0x3f,
  0x7b, 0xf3, 0xc9, 0xa2, 0xa2, 0x74, 0xe3, 0x3b, 0x73, 0x2b, 0xd8, 0x77,
  0x3a, 0xed, 0x2b, 0xc6, 0xb1, 0x69, 0xda, 0xbc, 0x7a, 0x83, 0xe9, 0x8d,
  0x24, 0x91, 0xad, 0x90, 0x42, 0x97, 0x01, 0x1b, 0xfd, 0x1e, 0x35, 0x42,
  0x0b, 0x6c, 0x3f, 0x2b, 0xed, 0x04, 0x81, 0x8e, 0x83, 0x93, 0x8e, 0x73,
  0x3f, 0xe1, 0x21, 0xff, 0x00, 0x89, 0x47, 0xd8, 0x3e, 0xcd, 0xff, 0x00,
  0x30, 0xdf, 0xb0, 0x6f, 0xf3, 0x3f, 0xe9, 0xef, 0xed, 0x1b, 0xf1, 0x8f,
  0xf8, 0x0e, 0x3f, 0x1c, 0xf6, 0xac, 0x4a, 0x2b, 0x15, 0x83, 0xa2, 0x9f,
  0x32, 0x5d, 0xba, 0xbe, 0x9b, 0x7d, 0xc3, 0xe6, 0x67, 0x61, 0xa8, 0xf8,
  0xf2, 0x6d, 0x42, 0x3b, 0xd5, 0x30, 0xdd, 0x45, 0xe7, 0xb5, 0xcf, 0x97,
  0x1c, 0x77, 0xcc, 0xb1, 0x2a, 0x4d, 0x23, 0xb9, 0x0e, 0x80, 0x0d, 0xec,
  0x3c, 0xc6, 0x19, 0xc8, 0x07, 0x8c, 0x83, 0x8c, 0x56, 0x45, 0x96, 0xb3,
  0x6d, 0x65, 0x62, 0x55, 0x74, 0xfc, 0xde, 0xfd, 0x9e, 0x5b, 0x61, 0x38,
  0x97, 0x08, 0xc9, 0x20, 0x20, 0x97, 0x4d, 0xbf, 0x33, 0x00, 0xc7, 0x07,
  0x70, 0xc6, 0x17, 0x8e, 0x2b, 0x1a, 0x8a, 0x21, 0x83, 0xa3, 0x08, 0xf2,
  0xc5, 0x59, 0x7a, 0xb0, 0xe6, 0x61, 0x45, 0x14, 0x57, 0x49, 0x21, 0x45,
  0x14, 0x50, 0x01, 0x45, 0x14, 0x50, 0x01, 0x45, 0x14, 0x50, 0x01, 0x45,
  0x14, 0x50, 0x01, 0x45, 0x14, 0x50, 0x01, 0x45, 0x14, 0x50, 0x01, 0x45,
  0x14, 0x50, 0x01, 0x45, 0x14, 0x50, 0x01, 0x45, 0x14, 0x50, 0x01, 0x45,
  0x14, 0x50, 0x01, 0x45, 0x14, 0x50, 0x01, 0x45, 0x14, 0x50, 0x01, 0x45,
  0x14, 0x50, 0x01, 0x45, 0x14, 0x50, 0x01, 0x45, 0x14, 0x50, 0x01, 0x45,
  0x14, 0x50, 0x01, 0x45, 0x14, 0x50, 0x01, 0x45, 0x14, 0x50, 0x01, 0x45,
  0x14, 0x50, 0x01, 0x45, 0x14, 0x50, 0x01, 0x45, 0x14, 0x50, 0x01, 0x45,
  0x14, 0x50, 0x01, 0x45, 0x14, 0x50, 0x01, 0x45, 0x14, 0x50, 0x01, 0x45,
  0x14, 0x50, 0x01, 0x45, 0x14, 0x50, 0x01, 0x45, 0x14, 0x50, 0x01, 0x45,
  0x14, 0x50, 0x01, 0x45, 0x14, 0x50, 0x01, 0x45, 0x14, 0x50, 0x01, 0x45,
  0x14, 0x50, 0x01, 0x45, 0x14, 0x50, 0x01, 0x45, 0x14, 0x50, 0x01, 0x45,
  0x14, 0x50, 0x01, 0x45, 0x14, 0x50, 0x01, 0x45, 0x14, 0x50, 0x01, 0x45,
  0x14, 0x50, 0x01, 0x45, 0x14, 0x50, 0x01, 0x45, 0x14, 0x50, 0x01, 0x45,
  0x14, 0x50, 0x01, 0x45, 0x14, 0x50, 0x01, 0x45, 0x14, 0x50, 0x01, 0x45,
  0x14, 0x50, 0x01, 0x45, 0x14, 0x50, 0x01, 0x45, 0x14, 0x50, 0x01, 0x45,
  0x14, 0x50, 0x01, 0x45, 0x14, 0x50, 0x01, 0x45, 0x14, 0x50, 0x01, 0x45,
  0x14, 0x50, 0x01, 0x45, 0x14, 0x50, 0x01, 0x45, 0x14, 0x50, 0x01, 0x45,
  0x14, 0x50, 0x01, 0x45, 0x14, 0x50, 0x01, 0x45, 0x14, 0x50, 0x01, 0x45,
  0x14, 0x50, 0x01, 0x45, 0x14, 0x50, 0x01, 0x45, 0x14, 0x50, 0x01, 0x45,
  0x14, 0x50, 0x01, 0x45, 0x14, 0x50, 0x01, 0x45, 0x14, 0x50, 0x01, 0x45,
  0x14, 0x50, 0x01, 0x45, 0x14, 0x50, 0x01, 0x45, 0x14, 0x50, 0x01, 0x45,
  0x14, 0x50, 0x01, 0x45, 0x14, 0x50, 0x01, 0x45, 0x14, 0x50, 0x01, 0x45,
  0x14, 0x50, 0x01, 0x45, 0x14, 0x50, 0x01, 0x45, 0x14, 0x50, 0x01, 0x45,
  0x14, 0x50, 0x01, 0x45, 0x14, 0x50, 0x01, 0x45, 0x14, 0x50, 0x01, 0x45,
  0x14, 0x50, 0x01, 0x45, 0x14, 0x50, 0x01, 0x45, 0x14, 0x50, 0x01, 0x45,
  0x14, 0x50, 0x01, 0x45, 0x14, 0x50, 0x01, 0x45, 0x14, 0x50, 0x01, 0x45,
  0x14, 0x50, 0x01, 0x45, 0x14, 0x50, 0x01, 0x45, 0x14, 0x50, 0x01, 0x45,
  0x14, 0x50, 0x01, 0x45, 0x14, 0x50, 0x01, 0x45, 0x14, 0x50, 0x01, 0x45,
  0x14, 0x50, 0x01, 0x45, 0x14, 0x50, 0x01, 0x45, 0x14, 0x50, 0x01, 0x45,
  0x14, 0x50, 0x01, 0x45, 0x14, 0x50, 0x01, 0x45, 0x14, 0x50, 0x01, 0x45,
  0x14, 0x50, 0x01, 0x45, 0x14, 0x50, 0x01, 0x45, 0x14, 0x50, 0x01, 0x45,
  0x14, 0x50, 0x01, 0x45, 0x14, 0x50, 0x01, 0x45, 0x14, 0x50, 0x01, 0x45,
  0x14, 0x50, 0x01, 0x45, 0x14, 0x50, 0x01, 0x45, 0x14, 0x50, 0x01, 0x45,
  0x14, 0x50, 0x01, 0x45, 0x14, 0x50, 0x01, 0x45, 0x14, 0x50, 0x01, 0x45,
  0x14, 0x50, 0x01, 0x45, 0x14, 0x50, 0x01, 0x45, 0x14, 0x50, 0x01, 0x45,
  0x4d, 0x05, 0xa5, 0xcd, 0xd6, 0xef, 0xb3, 0xdb, 0xcd, 0x36, 0xdc, 0x6e,
  0xf2, 0xd0, 0xb6, 0x33, 0xeb, 0x8a, 0xd1, 0x4f, 0x0b, 0xeb, 0x2e, 0x8a,
  0xe2, 0xc8, 0x80, 0xc3, 0x23, 0x74, 0x8a, 0x0f, 0xe2, 0x09, 0xc8, 0xae,
  0x7a, 0xb8, 0xcc, 0x3d, 0x17, 0x6a, 0xb5, 0x23, 0x1f, 0x56, 0x97, 0xe6,
  0x52, 0x8b, 0x7b, 0x23, 0x22, 0x8a, 0xd9, 0xff, 0x00, 0x84, 0x57, 0x5a,
  0xff, 0x00, 0x9f, 0x2f, 0xfc, 0x8a, 0x9f, 0xe3, 0x59, 0xd3, 0xd8, 0xde,
  0x5a, 0xa0, 0x7b, 0x8b, 0x59, 0xe2, 0x42, 0x70, 0x1a, 0x48, 0xca, 0x8c,
  0xfa, 0x73, 0x4a, 0x96, 0x37, 0x0d, 0x59, 0xda, 0x9d, 0x48, 0xc9, 0xf9,
  0x34, 0xc1, 0xc6, 0x4b, 0x74, 0x57, 0xa2, 0x8a, 0x2b, 0xa4, 0x90, 0xa2,
  0x8a, 0x28, 0x00, 0xa2, 0x8a, 0x28, 0x00, 0xa2, 0x8a, 0x28, 0x00, 0xa2,
  0x8a, 0x28, 0x00, 0xa2, 0x8a, 0x28, 0x00, 0xa2, 0x8a, 0x28, 0x00, 0xa2,
  0x8a, 0x28, 0x00, 0xa2, 0x8a, 0x28, 0x00, 0xa2, 0x8a, 0x28, 0x00, 0xa2,
  0x8a, 0x28, 0x00, 0xa2, 0x8a, 0x28, 0x00, 0xa2, 0x8a, 0x28, 0x00, 0xa2,
  0x8a, 0x28, 0x00, 0xa2, 0x8a, 0x28, 0x00, 0xa2, 0x8a, 0x28, 0x00, 0xa2,
  0x8a, 0xe8, 0x3c, 0x39, 0xe1, 0xc6, 0xd5, 0x1c, 0x5c, 0xdc, 0x82, 0xb6,
  0x6a, 0x7e, 0x86, 0x53, 0xe8, 0x3d, 0xbd, 0x4f, 0xe0, 0x3d, 0xb9, 0xb1,
  0x78, 0xba, 0x58, 0x4a, 0x4e, 0xb5, 0x67, 0x64, 0xbf, 0x1f, 0x25, 0xe6,
  0x54, 0x62, 0xe4, 0xec, 0x8c, 0xed, 0x33, 0x46, 0xbd, 0xd5, 0xa5, 0xdb,
  0x6f, 0x1e, 0x10, 0x67, 0x32, 0xbe, 0x42, 0x0c, 0x76, 0xcf, 0xaf, 0x23,
  0x8f, 0x7a, 0xed, 0x74, 0xdf, 0x09, 0x69, 0xf6, 0x38, 0x79, 0xc7, 0xda,
  0xe5, 0xf5, 0x90, 0x7c, 0xa3, 0xaf, 0x45, 0xfa, 0x1e, 0xf9, 0xe9, 0xda,
  0xb6, 0xad, 0xed, 0xe1, 0xb4, 0xb7, 0x48, 0x20, 0x8c, 0x47, 0x12, 0x0c,
  0x2a, 0x8e, 0xd5, 0x2d, 0x7e, 0x73, 0x99, 0xf1, 0x1e, 0x2b, 0x16, 0xdc,
  0x29, 0x3e, 0x48, 0x76, 0x5b, 0xbf, 0x57, 0xfa, 0x2d, 0x3d, 0x4e, 0xb8,
  0x51, 0x8c, 0x77, 0xdc, 0x6a, 0x22, 0xc6, 0x8a, 0x88, 0xa1, 0x51, 0x46,
  0x15, 0x54, 0x60, 0x01, 0xe8, 0x29, 0xd4, 0x51, 0x5f, 0x3a, 0xdd, 0xf5,
  0x66, 0xc1, 0x45, 0x14, 0x50, 0x06, 0x2e, 0xa3, 0xe1, 0x7d, 0x36, 0xf9,
  0x3e, 0x48, 0x85, 0xb4, 0xa0, 0x61, 0x5e, 0x10, 0x00, 0xef, 0xd5, 0x7a,
  0x1e, 0xbf, 0x5e, 0x3a, 0xd7, 0x19, 0xab, 0xf8, 0x7e, 0xf7, 0x49, 0x6d,
  0xce, 0xbe, 0x6c, 0x1d, 0xa6, 0x40, 0x70, 0x39, 0xc0, 0xdd, 0xe8, 0x7a,
  0x7e, 0x7d, 0x4d, 0x7a, 0x6d, 0x35, 0xd1, 0x64, 0x46, 0x47, 0x50, 0xc8,
  0xc3, 0x0c, 0xac, 0x32, 0x08, 0xf4, 0x35, 0xef, 0x65, 0xdc, 0x43, 0x8b,
  0xc1, 0xb4, 0xa4, 0xf9, 0xe1, 0xd9, 0xfe, 0x8f, 0xa7, 0xe4, 0x65, 0x3a,
  0x51, 0x91, 0xe3, 0xd4, 0x57, 0x55, 0xe2, 0x3f, 0x0b, 0x8b, 0x34, 0x37,
  0x9a, 0x7a, 0x13, 0x02, 0x8f, 0xde, 0x45, 0x92, 0x4a, 0x7f, 0xb4, 0x33,
  0xc9, 0x1e, 0xbe, 0x9f, 0x4e, 0x9c, 0xad, 0x7e, 0x8f, 0x81, 0xc7, 0x51,
  0xc6, 0xd2, 0x55, 0x68, 0xbd, 0x3f, 0x15, 0xe4, 0xce, 0x39, 0x45, 0xc5,
  0xd9, 0x85, 0x14, 0x51, 0x5d, 0x84, 0x85, 0x14, 0x51, 0x40, 0x05, 0x14,
  0x51, 0x40, 0x05, 0x14, 0x51, 0x40, 0x05, 0x14, 0x51, 0x40, 0x05, 0x14,
  0x51, 0x40, 0x05, 0x14, 0x51, 0x40, 0x05, 0x14, 0x51, 0x40, 0x05, 0x14,
  0x51, 0x40, 0x05, 0x14, 0x51, 0x40, 0x05, 0x14, 0x51, 0x40, 0x05, 0x14,
  0x51, 0x40, 0x05, 0x14, 0x51, 0x40, 0x05, 0x14, 0x51, 0x40, 0x17, 0xf4,
  0x6d, 0x31, 0xf5, 0x6d, 0x4a, 0x3b, 0x75, 0xe1, 0x07, 0xcd, 0x2b, 0x67,
  0x04, 0x20, 0x23, 0x38, 0xf7, 0xe7, 0xf5, 0xaf, 0x4f, 0xb7, 0xb7, 0x86,
  0xd2, 0xdd, 0x20, 0x82, 0x31, 0x1c, 0x48, 0x30, 0xaa, 0x3b, 0x56, 0x2f,
  0x84, 0xb4, 0xdf, 0xb0, 0xe9, 0x22, 0x77, 0x1f, 0xbd, 0xba, 0xc3, 0x9f,
  0x65, 0xfe, 0x11, 0xd7, 0xd0, 0xe7, 0xf1, 0xf6, 0xad, 0xfa, 0xfc, 0xc3,
  0x88, 0xf3, 0x37, 0x8b, 0xc5, 0x3a, 0x50, 0x7e, 0xe4, 0x34, 0x5e, 0x6f,
  0xab, 0xfd, 0x17, 0x97, 0xa9, 0xdb, 0x46, 0x1c, 0xb1, 0xbf, 0x50, 0xa2,
  0x8a, 0x2b, 0xe7, 0x4d, 0x82, 0x8a, 0x28, 0xa0, 0x02, 0x8a, 0x28, 0xa0,
  0x02, 0x8a, 0x28, 0xa0, 0x06, 0xba, 0x2c, 0x88, 0xc8, 0xea, 0x19, 0x18,
  0x61, 0x95, 0x86, 0x41, 0x1e, 0x86, 0xbc, 0xdf, 0xc4, 0x7a, 0x3f, 0xf6,
  0x4e, 0xa1, 0xfb, 0xa1, 0x8b, 0x59, 0xb2, 0xd1, 0x7c, 0xd9, 0x23, 0x18,
  0xc8, 0xfc, 0x09, 0xfc, 0xb1, 0xcf, 0x5a, 0xf4, 0xaa, 0xcc, 0xd7, 0xb4,
  0xdf, 0xed, 0x4d, 0x26, 0x58, 0x14, 0x66, 0x55, 0xf9, 0xe2, 0xff, 0x00,
  0x78, 0x76, 0xea, 0x3a, 0x8c, 0x8e, 0x7d, 0x6b, 0xdb, 0xc8, 0x73, 0x37,
  0x81, 0xc5, 0x2e, 0x67, 0xee, 0x4b, 0x47, 0xfe, 0x7f, 0x2f, 0xca, 0xe6,
  0x75, 0x61, 0xcd, 0x1f, 0x33, 0xcb, 0xe8, 0xa2, 0x8a, 0xfd, 0x58, 0xe0,
  0x0a, 0x28, 0xa2, 0x80, 0x0a, 0x28, 0xa2, 0x80, 0x0a, 0x28, 0xa2, 0x80,
  0x0a, 0x28, 0xa2, 0x80, 0x0a, 0x28, 0xa2, 0x80, 0x0a, 0x28, 0xa2, 0x80,
  0x0a, 0x28, 0xa2, 0x80, 0x0a, 0x28, 0xa2, 0x80, 0x0a, 0x28, 0xa2, 0x80,
  0x0a, 0x28, 0xa2, 0x80, 0x0a, 0x28, 0xa2, 0x80, 0x0a, 0x28, 0xa2, 0x80,
  0x0a, 0x9a, 0xd2, 0x0f, 0xb5, 0x5e, 0xc1, 0x6f, 0xbb, 0x6f, 0x9b, 0x22,
  0xa6, 0xec, 0x67, 0x19, 0x38, 0xcd, 0x43, 0x5a, 0xfe, 0x17, 0x45, 0x7f,
  0x11, 0xd9, 0x87, 0x50, 0xc3, 0x2c, 0x70, 0x46, 0x79, 0x0a, 0x48, 0x3f,
  0x9d, 0x73, 0xe3, 0x2a, 0xba, 0x38, 0x7a, 0x95, 0x57, 0xd9, 0x8b, 0x7f,
  0x72, 0xb9, 0x51, 0x57, 0x69, 0x1e, 0x94, 0x88, 0xb1, 0xa2, 0xa2, 0x28,
  0x54, 0x51, 0x85, 0x55, 0x18, 0x00, 0x7a, 0x0a, 0x75, 0x14, 0x57, 0xe2,
  0xcd, 0xdf, 0x56, 0x7a, 0x21, 0x45, 0x14, 0x50, 0x01, 0x45, 0x57, 0xbe,
  0x68, 0x56, 0xca, 0x43, 0x70, 0x18, 0xc3, 0xc0, 0x7d, 0xbe, 0x84, 0xe0,
  0xe7, 0xdb, 0xd7, 0xdb, 0x35, 0x4b, 0x42, 0x55, 0x58, 0x2e, 0x82, 0x34,
  0x6d, 0x1f, 0xda, 0x0e, 0xc6, 0x85, 0x76, 0xc6, 0x46, 0xd5, 0xfb, 0x83,
  0x9c, 0x0e, 0xc7, 0x9e, 0xa0, 0xd0, 0x06, 0xad, 0x14, 0x51, 0x40, 0x05,
  0x14, 0x51, 0x40, 0x05, 0x14, 0x51, 0x40, 0x1e, 0x5b, 0xaf, 0x5a, 0xad,
  0x96, 0xb9, 0x77, 0x02, 0x63, 0x60, 0x7d, 0xca, 0x15, 0x70, 0x00, 0x61,
  0xbb, 0x00, 0x7b, 0x67, 0x1f, 0x85, 0x67, 0x57, 0x49, 0xe3, 0x64, 0x55,
  0xd6, 0xe3, 0x2a, 0xa0, 0x16, 0x81, 0x4b, 0x10, 0x3a, 0x9c, 0xb0, 0xc9,
  0xfc, 0x00, 0xfc, 0xab, 0x9b, 0xaf, 0xd8, 0xb2, 0xba, 0xce, 0xb6, 0x0a,
  0x95, 0x49, 0x6e, 0xe2, 0x8f, 0x3e, 0x6a, 0xd2, 0x68, 0x28, 0xa2, 0x8a,
  0xef, 0x20, 0x28, 0xa2, 0x8a, 0x00, 0x28, 0xa2, 0x8a, 0x00, 0x28, 0xa2,
  0x8a, 0x00, 0x28, 0xa2, 0x8a, 0x00, 0x28, 0xa2, 0x8a, 0x00, 0x28, 0xa2,
  0x8a, 0x00, 0x28, 0xa2, 0x8a, 0x00, 0x28, 0xa2, 0x8a, 0x00, 0x28, 0xa2,
  0x8a, 0x00, 0x28, 0xa2, 0x8a, 0x00, 0x28, 0xa2, 0x8a, 0x00, 0x2b, 0x67,
  0xc2, 0xbf, 0xf2, 0x32, 0xda, 0x7f, 0xc0, 0xff, 0x00, 0xf4, 0x06, 0xac,
  0x6a, 0xb1, 0x63, 0x3a, 0xda, 0xea, 0x16, 0xd7, 0x0e, 0x09, 0x48, 0xa5,
  0x57, 0x60, 0xbd, 0x70, 0x08, 0x3c, 0x57, 0x36, 0x36, 0x93, 0xad, 0x86,
  0xa9, 0x4d, 0x6f, 0x28, 0xb5, 0xf7, 0xa2, 0xa2, 0xed, 0x24, 0xcf, 0x5b,
  0xa2, 0x8a, 0x2b, 0xf1, 0x73, 0xd1, 0x0a, 0x28, 0xa2, 0x80, 0x0a, 0x28,
  0xa2, 0x80, 0x0a, 0x28, 0xa2, 0x80, 0x0a, 0x28, 0xa2, 0x80, 0x0a, 0x28,
  0xa2, 0x80, 0x38, 0x1f, 0x1b, 0xff, 0x00, 0xc8, 0x6a, 0x1f, 0xfa, 0xf7,
  0x5f, 0xfd, 0x09, 0xab, 0x9a, 0xad, 0x4f, 0x11, 0xce, 0xb7, 0x1e, 0x21,
  0xbc, 0x74, 0x04, 0x00, 0xfb, 0x39, 0xf5, 0x50, 0x14, 0xfe, 0xa2, 0xb2,
  0xeb, 0xf6, 0x1c, 0xa6, 0x93, 0xa5, 0x81, 0xa5, 0x07, 0xbf, 0x2a, 0xfc,
  0x75, 0x3c, 0xfa, 0x8e, 0xf2, 0x61, 0x45, 0x14, 0x57, 0xa0, 0x40, 0x51,
  0x45, 0x14, 0x00, 0x51, 0x45, 0x14, 0x00, 0x51, 0x45, 0x14, 0x00, 0x51,
  0x45, 0x14, 0x00, 0x51, 0x45, 0x14, 0x00, 0x51, 0x45, 0x14, 0x00, 0x51,
  0x45, 0x14, 0x00, 0x51, 0x45, 0x14, 0x00, 0x51, 0x45, 0x14, 0x00, 0x51,
  0x45, 0x14, 0x00, 0x51, 0x45, 0x14, 0x00, 0x51, 0x45, 0x14, 0x01, 0xe9,
  0x3e, 0x17, 0xd4, 0x56, 0xfb, 0x46, 0x89, 0x38, 0x12, 0xdb, 0x81, 0x13,
  0xa8, 0xf4, 0x03, 0xe5, 0x3d, 0x7b, 0x8f, 0xd4, 0x1a, 0xda, 0xaf, 0x32,
  0xf0, 0xfe, 0xae, 0x74, 0x9d, 0x49, 0x5d, 0x8f, 0xee, 0x25, 0xc2, 0x4a,
  0x09, 0x3c, 0x0c, 0xfd, 0xec, 0x0e, 0xe3, 0xfc, 0x7d, 0x6b, 0xd2, 0xd1,
  0xd6, 0x44, 0x57, 0x46, 0x0c, 0x8c, 0x32, 0xac, 0xa7, 0x20, 0x8f, 0x51,
  0x5f, 0x96, 0x71, 0x0e, 0x5c, 0xf0, 0x78, 0xb7, 0x24, 0xbd, 0xc9, 0xea,
  0xbf, 0x55, 0xf2, 0xfc, 0x8e, 0xea, 0x53, 0xe6, 0x88, 0xea, 0x28, 0xa2,
  0xbc, 0x13, 0x50, 0xa2, 0x8a, 0x28, 0x00, 0xa2, 0x8a, 0x28, 0x00, 0xa2,
  0x8a, 0x28, 0x00, 0xaa, 0x3a, 0xbe, 0xa2, 0xba, 0x5e, 0x99, 0x35, 0xd1,
  0xc6, 0xf0, 0x31, 0x1a, 0x9f, 0xe2, 0x63, 0xd0, 0x75, 0x19, 0xf5, 0x3e,
  0xc0, 0xd5, 0xea, 0xf3, 0xcf, 0x15, 0x6b, 0x23, 0x51, 0xbc, 0x16, 0xd0,
  0x38, 0x6b, 0x68, 0x0f, 0x0c, 0xac, 0x48, 0x76, 0xee, 0x7d, 0x38, 0xe8,
  0x3f, 0x1e, 0x79, 0xaf, 0x5f, 0x25, 0xcb, 0x9e, 0x3b, 0x14, 0xa0, 0xd7,
  0xba, 0xb5, 0x97, 0xa7, 0x6f, 0x9e, 0xdf, 0xf0, 0xc6, 0x75, 0x27, 0xcb,
  0x13, 0x9f, 0xa2, 0x8a, 0x2b, 0xf5, 0xa3, 0x80, 0x28, 0xa2, 0x8a, 0x00,
  0x28, 0xa2, 0x8a, 0x00, 0x28, 0xa2, 0x8a, 0x00, 0x28, 0xa2, 0x8a, 0x00,
  0x28, 0xa2, 0x8a, 0x00, 0x28, 0xa2, 0x8a, 0x00, 0x28, 0xa2, 0x8a, 0x00,
  0x28, 0xa2, 0x8a, 0x00, 0x28, 0xa2, 0x8a, 0x00, 0x28, 0xa2, 0x8a, 0x00,
  0x28, 0xa2, 0x8a, 0x00, 0x28, 0xa2, 0x8a, 0x00, 0x28, 0xa2, 0x8a, 0x00,
  0x2b, 0xaa, 0xf0, 0xbf, 0x88, 0xd6, 0xcc, 0x26, 0x9f, 0x78, 0x42, 0xc1,
  0x93, 0xe5, 0x4b, 0xd3, 0x61, 0x27, 0x38, 0x3e, 0xd9, 0xef, 0xdb, 0xe9,
  0xd3, 0x95, 0xa2, 0xb8, 0xf1, 0xd8, 0x1a, 0x58, 0xda, 0x2e, 0x8d, 0x65,
  0xa7, 0xe4, 0xfb, 0xa2, 0xa3, 0x27, 0x17, 0x74, 0x7b, 0x0a, 0x3a, 0xc8,
  0x8a, 0xe8, 0xc1, 0x91, 0x86, 0x55, 0x94, 0xe4, 0x11, 0xea, 0x29, 0xd5,
  0xe6, 0xba, 0x3f, 0x88, 0xee, 0xf4, 0x9c, 0x45, 0xfe, 0xba, 0xd4, 0x67,
  0xf7, 0x2c, 0x71, 0x82, 0x7b, 0x83, 0x8e, 0x39, 0xed, 0xd3, 0x93, 0xf5,
  0xae, 0xdf, 0x4d, 0xd7, 0xb4, 0xfd, 0x53, 0x0b, 0x04, 0xdb, 0x65, 0x3f,
  0xf2, 0xca, 0x4f, 0x95, 0xbb, 0xf4, 0xf5, 0xe0, 0x67, 0x8c, 0xd7, 0xe6,
  0xb9, 0x9e, 0x43, 0x8a, 0xc0, 0xb7, 0x2b, 0x73, 0x43, 0xba, 0xfd, 0x7b,
  0x7e, 0x5e, 0x67, 0x6c, 0x2a, 0xc6, 0x5e, 0xa6, 0x9d, 0x14, 0x51, 0x5e,
  0x21, 0xa0, 0x51, 0x45, 0x14, 0x00, 0x51, 0x54, 0x75, 0x1d, 0x5e, 0xcb,
  0x4b, 0x4c, 0xdd, 0x4c, 0x15, 0xf1, 0x95, 0x8d, 0x79, 0x76, 0xeb, 0xd0,
  0x7e, 0x1d, 0x4f, 0x15, 0xc5, 0x6b, 0x3e, 0x2a, 0xb9, 0xd4, 0x43, 0x41,
  0x6c, 0x0d, 0xbd, 0xb3, 0x02, 0xac, 0x33, 0x96, 0x71, 0x9e, 0xe7, 0xb7,
  0x1d, 0x87, 0xbf, 0x26, 0xbd, 0x7c, 0xbb, 0x25, 0xc5, 0x63, 0x9a, 0x70,
  0x56, 0x8f, 0xf3, 0x3d, 0xbe, 0x5d, 0xfe, 0x5f, 0x81, 0x9c, 0xea, 0x46,
  0x26, 0xaf, 0x89, 0xbc, 0x4d, 0x17, 0x92, 0xf6, 0x16, 0x0e, 0x92, 0x19,
  0x17, 0x12, 0xca, 0xa4, 0x32, 0x85, 0x23, 0xa0, 0xf5, 0x24, 0x77, 0xed,
  0xf5, 0xe9, 0xc5, 0x51, 0x45, 0x7e, 0x97, 0x97, 0x65, 0xd4, 0x70, 0x14,
  0x7d, 0x95, 0x2f, 0x9b, 0xea, 0xd9, 0xc7, 0x39, 0xb9, 0xbb, 0xb0, 0xa2,
  0x8a, 0x2b, 0xbc, 0x80, 0xa2, 0x8a, 0x28, 0x00, 0xa2, 0x8a, 0x28, 0x00,
  0xa2, 0x8a, 0x28, 0x00, 0xa2, 0x8a, 0x28, 0x00, 0xa2, 0x8a, 0x28, 0x00,
  0xa2, 0x8a, 0x28, 0x00, 0xa2, 0x8a, 0x28, 0x00, 0xa2, 0x8a, 0x28, 0x00,
  0xa2, 0x8a, 0x28, 0x00, 0xa2, 0x8a, 0x28, 0x00, 0xa2, 0x8a, 0x28, 0x00,
  0xa2, 0x8a, 0x28, 0x00, 0xa2, 0x8a, 0x28, 0x00, 0xa2, 0x8a, 0x28, 0x00,
  0xa2, 0x8a, 0x28, 0x03, 0x46, 0xd7, 0x5e, 0xd5, 0x2c, 0x93, 0x64, 0x17,
  0xb2, 0x04, 0xc0, 0x01, 0x5f, 0x0e, 0x00, 0x1d, 0x00, 0xdd, 0x9c, 0x7e,
  0x15, 0xa6, 0x9e, 0x36, 0xd4, 0xd5, 0x15, 0x4c, 0x76, 0xae, 0x40, 0xc1,
  0x66, 0x43, 0x93, 0xee, 0x70, 0x71, 0x5c, 0xdd, 0x15, 0xc1, 0x5b, 0x2b,
  0xc1, 0x56, 0x7c, 0xd5, 0x29, 0x45, 0xbf, 0x4d, 0x4b, 0x53, 0x92, 0xd9,
  0x9d, 0x2f, 0xfc, 0x26, 0xfa, 0x97, 0xfc, 0xf0, 0xb4, 0xff, 0x00, 0xbe,
  0x1b, 0xff, 0x00, 0x8a, 0xac, 0xe9, 0xfc, 0x47, 0xab, 0xdc, 0x20, 0x47,
  0xbe, 0x90, 0x00, 0x73, 0xfb, 0xb0, 0x10, 0xfe, 0x6a, 0x01, 0xac, 0xba,
  0x29, 0x52, 0xca, 0x70, 0x34, 0x9d, 0xe1, 0x4a, 0x37, 0xf4, 0xbf, 0xe6,
  0x0e, 0xa4, 0x9f, 0x50, 0xa2, 0x8a, 0x2b, 0xd0, 0x20, 0x28, 0xa2, 0x8a,
  0x00, 0x28, 0xa2, 0x8a, 0x00, 0x28, 0xa2, 0x8a, 0x00, 0x28, 0xa2, 0x8a,
  0x00, 0x28, 0xa2, 0x8a, 0x00, 0x28, 0xa2, 0x8a, 0x00, 0x28, 0xa2, 0x8a,
  0x00, 0x28, 0xa2, 0x8a, 0x00, 0x28, 0xa2, 0x8a, 0x00, 0x28, 0xa2, 0x8a,
  0x00, 0x28, 0xa2, 0x8a, 0x00, 0x28, 0xa2, 0x8a, 0x00, 0x28, 0xa2, 0x8a,
  0x00, 0x28, 0xa2, 0x8a, 0x00, 0x28, 0xa2, 0x8a, 0x00, 0x28, 0xa2, 0x8a,
  0x00, 0x28, 0xa2, 0x8a, 0x00, 0x28, 0xa2, 0x8a, 0x00, 0x28, 0xa2, 0x8a,
  0x00, 0x28, 0xa2, 0x8a, 0x00, 0x28, 0xa2, 0x8a, 0x00, 0x28, 0xa2, 0x8a,
  0x00, 0x28, 0xa2, 0x8a, 0x00, 0x28, 0xa2, 0x8a, 0x00, 0x28, 0xa2, 0x8a,
  0x00, 0x28, 0xa2, 0x8a, 0x00, 0x28, 0xa2, 0x8a, 0x00, 0x28, 0xa2, 0x8a,
  0x00, 0x28, 0xa2, 0x8a, 0x00, 0x28, 0xa2, 0x8a, 0x00, 0x28, 0xa2, 0x8a,
  0x00, 0x28, 0xa2, 0x8a, 0x00, 0x28, 0xa2, 0x8a, 0x00, 0x28, 0xa2, 0x8a,
  0x00, 0x28, 0xa2, 0x8a, 0x00, 0x28, 0xa2, 0x8a, 0x00, 0x28, 0xa2, 0x8a,
  0x00, 0x28, 0xa2, 0x8a, 0x00, 0x28, 0xa2, 0x8a, 0x00, 0x28, 0xa2, 0x8a,
  0x00, 0x28, 0xa2, 0x8a, 0x00, 0x28, 0xa2, 0x8a, 0x00, 0x28, 0xa2, 0x8a,
  0x00, 0x28, 0xa2, 0x8a, 0x00, 0x28, 0xa2, 0x8a, 0x00, 0x28, 0xa2, 0x8a,
  0x00, 0x28, 0xa2, 0x8a, 0x00, 0x28, 0xa2, 0x8a, 0x00, 0x28, 0xa2, 0x8a,
  0x00, 0x28, 0xa2, 0x8a, 0x00, 0x28, 0xa2, 0x8a, 0x00, 0x28, 0xa2, 0x8a,
  0x00, 0x28, 0xa2, 0x8a, 0x00, 0x28, 0xa2, 0x8a, 0x00, 0x28, 0xa2, 0x8a,
  0x00, 0x28, 0xa2, 0x8a, 0x00, 0x28, 0xa2, 0x8a, 0x00, 0x28, 0xa2, 0x8a,
  0x00, 0x28, 0xa2, 0x8a, 0x00, 0x28, 0xa2, 0x8a, 0x00, 0x28, 0xa2, 0x8a,
  0x00, 0x28, 0xa2, 0x8a, 0x00, 0x28, 0xa2, 0x8a, 0x00, 0x28, 0xa2, 0x8a,
  0x00, 0x28, 0xa2, 0x8a, 0x00, 0x28, 0xa2, 0x8a, 0x00, 0x28, 0xa2, 0x8a,
  0x00, 0x28, 0xa2, 0x8a, 0x00, 0x28, 0xa2, 0x8a, 0x00, 0x28, 0xa2, 0x8a,
  0x00, 0x28, 0xa2, 0x8a, 0x00, 0x28, 0xa2, 0x8a, 0x00, 0x28, 0xa2, 0x8a,
  0x00, 0x28, 0xa2, 0x8a, 0x00, 0x28, 0xa2, 0x8a, 0x00, 0x28, 0xa2, 0x8a,
  0x00, 0x28, 0xa2, 0x8a, 0x00, 0x28, 0xa2, 0x8a, 0x00, 0x28, 0xa2, 0x8a,
  0x00, 0x28, 0xa2, 0x8a, 0x00, 0x28, 0xa2, 0x8a, 0x00, 0x28, 0xa2, 0x8a,
  0x00, 0x28, 0xa2, 0x8a, 0x00, 0x28, 0xa2, 0x8a, 0x00, 0x28, 0xa2, 0x8a,
  0x00, 0x28, 0xa2, 0x8a, 0x00, 0x28, 0xa2, 0x8a, 0x00, 0x28, 0xa2, 0x8a,
  0x00, 0x28, 0xa2, 0x8a, 0x00, 0x28, 0xa2, 0x8a, 0x00, 0x28, 0xa2, 0x8a,
  0x00, 0x28, 0xa2, 0x8a, 0x00, 0x28, 0xa2, 0x8a, 0x00, 0x28, 0xa2, 0x8a,
  0x00, 0x28, 0xa2, 0x8a, 0x00, 0x28, 0xa2, 0x8a, 0x00, 0x28, 0xa2, 0x8a,
  0x00, 0x28, 0xa2, 0x8a, 0x00, 0x28, 0xa2, 0x8a, 0x00, 0x28, 0xa2, 0x8a,
  0x00, 0x28, 0xa2, 0x8a, 0x00, 0x28, 0xa2, 0x8a, 0x00, 0x28, 0xa2, 0x8a,
  0x00, 0x28, 0xa2, 0x8a, 0x00, 0x28, 0xa2, 0x8a, 0x00, 0x28, 0xa2, 0x8a,
  0x00, 0x28, 0xa2, 0x8a, 0x00, 0x28, 0xa2, 0x8a, 0x00, 0x28, 0xa2, 0x8a,
  0x00, 0x28, 0xa2, 0x8a, 0x00, 0x28, 0xa2, 0x8a, 0x00, 0x28, 0xa2, 0x8a,
  0x00, 0x28, 0xa2, 0x8a, 0x00, 0x28, 0xa2, 0x8a, 0x00, 0x28, 0xa2, 0x8a,
  0x00, 0x28, 0xa2, 0x8a, 0x00, 0x28, 0xa2, 0x8a, 0x00, 0x28, 0xa2, 0x8a,
  0x00, 0x28, 0xa2, 0x8a, 0x00, 0x28, 0xa2, 0x8a, 0x00, 0x28, 0xa2, 0x8a,
  0x00, 0x28, 0xa2, 0x8a, 0x00, 0x28, 0xa2, 0x8a, 0x00, 0x28, 0xa2, 0x8a,
  0x00, 0x28, 0xa2, 0x8a, 0x00, 0x28, 0xa2, 0x8a, 0x00, 0x28, 0xa2, 0x8a,
  0x00, 0x28, 0xa2, 0x8a, 0x00, 0xff, 0xd9, 0xff, 0xd8, 0xff, 0xe0, 0x00,
  0x10, 0x4a, 0x46, 0x49, 0x46, 0x00, 0x01, 0x01, 0x00, 0x00, 0x01, 0x00,
  0x01, 0x00, 0x00, 0xff, 0xdb, 0x00, 0x43, 0x00, 0x08, 0x06, 0x06, 0x07,
  0x06, 0x05, 0x08, 0x07, 0x07, 0x07, 0x09, 0x09, 0x08, 0x0a, 0x0c, 0x14,
  0x0d, 0x0c, 0x0b, 0x0b, 0x0c, 0x19, 0x12, 0x13, 0x0f, 0x14, 0x1d, 0x1a,
  0x1f, 0x1e, 0x1d, 0x1a, 0x1c, 0x1c, 0x20, 0x24, 0x2e, 0x27, 0x20, 0x22,
  0x2c, 0x23, 0x1c, 0x1c, 0x28, 0x37, 0x29, 0x2c, 0x30, 0x31, 0x34, 0x34,
  0x34, 0x1f, 0x27, 0x39, 0x3d, 0x38, 0x32, 0x3c, 0x2e, 0x33, 0x34, 0x32,
  0xff, 0xdb, 0x00, 0x43, 0x01, 0x09, 0x09, 0x09, 0x0c, 0x0b, 0x0c, 0x18,
  0x0d, 0x0d, 0x18, 0x32, 0x21, 0x1c, 0x21, 0x32, 0x32, 0x32, 0x32, 0x32,
  0x32, 0x32, 0x32, 0x32, 0x32, 0x32, 0x32, 0x32, 0x32, 0x32, 0x32, 0x32,
  0x32, 0x32, 0x32, 0x32, 0x32, 0x32, 0x32, 0x32, 0x32, 0x32, 0x32, 0x32,
  0x32, 0x32, 0x32, 0x32, 0x32, 0x32, 0x32, 0x32, 0x32, 0x32, 0x32, 0x32,
  0x32, 0x32, 0x32, 0x32, 0x32, 0x32, 0x32, 0x32, 0x32, 0xff, 0xc0, 0x00,
  0x11, 0x08, 0x01, 0x40, 0x01, 0x40, 0x03, 0x01, 0x22, 0x00, 0x02, 0x11,
  0x01, 0x03, 0x11, 0x01, 0xff, 0xc4, 0x00, 0x1f, 0x00, 0x00, 0x01, 0x05,
  0x01, 0x01, 0x01, 0x01, 0x01, 0x01, 0x00, 0x00, 0x00, 0x00, 0x00, 0x00,
  0x00, 0x00, 0x01, 0x02, 0x03, 0x04, 0x05, 0x06, 0x07, 0x08, 0x09, 0x0a,
  0x0b, 0xff, 0xc4, 0x00, 0xb5, 0x10, 0x00, 0x02, 0x01, 0x03, 0x03, 0x02,
  0x04, 0x03, 0x05, 0x05, 0x04, 0x04, 0x00, 0x00, 0x01, 0x7d, 0x01, 0x02,
  0x03, 0x00, 0x04, 0x11, 0x05, 0x12, 0x21, 0x31, 0x41, 0x06, 0x13, 0x51,
  0x61, 0x07, 0x22, 0x71, 0x14, 0x32, 0x81, 0x91, 0xa1, 0x08, 0x23, 0x42,
  0xb1, 0xc1, 0x15, 0x52, 0xd1, 0xf0, 0x24, 0x33, 0x62, 0x72, 0x82, 0x09,
  0x0a, 0x16, 0x17, 0x18, 0x19, 0x1a, 0x25, 0x26, 0x27, 0x28, 0x29, 0x2a,
  0x34, 0x35, 0x36, 0x37, 0x38, 0x39, 0x3a, 0x43, 0x44, 0x45, 0x46, 0x47,
  0x48, 0x49, 0x4a, 0x53, 0x54, 0x55, 0x56, 0x57, 0x58, 0x59, 0x5a, 0x63,
  0x64, 0x65, 0x66, 0x67, 0x68, 0x69, 0x6a, 0x73, 0x74, 0x75, 0x76, 0x77,
  0x78, 0x79, 0x7a, 0x83, 0x84, 0x85, 0x86, 0x87, 0x88, 0x89, 0x8a, 0x92,
  0x93, 0x94, 0x95, 0x96, 0x97, 0x98, 0x99, 0x9a, 0xa2, 0xa3, 0xa4, 0xa5,
  0xa6, 0xa7, 0xa8, 0xa9, 0xaa, 0xb2, 0xb3, 0xb4, 0xb5, 0xb6, 0xb7, 0xb8,
  0xb9, 0xba, 0xc2, 0xc3, 0xc4, 0xc5, 0xc6, 0xc7, 0xc8, 0xc9, 0xca, 0xd2,
  0xd3, 0xd4, 0xd5, 0xd6, 0xd7, 0xd8, 0xd9, 0xda, 0xe1, 0xe2, 0xe3, 0xe4,
  0xe5, 0xe6, 0xe7, 0xe8, 0xe9, 0xea, 0xf1, 0xf2, 0xf3, 0xf4, 0xf5, 0xf6,
  0xf7, 0xf8, 0xf9, 0xfa, 0xff, 0xc4, 0x00, 0x1f, 0x01, 0x00, 0x03, 0x01,
  0x01, 0x01, 0x01, 0x01, 0x01, 0x01, 0x01, 0x01, 0x00, 0x00, 0x00, 0x00,
  0x00, 0x00, 0x01, 0x02, 0x03, 0x04, 0x05, 0x06, 0x07, 0x08, 0x09, 0x0a,
  0x0b, 0xff, 0xc4, 0x00, 0xb5, 0x11, 0x00, 0x02, 0x01, 0x02, 0x04, 0x04,
  0x03, 0x04, 0x07, 0x05, 0x04, 0x04, 0x00, 0x01, 0x02, 0x77, 0x00, 0x01,
  0x02, 0x03, 0x11, 0x04, 0x05, 0x21, 0x31, 0x06, 0x12, 0x41, 0x51, 0x07,
  0x61, 0x71, 0x13, 0x22, 0x32, 0x81, 0x08, 0x14, 0x42, 0x91, 0xa1, 0xb1,
  0xc1, 0x09, 0x23, 0x33, 0x52, 0xf0, 0x15, 0x62, 0x72, 0xd1, 0x0a, 0x16,
  0x24, 0x34, 0xe1, 0x25, 0xf1, 0x17, 0x18, 0x19, 0x1a, 0x26, 0x27, 0x28,
  0x29, 0x2a, 0x35, 0x36, 0x37, 0x38, 0x39, 0x3a, 0x43, 0x44, 0x45, 0x46,
  0x47, 0x48, 0x49, 0x4a, 0x53, 0x54, 0x55, 0x56, 0x57, 0x58, 0x59, 0x5a,
  0x63, 0x64, 0x65, 0x66, 0x67, 0x68, 0x69, 0x6a, 0x73, 0x74, 0x75, 0x76,
  0x77, 0x78, 0x79, 0x7a, 0x82, 0x83, 0x84, 0x85, 0x86, 0x87, 0x88, 0x89,
  0x8a, 0x92, 0x93, 0x94, 0x95, 0x96, 0x97, 0x98, 0x99, 0x9a, 0xa2, 0xa3,
  0xa4, 0xa5, 0xa6, 0xa7, 0xa8, 0xa9, 0xaa, 0xb2, 0xb3, 0xb4, 0xb5, 0xb6,
  0xb7, 0xb8, 0xb9, 0xba, 0xc2, 0xc3, 0xc4, 0xc5, 0xc6, 0xc7, 0xc8, 0xc9,
  0xca, 0xd2, 0xd3, 0xd4, 0xd5, 0xd6, 0xd7, 0xd8, 0xd9, 0xda, 0xe2, 0xe3,
  0xe4, 0xe5, 0xe6, 0xe7, 0xe8, 0xe9, 0xea, 0xf2, 0xf3, 0xf4, 0xf5, 0xf6,
  0xf7, 0xf8, 0xf9, 0xfa, 0xff, 0xda, 0x00, 0x0c, 0x03, 0x01, 0x00, 0x02,
  0x11, 0x03, 0x11, 0x00, 0x3f, 0x00, 0xf6, 0x2a, 0x28, 0xa7, 0x84, 0x5f,
  0x2c, 0x33, 0x31, 0x19, 0x24, 0x00, 0x06, 0x7d, 0x3f, 0xc6, 0xbf, 0x10,
  0x85, 0x39, 0x4e, 0xf6, 0xe8, 0x7a, 0x57, 0x19, 0x45, 0x3c, 0x42, 0xe4,
  0x81, 0x8e, 0xa0, 0x1e, 0xa2, 0x81, 0x13, 0x95, 0x0c, 0x00, 0xc1, 0xe7,
  0xa8, 0xad, 0x16, 0x1a, 0xb3, 0x76, 0x50, 0x7f, 0x73, 0x0b, 0xa1, 0x94,
  0x53, 0xfc, 0xb7, 0xe7, 0x8e, 0x9d, 0xb3, 0x44, 0x71, 0xef, 0x0c, 0x73,
  0x80, 0x01, 0x3f, 0x5e, 0x29, 0x46, 0x85, 0x57, 0x25, 0x0e, 0x5d, 0x58,
  0x5d, 0x0c, 0xa2, 0x8a, 0x2b, 0x11, 0x85, 0x14, 0x51, 0x40, 0x05, 0x14,
  0x51, 0x40, 0x05, 0x14, 0x51, 0x40, 0x05, 0x14, 0x51, 0x40, 0x05, 0x14,
  0x51, 0x40, 0x05, 0x14, 0x51, 0x40, 0x05, 0x14, 0x51, 0x40, 0x05, 0x14,
  0x51, 0x40, 0x05, 0x14, 0x51, 0x40, 0x05, 0x14, 0x51, 0x40, 0x05, 0x14,
  0x51, 0x40, 0x05, 0x14, 0x51, 0x40, 0x05, 0x14, 0x51, 0x40, 0x05, 0x14,
  0x51, 0x40, 0x05, 0x14, 0x51, 0x40, 0x05, 0x14, 0x51, 0x40, 0x05, 0x3c,
  0x48, 0xc2, 0x30, 0x80, 0x90, 0x32, 0x49, 0xc1, 0xeb, 0xd2, 0x99, 0x45,
  0x5c, 0x2a, 0x4a, 0x17, 0xe5, 0x76, 0xb8, 0xac, 0x4c, 0x93, 0x85, 0x7d,
  0xdb, 0x79, 0x1b, 0x7b, 0xfa, 0x0a, 0x67, 0x99, 0xf2, 0x6d, 0xc7, 0xf0,
  0xed, 0xeb, 0xef, 0x9a, 0x65, 0x15, 0xb3, 0xc6, 0x56, 0x6b, 0x95, 0xbd,
  0x35, 0xe8, 0xba, 0xef, 0xf7, 0x8b, 0x95, 0x13, 0x35, 0xc1, 0x60, 0xdc,
  0x11, 0x9c, 0xf0, 0x1b, 0x8e, 0x69, 0xa9, 0x2b, 0x20, 0xc6, 0x01, 0x18,
  0x3c, 0x60, 0x77, 0x15, 0x1d, 0x14, 0xe5, 0x8c, 0xaf, 0x29, 0xa9, 0xb9,
  0x6a, 0x83, 0x95, 0x6c, 0x14, 0x51, 0x45, 0x72, 0x94, 0x14, 0x51, 0x45,
  0x00, 0x14, 0x51, 0x45, 0x00, 0x14, 0x51, 0x45, 0x00, 0x14, 0x51, 0x45,
  0x00, 0x14, 0x51, 0x45, 0x00, 0x14, 0x51, 0x45, 0x00, 0x14, 0x51, 0x45,
  0x00, 0x14, 0x51, 0x45, 0x00, 0x14, 0x51, 0x45, 0x00, 0x14, 0x51, 0x45,
  0x00, 0x14, 0x51, 0x45, 0x00, 0x14, 0x51, 0x45, 0x00, 0x14, 0x51, 0x45,
  0x00, 0x14, 0x51, 0x45, 0x00, 0x14, 0x51, 0x45, 0x00, 0x14, 0x51, 0x45,
  0x00, 0x14, 0x51, 0x45, 0x00, 0x14, 0x51, 0x45, 0x00, 0x14, 0x51, 0x45,
  0x00, 0x14, 0x51, 0x45, 0x00, 0x14, 0x51, 0x45, 0x00, 0x14, 0x51, 0x45,
  0x00, 0x14, 0x51, 0x45, 0x00, 0x14, 0x51, 0x45, 0x00, 0x14, 0x51, 0x45,
  0x00, 0x14, 0x51, 0x45, 0x00, 0x14, 0x51, 0x45, 0x00, 0x14, 0x51, 0x45,
  0x00, 0x14, 0x51, 0x45, 0x00, 0x14, 0x51, 0x45, 0x00, 0x14, 0x51, 0x45,
  0x00, 0x14, 0x51, 0x45, 0x00, 0x14, 0x51, 0x45, 0x00, 0x14, 0x51, 0x45,
  0x00, 0x14, 0x51, 0x45, 0x00, 0x14, 0x51, 0x45, 0x00, 0x14, 0x51, 0x45,
  0x00, 0x14, 0x51, 0x45, 0x00, 0x14, 0x51, 0x45, 0x00, 0x14, 0x51, 0x45,
  0x00, 0x14, 0x51, 0x45, 0x00, 0x14, 0x51, 0x45, 0x00, 0x14, 0x51, 0x45,
  0x00, 0x14, 0x51, 0x45, 0x00, 0x14, 0x51, 0x45, 0x00, 0x14, 0x51, 0x45,
  0x00, 0x14, 0x51, 0x45, 0x00, 0x14, 0x51, 0x45, 0x00, 0x14, 0x51, 0x45,
  0x00, 0x14, 0x51, 0x45, 0x00, 0x14, 0x51, 0x45, 0x00, 0x14, 0x51, 0x45,
  0x00, 0x14, 0x51, 0x45, 0x00, 0x14, 0x51, 0x45, 0x00, 0x14, 0x51, 0x45,
  0x00, 0x14, 0x51, 0x45, 0x00, 0x14, 0x51, 0x45, 0x00, 0x14, 0x51, 0x45,
  0x00, 0x14, 0x51, 0x45, 0x00, 0x14, 0x51, 0x45, 0x00, 0x14, 0x51, 0x45,
  0x00, 0x14, 0x51, 0x45, 0x00, 0x14, 0x51, 0x45, 0x00, 0x14, 0x51, 0x45,
  0x00, 0x14, 0x51, 0x45, 0x00, 0x14, 0x51, 0x45, 0x00, 0x14, 0x51, 0x45,
  0x00, 0x14, 0x51, 0x45, 0x00, 0x14, 0x51, 0x45, 0x00, 0x14, 0x51, 0x45,
  0x00, 0x14, 0x51, 0x45, 0x00, 0x14, 0x51, 0x45, 0x00, 0x14, 0x51, 0x45,
  0x00, 0x14, 0x51, 0x45, 0x00, 0x14, 0x51, 0x45, 0x00, 0x14, 0x51, 0x45,
  0x00, 0x14, 0x51, 0x45, 0x00, 0x14, 0x51, 0x45, 0x00, 0x14, 0x51, 0x45,
  0x00, 0x14, 0x51, 0x45, 0x00, 0x14, 0x51, 0x45, 0x00, 0x14, 0x51, 0x45,
  0x00, 0x14, 0x51, 0x45, 0x00, 0x14, 0x51, 0x45, 0x00, 0x14, 0x51, 0x45,
  0x00, 0x14, 0x51, 0x45, 0x00, 0x14, 0x51, 0x45, 0x00, 0x14, 0x51, 0x45,
  0x00, 0x14, 0x51, 0x45, 0x00, 0x14, 0x51, 0x45, 0x00, 0x14, 0x51, 0x45,
  0x00, 0x14, 0x51, 0x45, 0x00, 0x14, 0x51, 0x45, 0x00, 0x14, 0x51, 0x45,
  0x00, 0x14, 0x51, 0x45, 0x00, 0x14, 0x51, 0x45, 0x00, 0x14, 0x51, 0x45,
  0x00, 0x14, 0x51, 0x45, 0x00, 0x14, 0x51, 0x45, 0x00, 0x14, 0x51, 0x45,
  0x00, 0x14, 0x51, 0x45, 0x00, 0x14, 0x51, 0x45, 0x00, 0x14, 0x51, 0x45,
  0x00, 0x14, 0x51, 0x45, 0x00, 0x14, 0x51, 0x45, 0x00, 0x14, 0x54, 0x33,
  0xdd, 0xdb, 0x5a, 0xed, 0xfb, 0x45, 0xc4, 0x50, 0xee, 0xce, 0xdf, 0x31,
  0xc2, 0xe7, 0xe9, 0x9a, 0xce, 0x7f, 0x13, 0xe8, 0xc8, 0xec, 0x86, 0xf4,
  0x12, 0xa7, 0x07, 0x6a, 0x31, 0x1f, 0x81, 0x03, 0x06, 0xba, 0x69, 0x60,
  0xf1, 0x15, 0x95, 0xe9, 0x53, 0x94, 0xbd, 0x13, 0x7f, 0x91, 0x2e, 0x49,
  0x6e, 0xcd, 0x7a, 0x2b, 0x1f, 0xfe, 0x12, 0xad, 0x17, 0xfe, 0x7f, 0x7f,
  0xf2, 0x13, 0xff, 0x00, 0x85, 0x68, 0x41, 0x7d, 0x69, 0x72, 0xe5, 0x2d,
  0xee, 0xa0, 0x95, 0xc0, 0xc9, 0x58, 0xe4, 0x0c, 0x71, 0xeb, 0xc5, 0x3a,
  0xb8, 0x2c, 0x4d, 0x15, 0x7a, 0xb4, 0xe5, 0x15, 0xe6, 0x9a, 0x05, 0x28,
  0xbd, 0x99, 0x62, 0x8a, 0x28, 0xae, 0x52, 0x82, 0x8a, 0x28, 0xa0, 0x02,
  0x8a, 0x28, 0xa0, 0x02, 0x8a, 0x28, 0xa0, 0x02, 0x8a, 0x28, 0xa0, 0x02,
  0x8a, 0x28, 0xa0, 0x02, 0x8a, 0x28, 0xa0, 0x02, 0x8a, 0x28, 0xa0, 0x02,
  0x8a, 0x28, 0xa0, 0x02, 0x8a, 0x28, 0xa0, 0x02, 0x8a, 0x28, 0xa0, 0x02,
  0x8a, 0x28, 0xa0, 0x02, 0x8a, 0x28, 0xa0, 0x02, 0x8a, 0x28, 0xa0, 0x02,
  0x8a, 0x28, 0xa0, 0x02, 0x8a, 0x28, 0xa0, 0x02, 0x8a, 0x2b, 0x9f, 0xf1,
  0x17, 0x88, 0x97, 0x4c, 0x43, 0x6d, 0x6c, 0x43, 0x5e, 0x30, 0xfa, 0x88,
  0x87, 0xa9, 0xf7, 0xf4, 0x1f, 0x89, 0xf7, 0xea, 0xc2, 0x61, 0x2b, 0x62,
  0xeb, 0x2a, 0x34, 0x55, 0xdb, 0xfc, 0x3c, 0xdf, 0x91, 0x32, 0x92, 0x8a,
  0xbb, 0x34, 0x75, 0x3d, 0x66, 0xcf, 0x49, 0x8b, 0x75, 0xc4, 0x99, 0x73,
  0x8c, 0x44, 0x98, 0x2e, 0x73, 0xdf, 0x1e, 0x9c, 0x1e, 0x7d, 0xab, 0x8b,
  0xd4, 0xbc, 0x5b, 0xa8, 0x5e, 0xe5, 0x20, 0x3f, 0x64, 0x8b, 0xd2, 0x33,
  0xf3, 0x1e, 0x9d, 0x5b, 0xf0, 0xed, 0x8e, 0xbd, 0xeb, 0x16, 0xe2, 0xe2,
  0x6b, 0xbb, 0x87, 0x9e, 0x79, 0x0c, 0x92, 0xb9, 0xcb, 0x31, 0xef, 0x51,
  0x57, 0xe8, 0xd9, 0x67, 0x0d, 0xe1, 0x70, 0x89, 0x4e, 0xaa, 0xe7, 0x9f,
  0x77, 0xb2, 0xf4, 0x5f, 0xab, 0xd7, 0xd0, 0xe4, 0x9d, 0x69, 0x4b, 0x6d,
  0x87, 0x3b, 0xb4, 0x8e, 0xce, 0xec, 0x59, 0xd8, 0xe5, 0x99, 0x8e, 0x49,
  0x3e, 0xa6, 0x9b, 0x45, 0x15, 0xf4, 0x49, 0x5b, 0x44, 0x62, 0x14, 0x51,
  0x45, 0x00, 0x6d, 0x69, 0xde, 0x28, 0xd4, 0xac, 0x5f, 0xe7, 0x94, 0xdc,
  0xc4, 0x4e, 0x59, 0x26, 0x24, 0x9e, 0xdd, 0x1b, 0xa8, 0xe9, 0xf4, 0xe7,
  0xa5, 0x76, 0x7a, 0x4f, 0x88, 0x2c, 0xf5, 0x65, 0xda, 0x8d, 0xe5, 0x4f,
  0xde, 0x17, 0x23, 0x27, 0x8c, 0xfc, 0xbe, 0xa3, 0xaf, 0xe5, 0xd0, 0x57,
  0x99, 0x53, 0x91, 0xda, 0x37, 0x57, 0x46, 0x2a, 0xea, 0x72, 0xac, 0xa7,
  0x04, 0x1f, 0x51, 0x5e, 0x0e, 0x63, 0xc3, 0xd8, 0x4c, 0x62, 0x6e, 0x2b,
  0x92, 0x7d, 0xd7, 0xea, 0xba, 0xfe, 0x66, 0xb0, 0xab, 0x28, 0x9e, 0xc1,
  0x45, 0x72, 0xde, 0x1d, 0xf1, 0x41, 0xbc, 0x71, 0x67, 0xa8, 0x38, 0x13,
  0xb1, 0xfd, 0xdc, 0xb8, 0x00, 0x3f, 0xfb, 0x27, 0x1c, 0x03, 0xe9, 0xeb,
  0xf5, 0xeb, 0xd4, 0xd7, 0xe6, 0xf8, 0xec, 0x0d, 0x6c, 0x0d, 0x67, 0x46,
  0xb2, 0xd7, 0xf0, 0x7e, 0x68, 0xec, 0x8c, 0x94, 0x95, 0xd0, 0x51, 0x45,
  0x15, 0xc6, 0x50, 0x51, 0x45, 0x14, 0x00, 0x51, 0x45, 0x14, 0x00, 0x51,
  0x45, 0x14, 0x00, 0x51, 0x45, 0x14, 0x00, 0x51, 0x45, 0x14, 0x00, 0x51,
  0x45, 0x14, 0x00, 0x51, 0x45, 0x14, 0x00, 0x51, 0x45, 0x14, 0x00, 0x51,
  0x45, 0x14, 0x00, 0x51, 0x45, 0x14, 0x00, 0x51, 0x45, 0x14, 0x00, 0x51,
  0x45, 0x14, 0x00, 0x51, 0x45, 0x14, 0x01, 0x43, 0x59, 0xd4, 0xd3, 0x49,
  0xd3, 0x9e, 0xe1, 0xb9, 0x73, 0xf2, 0xc4, 0xb8, 0xce, 0x5c, 0x83, 0x8c,
  0xfb, 0x71, 0xfa, 0x57, 0x98, 0xdc, 0x5c, 0x4d, 0x77, 0x70, 0xf3, 0xcf,
  0x21, 0x92, 0x57, 0x39, 0x66, 0x3d, 0xeb, 0x6b, 0xc5, 0xba, 0x97, 0xdb,
  0x75, 0x63, 0x02, 0x1f, 0xdd, 0x5a, 0xe5, 0x07, 0xbb, 0x7f, 0x11, 0xe9,
  0xed, 0x8f, 0xc3, 0xde, 0xb0, 0x2b, 0xf5, 0x0e, 0x1c, 0xcb, 0x16, 0x13,
  0x0a, 0xaa, 0xcd, 0x7b, 0xf3, 0xd5, 0xf9, 0x2e, 0x8b, 0xf5, 0x7e, 0x7e,
  0x87, 0x15, 0x69, 0xf3, 0x4a, 0xdd, 0x02, 0x8a, 0x28, 0xaf, 0xa2, 0x31,
  0x0a, 0x28, 0xa2, 0x80, 0x0a, 0x28, 0xa2, 0x80, 0x0a, 0x28, 0xa2, 0x80,
  0x1c, 0x8e, 0xd1, 0xba, 0xba, 0x31, 0x57, 0x53, 0x95, 0x65, 0x38, 0x20,
  0xfa, 0x8a, 0xf4, 0x8f, 0x0e, 0x6b, 0x1f, 0xda, 0xd6, 0x1f, 0xbc, 0x39,
  0xba, 0x87, 0x02, 0x5f, 0x97, 0x00, 0xe7, 0x38, 0x3f, 0x8e, 0x3f, 0x3c,
  0xf1, 0xd2, 0xbc, 0xd6, 0xb4, 0xb4, 0x1d, 0x4b, 0xfb, 0x2f, 0x56, 0x8a,
  0x76, 0x38, 0x89, 0xbe, 0x49, 0x7f, 0xdd, 0x3d, 0xfa, 0x1e, 0x9c, 0x1e,
  0x3d, 0x2b, 0xc4, 0xcf, 0xb2, 0xc5, 0x8e, 0xc2, 0xbe, 0x55, 0xef, 0xc7,
  0x55, 0xfe, 0x5f, 0x3f, 0xce, 0xc6, 0x94, 0xa7, 0xcb, 0x2f, 0x23, 0xd4,
  0x28, 0xa2, 0x8a, 0xfc, 0xa0, 0xef, 0x0a, 0x28, 0xa2, 0x80, 0x0a, 0x28,
  0xa2, 0x80, 0x0a, 0x28, 0xa2, 0x80, 0x0a, 0x28, 0xa2, 0x80, 0x0a, 0x28,
  0xa2, 0x80, 0x0a, 0x28, 0xa2, 0x80, 0x0a, 0x28, 0xa2, 0x80, 0x0a, 0x28,
  0xa2, 0x80, 0x0a, 0x28, 0xa2, 0x80, 0x0a, 0x28, 0xa2, 0x80, 0x0a, 0x28,
  0xa2, 0x80, 0x0a, 0x28, 0xa2, 0x80, 0x0a, 0x86, 0xee, 0x7f, 0xb2, 0xd9,
  0x4f, 0x71, 0xb7, 0x77, 0x95, 0x1b, 0x3e, 0xdc, 0xe3, 0x38, 0x19, 0xc5,
  0x4d, 0x59, 0x1e, 0x27, 0x76, 0x4f, 0x0e, 0x5d, 0x94, 0x62, 0xa7, 0x0a,
  0x32, 0x0e, 0x38, 0x2c, 0x01, 0x1f, 0x95, 0x74, 0xe0, 0xe9, 0x2a, 0xd8,
  0x8a, 0x74, 0x9f, 0xda, 0x92, 0x5f, 0x7b, 0xb1, 0x32, 0x76, 0x4d, 0x9e,
  0x6c, 0xee, 0xd2, 0x3b, 0x3b, 0xb1, 0x67, 0x63, 0x96, 0x66, 0x39, 0x24,
  0xfa, 0x9a, 0x6d, 0x14, 0x57, 0xed, 0x29, 0x5b, 0x44, 0x79, 0xc1, 0x45,
  0x14, 0x50, 0x01, 0x45, 0x47, 0x70, 0xf2, 0xc7, 0x6f, 0x23, 0xc3, 0x17,
  0x9b, 0x28, 0x52, 0x51, 0x32, 0x06, 0xe3, 0xd8, 0x64, 0xd6, 0x56, 0x80,
  0xb2, 0x23, 0xea, 0x49, 0x2a, 0x4a, 0x1f, 0xed, 0x21, 0x99, 0xa4, 0x2b,
  0x92, 0xc6, 0x28, 0xc9, 0xe8, 0x4e, 0x3d, 0x71, 0xe8, 0x45, 0x00, 0x6c,
  0xd1, 0x45, 0x14, 0x00, 0x51, 0x45, 0x14, 0x00, 0x51, 0x45, 0x14, 0x01,
  0xea, 0x3a, 0x15, 0xd3, 0x5e, 0xe8, 0x76, 0x93, 0xbe, 0x77, 0x94, 0xda,
  0xc5, 0x9b, 0x24, 0x95, 0x3b, 0x72, 0x4f, 0xbe, 0x33, 0xf8, 0xd6, 0x8d,
  0x73, 0x9e, 0x0a, 0x76, 0x6d, 0x12, 0x40, 0xcc, 0x48, 0x59, 0xd8, 0x28,
  0x27, 0xa0, 0xc2, 0x9c, 0x0f, 0xc4, 0x9f, 0xce, 0xba, 0x3a, 0xfc, 0x73,
  0x34, 0xa2, 0xa8, 0xe3, 0x6a, 0xd3, 0x8e, 0xca, 0x4e, 0xde, 0x87, 0xa1,
  0x07, 0x78, 0xa6, 0x14, 0x51, 0x45, 0x70, 0x16, 0x14, 0x51, 0x45, 0x00,
  0x14, 0x51, 0x45, 0x00, 0x14, 0x51, 0x45, 0x00, 0x14, 0x51, 0x45, 0x00,
  0x14, 0x51, 0x45, 0x00, 0x14, 0x51, 0x45, 0x00, 0x14, 0x51, 0x45, 0x00,
  0x14, 0x51, 0x45, 0x00, 0x14, 0x51, 0x45, 0x00, 0x14, 0x51, 0x45, 0x00,
  0x14, 0x51, 0x45, 0x00, 0x15, 0x8f, 0xe2, 0xaf, 0xf9, 0x16, 0xee, 0xff,
  0x00, 0xe0, 0x1f, 0xfa, 0x1a, 0xd6, 0xc5, 0x57, 0xbe, 0x81, 0xae, 0x74,
  0xfb, 0x9b, 0x74, 0x20, 0x3c, 0xb1, 0x32, 0x29, 0x6e, 0x99, 0x20, 0x8e,
  0x6b, 0xab, 0x05, 0x55, 0x51, 0xc4, 0xd3, 0xaa, 0xf6, 0x8c, 0x93, 0xfb,
  0x99, 0x32, 0x57, 0x4d, 0x1e, 0x4b, 0x45, 0x14, 0x57, 0xed, 0x07, 0x9c,
  0x14, 0x51, 0x45, 0x00, 0x14, 0x51, 0x45, 0x00, 0x14, 0x51, 0x45, 0x00,
  0x14, 0x51, 0x45, 0x00, 0x14, 0x51, 0x45, 0x00, 0x77, 0xbe, 0x08, 0xff,
  0x00, 0x90, 0x2c, 0xdf, 0xf5, 0xf0, 0xdf, 0xfa, 0x0a, 0xd7, 0x4b, 0x59,
  0x7e, 0x1c, 0x81, 0xad, 0xfc, 0x3f, 0x66, 0x8e, 0x41, 0x25, 0x37, 0xf1,
  0xe8, 0xc4, 0xb0, 0xfd, 0x0d, 0x6a, 0x57, 0xe3, 0xd9, 0xb5, 0x55, 0x57,
  0x1d, 0x56, 0x6b, 0x6e, 0x67, 0xf8, 0x68, 0x7a, 0x14, 0xd5, 0xa2, 0x82,
  0x8a, 0x28, 0xaf, 0x38, 0xb0, 0xa2, 0x8a, 0x28, 0x00, 0xa2, 0x8a, 0x28,
  0x00, 0xa2, 0x8a, 0x28, 0x00, 0xa2, 0x8a, 0x28, 0x00, 0xa2, 0x8a, 0x28,
  0x00, 0xa2, 0x8a, 0x28, 0x00, 0xa2, 0x8a, 0x28, 0x00, 0xa2, 0x8a, 0x28,
  0x00, 0xa2, 0x8a, 0x28, 0x00, 0xa2, 0x8a, 0x28, 0x00, 0xa2, 0x8a, 0x28,
  0x00, 0xa2, 0x8a, 0x28, 0x03, 0xcd, 0xfc, 0x51, 0xa7, 0x35, 0x8e, 0xb3,
  0x2b, 0xf2, 0x62, 0xb8, 0x26, 0x54, 0x63, 0xea, 0x4f, 0xcc, 0x3a, 0x76,
  0x3f, 0xa1, 0x15, 0x8b, 0x5e, 0x9b, 0xe2, 0x0d, 0x24, 0x6a, 0xda, 0x73,
  0x22, 0x8f, 0xdf, 0xc5, 0x97, 0x88, 0x80, 0x39, 0x38, 0xfb, 0xb9, 0x3d,
  0x8f, 0xf8, 0x7a, 0x57, 0x9a, 0x3a, 0x34, 0x6e, 0xc8, 0xea, 0x55, 0xd4,
  0xe1, 0x95, 0x86, 0x08, 0x3e, 0x86, 0xbf, 0x54, 0xe1, 0xec, 0xc5, 0x63,
  0x30, 0x8a, 0x2d, 0xfb, 0xf0, 0xd1, 0xfe, 0x8f, 0xe7, 0xf9, 0x9c, 0x35,
  0x61, 0xcb, 0x21, 0xb4, 0x51, 0x45, 0x7b, 0xc6, 0x41, 0x45, 0x14, 0x50,
  0x01, 0x45, 0x14, 0x50, 0x01, 0x45, 0x14, 0x50, 0x01, 0x57, 0xb4, 0x8d,
  0x39, 0xb5, 0x4d, 0x4e, 0x1b, 0x51, 0x9d, 0x84, 0xe6, 0x46, 0x1f, 0xc2,
  0xa3, 0xa9, 0xe8, 0x71, 0xe8, 0x3d, 0xc8, 0xaa, 0x35, 0xe8, 0x5e, 0x15,
  0xd1, 0x8e, 0x9d, 0x66, 0x6e, 0x67, 0x42, 0xb7, 0x33, 0x8e, 0x55, 0x94,
  0x02, 0x8b, 0xd8, 0x7a, 0xf3, 0xd4, 0xfe, 0x1c, 0x71, 0x5e, 0x46, 0x77,
  0x98, 0xac, 0x06, 0x15, 0xcd, 0x3f, 0x79, 0xe9, 0x1f, 0x5e, 0xff, 0x00,
  0x2d, 0xff, 0x00, 0xe1, 0xcd, 0x29, 0xc3, 0x9a, 0x47, 0x41, 0x45, 0x14,
  0x57, 0xe4, 0x87, 0x78, 0x51, 0x45, 0x14, 0x00, 0x51, 0x45, 0x14, 0x00,
  0x51, 0x45, 0x14, 0x00, 0x51, 0x45, 0x14, 0x00, 0x51, 0x45, 0x14, 0x00,
  0x51, 0x45, 0x14, 0x00, 0x51, 0x45, 0x14, 0x00, 0x51, 0x45, 0x14, 0x00,
  0x51, 0x45, 0x14, 0x00, 0x51, 0x45, 0x14, 0x00, 0x51, 0x45, 0x14, 0x00,
  0x51, 0x45, 0x14, 0x00, 0x51, 0x45, 0x14, 0x00, 0x57, 0x2d, 0xe2, 0x8f,
  0x0e, 0xb5, 0xe1, 0x7d, 0x42, 0xcc, 0x16, 0x9f, 0x03, 0xcc, 0x8b, 0xae,
  0xf0, 0x06, 0x32, 0x3d, 0xf1, 0xdb, 0xbf, 0xd7, 0xaf, 0x53, 0x45, 0x76,
  0x60, 0x71, 0xd5, 0xb0, 0x35, 0x95, 0x6a, 0x2f, 0x5f, 0xcd, 0x76, 0x64,
  0xca, 0x2a, 0x4a, 0xcc, 0xf1, 0xf7, 0x46, 0x8d, 0xd9, 0x1d, 0x4a, 0xba,
  0x9c, 0x32, 0xb0, 0xc1, 0x07, 0xd0, 0xd3, 0x6b, 0xd2, 0xb5, 0x8f, 0x0e,
  0x5a, 0x6a, 0xd9, 0x93, 0xfd, 0x4d, 0xd1, 0xc7, 0xef, 0x94, 0x67, 0x20,
  0x76, 0x23, 0x3c, 0xff, 0x00, 0x3e, 0x07, 0xd2, 0xb8, 0x7d, 0x4b, 0x41,
  0xd4, 0x34, 0xbc, 0xb4, 0xf0, 0xee, 0x88, 0x7f, 0xcb, 0x58, 0xfe, 0x65,
  0xed, 0xd7, 0xd3, 0xae, 0x39, 0xc5, 0x7e, 0x97, 0x96, 0x67, 0xd8, 0x5c,
  0x72, 0x51, 0xbf, 0x2c, 0xfb, 0x3f, 0xd3, 0xbf, 0xe7, 0xe4, 0x71, 0x4e,
  0x94, 0xa3, 0xe8, 0x66, 0xd1, 0x45, 0x15, 0xed, 0x99, 0x85, 0x14, 0x51,
  0x40, 0x05, 0x15, 0x7b, 0x4e, 0xd2, 0x2f, 0x75, 0x47, 0xc5, 0xac, 0x24,
  0xa6, 0x70, 0xd2, 0x37, 0x08, 0xbd, 0x3a, 0x9f, 0xc7, 0xa0, 0xe6, 0xbb,
  0x4d, 0x1b, 0xc2, 0xb6, 0xda, 0x71, 0x59, 0xee, 0x48, 0xb8, 0xb9, 0x52,
  0x19, 0x4e, 0x30, 0xa8, 0x71, 0xd8, 0x77, 0xe7, 0xb9, 0xf6, 0xe0, 0x57,
  0x91, 0x98, 0xe7, 0x78, 0x5c, 0x02, 0x6a, 0x6e, 0xf2, 0xfe, 0x55, 0xbf,
  0xcf, 0xb7, 0xcf, 0xf1, 0x34, 0x85, 0x39, 0x48, 0xcb, 0xf0, 0xd7, 0x86,
  0xa5, 0xf3, 0x92, 0xfe, 0xfd, 0x1e, 0x31, 0x1b, 0x66, 0x28, 0x98, 0x10,
  0xc5, 0x81, 0xea, 0x7d, 0x00, 0xf4, 0xef, 0xf4, 0xeb, 0xda, 0x51, 0x45,
  0x7e, 0x67, 0x98, 0xe6, 0x35, 0xb1, 0xf5, 0xbd, 0xad, 0x5f, 0x92, 0xe8,
  0x91, 0xd9, 0x08, 0x28, 0x2b, 0x20, 0xa2, 0x8a, 0x2b, 0x80, 0xb0, 0xa2,
  0x8a, 0x28, 0x00, 0xa2, 0x8a, 0x28, 0x00, 0xa2, 0x8a, 0x28, 0x00, 0xa2,
  0x8a, 0x28, 0x00, 0xa2, 0x8a, 0x28, 0x00, 0xa2, 0x8a, 0x28, 0x00, 0xa2,
  0x8a, 0x28, 0x00, 0xa2, 0x8a, 0x28, 0x00, 0xa2, 0x8a, 0x28, 0x00, 0xa2,
  0x8a, 0x28, 0x00, 0xa2, 0x8a, 0x28, 0x00, 0xa2, 0x8a, 0x28, 0x00, 0xa2,
  0x8a, 0x28, 0x00, 0xa2, 0x8a, 0x28, 0x00, 0xa2, 0x8a, 0x28, 0x03, 0x3a,
  0xeb, 0x42, 0xd2, 0xef, 0x5f, 0x7c, 0xf6, 0x71, 0x97, 0xc9, 0x25, 0x97,
  0x28, 0x49, 0x3d, 0x49, 0xdb, 0x8c, 0xfe, 0x35, 0x9a, 0xfe, 0x0a, 0xd3,
  0x19, 0xd9, 0x84, 0x97, 0x48, 0x09, 0xc8, 0x55, 0x71, 0x81, 0xec, 0x32,
  0x33, 0x5d, 0x1d, 0x15, 0xdf, 0x47, 0x34, 0xc6, 0xd1, 0x5c, 0xb4, 0xea,
  0xc9, 0x2e, 0xd7, 0xd0, 0x87, 0x08, 0xbd, 0xd1, 0xcd, 0x7f, 0xc2, 0x11,
  0xa6, 0xff, 0x00, 0xcf, 0x7b, 0xbf, 0xfb, 0xed, 0x7f, 0xf8, 0x9a, 0xd1,
  0x83, 0xc3, 0x9a, 0x45, 0xbb, 0x97, 0x4b, 0x18, 0xc9, 0x23, 0x1f, 0xbc,
  0x25, 0xc7, 0xe4, 0xc4, 0x8a, 0xd4, 0xa2, 0xaa, 0xae, 0x6d, 0x8e, 0xaa,
  0xad, 0x3a, 0xb2, 0xb7, 0xad, 0xbf, 0x20, 0x54, 0xe2, 0xba, 0x05, 0x14,
  0x51, 0x5e, 0x71, 0x61, 0x45, 0x14, 0x50, 0x01, 0x45, 0x14, 0x50, 0x01,
  0x45, 0x14, 0x50, 0x01, 0x45, 0x14, 0x50, 0x01, 0x45, 0x14, 0x50, 0x01,
  0x45, 0x14, 0x50, 0x01, 0x45, 0x14, 0x50, 0x01, 0x45, 0x14, 0x50, 0x01,
  0x45, 0x14, 0x50, 0x01, 0x45, 0x14, 0x50, 0x01, 0x45, 0x14, 0x50, 0x01,
  0x45, 0x14, 0x50, 0x01, 0x45, 0x14, 0x50, 0x01, 0x45, 0x14, 0x50, 0x01,
  0x45, 0x14, 0x50, 0x01, 0x45, 0x14, 0x50, 0x01, 0x45, 0x14, 0x50, 0x01,
  0x45, 0x14, 0x50, 0x01, 0x45, 0x14, 0x50, 0x01, 0x45, 0x14, 0x50, 0x01,
  0x45, 0x14, 0x50, 0x01, 0x45, 0x14, 0x50, 0x01, 0x45, 0x14, 0x50, 0x01,
  0x45, 0x14, 0x50, 0x01, 0x45, 0x14, 0x50, 0x01, 0x45, 0x14, 0x50, 0x01,
  0x45, 0x14, 0x50, 0x01, 0x45, 0x14, 0x50, 0x01, 0x45, 0x14, 0x50, 0x01,
  0x45, 0x14, 0x50, 0x01, 0x45, 0x14, 0x50, 0x01, 0x45, 0x14, 0x50, 0x01,
  0x45, 0x14, 0x50, 0x01, 0x45, 0x14, 0x50, 0x01, 0x45, 0x14, 0x50, 0x01,
  0x45, 0x14, 0x50, 0x01, 0x45, 0x14, 0x50, 0x01, 0x45, 0x14, 0x50, 0x01,
  0x45, 0x14, 0x50, 0x01, 0x45, 0x14, 0x50, 0x01, 0x45, 0x14, 0x50, 0x01,
  0x45, 0x14, 0x50, 0x01, 0x45, 0x14, 0x50, 0x01, 0x45, 0x14, 0x50, 0x01,
  0x45, 0x14, 0x50, 0x01, 0x45, 0x14, 0x50, 0x01, 0x45, 0x14, 0x50, 0x01,
  0x45, 0x14, 0x50, 0x01, 0x45, 0x14, 0x50, 0x01, 0x45, 0x14, 0x50, 0x01,
  0x45, 0x14, 0x50, 0x01, 0x45, 0x14, 0x50, 0x01, 0x45, 0x14, 0x50, 0x01,
  0x45, 0x14, 0x50, 0x01, 0x45, 0x14, 0x50, 0x01, 0x45, 0x14, 0x50, 0x01,
  0x45, 0x14, 0x50, 0x01, 0x45, 0x14, 0x50, 0x01, 0x45, 0x14, 0x50, 0x01,
  0x45, 0x14, 0x50, 0x01, 0x45, 0x14, 0x50, 0x01, 0x45, 0x14, 0x50, 0x01,
  0x45, 0x14, 0x50, 0x01, 0x45, 0x14, 0x50, 0x01, 0x45, 0x14, 0x50, 0x01,
  0x45, 0x14, 0x50, 0x01, 0x45, 0x14, 0x50, 0x01, 0x45, 0x14, 0x50, 0x01,
  0x45, 0x14, 0x50, 0x01, 0x45, 0x14, 0x50, 0x01, 0x45, 0x14, 0x50, 0x01,
  0x45, 0x14, 0x50, 0x01, 0x45, 0x14, 0x50, 0x01, 0x45, 0x14, 0x50, 0x01,
  0x45, 0x14, 0x50, 0x01, 0x45, 0x14, 0x50, 0x01, 0x45, 0x14, 0x50, 0x01,
  0x45, 0x14, 0x50, 0x01, 0x45, 0x14, 0x50, 0x01, 0x45, 0x14, 0x50, 0x01,
  0x45, 0x14, 0x50, 0x01, 0x45, 0x14, 0x50, 0x01, 0x45, 0x14, 0x50, 0x01,
  0x45, 0x14, 0x50, 0x01, 0x45, 0x14, 0x50, 0x01, 0x45, 0x14, 0x50, 0x01,
  0x45, 0x14, 0x50, 0x01, 0x45, 0x14, 0x50, 0x01, 0x45, 0x14, 0x50, 0x01,
  0x45, 0x14, 0x50, 0x01, 0x45, 0x14, 0x50, 0x01, 0x45, 0x14, 0x50, 0x01,
  0x45, 0x14, 0x50, 0x01, 0x45, 0x14, 0x50, 0x01, 0x45, 0x14, 0x50, 0x01,
  0x45, 0x14, 0x50, 0x01, 0x45, 0x14, 0x50, 0x01, 0x45, 0x14, 0x50, 0x01,
  0x45, 0x14, 0x50, 0x01, 0x45, 0x14, 0x50, 0x01, 0x45, 0x14, 0x50, 0x01,
  0x45, 0x14, 0x50, 0x01, 0x45, 0x14, 0x50, 0x01, 0x45, 0x14, 0x50, 0x01,
  0x45, 0x14, 0x50, 0x01, 0x45, 0x14, 0x50, 0x01, 0x45, 0x14, 0x50, 0x01,
  0x45, 0x14, 0x50, 0x01, 0x45, 0x14, 0x50, 0x01, 0x45, 0x14, 0x50, 0x01,
  0x45, 0x14, 0x50, 0x01, 0x45, 0x14, 0x50, 0x01, 0x45, 0x14, 0x50, 0x01,
  0x45, 0x14, 0x50, 0x01, 0x45, 0x14, 0x50, 0x01, 0x45, 0x14, 0x50, 0x01,
  0x45, 0x14, 0x50, 0x01, 0x45, 0x14, 0x50, 0x01, 0x45, 0x14, 0x50, 0x01,
  0x45, 0x14, 0x50, 0x01, 0x45, 0x14, 0x50, 0x01, 0x45, 0x14, 0x50, 0x01,
  0x45, 0x14, 0x50, 0x01, 0x45, 0x14, 0x50, 0x01, 0x45, 0x14, 0x50, 0x01,
  0x45, 0x14, 0x50, 0x01, 0x45, 0x14, 0x50, 0x01, 0x45, 0x14, 0x50, 0x07,
  0xff, 0xd9, 0xff, 0xd8, 0xff, 0xe0, 0x00, 0x10, 0x4a, 0x46, 0x49, 0x46,
  0x00, 0x01, 0x01, 0x00, 0x00, 0x01, 0x00, 0x01, 0x00, 0x00, 0xff, 0xdb,
  0x00, 0x43, 0x00, 0x08, 0x06, 0x06, 0x07, 0x06, 0x05, 0x08, 0x07, 0x07,
  0x07, 0x09, 0x09, 0x08, 0x0a, 0x0c, 0x14, 0x0d, 0x0c, 0x0b, 0x0b, 0x0c,
  0x19, 0x12, 0x13, 0x0f, 0x14, 0x1d, 0x1a, 0x1f, 0x1e, 0x1d, 0x1a, 0x1c,
  0x1c, 0x20, 0x24, 0x2e, 0x27, 0x20, 0x22, 0x2c, 0x23, 0x1c, 0x1c, 0x28,
  0x37, 0x29, 0x2c, 0x30, 0x31, 0x34, 0x34, 0x34, 0x1f, 0x27, 0x39, 0x3d,
  0x38, 0x32, 0x3c, 0x2e, 0x33, 0x34, 0x32, 0xff, 0xdb, 0x00, 0x43, 0x01,
  0x09, 0x09, 0x09, 0x0c, 0x0b, 0x0c, 0x18, 0x0d, 0x0d, 0x18, 0x32, 0x21,
  0x1c, 0x21, 0x32, 0x32, 0x32, 0x32, 0x32, 0x32, 0x32, 0x32, 0x32, 0x32,
  0x32, 0x32, 0x32, 0x32, 0x32, 0x32, 0x32, 0x32, 0x32, 0x32, 0x32, 0x32,
  0x32, 0x32, 0x32, 0x32, 0x32, 0x32, 0x32, 0x32, 0x32, 0x32, 0x32, 0x32,
  0x32, 0x32, 0x32, 0x32, 0x32, 0x32, 0x32, 0x32, 0x32, 0x32, 0x32, 0x32,
  0x32, 0x32, 0x32, 0x32, 0xff, 0xc0, 0x00, 0x11, 0x08, 0x01, 0x40, 0x01,
  0x40, 0x03, 0x01, 0x22, 0x00, 0x02, 0x11, 0x01, 0x03, 0x11, 0x01, 0xff,
  0xc4, 0x00, 0x1f, 0x00, 0x00, 0x01, 0x05, 0x01, 0x01, 0x01, 0x01, 0x01,
  0x01, 0x00, 0x00, 0x00, 0x00, 0x00, 0x00, 0x00, 0x00, 0x01, 0x02, 0x03,
  0x04, 0x05, 0x06, 0x07, 0x08, 0x09, 0x0a, 0x0b, 0xff, 0xc4, 0x00, 0xb5,
  0x10, 0x00, 0x02, 0x01, 0x03, 0x03, 0x02, 0x04, 0x03, 0x05, 0x05, 0x04,
  0x04, 0x00, 0x00, 0x01, 0x7d, 0x01, 0x02, 0x03, 0x00, 0x04, 0x11, 0x05,
  0x12, 0x21, 0x31, 0x41, 0x06, 0x13, 0x51, 0x61, 0x07, 0x22, 0x71, 0x14,
  0x32, 0x81, 0x91, 0xa1, 0x08, 0x23, 0x42, 0xb1, 0xc1, 0x15, 0x52, 0xd1,
  0xf0, 0x24, 0x33, 0x62, 0x72, 0x82, 0x09, 0x0a, 0x16, 0x17, 0x18, 0x19,
  0x1a, 0x25, 0x26, 0x27, 0x28, 0x29, 0x2a, 0x34, 0x35, 0x36, 0x37, 0x38,
  0x39, 0x3a, 0x43, 0x44, 0x45, 0x46, 0x47, 0x48, 0x49, 0x4a, 0x53, 0x54,
  0x55, 0x56, 0x57, 0x58, 0x59, 0x5a, 0x63, 0x64, 0x65, 0x66, 0x67, 0x68,
  0x69, 0x6a, 0x73, 0x74, 0x75, 0x76, 0x77, 0x78, 0x79, 0x7a, 0x83, 0x84,
  0x85, 0x86, 0x87, 0x88, 0x89, 0x8a, 0x92, 0x93, 0x94, 0x95, 0x96, 0x97,
  0x98, 0x99, 0x9a, 0xa2, 0xa3, 0xa4, 0xa5, 0xa6, 0xa7, 0xa8, 0xa9, 0xaa,
  0xb2, 0xb3, 0xb4, 0xb5, 0xb6, 0xb7, 0xb8, 0xb9, 0xba, 0xc2, 0xc3, 0xc4,
  0xc5, 0xc6, 0xc7, 0xc8, 0xc9, 0xca, 0xd2, 0xd3, 0xd4, 0xd5, 0xd6, 0xd7,
  0xd8, 0xd9, 0xda, 0xe1, 0xe2, 0xe3, 0xe4, 0xe5, 0xe6, 0xe7, 0xe8, 0xe9,
  0xea, 0xf1, 0xf2, 0xf3, 0xf4, 0xf5, 0xf6, 0xf7, 0xf8, 0xf9, 0xfa, 0xff,
  0xc4, 0x00, 0x1f, 0x01, 0x00, 0x03, 0x01, 0x01, 0x01, 0x01, 0x01, 0x01,
  0x01, 0x01, 0x01, 0x00, 0x00, 0x00, 0x00, 0x00, 0x00, 0x01, 0x02, 0x03,
  0x04, 0x05, 0x06, 0x07, 0x08, 0x09, 0x0a, 0x0b, 0xff, 0xc4, 0x00, 0xb5,
  0x11, 0x00, 0x02, 0x01, 0x02, 0x04, 0x04, 0x03, 0x04, 0x07, 0x05, 0x04,
  0x04, 0x00, 0x01, 0x02, 0x77, 0x00, 0x01, 0x02, 0x03, 0x11, 0x04, 0x05,
  0x21, 0x31, 0x06, 0x12, 0x41, 0x51, 0x07, 0x61, 0x71, 0x13, 0x22, 0x32,
  0x81, 0x08, 0x14, 0x42, 0x91, 0xa1, 0xb1, 0xc1, 0x09, 0x23, 0x33, 0x52,
  0xf0, 0x15, 0x62, 0x72, 0xd1, 0x0a, 0x16, 0x24, 0x34, 0xe1, 0x25, 0xf1,
  0x17, 0x18, 0x19, 0x1a, 0x26, 0x27, 0x28, 0x29, 0x2a, 0x35, 0x36, 0x37,
  0x38, 0x39, 0x3a, 0x43, 0x44, 0x45, 0x46, 0x47, 0x48, 0x49, 0x4a, 0x53,
  0x54, 0x55, 0x56, 0x57, 0x58, 0x59, 0x5a, 0x63, 0x64, 0x65, 0x66, 0x67,
  0x68, 0x69, 0x6a, 0x73, 0x74, 0x75, 0x76, 0x77, 0x78, 0x79, 0x7a, 0x82,
  0x83, 0x84, 0x85, 0x86, 0x87, 0x88, 0x89, 0x8a, 0x92, 0x93, 0x94, 0x95,
  0x96, 0x97, 0x98, 0x99, 0x9a, 0xa2, 0xa3, 0xa4, 0xa5, 0xa6, 0xa7, 0xa8,
  0xa9, 0xaa, 0xb2, 0xb3, 0xb4, 0xb5, 0xb6, 0xb7, 0xb8, 0xb9, 0xba, 0xc2,
  0xc3, 0xc4, 0xc5, 0xc6, 0xc7, 0xc8, 0xc9, 0xca, 0xd2, 0xd3, 0xd4, 0xd5,
  0xd6, 0xd7, 0xd8, 0xd9, 0xda, 0xe2, 0xe3, 0xe4, 0xe5, 0xe6, 0xe7, 0xe8,
  0xe9, 0xea, 0xf2, 0xf3, 0xf4, 0xf5, 0xf6, 0xf7, 0xf8, 0xf9, 0xfa, 0xff,
  0xda, 0x00, 0x0c, 0x03, 0x01, 0x00, 0x02, 0x11, 0x03, 0x11, 0x00, 0x3f,
  0x00, 0xec, 0xe8, 0xa2, 0xac, 0x2c, 0x11, 0x0b, 0x55, 0x9a, 0x49, 0x5d,
  0x4b, 0x3b, 0x28, 0x55, 0x40, 0x7a, 0x00, 0x7a, 0xe4, 0x7f, 0x7a, 0xbe,
  0x95, 0xb4, 0x8f, 0xc4, 0x21, 0x4e, 0x53, 0xbd, 0xba, 0x15, 0xe8, 0xab,
  0x22, 0xc2, 0xe5, 0x8a, 0x80, 0x83, 0x2c, 0xa1, 0x80, 0xde, 0x39, 0x07,
  0xa7, 0x7e, 0xa7, 0xd2, 0x91, 0x2c, 0x6e, 0x24, 0x89, 0x64, 0x54, 0x5d,
  0x8c, 0x32, 0x09, 0x75, 0x1c, 0x67, 0x19, 0xe4, 0xf0, 0x33, 0xc5, 0x2e,
  0x78, 0xf7, 0x34, 0x58, 0x6a, 0xcd, 0xd9, 0x41, 0xfd, 0xcc, 0xaf, 0x45,
  0x4e, 0x6d, 0x27, 0x01, 0x89, 0x4c, 0x6d, 0xce, 0x41, 0x61, 0x9e, 0x3a,
  0xf1, 0xd4, 0xe2, 0x9c, 0x2d, 0x47, 0xd8, 0xc4, 0xe4, 0xcb, 0xce, 0x7e,
  0xec, 0x79, 0x51, 0xdb, 0x93, 0x9e, 0x28, 0xe7, 0x8f, 0x71, 0x2c, 0x3d,
  0x57, 0x7f, 0x77, 0x65, 0x7e, 0xda, 0x15, 0xa8, 0xa2, 0x8a, 0xa3, 0x10,
  0xa2, 0x8a, 0x28, 0x00, 0xa2, 0x8a, 0x28, 0x00, 0xa2, 0x8a, 0x28, 0x00,
  0xa2, 0x8a, 0x28, 0x00, 0xa2, 0x8a, 0x28, 0x00, 0xa2, 0x8a, 0x28, 0x00,
  0xa2, 0x8a, 0x28, 0x00, 0xa2, 0x8a, 0x28, 0x00, 0xa2, 0x8a, 0x28, 0x00,
  0xa2, 0x8a, 0x28, 0x00, 0xa2, 0x8a, 0x28, 0x00, 0xa2, 0x8a, 0x28, 0x00,
  0xa2, 0x8a, 0x28, 0x00, 0xa2, 0x8a, 0x28, 0x00, 0xa2, 0x8a, 0x28, 0x00,
  0xa2, 0x8a, 0x28, 0x00, 0xa9, 0xc5, 0xdc, 0x89, 0x68, 0xb6, 0xe8, 0xce,
  0x83, 0x7b, 0x33, 0x15, 0x6c, 0x6e, 0xc8, 0x03, 0x04, 0x7e, 0x1f, 0xad,
  0x41, 0x45, 0x26, 0x93, 0xdc, 0xb8, 0x54, 0x94, 0x2f, 0xca, 0xed, 0x72,
  0xfc, 0x1a, 0x92, 0xc3, 0x70, 0x25, 0x30, 0x92, 0x40, 0x8f, 0x18, 0x7c,
  0x1f, 0x90, 0x01, 0xd7, 0x1d, 0x0e, 0x2a, 0x1f, 0xb5, 0xff, 0x00, 0xa3,
  0xf9, 0x5b, 0x3f, 0xe5, 0x8f, 0x95, 0x9c, 0xff, 0x00, 0xd3, 0x4d, 0xf9,
  0xfe, 0x95, 0x5a, 0x8a, 0x9f, 0x67, 0x1d, 0xcd, 0x9e, 0x32, 0xb3, 0x5c,
  0xad, 0xe9, 0xaf, 0x45, 0xd7, 0x7f, 0xbc, 0xd0, 0x9b, 0x54, 0x69, 0x84,
  0x9f, 0x2b, 0xae, 0xe2, 0xf8, 0x02, 0x52, 0x14, 0x06, 0x24, 0xf2, 0x3b,
  0x9e, 0x4d, 0x41, 0x1d, 0xd0, 0x8e, 0x1d, 0xbb, 0x18, 0xb8, 0x56, 0x40,
  0x77, 0xf1, 0x86, 0xeb, 0xc7, 0xe3, 0x55, 0xa8, 0xa1, 0x53, 0x8a, 0x56,
  0x48, 0x72, 0xc6, 0x56, 0x9c, 0xb9, 0xa5, 0x2d, 0x7d, 0x10, 0x51, 0x45,
  0x15, 0x67, 0x28, 0x51, 0x45, 0x14, 0x00, 0x51, 0x45, 0x14, 0x00, 0x51,
  0x45, 0x14, 0x00, 0x51, 0x45, 0x14, 0x00, 0x51, 0x45, 0x14, 0x00, 0x51,
  0x45, 0x14, 0x00, 0x51, 0x45, 0x14, 0x00, 0x51, 0x45, 0x14, 0x00, 0x51,
  0x45, 0x14, 0x00, 0x51, 0x45, 0x14, 0x00, 0x51, 0x45, 0x14, 0x00, 0x51,
  0x45, 0x14, 0x00, 0x51, 0x45, 0x14, 0x00, 0x51, 0x45, 0x14, 0x00, 0x51,
  0x45, 0x14, 0x00, 0x51, 0x45, 0x14, 0x00, 0x51, 0x45, 0x14, 0x00, 0x51,
  0x45, 0x14, 0x00, 0x51, 0x45, 0x14, 0x00, 0x51, 0x45, 0x14, 0x00, 0x51,
  0x45, 0x14, 0x00, 0x51, 0x45, 0x14, 0x00, 0x51, 0x45, 0x14, 0x00, 0x51,
  0x45, 0x14, 0x00, 0x51, 0x45, 0x14, 0x00, 0x51, 0x45, 0x14, 0x00, 0x51,
  0x45, 0x14, 0x00, 0x51, 0x45, 0x14, 0x00, 0x51, 0x45, 0x14, 0x00, 0x51,
  0x45, 0x14, 0x00, 0x51, 0x45, 0x14, 0x00, 0x51, 0x45, 0x14, 0x00, 0x51,
  0x45, 0x14, 0x00, 0x51, 0x45, 0x14, 0x00, 0x51, 0x45, 0x14, 0x00, 0x51,
  0x45, 0x14, 0x00, 0x51, 0x45, 0x14, 0x00, 0x51, 0x45, 0x14, 0x00, 0x51,
  0x45, 0x14, 0x00, 0x51, 0x45, 0x14, 0x00, 0x51, 0x45, 0x14, 0x00, 0x51,
  0x45, 0x14, 0x00, 0x51, 0x45, 0x14, 0x00, 0x51, 0x45, 0x14, 0x00, 0x51,
  0x45, 0x14, 0x00, 0x51, 0x45, 0x14, 0x00, 0x51, 0x45, 0x14, 0x00, 0x51,
  0x45, 0x14, 0x00, 0x51, 0x45, 0x14, 0x00, 0x51, 0x45, 0x14, 0x00, 0x51,
  0x45, 0x14, 0x00, 0x51, 0x45, 0x14, 0x00, 0x51, 0x45, 0x14, 0x00, 0x51,
  0x45, 0x14, 0x00, 0x51, 0x45, 0x14, 0x00, 0x51, 0x45, 0x14, 0x00, 0x51,
  0x45, 0x14, 0x00, 0x51, 0x45, 0x14, 0x00, 0x51, 0x45, 0x14, 0x00, 0x51,
  0x45, 0x14, 0x00, 0x51, 0x45, 0x14, 0x00, 0x51, 0x45, 0x14, 0x00, 0x51,
  0x45, 0x14, 0x00, 0x51, 0x45, 0x14, 0x00, 0x51, 0x45, 0x14, 0x00, 0x51,
  0x45, 0x14, 0x00, 0x51, 0x45, 0x14, 0x00, 0x51, 0x45, 0x14, 0x00, 0x51,
  0x45, 0x14, 0x00, 0x51, 0x45, 0x14, 0x00, 0x51, 0x45, 0x14, 0x00, 0x51,
  0x45, 0x14, 0x00, 0x51, 0x45, 0x14, 0x00, 0x51, 0x45, 0x14, 0x00, 0x51,
  0x45, 0x14, 0x00, 0x51, 0x45, 0x14, 0x00, 0x51, 0x45, 0x14, 0x00, 0x51,
  0x45, 0x14, 0x00, 0x51, 0x45, 0x14, 0x00, 0x51, 0x45, 0x14, 0x00, 0x51,
  0x45, 0x14, 0x00, 0x51, 0x45, 0x14, 0x00, 0x51, 0x45, 0x14, 0x00, 0x51,
  0x45, 0x14, 0x00, 0x51, 0x45, 0x14, 0x00, 0x51, 0x45, 0x14, 0x00, 0x51,
  0x45, 0x14, 0x00, 0x51, 0x45, 0x14, 0x00, 0x51, 0x45, 0x14, 0x00, 0x51,
  0x45, 0x14, 0x00, 0x51, 0x45, 0x14, 0x00, 0x51, 0x45, 0x14, 0x00, 0x51,
  0x45, 0x14, 0x00, 0x51, 0x45, 0x14, 0x00, 0x51, 0x45, 0x14, 0x00, 0x51,
  0x45, 0x14, 0x00, 0x51, 0x45, 0x14, 0x00, 0x51, 0x45, 0x14, 0x00, 0x51,
  0x45, 0x14, 0x00, 0x51, 0x45, 0x14, 0x00, 0x51, 0x45, 0x14, 0x00, 0x51,
  0x45, 0x14, 0x00, 0x51, 0x45, 0x14, 0x00, 0x51, 0x45, 0x14, 0x00, 0x51,
  0x45, 0x14, 0x00, 0x51, 0x4c, 0x92, 0x68, 0xa2, 0xc7, 0x99, 0x22, 0x26,
  0x7a, 0x6e, 0x60, 0x33, 0x55, 0x8e, 0xab, 0x64, 0xac, 0x41, 0x9c, 0x64,
  0x1c, 0x70, 0xa4, 0xff, 0x00, 0x4a, 0x89, 0x54, 0x84, 0x7e, 0x26, 0x91,
  0xd3, 0x4b, 0x07, 0x88, 0xac, 0xaf, 0x4a, 0x9c, 0xa5, 0xe8, 0x9b, 0xfc,
  0x8b, 0x94, 0x55, 0x2f, 0xed, 0x6b, 0x2f, 0xf9, 0xef, 0xff, 0x00, 0x8e,
  0x37, 0xf8, 0x55, 0x98, 0xe7, 0x86, 0x56, 0xdb, 0x1c, 0xb1, 0xb9, 0xc6,
  0x70, 0xac, 0x0d, 0x11, 0xa9, 0x09, 0x7c, 0x2d, 0x31, 0xd5, 0xc1, 0x62,
  0x68, 0xab, 0xd5, 0xa7, 0x28, 0xaf, 0x34, 0xd1, 0x25, 0x14, 0x51, 0x56,
  0x72, 0x85, 0x14, 0x51, 0x40, 0x05, 0x14, 0x51, 0x40, 0x05, 0x14, 0x51,
  0x40, 0x05, 0x14, 0x51, 0x40, 0x05, 0x14, 0x51, 0x40, 0x05, 0x14, 0x51,
  0x40, 0x05, 0x14, 0x51, 0x40, 0x05, 0x14, 0x51, 0x40, 0x05, 0x14, 0x51,
  0x40, 0x05, 0x14, 0x51, 0x40, 0x05, 0x14, 0x51, 0x40, 0x05, 0x14, 0x51,
  0x40, 0x05, 0x14, 0x51, 0x40, 0x05, 0x14, 0x51, 0x40, 0x05, 0x14, 0x51,
  0x40, 0x05, 0x14, 0x56, 0x76, 0xa5, 0xa9, 0x0b, 0x55, 0x31, 0x44, 0x41,
  0x98, 0x8f, 0xfb, 0xe7, 0xff, 0x00, 0xaf, 0x51, 0x52, 0xa4, 0x69, 0xc7,
  0x9a, 0x47, 0x56, 0x13, 0x09, 0x5b, 0x17, 0x59, 0x51, 0xa2, 0xae, 0xdf,
  0xe1, 0xe6, 0xfc, 0x8b, 0x37, 0x57, 0xb0, 0xda, 0x2e, 0x64, 0x6f, 0x9b,
  0xb2, 0x0f, 0xbc, 0x7f, 0x0a, 0xc4, 0xb9, 0xd5, 0xee, 0x27, 0xf9, 0x63,
  0x3e, 0x52, 0x7a, 0x29, 0xe7, 0xf3, 0xaa, 0x32, 0x48, 0xf3, 0x48, 0xd2,
  0x48, 0xc5, 0x99, 0x8e, 0x49, 0x34, 0xda, 0xf2, 0x2b, 0x63, 0x27, 0x53,
  0x48, 0xe8, 0x8f, 0xd1, 0xb2, 0xce, 0x1b, 0xc2, 0xe1, 0x12, 0x9d, 0x55,
  0xcf, 0x3e, 0xef, 0x65, 0xe8, 0xbf, 0x57, 0xaf, 0xa0, 0xa4, 0x96, 0x62,
  0xcc, 0x49, 0x24, 0xe4, 0x93, 0xde, 0x92, 0x8a, 0x2b, 0x8c, 0xfa, 0x24,
  0xad, 0xa2, 0x0a, 0x28, 0xa2, 0x80, 0x2f, 0x5b, 0x6a, 0xb7, 0x30, 0x37,
  0xcc, 0xe6, 0x55, 0xcf, 0x21, 0xce, 0x7f, 0x5a, 0xda, 0xb3, 0xd4, 0x61,
  0xbc, 0x18, 0x53, 0xb2, 0x4f, 0xee, 0x31, 0xe7, 0xf0, 0xf5, 0xae, 0x5e,
  0x94, 0x12, 0xac, 0x19, 0x49, 0x04, 0x1c, 0x82, 0x3b, 0x57, 0x55, 0x1c,
  0x5d, 0x4a, 0x7a, 0x3d, 0x51, 0xe0, 0xe6, 0x3c, 0x3d, 0x84, 0xc6, 0x26,
  0xe2, 0xb9, 0x27, 0xdd, 0x7e, 0xab, 0xaf, 0xe6, 0x76, 0x54, 0x56, 0x4e,
  0x9b, 0xaa, 0x99, 0x98, 0x43, 0x70, 0x47, 0x98, 0x4f, 0xca, 0xfd, 0x37,
  0x7b, 0x7d, 0x6b, 0x5a, 0xbd, 0x8a, 0x55, 0x63, 0x56, 0x3c, 0xd1, 0x3f,
  0x37, 0xc7, 0x60, 0x6b, 0x60, 0x6b, 0x3a, 0x35, 0x96, 0xbf, 0x83, 0xf3,
  0x41, 0x45, 0x14, 0x56, 0x87, 0x18, 0x51, 0x45, 0x14, 0x00, 0x51, 0x45,
  0x14, 0x00, 0x51, 0x45, 0x14, 0x00, 0x51, 0x45, 0x14, 0x00, 0x51, 0x45,
  0x14, 0x00, 0x51, 0x45, 0x14, 0x00, 0x51, 0x45, 0x14, 0x00, 0x51, 0x45,
  0x14, 0x00, 0x51, 0x45, 0x14, 0x00, 0x51, 0x45, 0x14, 0x00, 0x51, 0x45,
  0x14, 0x00, 0x51, 0x45, 0x14, 0x00, 0x51, 0x45, 0x14, 0x01, 0x5e, 0xf6,
  0xe9, 0x6d, 0x2d, 0x9a, 0x43, 0xf7, 0xba, 0x28, 0xc7, 0x53, 0xda, 0xb9,
  0x69, 0x24, 0x79, 0xa4, 0x69, 0x24, 0x62, 0xcc, 0xc7, 0x24, 0x9a, 0xbd,
  0xab, 0xdc, 0xf9, 0xf7, 0x66, 0x35, 0xfb, 0x91, 0x7c, 0xa3, 0xeb, 0xdf,
  0xfc, 0x3f, 0x0a, 0xcf, 0xaf, 0x13, 0x19, 0x5b, 0xda, 0x4f, 0x95, 0x6c,
  0x8f, 0xd4, 0x38, 0x73, 0x2c, 0x58, 0x4c, 0x2a, 0xab, 0x35, 0xef, 0xcf,
  0x57, 0xe4, 0xba, 0x2f, 0xd5, 0xf9, 0xfa, 0x05, 0x14, 0x51, 0x5c, 0x87,
  0xd1, 0x05, 0x14, 0x51, 0x40, 0x05, 0x14, 0x51, 0x40, 0x05, 0x14, 0x51,
  0x40, 0x0a, 0x09, 0x56, 0x0c, 0xa4, 0x82, 0x0e, 0x41, 0x1d, 0xab, 0xa5,
  0xd3, 0x6f, 0x7e, 0xd9, 0x6f, 0xf3, 0x1f, 0xde, 0xa7, 0x0f, 0xc6, 0x3e,
  0x86, 0xb9, 0x9a, 0xb5, 0xa7, 0xdc, 0xfd, 0x96, 0xed, 0x24, 0x3f, 0x70,
  0xfc, 0xaf, 0xf4, 0x3f, 0xe7, 0x35, 0xd3, 0x85, 0xad, 0xec, 0xa7, 0xae,
  0xcc, 0xf1, 0x33, 0xec, 0xb1, 0x63, 0xb0, 0xaf, 0x95, 0x7b, 0xf1, 0xd5,
  0x7f, 0x97, 0xcf, 0xf3, 0xb1, 0xd4, 0xd1, 0x45, 0x15, 0xee, 0x9f, 0x94,
  0x05, 0x14, 0x51, 0x40, 0x05, 0x14, 0x51, 0x40, 0x05, 0x14, 0x51, 0x40,
  0x05, 0x14, 0x51, 0x40, 0x05, 0x14, 0x51, 0x40, 0x05, 0x14, 0x51, 0x40,
  0x05, 0x14, 0x51, 0x40, 0x05, 0x14, 0x51, 0x40, 0x05, 0x14, 0x51, 0x40,
  0x05, 0x14, 0x51, 0x40, 0x05, 0x14, 0x51, 0x40, 0x05, 0x14, 0x51, 0x40,
  0x05, 0x32, 0x69, 0x3c, 0xa8, 0x24, 0x93, 0x19, 0xd8, 0xa5, 0xb1, 0xeb,
  0x81, 0x4f, 0xaa, 0x7a, 0xa9, 0x2b, 0xa6, 0xcc, 0x41, 0x20, 0xe0, 0x0e,
  0x3e, 0xa2, 0xa2, 0xa4, 0xb9, 0x60, 0xe5, 0xd9, 0x1d, 0x38, 0x3a, 0x4a,
  0xb6, 0x22, 0x9d, 0x27, 0xf6, 0xa4, 0x97, 0xde, 0xec, 0x73, 0x24, 0x96,
  0x62, 0xcc, 0x49, 0x24, 0xe4, 0x93, 0xde, 0x92, 0x8a, 0x2b, 0xe7, 0x0f,
  0xda, 0x52, 0xb6, 0x88, 0x28, 0xa2, 0x8a, 0x00, 0x28, 0xaa, 0x3a, 0xc2,
  0x86, 0xd2, 0xa7, 0x52, 0xc8, 0xaa, 0x40, 0x0c, 0x5c, 0x12, 0xa0, 0x64,
  0x67, 0x38, 0xed, 0x8a, 0x6e, 0x8e, 0xe8, 0xd6, 0xd2, 0xac, 0x71, 0xdb,
  0xac, 0x69, 0x29, 0x55, 0x7b, 0x74, 0xdb, 0x1c, 0x83, 0x00, 0xee, 0x03,
  0x9f, 0x5c, 0x75, 0x3c, 0x83, 0x40, 0x1a, 0x14, 0x51, 0x45, 0x00, 0x14,
  0x51, 0x45, 0x00, 0x14, 0x51, 0x45, 0x00, 0x75, 0x56, 0x12, 0x99, 0xec,
  0x61, 0x76, 0xce, 0x76, 0xe0, 0xe4, 0xe7, 0x38, 0xe3, 0x3f, 0xa5, 0x59,
  0xac, 0xdd, 0x0c, 0x93, 0x62, 0xc0, 0x92, 0x40, 0x90, 0x81, 0xed, 0xc0,
  0xad, 0x2a, 0xfa, 0x1a, 0x12, 0xe6, 0xa7, 0x16, 0xfb, 0x1f, 0x8e, 0x66,
  0x94, 0x55, 0x1c, 0x6d, 0x5a, 0x71, 0xd9, 0x49, 0xdb, 0xd0, 0x28, 0xa2,
  0x8a, 0xd4, 0xe0, 0x0a, 0x28, 0xa2, 0x80, 0x0a, 0x28, 0xa2, 0x80, 0x0a,
  0x28, 0xa2, 0x80, 0x0a, 0x28, 0xa2, 0x80, 0x0a, 0x28, 0xa2, 0x80, 0x0a,
  0x28, 0xa2, 0x80, 0x0a, 0x28, 0xa2, 0x80, 0x0a, 0x28, 0xa2, 0x80, 0x0a,
  0x28, 0xa2, 0x80, 0x0a, 0x28, 0xa2, 0x80, 0x0a, 0x28, 0xa2, 0x80, 0x0a,
  0xa5, 0xab, 0x7f, 0xc8, 0x32, 0x6f, 0xf8, 0x0f, 0xfe, 0x84, 0x2a, 0xed,
  0x47, 0x3c, 0x66, 0x5b, 0x79, 0x63, 0x5c, 0x65, 0xd0, 0xa8, 0xcf, 0xb8,
  0xa8, 0xa9, 0x1e, 0x68, 0x38, 0xf7, 0x47, 0x56, 0x0a, 0xaa, 0xa3, 0x89,
  0xa7, 0x55, 0xed, 0x19, 0x27, 0xf7, 0x33, 0x90, 0xa2, 0x8a, 0x2b, 0xe7,
  0x0f, 0xda, 0x02, 0x8a, 0x28, 0xa0, 0x02, 0x8a, 0x28, 0xa0, 0x02, 0x8a,
  0x28, 0xa0, 0x02, 0x8a, 0x28, 0xa0, 0x02, 0x8a, 0x28, 0xa0, 0x0e, 0x83,
  0x43, 0xff, 0x00, 0x8f, 0x27, 0xff, 0x00, 0xae, 0x87, 0xf9, 0x0a, 0xd3,
  0xaa, 0xba, 0x6c, 0x66, 0x3d, 0x3a, 0x15, 0x38, 0xc9, 0x5d, 0xdc, 0x7b,
  0x9c, 0xff, 0x00, 0x5a, 0xb5, 0x5f, 0x43, 0x42, 0x3c, 0xb4, 0xa2, 0xbc,
  0x8f, 0xc7, 0xb3, 0x6a, 0xaa, 0xae, 0x3a, 0xac, 0xd6, 0xdc, 0xcf, 0xf0,
  0xd0, 0x28, 0xa2, 0x8a, 0xd4, 0xf3, 0x82, 0x8a, 0x28, 0xa0, 0x02, 0x8a,
  0x28, 0xa0, 0x02, 0x8a, 0x28, 0xa0, 0x02, 0x8a, 0x28, 0xa0, 0x02, 0x8a,
  0x28, 0xa0, 0x02, 0x8a, 0x28, 0xa0, 0x02, 0x8a, 0x28, 0xa0, 0x02, 0x8a,
  0x28, 0xa0, 0x02, 0x8a, 0x28, 0xa0, 0x02, 0x8a, 0x28, 0xa0, 0x02, 0x8a,
  0x28, 0xa0, 0x02, 0x8a, 0x28, 0xa0, 0x0e, 0x6b, 0x55, 0xb6, 0x30, 0x5e,
  0xb3, 0x73, 0xb6, 0x43, 0xbc, 0x1f, 0xe6, 0x3f, 0xcf, 0xb5, 0x51, 0xae,
  0xa3, 0x51, 0xb3, 0x17, 0x96, 0xc5, 0x47, 0xfa, 0xc5, 0xe5, 0x3e, 0xbe,
  0x9f, 0x8d, 0x73, 0x04, 0x15, 0x62, 0xac, 0x08, 0x20, 0xe0, 0x83, 0xda,
  0xbc, 0x3c, 0x5d, 0x17, 0x4e, 0xa5, 0xd6, 0xcc, 0xfd, 0x53, 0x87, 0xb3,
  0x15, 0x8c, 0xc2, 0x28, 0xb7, 0xef, 0xc3, 0x47, 0xfa, 0x3f, 0x9f, 0xe6,
  0x25, 0x14, 0x51, 0x5c, 0xa7, 0xbc, 0x14, 0x51, 0x45, 0x00, 0x14, 0x51,
  0x45, 0x00, 0x14, 0x51, 0x45, 0x00, 0x15, 0x3d, 0x9d, 0xb1, 0xba, 0xba,
  0x48, 0x86, 0x70, 0x4e, 0x58, 0x8e, 0xc3, 0xbd, 0x41, 0x5d, 0x16, 0x93,
  0x64, 0x6d, 0xa1, 0xf3, 0x64, 0x04, 0x4b, 0x20, 0xe4, 0x11, 0xf7, 0x47,
  0xa5, 0x74, 0x61, 0xa8, 0xba, 0xb5, 0x12, 0xe9, 0xd4, 0xf2, 0x33, 0xbc,
  0xc5, 0x60, 0x30, 0xae, 0x69, 0xfb, 0xcf, 0x48, 0xfa, 0xf7, 0xf9, 0x6f,
  0xff, 0x00, 0x0e, 0x68, 0xd1, 0x45, 0x15, 0xef, 0x1f, 0x92, 0x05, 0x14,
  0x51, 0x40, 0x05, 0x14, 0x51, 0x40, 0x05, 0x14, 0x51, 0x40, 0x05, 0x14,
  0x51, 0x40, 0x05, 0x14, 0x51, 0x40, 0x05, 0x14, 0x51, 0x40, 0x05, 0x14,
  0x51, 0x40, 0x05, 0x14, 0x51, 0x40, 0x05, 0x14, 0x51, 0x40, 0x05, 0x14,
  0x51, 0x40, 0x05, 0x14, 0x51, 0x40, 0x05, 0x14, 0x51, 0x40, 0x05, 0x14,
  0x51, 0x40, 0x05, 0x64, 0xea, 0xba, 0x69, 0x98, 0x9b, 0x88, 0x41, 0x32,
  0x63, 0xe6, 0x5f, 0xef, 0x7d, 0x3d, 0xeb, 0x5a, 0x8a, 0xce, 0xad, 0x28,
  0xd5, 0x8f, 0x2c, 0x8e, 0xcc, 0x0e, 0x3a, 0xb6, 0x06, 0xb2, 0xad, 0x45,
  0xeb, 0xf9, 0xae, 0xcc, 0xe3, 0x48, 0x2a, 0xc5, 0x58, 0x10, 0x41, 0xc1,
  0x07, 0xb5, 0x25, 0x74, 0xd7, 0xba, 0x6c, 0x37, 0x99, 0x6f, 0xb9, 0x2f,
  0x1f, 0x38, 0x1f, 0xcc, 0x56, 0x1d, 0xce, 0x9f, 0x71, 0x6b, 0xcc, 0x89,
  0x94, 0xfe, 0xfa, 0xf2, 0x3f, 0xfa, 0xd5, 0xe3, 0x56, 0xc2, 0xce, 0x96,
  0xbb, 0xa3, 0xf4, 0xbc, 0xb3, 0x3e, 0xc2, 0xe3, 0x92, 0x8d, 0xf9, 0x67,
  0xd9, 0xfe, 0x9d, 0xff, 0x00, 0x3f, 0x22, 0xad, 0x14, 0x51, 0x5c, 0xc7,
  0xb6, 0x14, 0x51, 0x45, 0x00, 0x14, 0x54, 0xf6, 0xd6, 0x73, 0xdd, 0x36,
  0x22, 0x42, 0x46, 0x79, 0x63, 0xc0, 0x1f, 0x8d, 0x6d, 0xd9, 0x69, 0x31,
  0x5b, 0x11, 0x24, 0xa4, 0x49, 0x28, 0x39, 0x07, 0xb2, 0xfd, 0x3d, 0x6b,
  0xa2, 0x8e, 0x1a, 0xa5, 0x57, 0xa2, 0xd3, 0xb9, 0xe4, 0x66, 0x39, 0xde,
  0x17, 0x00, 0x9a, 0x9b, 0xbc, 0xbf, 0x95, 0x6f, 0xf3, 0xed, 0xf3, 0xfc,
  0x4a, 0xba, 0x66, 0x98, 0xdb, 0xd6, 0xe2, 0xe1, 0x4a, 0xed, 0x39, 0x44,
  0x3c, 0x12, 0x7d, 0x4d, 0x6d, 0xd1, 0x45, 0x7b, 0x34, 0x68, 0xc6, 0x94,
  0x79, 0x62, 0x7e, 0x67, 0x98, 0xe6, 0x35, 0xb1, 0xf5, 0xbd, 0xad, 0x5f,
  0x92, 0xe8, 0x90, 0x51, 0x45, 0x15, 0xa9, 0xc0, 0x14, 0x51, 0x45, 0x00,
  0x14, 0x51, 0x45, 0x00, 0x14, 0x51, 0x45, 0x00, 0x14, 0x51, 0x45, 0x00,
  0x14, 0x51, 0x45, 0x00, 0x14, 0x51, 0x45, 0x00, 0x14, 0x51, 0x45, 0x00,
  0x14, 0x51, 0x45, 0x00, 0x14, 0x51, 0x45, 0x00, 0x14, 0x51, 0x45, 0x00,
  0x14, 0x51, 0x45, 0x00, 0x14, 0x51, 0x45, 0x00, 0x14, 0x51, 0x45, 0x00,
  0x14, 0x51, 0x45, 0x00, 0x14, 0x51, 0x45, 0x00, 0x56, 0x96, 0xc2, 0xd6,
  0x76, 0xdc, 0xf0, 0x2e, 0x72, 0x4e, 0x47, 0x19, 0xfa, 0xe3, 0xad, 0x56,
  0x3a, 0x1d, 0xa9, 0x62, 0x43, 0x4a, 0x01, 0x3d, 0x03, 0x0e, 0x3f, 0x4a,
  0xd2, 0xa2, 0xb2, 0x95, 0x0a, 0x72, 0xd5, 0xc5, 0x1d, 0xf4, 0x73, 0x4c,
  0x6d, 0x15, 0xcb, 0x4e, 0xac, 0x92, 0xed, 0x7d, 0x0c, 0xcf, 0xec, 0x3b,
  0x5f, 0xf9, 0xe9, 0x37, 0xe6, 0x3f, 0xc2, 0xac, 0xc7, 0xa6, 0xd9, 0xc6,
  0xd9, 0x58, 0x14, 0x9c, 0x63, 0xe6, 0xcb, 0x7f, 0x3a, 0xb5, 0x45, 0x11,
  0xa1, 0x4a, 0x3b, 0x45, 0x15, 0x57, 0x36, 0xc7, 0x55, 0x56, 0x9d, 0x59,
  0x5b, 0xd6, 0xdf, 0x90, 0x51, 0x45, 0x15, 0xa9, 0xe7, 0x05, 0x14, 0x51,
  0x40, 0x05, 0x14, 0x51, 0x40, 0x05, 0x14, 0x51, 0x40, 0x05, 0x14, 0x51,
  0x40, 0x05, 0x14, 0x51, 0x40, 0x05, 0x14, 0x51, 0x40, 0x05, 0x14, 0x51,
  0x40, 0x05, 0x14, 0x51, 0x40, 0x05, 0x14, 0x51, 0x40, 0x05, 0x14, 0x51,
  0x40, 0x05, 0x14, 0x51, 0x40, 0x05, 0x14, 0x51, 0x40, 0x05, 0x14, 0x51,
  0x40, 0x05, 0x14, 0x51, 0x40, 0x05, 0x14, 0x51, 0x40, 0x05, 0x14, 0x51,
  0x40, 0x05, 0x14, 0x51, 0x40, 0x05, 0x14, 0x51, 0x40, 0x05, 0x14, 0x51,
  0x40, 0x05, 0x14, 0x51, 0x40, 0x05, 0x14, 0x51, 0x40, 0x05, 0x14, 0x51,
  0x40, 0x05, 0x14, 0x51, 0x40, 0x05, 0x14, 0x51, 0x40, 0x05, 0x14, 0x51,
  0x40, 0x05, 0x14, 0x51, 0x40, 0x05, 0x14, 0x51, 0x40, 0x05, 0x14, 0x51,
  0x40, 0x05, 0x14, 0x51, 0x40, 0x05, 0x14, 0x51, 0x40, 0x05, 0x14, 0x51,
  0x40, 0x05, 0x14, 0x51, 0x40, 0x05, 0x14, 0x51, 0x40, 0x05, 0x14, 0x51,
  0x40, 0x05, 0x14, 0x51, 0x40, 0x05, 0x14, 0x51, 0x40, 0x05, 0x14, 0x51,
  0x40, 0x05, 0x14, 0x51, 0x40, 0x05, 0x14, 0x51, 0x40, 0x05, 0x14, 0x51,
  0x40, 0x05, 0x14, 0x51, 0x40, 0x05, 0x14, 0x51, 0x40, 0x05, 0x14, 0x51,
  0x40, 0x05, 0x14, 0x51, 0x40, 0x05, 0x14, 0x51, 0x40, 0x05, 0x14, 0x51,
  0x40, 0x05, 0x14, 0x51, 0x40, 0x05, 0x14, 0x51, 0x40, 0x05, 0x14, 0x51,
  0x40, 0x05, 0x14, 0x51, 0x40, 0x05, 0x14, 0x51, 0x40, 0x05, 0x14, 0x51,
  0x40, 0x05, 0x14, 0x51, 0x40, 0x05, 0x14, 0x51, 0x40, 0x05, 0x14, 0x51,
  0x40, 0x05, 0x14, 0x51, 0x40, 0x05, 0x14, 0x51, 0x40, 0x05, 0x14, 0x51,
  0x40, 0x05, 0x14, 0x51, 0x40, 0x05, 0x14, 0x51, 0x40, 0x05, 0x14, 0x51,
  0x40, 0x05, 0x14, 0x51, 0x40, 0x05, 0x14, 0x51, 0x40, 0x05, 0x14, 0x51,
  0x40, 0x05, 0x14, 0x51, 0x40, 0x05, 0x14, 0x51, 0x40, 0x05, 0x14, 0x51,
  0x40, 0x05, 0x14, 0x51, 0x40, 0x05, 0x14, 0x51, 0x40, 0x05, 0x14, 0x51,
  0x40, 0x05, 0x14, 0x51, 0x40, 0x05, 0x14, 0x51, 0x40, 0x05, 0x14, 0x51,
  0x40, 0x05, 0x14, 0x51, 0x40, 0x05, 0x14, 0x51, 0x40, 0x05, 0x14, 0x51,
  0x40, 0x05, 0x14, 0x51, 0x40, 0x05, 0x14, 0x51, 0x40, 0x05, 0x14, 0x51,
  0x40, 0x05, 0x14, 0x51, 0x40, 0x05, 0x14, 0x51, 0x40, 0x05, 0x14, 0x51,
  0x40, 0x05, 0x14, 0x51, 0x40, 0x05, 0x14, 0x51, 0x40, 0x05, 0x14, 0x51,
  0x40, 0x05, 0x14, 0x51, 0x40, 0x05, 0x14, 0x51, 0x40, 0x05, 0x14, 0x51,
  0x40, 0x05, 0x14, 0x51, 0x40, 0x05, 0x14, 0x51, 0x40, 0x05, 0x14, 0x51,
  0x40, 0x05, 0x14, 0x51, 0x40, 0x05, 0x14, 0x51, 0x40, 0x05, 0x14, 0x51,
  0x40, 0x05, 0x14, 0x51, 0x40, 0x05, 0x14, 0x51, 0x40, 0x05, 0x14, 0x51,
  0x40, 0x05, 0x14, 0x51, 0x40, 0x05, 0x14, 0x51, 0x40, 0x05, 0x14, 0x51,
  0x40, 0x05, 0x14, 0x51, 0x40, 0x05, 0x14, 0x51, 0x40, 0x05, 0x14, 0x51,
  0x40, 0x05, 0x14, 0x51, 0x40, 0x05, 0x14, 0x51, 0x40, 0x05, 0x14, 0x51,
  0x40, 0x05, 0x14, 0x51, 0x40, 0x05, 0x14, 0x51, 0x40, 0x05, 0x14, 0x51,
  0x40, 0x05, 0x14, 0x51, 0x40, 0x05, 0x14, 0x51, 0x40, 0x05, 0x14, 0x51,
  0x40, 0x05, 0x14, 0x51, 0x40, 0x05, 0x14, 0x51, 0x40, 0x05, 0x14, 0x51,
  0x40, 0x05, 0x14, 0x51, 0x40, 0x05, 0x14, 0x51, 0x40, 0x05, 0x14, 0x51,
  0x40, 0x05, 0x14, 0x51, 0x40, 0x05, 0x14, 0x51, 0x40, 0x05, 0x14, 0x51,
  0x40, 0x05, 0x14, 0x51, 0x40, 0x05, 0x14, 0x51, 0x40, 0x05, 0x14, 0x51,
  0x40, 0x05, 0x14, 0x51, 0x40, 0x05, 0x14, 0x51, 0x40, 0x05, 0x14, 0x51,
  0x40, 0x05, 0x14, 0x51, 0x40, 0x1f, 0xff, 0xd9
};
static const unsigned int _Users_lemonliu_IOT_STM32_H743_ALIENTEK_CubeIDE_Core_Src_jpeg_frames_bin_len = 17996;
