/* Auto-generated by convert_png_to_lvgl.py */
#ifndef BRIGHTNESS_ICONS_H
#define BRIGHTNESS_ICONS_H

#include "lvgl.h"

/* ic_brightness_high_active.png */
static const uint8_t ic_brightness_high_active_data[] = {
  0x00, 0x00, 0x00, 0x00, 0x00, 0x00, 0x00, 0x00, 0x00, 0x00, 0x00, 0x00, 0x00, 0x00, 0x00, 0x00,
  0x00, 0x00, 0x00, 0x00, 0x00, 0x00, 0x00, 0x00, 0x00, 0x00, 0x00, 0x00, 0x00, 0x00, 0x00, 0x00,
  0x00, 0x00, 0x00, 0x00, 0x00, 0x00, 0x00, 0x00, 0x00, 0x00, 0x00, 0x00, 0x00, 0x00, 0x00, 0x00,
  0x00, 0x00, 0x00, 0x00, 0x00, 0x00, 0x00, 0x00, 0x00, 0x00, 0x00, 0x00, 0x00, 0x00, 0x00, 0x00,
  0x00, 0x00, 0x00, 0x00, 0x00, 0x00, 0x00, 0x00, 0x00, 0x00, 0x00, 0x00, 0x00, 0x00, 0x00, 0x00,
  0x00, 0x00, 0x00, 0x00, 0x00, 0x00, 0x00, 0x00, 0x00, 0x00, 0x00, 0x00, 0x00, 0x00, 0x00, 0x00,
  0x00, 0x00, 0x00, 0x00, 0x00, 0x00, 0x00, 0x00, 0x00, 0x00, 0x00, 0x00, 0x00, 0x00, 0x00, 0x00,
  0x00, 0x00, 0x00, 0x00, 0x00, 0x00, 0x00, 0x00, 0x00, 0x00, 0x00, 0x00, 0x00, 0x00, 0x00, 0x00,
  0x00, 0x00, 0x00, 0x00, 0x00, 0x00, 0x00, 0x00, 0x00, 0x00, 0x00, 0x00, 0x00, 0x00, 0x00, 0x00,
  0x00, 0x00, 0x00, 0x00, 0x00, 0x00, 0x00, 0x00, 0x00, 0x00, 0x00, 0x00, 0x00, 0x00, 0x00, 0x00,
  0x00, 0x00, 0x00, 0x00, 0x00, 0x00, 0x00, 0x00, 0x00, 0x00, 0x00, 0x00, 0x00, 0x00, 0x00, 0x00,
  0x00, 0x00, 0x00, 0x00, 0x00, 0x00, 0x00, 0x00, 0x00, 0x00, 0x00, 0x00, 0x00, 0x00, 0x00, 0x00,
  0x00, 0x00, 0x00, 0x00, 0x00, 0x00, 0x00, 0x00, 0x00, 0x00, 0x00, 0x00, 0x00, 0x00, 0x00, 0x00,
  0x00, 0x00, 0x00, 0x00, 0x00, 0x00, 0x00, 0x00, 0x00, 0x00, 0x00, 0x00, 0x00, 0x00, 0x00, 0x00,
  0x00, 0x00, 0x00, 0x00, 0x00, 0x00, 0x00, 0x00, 0x00, 0x00, 0x00, 0x00, 0x00, 0x00, 0x00, 0x00,
  0x00, 0x00, 0x00, 0x00, 0x00, 0x00, 0x00, 0x00, 0x00, 0x00, 0x00, 0x00, 0x00, 0x00, 0x00, 0x00,
  0x00, 0x00, 0x00, 0x00, 0x00, 0x00, 0x00, 0x00, 0xE0, 0xFF, 0x01, 0x00, 0x00, 0x00, 0x00, 0x00,
  0x00, 0x00, 0x00, 0x00, 0x00, 0x00, 0x00, 0x00, 0x00, 0x00, 0x00, 0x00, 0x00, 0x00, 0x00, 0x00,
  0x00, 0x00, 0x00, 0x00, 0x00, 0x00, 0x00, 0x00, 0x00, 0x00, 0x00, 0x00, 0x00, 0x00, 0x00, 0x00,
  0x00, 0x00, 0x00, 0x00, 0x00, 0x00, 0x00, 0x00, 0x00, 0x00, 0x00, 0x00, 0x00, 0x00, 0x00, 0x00,
  0x00, 0x00, 0x00, 0x00, 0x00, 0x00, 0x00, 0x00, 0x00, 0x00, 0x00, 0x00, 0x00, 0x00, 0x00, 0x00,
  0x00, 0x00, 0x00, 0x00, 0x00, 0x00, 0x00, 0x00, 0x00, 0x00, 0x00, 0x00, 0x00, 0x00, 0x00, 0x00,
  0x00, 0x00, 0x00, 0x00, 0x00, 0x00, 0x00, 0x00, 0x00, 0x00, 0x00, 0x00, 0x00, 0x00, 0x00, 0x00,
  0x00, 0x00, 0x00, 0x00, 0x00, 0x00, 0x00, 0x00, 0x00, 0x00, 0x00, 0x00, 0x00, 0x00, 0x00, 0x00,
  0x00, 0x00, 0x00, 0x00, 0x00, 0x00, 0x00, 0x00, 0x00, 0x00, 0x00, 0x00, 0x00, 0x00, 0x00, 0x00,
  0x00, 0x00, 0x00, 0x00, 0x00, 0x00, 0x00, 0x00, 0x00, 0x00, 0x00, 0x00, 0x00, 0x00, 0x00, 0x00,
  0x00, 0x00, 0x00, 0x00, 0x00, 0x00, 0x00, 0x00, 0x00, 0x00, 0x00, 0x00, 0x00, 0x00, 0x00, 0x00,
  0x00, 0x00, 0x00, 0x00, 0x00, 0x00, 0xE0, 0xFF, 0x01, 0x00, 0x00, 0x00, 0xE0, 0xFF, 0x02, 0x00,
  0x00, 0x00, 0x00, 0x00, 0x00, 0x00, 0x00, 0x00, 0x00, 0x00, 0x00, 0x00, 0x00, 0x00, 0x00, 0x00,
  0x00, 0x00, 0x00, 0x00, 0x00, 0x00, 0x00, 0x00, 0x00, 0x00, 0x00, 0x00, 0x00, 0x00, 0x00, 0x00,
  0x00, 0x00, 0x00, 0x00, 0x00, 0x00, 0x00, 0x00, 0x00, 0x00, 0x00, 0x00, 0x00, 0x00, 0x00, 0x00,
  0x00, 0x00, 0x00, 0x00, 0x00, 0x00, 0x00, 0x00, 0x00, 0x00, 0x00, 0x00, 0x00, 0x00, 0x00, 0x00,
  0x00, 0x00, 0x00, 0x00, 0x00, 0x00, 0x00, 0x00, 0x00, 0x00, 0x00, 0x00, 0x00, 0x00, 0x00, 0x00,
  0x00, 0x00, 0x00, 0x00, 0x00, 0x00, 0x00, 0x00, 0x00, 0x00, 0x00, 0x00, 0x00, 0x00, 0x00, 0x00,
  0x00, 0x00, 0x00, 0x00, 0x00, 0x00, 0x00, 0x00, 0x00, 0x00, 0x00, 0x00, 0x00, 0x00, 0x00, 0x00,
  0x00, 0x00, 0x00, 0x00, 0x00, 0x00, 0x00, 0x00, 0x00, 0x00, 0x00, 0x00, 0x00, 0x00, 0x00, 0x00,
  0x00, 0x00, 0x00, 0x00, 0x00, 0x00, 0x00, 0x00, 0x00, 0x00, 0x00, 0x00, 0x00, 0x00, 0x00, 0x00,
  0x00, 0x00, 0x00, 0x00, 0x00, 0x00, 0x00, 0x00, 0x00, 0x00, 0x00, 0x00, 0x00, 0x00, 0x00, 0x00,
  0x00, 0x00, 0x00, 0x00, 0x00, 0x00, 0x00, 0x00, 0x00, 0x00, 0x26, 0xCB, 0x05, 0x00, 0x00, 0x00,
  0x00, 0x00, 0x00, 0x00, 0x00, 0x00, 0x00, 0x00, 0x00, 0x00, 0x00, 0x00, 0x00, 0x00, 0x00, 0x00,
  0x00, 0x00, 0x00, 0x00, 0x00, 0x00, 0x00, 0x00, 0x00, 0x00, 0x00, 0x00, 0x00, 0x00, 0x00, 0x00,
  0x00, 0x00, 0x00, 0x00, 0x00, 0x00, 0x00, 0x00, 0x00, 0x00, 0x00, 0x00, 0x00, 0x00, 0x00, 0x00,
  0x00, 0x00, 0x00, 0x00, 0x00, 0x00, 0x00, 0x00, 0x00, 0x00, 0x00, 0x00, 0x00, 0x00, 0x00, 0x00,
  0x00, 0x00, 0x00, 0x00, 0x00, 0x00, 0x00, 0x00, 0x00, 0x00, 0x00, 0x00, 0x00, 0x00, 0x00, 0x00,
  0x00, 0x00, 0x00, 0x00, 0x00, 0x00, 0x00, 0x00, 0x00, 0x00, 0x00, 0x00, 0x00, 0x00, 0x00, 0x00,
  0x00, 0x00, 0x00, 0x00, 0x00, 0x00, 0x00, 0x00, 0x00, 0x00, 0x00, 0x00, 0x00, 0x00, 0x00, 0x00,
  0x00, 0x00, 0x00, 0x00, 0x00, 0x00, 0x00, 0x00, 0x00, 0x00, 0x00, 0x00, 0x00, 0x00, 0x00, 0x00,
  0x00, 0x00, 0x00, 0x00, 0x00, 0x00, 0x00, 0x00, 0x00, 0x00, 0x00, 0x00, 0x00, 0x00, 0x00, 0x00,
  0x00, 0x00, 0x00, 0x00, 0x00, 0x00, 0x00, 0x00, 0x00, 0x00, 0x00, 0x00, 0x00, 0x00, 0x00, 0x00,
  0x00, 0x00, 0xE0, 0xFF, 0x02, 0x00, 0x00, 0x00, 0xC9, 0xF6, 0x5C, 0x8A, 0xFF, 0xCE, 0xC9, 0xF6,
  0x56, 0x00, 0x00, 0x00, 0xE0, 0xFF, 0x02, 0x00, 0x00, 0x00, 0x00, 0x00, 0x00, 0x00, 0x00, 0x00,
  0x00, 0x00, 0x00, 0x00, 0x00, 0x00, 0x00, 0x00, 0x00, 0x00, 0x00, 0x00, 0x00, 0x00, 0x00, 0x00,
  0x00, 0x00, 0x00, 0x00, 0x00, 0x00, 0x00, 0x00, 0x00, 0x00, 0x00, 0x00, 0x00, 0x00, 0x00, 0x00,
  0x00, 0x00, 0x00, 0x00, 0x00, 0x00, 0x00, 0x00, 0x00, 0x00, 0x00, 0x00, 0x00, 0x00, 0x00, 0x00,
  0x00, 0x00, 0x00, 0x00, 0x00, 0x00, 0x00, 0x00, 0x00, 0x00, 0x00, 0x00, 0x00, 0x00, 0x00, 0x00,
  0x00, 0x00, 0x00, 0x00, 0x00, 0x00, 0x00, 0x00, 0x00, 0x00, 0x00, 0x00, 0x00, 0x00, 0x00, 0x00,
  0x00, 0x00, 0x00, 0x00, 0x00, 0x00, 0x00, 0x00, 0x00, 0x00, 0x00, 0x00, 0x00, 0x00, 0x00, 0x00,
  0x00, 0x00, 0x00, 0x00, 0x00, 0x00, 0x00, 0x00, 0x00, 0x00, 0x00, 0x00, 0x00, 0x00, 0x00, 0x00,
  0x00, 0x00, 0x00, 0x00, 0x00, 0x00, 0x00, 0x00, 0x00, 0x00, 0x00, 0x00, 0x00, 0x00, 0x00, 0x00,
  0x00, 0x00, 0x00, 0x00, 0x00, 0x00, 0x00, 0x00, 0x00, 0x00, 0x00, 0x00, 0x00, 0x00, 0x00, 0x00,
  0x00, 0x00, 0x00, 0xE0, 0xFF, 0x01, 0x00, 0x00, 0x00, 0xE9, 0xF6, 0xB8, 0xEA, 0xFF, 0xFF, 0xE9,
  0xF6, 0xB6, 0x00, 0x00, 0x00, 0xE0, 0xFF, 0x01, 0x00, 0x00, 0x00, 0x00, 0x00, 0x00, 0x00, 0x00,
  0x00, 0x00, 0x00, 0x00, 0x00, 0x00, 0x00, 0x00, 0x00, 0x00, 0x00, 0x00, 0x00, 0x00, 0x00, 0x00,
  0x00, 0x00, 0x00, 0x00, 0x00, 0x00, 0x00, 0x00, 0x00, 0x00, 0x00, 0x00, 0x00, 0x00, 0x00, 0x00,
  0x00, 0x00, 0x00, 0x00, 0x00, 0x00, 0x00, 0x00, 0x00, 0x00, 0x00, 0x00, 0x00, 0x00, 0x00, 0x00,
  0x00, 0x00, 0x00, 0x00, 0x00, 0x00, 0x00, 0x00, 0x00, 0x00, 0x00, 0x00, 0x00, 0x00, 0x00, 0x00,
  0x00, 0x00, 0x00, 0x00, 0x00, 0x00, 0x00, 0x00, 0x00, 0x00, 0x00, 0x00, 0x00, 0x00, 0x00, 0x00,
  0x00, 0x00, 0x00, 0x00, 0x00, 0x00, 0x00, 0x00, 0x00, 0x00, 0x00, 0x00, 0x00, 0x00, 0x00, 0x00,
  0x00, 0x00, 0x00, 0x00, 0x00, 0x00, 0x00, 0x00, 0x00, 0x00, 0x00, 0x00, 0x00, 0x00, 0x00, 0x00,
  0x00, 0x00, 0x00, 0x00, 0x00, 0x00, 0x00, 0x00, 0x00, 0x00, 0x00, 0x00, 0x00, 0x00, 0x00, 0x00,
  0x00, 0x00, 0x00, 0x00, 0x00, 0x00, 0x00, 0x00, 0x00, 0x00, 0x00, 0x00, 0x00, 0x00, 0x00, 0x00,
  0x00, 0x00, 0x00, 0x00, 0xE0, 0xFF, 0x01, 0x00, 0x00, 0x00, 0xE9, 0xF6, 0xAE, 0x89, 0xFF, 0xFB,
  0xE9, 0xF6, 0xAE, 0x00, 0x00, 0x00, 0xE0, 0xFF, 0x01, 0x00, 0x00, 0x00, 0x00, 0x00, 0x00, 0x00,
  0x00, 0x00, 0x00, 0x00, 0x00, 0x00, 0x00, 0x00, 0x00, 0x00, 0x00, 0x00, 0x00, 0x00, 0x00, 0x00,
  0x00, 0x00, 0x00, 0x00, 0x00, 0x00, 0x00, 0x00, 0x00, 0x00, 0x00, 0x00, 0x00, 0x00, 0x00, 0x00,
  0x00, 0x00, 0x00, 0x00, 0x00, 0x00, 0x00, 0x00, 0x00, 0x00, 0x00, 0x00, 0x00, 0x00, 0x00, 0x00,
  0x00, 0x00, 0x00, 0x00, 0x00, 0x00, 0x00, 0x00, 0x00, 0x00, 0x00, 0x00, 0x00, 0x00, 0x00, 0x00,
  0x00, 0x00, 0x00, 0x00, 0x00, 0x00, 0x00, 0x00, 0x00, 0x00, 0x00, 0x00, 0x00, 0x00, 0x00, 0x00,
  0x00, 0x00, 0x00, 0x00, 0x00, 0x00, 0x00, 0x00, 0x00, 0x00, 0x00, 0x00, 0x00, 0x00, 0x00, 0x00,
  0x00, 0x00, 0x00, 0x00, 0x00, 0x00, 0x00, 0x00, 0x00, 0x00, 0x00, 0x00, 0x00, 0x00, 0x00, 0x00,
  0x00, 0x00, 0x00, 0x00, 0x00, 0x00, 0x00, 0x00, 0x00, 0x00, 0x00, 0x00, 0x00, 0x00, 0x00, 0x00,
  0x00, 0x00, 0x00, 0x00, 0x00, 0x00, 0x00, 0x00, 0x00, 0x00, 0x00, 0x00, 0x00, 0x00, 0x00, 0x00,
  0x00, 0x00, 0x00, 0x00, 0x00, 0xE0, 0xFF, 0x01, 0x00, 0x00, 0x00, 0xE9, 0xF6, 0xB8, 0xCA, 0xFF,
  0xFF, 0xE9, 0xF6, 0xB7, 0x00, 0x00, 0x00, 0xE0, 0xFF, 0x01, 0x00, 0x00, 0x00, 0x00, 0x00, 0x00,
  0x00, 0x00, 0x00, 0x00, 0x00, 0x00, 0x00, 0x00, 0x00, 0x00, 0x00, 0x00, 0x00, 0x00, 0x00, 0x00,
  0x00, 0x00, 0x00, 0x00, 0x00, 0x00, 0x00, 0x00, 0x00, 0x00, 0x00, 0x00, 0x00, 0x00, 0x00, 0x00,
  0x00, 0x00, 0x00, 0x00, 0x00, 0x00, 0x00, 0x00, 0x00, 0x00, 0x00, 0x00, 0x00, 0x00, 0x00, 0x00,
  0x00, 0x00, 0x00, 0x00, 0x00, 0x00, 0x00, 0x00, 0x00, 0x00, 0x00, 0x00, 0x00, 0x00, 0x00, 0x00,
  0x00, 0x00, 0x00, 0x00, 0x00, 0x00, 0x00, 0x00, 0x00, 0x00, 0x00, 0x00, 0x00, 0x00, 0x00, 0x00,
  0x00, 0x00, 0x00, 0x00, 0x00, 0x00, 0x00, 0x00, 0x00, 0x00, 0x00, 0x00, 0x00, 0x00, 0x00, 0x00,
  0x00, 0x00, 0x00, 0x00, 0x00, 0x00, 0x00, 0x00, 0x00, 0x00, 0x00, 0x00, 0x00, 0x00, 0x00, 0x00,
  0x00, 0x00, 0x00, 0x00, 0x00, 0x00, 0x00, 0x00, 0x00, 0x00, 0x00, 0x00, 0x00, 0x00, 0x00, 0x00,
  0x00, 0x00, 0x00, 0x00, 0x00, 0x00, 0x00, 0x00, 0x00, 0x00, 0x00, 0x00, 0x00, 0x00, 0x00, 0x00,
  0x00, 0x00, 0x00, 0x00, 0x00, 0x00, 0x4A, 0xFD, 0x03, 0x00, 0x00, 0x00, 0xE9, 0xF6, 0x67, 0x8A,
  0xFF, 0xDF, 0xE8, 0xF6, 0x67, 0x00, 0x00, 0x00, 0x4A, 0xFD, 0x03, 0x00, 0x00, 0x00, 0x00, 0x00,
  0x00, 0x00, 0x00, 0x00, 0x00, 0x00, 0x00, 0x00, 0x00, 0x00, 0x00, 0x00, 0x00, 0x00, 0x00, 0x00,
  0x00, 0x00, 0x00, 0x00, 0x00, 0x00, 0x00, 0x00, 0x00, 0x00, 0x00, 0x00, 0x00, 0x00, 0x00, 0x00,
  0x00, 0x00, 0x00, 0x00, 0x00, 0x00, 0x00, 0x00, 0x00, 0x00, 0x00, 0x00, 0x00, 0x00, 0x00, 0x00,
  0x00, 0x00, 0x00, 0x00, 0x00, 0x00, 0x00, 0x00, 0x00, 0x00, 0x00, 0x00, 0x00, 0x00, 0x00, 0x00,
  0x00, 0x00, 0x00, 0x00, 0x00, 0x00, 0x00, 0x00, 0x00, 0x00, 0x00, 0x00, 0x00, 0x00, 0x00, 0x00,
  0x00, 0x00, 0x00, 0x00, 0x00, 0x00, 0x00, 0x00, 0x00, 0x00, 0x00, 0x00, 0x00, 0x00, 0x00, 0x00,
  0x00, 0x00, 0x00, 0x00, 0x00, 0x00, 0x00, 0x00, 0x00, 0x00, 0xE0, 0xFF, 0x01, 0xEA, 0xFF, 0x03,
  0xE0, 0xFF, 0x01, 0x00, 0x00, 0x00, 0x00, 0x00, 0x00, 0x00, 0x00, 0x00, 0x00, 0x00, 0x00, 0x00,
  0x00, 0x00, 0x00, 0x00, 0x00, 0x00, 0x00, 0x00, 0x00, 0x00, 0x00, 0x00, 0x00, 0x00, 0x00, 0x00,
  0x00, 0x00, 0x00, 0x00, 0x00, 0x00, 0x00, 0x00, 0x00, 0x00, 0x00, 0x00, 0x00, 0x00, 0x00, 0x00,
  0x27, 0xFE, 0x09, 0x00, 0x00, 0x00, 0x00, 0x00, 0x00, 0x00, 0x00, 0x00, 0x00, 0x00, 0x00, 0x00,
  0x00, 0x00, 0x00, 0x00, 0x00, 0x00, 0x00, 0x00, 0x00, 0x00, 0x00, 0x00, 0x00, 0x00, 0x00, 0x00,
  0x00, 0x00, 0x00, 0x00, 0x00, 0x00, 0x00, 0x00, 0x00, 0x00, 0x00, 0x00, 0x00, 0x00, 0x00, 0x00,
  0xEF, 0xFF, 0x02, 0xEF, 0xFF, 0x02, 0xEF, 0xFF, 0x02, 0x00, 0x00, 0x00, 0x00, 0x00, 0x00, 0x00,
  0x00, 0x00, 0x00, 0x00, 0x00, 0x00, 0x00, 0x00, 0x00, 0x00, 0x00, 0x00, 0x00, 0x00, 0x00, 0x00,
  0x00, 0x00, 0x00, 0x00, 0x00, 0x00, 0x00, 0x00, 0x00, 0x00, 0x00, 0x00, 0x00, 0x00, 0x00, 0x00,
  0x00, 0x00, 0x00, 0x00, 0x00, 0x00, 0x00, 0x00, 0x00, 0x00, 0x00, 0x00, 0x00, 0x00, 0x00, 0x00,
  0x00, 0x00, 0x00, 0x00, 0x00, 0x00, 0x00, 0x00, 0x00, 0x00, 0x00, 0x00, 0x00, 0x00, 0x00, 0x00,
  0x00, 0x00, 0x00, 0x00, 0xE0, 0xFF, 0x01, 0x00, 0x00, 0x00, 0x00, 0x00, 0x00, 0x00, 0x00, 0x00,
  0x00, 0x00, 0x00, 0x00, 0x00, 0x00, 0x00, 0x00, 0x00, 0x00, 0x00, 0x00, 0x00, 0x00, 0x00, 0x00,
  0x00, 0x00, 0x00, 0x00, 0x00, 0x00, 0x00, 0x00, 0x00, 0x00, 0x00, 0x00, 0x00, 0x00, 0xE0, 0xFF,
  0x01, 0x00, 0x00, 0x00, 0xE0, 0xFF, 0x01, 0x00, 0x00, 0x00, 0x00, 0x00, 0x00, 0x00, 0x00, 0x00,
  0x00, 0x00, 0x00, 0x00, 0x00, 0x00, 0x00, 0x00, 0x00, 0x00, 0x00, 0x00, 0x00, 0x00, 0x00, 0x00,
  0x00, 0x00, 0x00, 0x00, 0x00, 0x00, 0x00, 0x00, 0x00, 0x00, 0x00, 0x00, 0x00, 0x00, 0xEF, 0xFF,
  0x02, 0x00, 0x00, 0x00, 0x00, 0x00, 0x00, 0x00, 0x00, 0x00, 0x00, 0x00, 0x00, 0x00, 0x00, 0x00,
  0x00, 0x00, 0x00, 0x00, 0x00, 0x00, 0x00, 0x00, 0x00, 0x00, 0x00, 0x00, 0x00, 0x00, 0x00, 0x00,
  0x00, 0x00, 0x00, 0x00, 0x00, 0x00, 0x00, 0x00, 0x00, 0x00, 0x00, 0x00, 0x00, 0x00, 0x00, 0x00,
  0x00, 0x00, 0x00, 0x00, 0x00, 0x00, 0x00, 0x00, 0x00, 0x00, 0x00, 0x00, 0x00, 0x00, 0x00, 0x00,
  0x00, 0x00, 0x00, 0x00, 0x00, 0x00, 0xE0, 0xFF, 0x01, 0x00, 0x00, 0x00, 0xE8, 0xE6, 0x16, 0x29,
  0xFF, 0x4F, 0xE0, 0xFF, 0x01, 0x00, 0x00, 0x00, 0xE0, 0xFF, 0x01, 0x00, 0x00, 0x00, 0x00, 0x00,
  0x00, 0x00, 0x00, 0x00, 0x00, 0x00, 0x00, 0x00, 0x00, 0x00, 0x00, 0x00, 0x00, 0x00, 0x00, 0x00,
  0x00, 0x00, 0x00, 0x00, 0x00, 0x00, 0x00, 0x00, 0x00, 0x00, 0x00, 0x00, 0x00, 0x00, 0x00, 0x00,
  0x00, 0x00, 0xE0, 0xFF, 0x01, 0x00, 0x00, 0x00, 0x00, 0x00, 0x00, 0x00, 0x00, 0x00, 0x00, 0x00,
  0x00, 0x00, 0x00, 0x00, 0x00, 0x00, 0x00, 0x00, 0x00, 0x00, 0x00, 0x00, 0x00, 0x00, 0x00, 0x00,
  0x00, 0x00, 0x00, 0x00, 0x00, 0x00, 0x00, 0x00, 0x00, 0x00, 0x00, 0x00, 0x4A, 0xFD, 0x03, 0x00,
  0x00, 0x00, 0xE9, 0xF6, 0x46, 0x69, 0xFF, 0xBE, 0xE9, 0xF6, 0x5F, 0x00, 0x00, 0x00, 0xEF, 0xFF,
  0x02, 0x00, 0x00, 0x00, 0x00, 0x00, 0x00, 0x00, 0x00, 0x00, 0x00, 0x00, 0x00, 0x00, 0x00, 0x00,
  0x00, 0x00, 0x00, 0x00, 0x00, 0x00, 0x00, 0x00, 0x00, 0x00, 0x00, 0x00, 0x00, 0x00, 0x00, 0x00,
  0x00, 0x00, 0x00, 0x00, 0x00, 0x00, 0x00, 0x00, 0x00, 0x00, 0x00, 0x00, 0x00, 0x00, 0x00, 0x00,
  0x00, 0x00, 0x00, 0x00, 0x00, 0x00, 0x00, 0xEA, 0xFF, 0x03, 0x00, 0x00, 0x00, 0xE9, 0xF6, 0x53,
  0xEA, 0xFF, 0xFF, 0xE9, 0xF6, 0x9E, 0xE0, 0xFF, 0x01, 0xE0, 0xFF, 0x01, 0xE0, 0xFF, 0x01, 0x00,
  0x00, 0x00, 0x00, 0x00, 0x00, 0x00, 0x00, 0x00, 0x00, 0x00, 0x00, 0x00, 0x00, 0x00, 0x00, 0x00,
  0x00, 0x00, 0x00, 0x00, 0x00, 0x00, 0x00, 0x00, 0x00, 0x00, 0x00, 0x00, 0x00, 0xE0, 0xFF, 0x01,
  0xE0, 0xFF, 0x01, 0xE0, 0x7B, 0x02, 0xE0, 0xFF, 0x01, 0xE0, 0xFF, 0x01, 0x00, 0x00, 0x00, 0x00,
  0x00, 0x00, 0x00, 0x00, 0x00, 0x00, 0x00, 0x00, 0x00, 0x00, 0x00, 0x00, 0x00, 0x00, 0x00, 0x00,
  0x00, 0x00, 0x00, 0x00, 0x00, 0x00, 0x00, 0x00, 0x00, 0x00, 0xE0, 0xFB, 0x02, 0x00, 0x00, 0x00,
  0xC8, 0xEE, 0x48, 0xE9, 0xF6, 0xF3, 0xCA, 0xFF, 0xFF, 0xE9, 0xF6, 0xCE, 0x00, 0x00, 0x00, 0xEF,
  0xFF, 0x02, 0x00, 0x00, 0x00, 0x00, 0x00, 0x00, 0x00, 0x00, 0x00, 0x00, 0x00, 0x00, 0x00, 0x00,
  0x00, 0x00, 0x00, 0x00, 0x00, 0x00, 0x00, 0x00, 0x00, 0x00, 0x00, 0x00, 0x00, 0x00, 0x00, 0x00,
  0x00, 0x00, 0x00, 0x00, 0x00, 0x00, 0x00, 0x00, 0x00, 0x00, 0x00, 0x00, 0x00, 0x00, 0x00, 0x00,
  0x00, 0x00, 0x00, 0x00, 0x00, 0x00, 0x00, 0x00, 0x00, 0x00, 0x00, 0xEF, 0xFF, 0x02, 0xAA, 0xEE,
  0x0C, 0xE9, 0xF6, 0x9E, 0xEA, 0xFF, 0xFF, 0xE9, 0xF6, 0xA3, 0xE7, 0xFD, 0x04, 0xEF, 0xFF, 0x02,
  0x00, 0x00, 0x00, 0x00, 0x00, 0x00, 0x00, 0x00, 0x00, 0x00, 0x00, 0x00, 0x00, 0x00, 0x00, 0x00,
  0x00, 0x00, 0x00, 0x00, 0x00, 0xEF, 0xFF, 0x02, 0xEA, 0xFF, 0x03, 0x4A, 0xAD, 0x03, 0x00, 0x00,
  0x00, 0x00, 0x00, 0x00, 0x00, 0x00, 0x00, 0x00, 0x00, 0x00, 0x00, 0x00, 0x00, 0xEF, 0xFF, 0x02,
  0xEA, 0xFF, 0x03, 0xEF, 0xFF, 0x02, 0x00, 0x00, 0x00, 0x00, 0x00, 0x00, 0x00, 0x00, 0x00, 0x00,
  0x00, 0x00, 0x00, 0x00, 0x00, 0x00, 0x00, 0x00, 0xEF, 0xFF, 0x02, 0x00, 0x00, 0x00, 0xE9, 0xF6,
  0x33, 0x09, 0xF7, 0xF3, 0x29, 0xFF, 0xFF, 0xE9, 0xF6, 0xF3, 0xE9, 0xF6, 0x46, 0x00, 0xF8, 0x01,
  0xEF, 0xFF, 0x02, 0x00, 0x00, 0x00, 0x00, 0x00, 0x00, 0x00, 0x00, 0x00, 0x00, 0x00, 0x00, 0x00,
  0x00, 0x00, 0x00, 0x00, 0x00, 0x00, 0x00, 0x00, 0x00, 0x00, 0x00, 0x00, 0x00, 0x00, 0x00, 0x00,
  0x00, 0x00, 0x00, 0x00, 0x00, 0x00, 0x00, 0x00, 0x00, 0x00, 0x00, 0x00, 0x00, 0x00, 0x00, 0x00,
  0x00, 0x00, 0x00, 0x00, 0x00, 0x00, 0x00, 0x00, 0x00, 0x00, 0x00, 0x00, 0xE0, 0xFF, 0x01, 0x00,
  0x00, 0x00, 0xE0, 0xFF, 0x01, 0xE9, 0xF6, 0x9F, 0xE9, 0xF6, 0xBA, 0xE7, 0xFF, 0x04, 0xE0, 0xFF,
  0x01, 0x00, 0x00, 0x00, 0x00, 0x00, 0x00, 0x00, 0x00, 0x00, 0x00, 0x00, 0x00, 0x00, 0x00, 0x00,
  0x4A, 0xAD, 0x03, 0xE0, 0xFB, 0x02, 0x00, 0x00, 0x00, 0x00, 0x00, 0x00, 0x00, 0x00, 0x00, 0xC9,
  0xFE, 0x07, 0xE9, 0xF6, 0x17, 0xA9, 0xEE, 0x1A, 0xE8, 0xF6, 0x16, 0xC9, 0xFE, 0x07, 0x00, 0x00,
  0x00, 0x00, 0x00, 0x00, 0x00, 0x00, 0x00, 0xE0, 0xFF, 0x01, 0xEF, 0xFF, 0x02, 0x00, 0x00, 0x00,
  0x00, 0x00, 0x00, 0x00, 0x00, 0x00, 0x00, 0x00, 0x00, 0xEA, 0xFF, 0x03, 0x00, 0x00, 0x00, 0xC9,
  0xF6, 0x46, 0x89, 0xFF, 0xFF, 0xE9, 0xF6, 0xF6, 0xC8, 0xF6, 0x48, 0x00, 0x00, 0x00, 0xE0, 0xFB,
  0x02, 0x00, 0x00, 0x00, 0x00, 0x00, 0x00, 0x00, 0x00, 0x00, 0x00, 0x00, 0x00, 0x00, 0x00, 0x00,
  0x00, 0x00, 0x00, 0x00, 0x00, 0x00, 0x00, 0x00, 0x00, 0x00, 0x00, 0x00, 0x00, 0x00, 0x00, 0x00,
  0x00, 0x00, 0x00, 0x00, 0x00, 0x00, 0x00, 0x00, 0x00, 0x00, 0x00, 0x00, 0x00, 0x00, 0x00, 0x00,
  0x00, 0x00, 0x00, 0x00, 0x00, 0x00, 0x00, 0x00, 0x00, 0x00, 0x00, 0x00, 0x00, 0x00, 0x00, 0x00,
  0xE0, 0xFF, 0x01, 0x00, 0x00, 0x00, 0x00, 0x00, 0x00, 0x00, 0x00, 0x00, 0x00, 0x00, 0x00, 0x00,
  0x00, 0x00, 0x00, 0x00, 0x00, 0x00, 0x00, 0x00, 0x00, 0x00, 0x00, 0xE0, 0xFF, 0x01, 0xEF, 0xFF,
  0x02, 0x00, 0x00, 0x00, 0x00, 0x00, 0x00, 0x09, 0xFF, 0x2C, 0x09, 0xF7, 0x71, 0xC9, 0xF6, 0xB6,
  0xE9, 0xF6, 0xD6, 0xE9, 0xF6, 0xE5, 0xE9, 0xF6, 0xE8, 0xE9, 0xF6, 0xE4, 0xE9, 0xF6, 0xD6, 0xE9,
  0xF6, 0xB8, 0x09, 0xF7, 0x76, 0xE9, 0xF6, 0x2E, 0x00, 0x00, 0x00, 0x00, 0x00, 0x00, 0xEA, 0xFF,
  0x03, 0xE0, 0xFF, 0x01, 0x00, 0x00, 0x00, 0x00, 0x00, 0x00, 0x00, 0x00, 0x00, 0xE0, 0xFF, 0x01,
  0x00, 0x00, 0x00, 0xC8, 0xF6, 0x48, 0xC9, 0xEE, 0x30, 0x00, 0x00, 0x00, 0x4A, 0xFD, 0x03, 0x00,
  0x00, 0x00, 0x00, 0x00, 0x00, 0x00, 0x00, 0x00, 0x00, 0x00, 0x00, 0x00, 0x00, 0x00, 0x00, 0x00,
  0x00, 0x00, 0x00, 0x00, 0x00, 0x00, 0x00, 0x00, 0x00, 0x00, 0x00, 0x00, 0x00, 0x00, 0x00, 0x00,
  0x00, 0x00, 0x00, 0x00, 0x00, 0x00, 0x00, 0x00, 0x00, 0x00, 0x00, 0x00, 0x00, 0x00, 0x00, 0x00,
  0x00, 0x00, 0x00, 0x00, 0x00, 0x00, 0x00, 0x00, 0x00, 0x00, 0x00, 0x00, 0x00, 0x00, 0x00, 0x00,
  0x00, 0x00, 0x00, 0x00, 0xE0, 0xFF, 0x01, 0xE0, 0xFB, 0x02, 0x00, 0x00, 0x00, 0x00, 0x00, 0x00,
  0x00, 0x00, 0x00, 0x00, 0x00, 0x00, 0x00, 0x00, 0x00, 0xEF, 0xFF, 0x02, 0x00, 0x00, 0x00, 0x00,
  0x00, 0x00, 0xE9, 0xF6, 0x3F, 0x09, 0xF7, 0xB2, 0x09, 0xF7, 0xF8, 0x49, 0xFF, 0xFF, 0x49, 0xFF,
  0xFF, 0x29, 0xFF, 0xFF, 0x09, 0xF7, 0xFF, 0x09, 0xF7, 0xFF, 0x09, 0xFF, 0xFF, 0x29, 0xFF, 0xFF,
  0x49, 0xFF, 0xFF, 0x49, 0xFF, 0xFF, 0x09, 0xF7, 0xFA, 0x09, 0xF7, 0xB5, 0xE9, 0xF6, 0x44, 0x00,
  0x00, 0x00, 0x00, 0x00, 0x00, 0xE0, 0xFF, 0x02, 0x00, 0x00, 0x00, 0x00, 0x00, 0x00, 0x00, 0x00,
  0x00, 0x00, 0x00, 0x00, 0x00, 0x00, 0x00, 0x00, 0x00, 0x00, 0xEF, 0xFF, 0x02, 0x00, 0x00, 0x00,
  0x00, 0x00, 0x00, 0x00, 0x00, 0x00, 0x00, 0x00, 0x00, 0x00, 0x00, 0x00, 0x00, 0x00, 0x00, 0x00,
  0x00, 0x00, 0x00, 0x00, 0x00, 0x00, 0x00, 0x00, 0x00, 0x00, 0x00, 0x00, 0x00, 0x00, 0x00, 0x00,
  0x00, 0x00, 0x00, 0x00, 0x00, 0x00, 0x00, 0x00, 0x00, 0x00, 0x00, 0x00, 0x00, 0x00, 0x00, 0x00,
  0x00, 0x00, 0x00, 0x00, 0x00, 0x00, 0x00, 0x00, 0x00, 0x00, 0x00, 0x00, 0x00, 0x00, 0x00, 0x00,
  0x00, 0x00, 0x00, 0x00, 0x00, 0x00, 0x00, 0x00, 0x00, 0x00, 0x00, 0x00, 0xF8, 0x01, 0x00, 0x00,
  0x00, 0x00, 0x00, 0x00, 0x00, 0x00, 0x00, 0xEF, 0xFF, 0x02, 0x00, 0x00, 0x00, 0xA8, 0xE6, 0x12,
  0xE9, 0xF6, 0x9B, 0x09, 0xFF, 0xFF, 0x49, 0xFF, 0xFF, 0xE9, 0xF6, 0xFF, 0xE9, 0xF6, 0xFC, 0xE9,
  0xF6, 0xFC, 0xE9, 0xF6, 0xFD, 0xE9, 0xF6, 0xFD, 0xE9, 0xF6, 0xFE, 0xE9, 0xF6, 0xFD, 0xE9, 0xF6,
  0xFD, 0xE9, 0xF6, 0xFC, 0xE9, 0xF6, 0xFC, 0xE9, 0xF6, 0xFF, 0x49, 0xFF, 0xFF, 0x09, 0xFF, 0xFD,
  0x09, 0xFF, 0x99, 0x67, 0xE6, 0x14, 0x00, 0x00, 0x00, 0xEF, 0xFF, 0x02, 0x00, 0x00, 0x00, 0x00,
  0x00, 0x00, 0x00, 0x00, 0x00, 0xEA, 0xFF, 0x03, 0xEF, 0xFF, 0x02, 0x00, 0x00, 0x00, 0x00, 0x00,
  0x00, 0x00, 0x00, 0x00, 0x00, 0x00, 0x00, 0x00, 0x00, 0x00, 0x00, 0x00, 0x00, 0x00, 0x00, 0x00,
  0x00, 0x00, 0x00, 0x00, 0x00, 0x00, 0x00, 0x00, 0x00, 0x00, 0x00, 0x00, 0x00, 0x00, 0x00, 0x00,
  0x00, 0x00, 0x00, 0x00, 0x00, 0x00, 0x00, 0x00, 0x00, 0x00, 0x00, 0x00, 0x00, 0x00, 0x00, 0x00,
  0x00, 0x00, 0x00, 0x00, 0x00, 0x00, 0x00, 0x00, 0x00, 0x00, 0x00, 0x00, 0x00, 0x00, 0x00, 0x00,
  0x00, 0x00, 0x00, 0x00, 0x00, 0x00, 0x00, 0x00, 0x00, 0x00, 0x00, 0x00, 0x00, 0x00, 0x00, 0x00,
  0x00, 0x00, 0x00, 0x00, 0x00, 0x4A, 0xFD, 0x03, 0x00, 0x00, 0x00, 0xA9, 0xF6, 0x26, 0x09, 0xF7,
  0xCD, 0x69, 0xFF, 0xFF, 0xE9, 0xF6, 0xFE, 0xE9, 0xF6, 0xFC, 0xE9, 0xF6, 0xFE, 0xE9, 0xF6, 0xFF,
  0xE9, 0xF6, 0xFF, 0xE9, 0xF6, 0xFF, 0xE9, 0xF6, 0xFF, 0xE9, 0xF6, 0xFF, 0xE9, 0xF6, 0xFF, 0xE9,
  0xF6, 0xFF, 0xE9, 0xF6, 0xFF, 0xE9, 0xF6, 0xFF, 0xE9, 0xF6, 0xFE, 0xE9, 0xF6, 0xFC, 0xC9, 0xF6,
  0xFE, 0x69, 0xFF, 0xFF, 0x09, 0xF7, 0xCE, 0xA8, 0xEE, 0x24, 0x00, 0x00, 0x00, 0x4A, 0xAD, 0x03,
  0x00, 0x00, 0x00, 0x00, 0x00, 0x00, 0x00, 0x00, 0x00, 0x00, 0x00, 0x00, 0x00, 0x00, 0x00, 0x00,
  0x00, 0x00, 0x00, 0x00, 0x00, 0x00, 0x00, 0x00, 0x00, 0x00, 0x00, 0x00, 0x00, 0x00, 0x00, 0x00,
  0x00, 0x00, 0x00, 0x00, 0x00, 0x00, 0x00, 0x00, 0x00, 0x00, 0x00, 0x00, 0x00, 0x00, 0x00, 0x00,
  0x00, 0x00, 0x00, 0x00, 0x00, 0x00, 0x00, 0x00, 0x00, 0x00, 0x00, 0x00, 0x00, 0x00, 0x00, 0x00,
  0x00, 0x00, 0x00, 0x00, 0x00, 0x00, 0x00, 0x00, 0x00, 0x00, 0x00, 0x00, 0x00, 0x00, 0x00, 0x00,
  0x00, 0x00, 0x00, 0x00, 0x00, 0x00, 0x00, 0x00, 0x00, 0x00, 0x00, 0x00, 0x00, 0x00, 0x00, 0x00,
  0x00, 0x00, 0x00, 0xE0, 0xFF, 0x02, 0x00, 0x00, 0x00, 0xC9, 0xEE, 0x23, 0x09, 0xF7, 0xE3, 0x49,
  0xFF, 0xFF, 0xE9, 0xF6, 0xFA, 0xE9, 0xF6, 0xFF, 0xE9, 0xF6, 0xFF, 0xE9, 0xF6, 0xFF, 0xE9, 0xF6,
  0xFF, 0xE9, 0xF6, 0xFF, 0xE9, 0xF6, 0xFF, 0xE9, 0xF6, 0xFF, 0xE9, 0xF6, 0xFF, 0xE9, 0xF6, 0xFF,
  0xE9, 0xF6, 0xFF, 0xE9, 0xF6, 0xFF, 0xE9, 0xF6, 0xFF, 0xE9, 0xF6, 0xFF, 0xE9, 0xF6, 0xFF, 0xE9,
  0xF6, 0xFF, 0xE9, 0xF6, 0xFA, 0x49, 0xFF, 0xFF, 0x09, 0xFF, 0xE2, 0xA9, 0xF6, 0x26, 0x00, 0x00,
  0x00, 0xE0, 0xFF, 0x02, 0x00, 0x00, 0x00, 0x00, 0x00, 0x00, 0x00, 0x00, 0x00, 0x00, 0x00, 0x00,
  0x00, 0x00, 0x00, 0x00, 0x00, 0x00, 0x00, 0x00, 0x00, 0x00, 0x00, 0x00, 0x00, 0x00, 0x00, 0x00,
  0x00, 0x00, 0x00, 0x00, 0x00, 0x00, 0x00, 0x00, 0x00, 0x00, 0x00, 0x00, 0x00, 0x00, 0x00, 0x00,
  0x00, 0x00, 0x00, 0x00, 0x00, 0x00, 0x00, 0x00, 0x00, 0x00, 0x00, 0x00, 0x00, 0x00, 0x00, 0x00,
  0x00, 0x00, 0x00, 0x00, 0x00, 0x00, 0x00, 0x00, 0x00, 0x00, 0x00, 0x00, 0x00, 0x00, 0x00, 0x00,
  0x00, 0x00, 0x00, 0x00, 0x00, 0x00, 0x00, 0x00, 0x00, 0x00, 0x00, 0x00, 0x00, 0x00, 0x00, 0x00,
  0x00, 0xE0, 0xFF, 0x01, 0xEF, 0xFF, 0x02, 0xE9, 0xEE, 0x10, 0x09, 0xF7, 0xCF, 0x29, 0xFF, 0xFF,
  0xE9, 0xF6, 0xFB, 0xE9, 0xF6, 0xFF, 0xE9, 0xF6, 0xFF, 0xE9, 0xF6, 0xFF, 0xE9, 0xF6, 0xFF, 0xE9,
  0xF6, 0xFF, 0xE9, 0xF6, 0xFF, 0xE9, 0xF6, 0xFF, 0xE9, 0xF6, 0xFF, 0xE9, 0xF6, 0xFF, 0xE9, 0xF6,
  0xFF, 0xE9, 0xF6, 0xFF, 0xE9, 0xF6, 0xFF, 0xE9, 0xF6, 0xFF, 0xE9, 0xF6, 0xFF, 0xE9, 0xF6, 0xFF,
  0xE9, 0xF6, 0xFF, 0xE9, 0xF6, 0xFF, 0xE9, 0xF6, 0xFB, 0x49, 0xFF, 0xFF, 0xE9, 0xF6, 0xCF, 0xC9,
  0xEE, 0x0E, 0xE0, 0xFF, 0x01, 0xE0, 0xFF, 0x01, 0x00, 0x00, 0x00, 0x00, 0x00, 0x00, 0x00, 0x00,
  0x00, 0x00, 0x00, 0x00, 0x00, 0x00, 0x00, 0x00, 0x00, 0x00, 0x00, 0x00, 0x00, 0x00, 0x00, 0x00,
  0x00, 0x00, 0x00, 0x00, 0x00, 0x00, 0x00, 0x00, 0x00, 0x00, 0x00, 0x00, 0x00, 0x00, 0x00, 0x00,
  0x00, 0x00, 0x00, 0x00, 0x00, 0x00, 0x00, 0x00, 0x00, 0x00, 0x00, 0x00, 0x00, 0x00, 0x00, 0x00,
  0x00, 0x00, 0x00, 0x00, 0x00, 0x00, 0x00, 0x00, 0x00, 0x00, 0x00, 0x00, 0x00, 0x00, 0x00, 0x00,
  0x00, 0x00, 0x00, 0x00, 0x00, 0x00, 0x00, 0x00, 0x00, 0x00, 0x00, 0x00, 0x00, 0x00, 0x00, 0x00,
  0x00, 0x00, 0xEF, 0xFF, 0x02, 0x00, 0x00, 0x00, 0xC9, 0xF6, 0x9D, 0x69, 0xFF, 0xFF, 0xC9, 0xF6,
  0xFB, 0xE9, 0xF6, 0xFF, 0xE9, 0xF6, 0xFF, 0xE9, 0xF6, 0xFF, 0xE9, 0xF6, 0xFF, 0xE9, 0xF6, 0xFF,
  0xE9, 0xF6, 0xFF, 0xE9, 0xF6, 0xFF, 0xE9, 0xF6, 0xFF, 0xE9, 0xF6, 0xFF, 0xE9, 0xF6, 0xFF, 0xE9,
  0xF6, 0xFF, 0xE9, 0xF6, 0xFF, 0xE9, 0xF6, 0xFF, 0xE9, 0xF6, 0xFF, 0xE9, 0xF6, 0xFF, 0xE9, 0xF6,
  0xFF, 0xE9, 0xF6, 0xFF, 0xE9, 0xF6, 0xFF, 0xE9, 0xF6, 0xFF, 0xC9, 0xF6, 0xFB, 0x69, 0xFF, 0xFF,
  0xC9, 0xEE, 0x9E, 0x00, 0x00, 0x00, 0xEF, 0xFF, 0x02, 0x00, 0x00, 0x00, 0x00, 0x00, 0x00, 0x00,
  0x00, 0x00, 0x00, 0x00, 0x00, 0x00, 0x00, 0x00, 0x00, 0x00, 0x00, 0x00, 0x00, 0x00, 0x00, 0x00,
  0x00, 0x00, 0x00, 0x00, 0x00, 0x00, 0x00, 0x00, 0x00, 0x00, 0x00, 0x00, 0x00, 0x00, 0x00, 0x00,
  0x00, 0x00, 0x00, 0x00, 0x00, 0x00, 0x00, 0x00, 0x00, 0x00, 0x00, 0x00, 0x00, 0x00, 0x00, 0x00,
  0x00, 0x00, 0x00, 0x00, 0x00, 0x00, 0x00, 0x00, 0x00, 0x00, 0x00, 0x00, 0x00, 0x00, 0x00, 0x00,
  0x00, 0x00, 0x00, 0x00, 0x00, 0x00, 0x00, 0x00, 0x00, 0x00, 0x00, 0x00, 0x00, 0x00, 0x00, 0x00,
  0x4A, 0xAD, 0x03, 0x00, 0x00, 0x00, 0xE9, 0xEE, 0x42, 0x09, 0xF7, 0xFF, 0xE9, 0xF6, 0xFC, 0xE9,
  0xF6, 0xFE, 0xE9, 0xF6, 0xFF, 0xE9, 0xF6, 0xFF, 0xE9, 0xF6, 0xFF, 0xE9, 0xF6, 0xFF, 0xE9, 0xF6,
  0xFF, 0xE9, 0xF6, 0xFF, 0xE9, 0xF6, 0xFF, 0xE9, 0xF6, 0xFF, 0xE9, 0xF6, 0xFF, 0xE9, 0xF6, 0xFF,
  0xE9, 0xF6, 0xFF, 0xE9, 0xF6, 0xFF, 0xE9, 0xF6, 0xFF, 0xE9, 0xF6, 0xFF, 0xE9, 0xF6, 0xFF, 0xE9,
  0xF6, 0xFF, 0xE9, 0xF6, 0xFF, 0xE9, 0xF6, 0xFF, 0xE9, 0xF6, 0xFF, 0xE9, 0xF6, 0xFE, 0xE9, 0xF6,
  0xFC, 0x09, 0xFF, 0xFF, 0xE8, 0xF6, 0x3D, 0x00, 0x00, 0x00, 0x4A, 0xFD, 0x03, 0x00, 0x00, 0x00,
  0x00, 0x00, 0x00, 0x00, 0x00, 0x00, 0x00, 0x00, 0x00, 0x00, 0x00, 0x00, 0x00, 0x00, 0x00, 0x00,
  0x00, 0x00, 0x00, 0x00, 0x00, 0x00, 0x00, 0x00, 0x00, 0x00, 0x00, 0x00, 0x00, 0x00, 0x00, 0x00,
  0x00, 0x00, 0x00, 0x00, 0x00, 0x00, 0x00, 0x00, 0x00, 0x00, 0x00, 0x00, 0x00, 0x00, 0x00, 0x00,
  0x00, 0x00, 0x00, 0x00, 0x00, 0x00, 0x00, 0x00, 0x00, 0x00, 0x00, 0x00, 0x00, 0x00, 0x00, 0x00,
  0x00, 0x00, 0x00, 0x00, 0x00, 0x00, 0x00, 0x00, 0x00, 0x00, 0x00, 0x00, 0x00, 0x00, 0x00, 0x00,
  0x00, 0xEF, 0xFB, 0x02, 0xE0, 0xFF, 0x02, 0xC9, 0xEE, 0xBA, 0x49, 0xFF, 0xFF, 0xE9, 0xF6, 0xFC,
  0xE9, 0xF6, 0xFF, 0xE9, 0xF6, 0xFF, 0xE9, 0xF6, 0xFF, 0xE9, 0xF6, 0xFF, 0xE9, 0xF6, 0xFF, 0xE9,
  0xF6, 0xFF, 0xE9, 0xF6, 0xFF, 0xE9, 0xF6, 0xFF, 0xE9, 0xF6, 0xFF, 0xE9, 0xF6, 0xFF, 0xE9, 0xF6,
  0xFF, 0xE9, 0xF6, 0xFF, 0xE9, 0xF6, 0xFF, 0xE9, 0xF6, 0xFF, 0xE9, 0xF6, 0xFF, 0xE9, 0xF6, 0xFF,
  0xE9, 0xF6, 0xFF, 0xE9, 0xF6, 0xFF, 0xE9, 0xF6, 0xFF, 0xE9, 0xF6, 0xFF, 0xE9, 0xF6, 0xFF, 0xE9,
  0xF6, 0xFC, 0x49, 0xFF, 0xFF, 0xC9, 0xF6, 0xB6, 0xE0, 0xFF, 0x01, 0xEF, 0xFB, 0x02, 0x00, 0x00,
  0x00, 0x00, 0x00, 0x00, 0x00, 0x00, 0x00, 0x00, 0x00, 0x00, 0x00, 0x00, 0x00, 0x00, 0x00, 0x00,
  0x00, 0x00, 0x00, 0x00, 0x00, 0x00, 0x00, 0x00, 0x00, 0x00, 0x00, 0x00, 0x00, 0x00, 0x00, 0x00,
  0x00, 0x00, 0x00, 0x00, 0x00, 0x00, 0x00, 0x00, 0x00, 0x00, 0x00, 0x00, 0x00, 0x00, 0x00, 0x00,
  0x00, 0x00, 0x00, 0x00, 0x00, 0x00, 0x00, 0x00, 0x00, 0x00, 0x00, 0x00, 0x00, 0x00, 0x00, 0x00,
  0x00, 0x00, 0x00, 0x00, 0x00, 0x00, 0x00, 0x00, 0x00, 0x00, 0x00, 0x00, 0x00, 0x00, 0x00, 0xEF,
  0xFF, 0x02, 0x00, 0x00, 0x00, 0xC8, 0xF6, 0x2B, 0x09, 0xF7, 0xF8, 0xE9, 0xF6, 0xFE, 0xE9, 0xF6,
  0xFE, 0xE9, 0xF6, 0xFF, 0xE9, 0xF6, 0xFF, 0xE9, 0xF6, 0xFF, 0xE9, 0xF6, 0xFF, 0xE9, 0xF6, 0xFF,
  0xE9, 0xF6, 0xFF, 0xE9, 0xF6, 0xFF, 0xE9, 0xF6, 0xFF, 0xE9, 0xF6, 0xFF, 0xE9, 0xF6, 0xFF, 0xE9,
  0xF6, 0xFF, 0xE9, 0xF6, 0xFF, 0xE9, 0xF6, 0xFF, 0xE9, 0xF6, 0xFF, 0xE9, 0xF6, 0xFF, 0xE9, 0xF6,
  0xFF, 0xE9, 0xF6, 0xFF, 0xE9, 0xF6, 0xFF, 0xE9, 0xF6, 0xFF, 0xE9, 0xF6, 0xFF, 0xE9, 0xF6, 0xFF,
  0xE9, 0xF6, 0xFE, 0xE9, 0xF6, 0xFE, 0x09, 0xF7, 0xF7, 0xE8, 0xEE, 0x2C, 0x00, 0x00, 0x00, 0xEF,
  0xFF, 0x02, 0x00, 0x00, 0x00, 0x00, 0x00, 0x00, 0x00, 0x00, 0x00, 0x00, 0x00, 0x00, 0x00, 0x00,
  0x00, 0x00, 0x00, 0x00, 0x00, 0x00, 0x00, 0x00, 0x00, 0x00, 0x00, 0x00, 0x00, 0x00, 0x00, 0x00,
  0x00, 0x00, 0x00, 0x00, 0x00, 0x00, 0x00, 0x00, 0x00, 0x00, 0x00, 0x00, 0x00, 0x00, 0x00, 0x00,
  0x00, 0x00, 0x00, 0x00, 0x00, 0x00, 0x00, 0x00, 0x00, 0x00, 0x00, 0x00, 0x00, 0x00, 0x00, 0x00,
  0x00, 0x00, 0x00, 0x00, 0x00, 0x00, 0x00, 0x00, 0x00, 0x00, 0x00, 0x00, 0x00, 0x00, 0x00, 0x00,
  0xEA, 0xFF, 0x03, 0x00, 0x00, 0x00, 0xE9, 0xF6, 0x78, 0x49, 0xFF, 0xFF, 0xE9, 0xF6, 0xFC, 0xE9,
  0xF6, 0xFF, 0xE9, 0xF6, 0xFF, 0xE9, 0xF6, 0xFF, 0xE9, 0xF6, 0xFF, 0xE9, 0xF6, 0xFF, 0xE9, 0xF6,
  0xFF, 0xE9, 0xF6, 0xFF, 0xE9, 0xF6, 0xFF, 0xE9, 0xF6, 0xFF, 0xE9, 0xF6, 0xFF, 0xE9, 0xF6, 0xFF,
  0xE9, 0xF6, 0xFF, 0xE9, 0xF6, 0xFF, 0xE9, 0xF6, 0xFF, 0xE9, 0xF6, 0xFF, 0xE9, 0xF6, 0xFF, 0xE9,
  0xF6, 0xFF, 0xE9, 0xF6, 0xFF, 0xE9, 0xF6, 0xFF, 0xE9, 0xF6, 0xFF, 0xE9, 0xF6, 0xFF, 0xE9, 0xF6,
  0xFF, 0xE9, 0xF6, 0xFF, 0xE9, 0xF6, 0xFC, 0x49, 0xFF, 0xFF, 0xE9, 0xF6, 0x73, 0x00, 0x00, 0x00,
  0xEA, 0xFF, 0x03, 0x00, 0x00, 0x00, 0x00, 0x00, 0x00, 0x00, 0x00, 0x00, 0x00, 0x00, 0x00, 0x00,
  0x00, 0x00, 0x00, 0x00, 0x00, 0x00, 0x00, 0x00, 0x00, 0x00, 0x00, 0x00, 0x00, 0x00, 0x00, 0x00,
  0x00, 0x00, 0x00, 0x00, 0x00, 0x00, 0x00, 0x00, 0x00, 0x00, 0x00, 0x00, 0x00, 0x00, 0x00, 0x00,
  0x00, 0x00, 0x00, 0x00, 0x00, 0x00, 0xEF, 0xFF, 0x02, 0xE0, 0xFF, 0x01, 0xE0, 0xFF, 0x01, 0xE0,
  0xFF, 0x01, 0x4A, 0xAD, 0x03, 0x00, 0x00, 0x00, 0x00, 0x00, 0x00, 0x00, 0x00, 0x00, 0x00, 0x00,
  0x00, 0xEF, 0xFF, 0x02, 0x00, 0x00, 0x00, 0xE9, 0xF6, 0xB8, 0x49, 0xFF, 0xFF, 0xE9, 0xF6, 0xFC,
  0xE9, 0xF6, 0xFF, 0xE9, 0xF6, 0xFF, 0xE9, 0xF6, 0xFF, 0xE9, 0xF6, 0xFF, 0xE9, 0xF6, 0xFF, 0xE9,
  0xF6, 0xFF, 0xE9, 0xF6, 0xFF, 0xE9, 0xF6, 0xFF, 0xE9, 0xF6, 0xFF, 0xE9, 0xF6, 0xFF, 0xE9, 0xF6,
  0xFF, 0xE9, 0xF6, 0xFF, 0xE9, 0xF6, 0xFF, 0xE9, 0xF6, 0xFF, 0xE9, 0xF6, 0xFF, 0xE9, 0xF6, 0xFF,
  0xE9, 0xF6, 0xFF, 0xE9, 0xF6, 0xFF, 0xE9, 0xF6, 0xFF, 0xE9, 0xF6, 0xFF, 0xE9, 0xF6, 0xFF, 0xE9,
  0xF6, 0xFF, 0xE9, 0xF6, 0xFF, 0xE9, 0xF6, 0xFC, 0x49, 0xFF, 0xFF, 0xE9, 0xF6, 0xB6, 0x00, 0x00,
  0x00, 0xEF, 0xFF, 0x02, 0x00, 0x00, 0x00, 0x00, 0x00, 0x00, 0x00, 0x00, 0x00, 0x00, 0x00, 0x00,
  0x4A, 0xAD, 0x03, 0xE0, 0xFF, 0x01, 0xE0, 0xFF, 0x01, 0xE0, 0xFF, 0x01, 0xEF, 0xFF, 0x02, 0x00,
  0x00, 0x00, 0x00, 0x00, 0x00, 0x00, 0x00, 0x00, 0x00, 0x00, 0x00, 0x00, 0x00, 0x00, 0x00, 0x00,
  0x00, 0x00, 0x00, 0x00, 0x00, 0x00, 0x00, 0x00, 0x00, 0x00, 0x00, 0x00, 0x00, 0x00, 0x00, 0x00,
  0x00, 0x00, 0x00, 0x00, 0x00, 0x00, 0x00, 0x00, 0x00, 0x00, 0x00, 0x00, 0x00, 0x00, 0x00, 0xE0,
  0xFF, 0x01, 0x00, 0x00, 0x00, 0xE7, 0xDD, 0x08, 0xE9, 0xF6, 0xD7, 0x29, 0xFF, 0xFF, 0xE9, 0xF6,
  0xFD, 0xE9, 0xF6, 0xFF, 0xE9, 0xF6, 0xFF, 0xE9, 0xF6, 0xFF, 0xE9, 0xF6, 0xFF, 0xE9, 0xF6, 0xFF,
  0xE9, 0xF6, 0xFF, 0xE9, 0xF6, 0xFF, 0xE9, 0xF6, 0xFF, 0xE9, 0xF6, 0xFF, 0xE9, 0xF6, 0xFF, 0xE9,
  0xF6, 0xFF, 0xE9, 0xF6, 0xFF, 0xE9, 0xF6, 0xFF, 0xE9, 0xF6, 0xFF, 0xE9, 0xF6, 0xFF, 0xE9, 0xF6,
  0xFF, 0xE9, 0xF6, 0xFF, 0xE9, 0xF6, 0xFF, 0xE9, 0xF6, 0xFF, 0xE9, 0xF6, 0xFF, 0xE9, 0xF6, 0xFF,
  0xE9, 0xF6, 0xFF, 0xE9, 0xF6, 0xFF, 0xE9, 0xF6, 0xFD, 0x29, 0xFF, 0xFF, 0xE9, 0xF6, 0xD8, 0xE7,
  0xDD, 0x08, 0x00, 0x00, 0x00, 0xE0, 0xFF, 0x01, 0x00, 0x00, 0x00, 0x00, 0x00, 0x00, 0x00, 0x00,
  0x00, 0x00, 0x00, 0x00, 0x00, 0x00, 0x00, 0x00, 0x00, 0x00, 0x00, 0x00, 0x00, 0x00, 0x00, 0x00,
  0x00, 0x00, 0x00, 0x00, 0x00, 0x00, 0x00, 0x00, 0x00, 0x00, 0x00, 0x00, 0x00, 0x00, 0x00, 0x00,
  0x00, 0x00, 0xE0, 0xFF, 0x02, 0x00, 0x00, 0x00, 0xE8, 0xF6, 0x56, 0x29, 0xFF, 0xAF, 0xE9, 0xF6,
  0xAF, 0x09, 0xFF, 0xB2, 0xE9, 0xF6, 0x67, 0xE0, 0xFF, 0x01, 0xE0, 0x7B, 0x02, 0x00, 0x00, 0x00,
  0xE0, 0xFF, 0x01, 0x00, 0x00, 0x00, 0x28, 0xF7, 0x16, 0xE9, 0xF6, 0xE4, 0x09, 0xFF, 0xFF, 0xE9,
  0xF6, 0xFD, 0xE9, 0xF6, 0xFF, 0xE9, 0xF6, 0xFF, 0xE9, 0xF6, 0xFF, 0xE9, 0xF6, 0xFF, 0xE9, 0xF6,
  0xFF, 0xE9, 0xF6, 0xFF, 0xE9, 0xF6, 0xFF, 0xE9, 0xF6, 0xFF, 0xE9, 0xF6, 0xFF, 0xE9, 0xF6, 0xFF,
  0xE9, 0xF6, 0xFF, 0xE9, 0xF6, 0xFF, 0xE9, 0xF6, 0xFF, 0xE9, 0xF6, 0xFF, 0xE9, 0xF6, 0xFF, 0xE9,
  0xF6, 0xFF, 0xE9, 0xF6, 0xFF, 0xE9, 0xF6, 0xFF, 0xE9, 0xF6, 0xFF, 0xE9, 0xF6, 0xFF, 0xE9, 0xF6,
  0xFF, 0xE9, 0xF6, 0xFF, 0xE9, 0xF6, 0xFF, 0xE9, 0xF6, 0xFD, 0x09, 0xF7, 0xFF, 0xE9, 0xF6, 0xE5,
  0xE9, 0xF6, 0x17, 0x00, 0x00, 0x00, 0xE0, 0xFF, 0x01, 0x00, 0x00, 0x00, 0xE0, 0x7B, 0x02, 0xE0,
  0xFF, 0x01, 0xE9, 0xF6, 0x67, 0x09, 0xFF, 0xB2, 0xE9, 0xF6, 0xAE, 0x29, 0xFF, 0xB2, 0xE9, 0xF6,
  0x5B, 0xE0, 0xFF, 0x01, 0xE0, 0xFF, 0x01, 0x00, 0x00, 0x00, 0x00, 0x00, 0x00, 0x00, 0x00, 0x00,
  0xE0, 0xFF, 0x01, 0xE0, 0xFF, 0x01, 0xA5, 0xFE, 0x06, 0xE9, 0xF6, 0xE1, 0xEA, 0xFF, 0xFF, 0x69,
  0xFF, 0xFF, 0xCA, 0xFF, 0xFF, 0xE9, 0xF6, 0xF6, 0x88, 0xE6, 0x0B, 0x00, 0x00, 0x00, 0xE0, 0xFF,
  0x01, 0xE0, 0x7B, 0x02, 0x00, 0x00, 0x00, 0x08, 0xF7, 0x1A, 0xE9, 0xF6, 0xE7, 0x09, 0xF7, 0xFF,
  0xE9, 0xF6, 0xFD, 0xE9, 0xF6, 0xFF, 0xE9, 0xF6, 0xFF, 0xE9, 0xF6, 0xFF, 0xE9, 0xF6, 0xFF, 0xE9,
  0xF6, 0xFF, 0xE9, 0xF6, 0xFF, 0xE9, 0xF6, 0xFF, 0xE9, 0xF6, 0xFF, 0xE9, 0xF6, 0xFF, 0xE9, 0xF6,
  0xFF, 0xE9, 0xF6, 0xFF, 0xE9, 0xF6, 0xFF, 0xE9, 0xF6, 0xFF, 0xE9, 0xF6, 0xFF, 0xE9, 0xF6, 0xFF,
  0xE9, 0xF6, 0xFF, 0xE9, 0xF6, 0xFF, 0xE9, 0xF6, 0xFF, 0xE9, 0xF6, 0xFF, 0xE9, 0xF6, 0xFF, 0xE9,
  0xF6, 0xFF, 0xE9, 0xF6, 0xFF, 0xE9, 0xF6, 0xFF, 0xE9, 0xF6, 0xFD, 0x09, 0xF7, 0xFF, 0xE9, 0xF6,
  0xE7, 0x08, 0xF7, 0x1A, 0x00, 0x00, 0x00, 0xE0, 0x7B, 0x02, 0xE0, 0xFF, 0x01, 0x00, 0x00, 0x00,
  0x88, 0xE6, 0x0B, 0xE9, 0xF6, 0xF6, 0xCA, 0xFF, 0xFF, 0x69, 0xFF, 0xFF, 0xEA, 0xFF, 0xFF, 0xE9,
  0xF6, 0xE1, 0xA5, 0xFE, 0x06, 0xE0, 0xFF, 0x01, 0xE0, 0xFF, 0x01, 0x00, 0x00, 0x00, 0x00, 0x00,
  0x00, 0x00, 0x00, 0x00, 0xE0, 0xFF, 0x01, 0xE0, 0xFF, 0x01, 0xE9, 0xF6, 0x5B, 0x29, 0xFF, 0xB2,
  0xE9, 0xF6, 0xAE, 0x09, 0xFF, 0xB2, 0xE8, 0xF6, 0x67, 0xE0, 0xFF, 0x01, 0xE0, 0x7B, 0x02, 0x00,
  0x00, 0x00, 0xE0, 0xFF, 0x01, 0x00, 0x00, 0x00, 0xE9, 0xF6, 0x17, 0xE9, 0xF6, 0xE5, 0x09, 0xF7,
  0xFF, 0xE9, 0xF6, 0xFD, 0xE9, 0xF6, 0xFF, 0xE9, 0xF6, 0xFF, 0xE9, 0xF6, 0xFF, 0xE9, 0xF6, 0xFF,
  0xE9, 0xF6, 0xFF, 0xE9, 0xF6, 0xFF, 0xE9, 0xF6, 0xFF, 0xE9, 0xF6, 0xFF, 0xE9, 0xF6, 0xFF, 0xE9,
  0xF6, 0xFF, 0xE9, 0xF6, 0xFF, 0xE9, 0xF6, 0xFF, 0xE9, 0xF6, 0xFF, 0xE9, 0xF6, 0xFF, 0xE9, 0xF6,
  0xFF, 0xE9, 0xF6, 0xFF, 0xE9, 0xF6, 0xFF, 0xE9, 0xF6, 0xFF, 0xE9, 0xF6, 0xFF, 0xE9, 0xF6, 0xFF,
  0xE9, 0xF6, 0xFF, 0xE9, 0xF6, 0xFF, 0xE9, 0xF6, 0xFF, 0xE9, 0xF6, 0xFD, 0x09, 0xFF, 0xFF, 0xE9,
  0xF6, 0xE4, 0x28, 0xF7, 0x16, 0x00, 0x00, 0x00, 0xE0, 0xFF, 0x01, 0x00, 0x00, 0x00, 0xE0, 0x7B,
  0x02, 0xE0, 0xFF, 0x01, 0xE8, 0xF6, 0x67, 0x09, 0xFF, 0xB2, 0xE9, 0xF6, 0xAF, 0x29, 0xFF, 0xAF,
  0xE8, 0xF6, 0x56, 0x00, 0x00, 0x00, 0xE0, 0xFF, 0x02, 0x00, 0x00, 0x00, 0x00, 0x00, 0x00, 0x00,
  0x00, 0x00, 0x00, 0x00, 0x00, 0x00, 0x00, 0x00, 0x00, 0x00, 0x00, 0x00, 0x00, 0x00, 0x00, 0x00,
  0x00, 0x00, 0x00, 0x00, 0x00, 0x00, 0x00, 0x00, 0x00, 0x00, 0x00, 0x00, 0x00, 0x00, 0x00, 0x00,
  0x00, 0x00, 0x00, 0xE0, 0xFF, 0x01, 0x00, 0x00, 0x00, 0xE7, 0xDD, 0x08, 0xE9, 0xF6, 0xD8, 0x29,
  0xFF, 0xFF, 0xE9, 0xF6, 0xFD, 0xE9, 0xF6, 0xFF, 0xE9, 0xF6, 0xFF, 0xE9, 0xF6, 0xFF, 0xE9, 0xF6,
  0xFF, 0xE9, 0xF6, 0xFF, 0xE9, 0xF6, 0xFF, 0xE9, 0xF6, 0xFF, 0xE9, 0xF6, 0xFF, 0xE9, 0xF6, 0xFF,
  0xE9, 0xF6, 0xFF, 0xE9, 0xF6, 0xFF, 0xE9, 0xF6, 0xFF, 0xE9, 0xF6, 0xFF, 0xE9, 0xF6, 0xFF, 0xE9,
  0xF6, 0xFF, 0xE9, 0xF6, 0xFF, 0xE9, 0xF6, 0xFF, 0xE9, 0xF6, 0xFF, 0xE9, 0xF6, 0xFF, 0xE9, 0xF6,
  0xFF, 0xE9, 0xF6, 0xFF, 0xE9, 0xF6, 0xFF, 0xE9, 0xF6, 0xFF, 0xE9, 0xF6, 0xFD, 0x29, 0xFF, 0xFF,
  0xE9, 0xF6, 0xD7, 0xE7, 0xDD, 0x08, 0x00, 0x00, 0x00, 0xE0, 0xFF, 0x01, 0x00, 0x00, 0x00, 0x00,
  0x00, 0x00, 0x00, 0x00, 0x00, 0x00, 0x00, 0x00, 0x00, 0x00, 0x00, 0x00, 0x00, 0x00, 0x00, 0x00,
  0x00, 0x00, 0x00, 0x00, 0x00, 0x00, 0x00, 0x00, 0x00, 0x00, 0x00, 0x00, 0x00, 0x00, 0x00, 0x00,
  0x00, 0x00, 0x00, 0x00, 0x00, 0x00, 0x00, 0x00, 0x00, 0x00, 0x00, 0x00, 0xEF, 0xFF, 0x02, 0xE0,
  0xFF, 0x01, 0xE0, 0xFF, 0x01, 0xE0, 0xFF, 0x01, 0x4A, 0xAD, 0x03, 0x00, 0x00, 0x00, 0x00, 0x00,
  0x00, 0x00, 0x00, 0x00, 0x00, 0x00, 0x00, 0xEF, 0xFF, 0x02, 0x00, 0x00, 0x00, 0xE9, 0xF6, 0xB6,
  0x49, 0xFF, 0xFF, 0xE9, 0xF6, 0xFC, 0xE9, 0xF6, 0xFF, 0xE9, 0xF6, 0xFF, 0xE9, 0xF6, 0xFF, 0xE9,
  0xF6, 0xFF, 0xE9, 0xF6, 0xFF, 0xE9, 0xF6, 0xFF, 0xE9, 0xF6, 0xFF, 0xE9, 0xF6, 0xFF, 0xE9, 0xF6,
  0xFF, 0xE9, 0xF6, 0xFF, 0xE9, 0xF6, 0xFF, 0xE9, 0xF6, 0xFF, 0xE9, 0xF6, 0xFF, 0xE9, 0xF6, 0xFF,
  0xE9, 0xF6, 0xFF, 0xE9, 0xF6, 0xFF, 0xE9, 0xF6, 0xFF, 0xE9, 0xF6, 0xFF, 0xE9, 0xF6, 0xFF, 0xE9,
  0xF6, 0xFF, 0xE9, 0xF6, 0xFF, 0xE9, 0xF6, 0xFF, 0xE9, 0xF6, 0xFF, 0xE9, 0xF6, 0xFC, 0x49, 0xFF,
  0xFF, 0xE9, 0xF6, 0xB8, 0x00, 0x00, 0x00, 0xEF, 0xFF, 0x02, 0x00, 0x00, 0x00, 0x00, 0x00, 0x00,
  0x00, 0x00, 0x00, 0x00, 0x00, 0x00, 0x4A, 0xAD, 0x03, 0xE0, 0xFF, 0x01, 0xE0, 0xFF, 0x01, 0xE0,
  0xFF, 0x01, 0xEF, 0xFF, 0x02, 0x00, 0x00, 0x00, 0x00, 0x00, 0x00, 0x00, 0x00, 0x00, 0x00, 0x00,
  0x00, 0x00, 0x00, 0x00, 0x00, 0x00, 0x00, 0x00, 0x00, 0x00, 0x00, 0x00, 0x00, 0x00, 0x00, 0x00,
  0x00, 0x00, 0x00, 0x00, 0x00, 0x00, 0x00, 0x00, 0x00, 0x00, 0x00, 0x00, 0x00, 0x00, 0x00, 0x00,
  0x00, 0x00, 0x00, 0x00, 0x00, 0x00, 0x00, 0x00, 0xEA, 0xFF, 0x03, 0x00, 0x00, 0x00, 0xE9, 0xF6,
  0x73, 0x49, 0xFF, 0xFF, 0xE9, 0xF6, 0xFC, 0xE9, 0xF6, 0xFF, 0xE9, 0xF6, 0xFF, 0xE9, 0xF6, 0xFF,
  0xE9, 0xF6, 0xFF, 0xE9, 0xF6, 0xFF, 0xE9, 0xF6, 0xFF, 0xE9, 0xF6, 0xFF, 0xE9, 0xF6, 0xFF, 0xE9,
  0xF6, 0xFF, 0xE9, 0xF6, 0xFF, 0xE9, 0xF6, 0xFF, 0xE9, 0xF6, 0xFF, 0xE9, 0xF6, 0xFF, 0xE9, 0xF6,
  0xFF, 0xE9, 0xF6, 0xFF, 0xE9, 0xF6, 0xFF, 0xE9, 0xF6, 0xFF, 0xE9, 0xF6, 0xFF, 0xE9, 0xF6, 0xFF,
  0xE9, 0xF6, 0xFF, 0xE9, 0xF6, 0xFF, 0xE9, 0xF6, 0xFF, 0xE9, 0xF6, 0xFF, 0xE9, 0xF6, 0xFC, 0x49,
  0xFF, 0xFF, 0xE9, 0xF6, 0x78, 0x00, 0x00, 0x00, 0xEA, 0xFF, 0x03, 0x00, 0x00, 0x00, 0x00, 0x00,
  0x00, 0x00, 0x00, 0x00, 0x00, 0x00, 0x00, 0x00, 0x00, 0x00, 0x00, 0x00, 0x00, 0x00, 0x00, 0x00,
  0x00, 0x00, 0x00, 0x00, 0x00, 0x00, 0x00, 0x00, 0x00, 0x00, 0x00, 0x00, 0x00, 0x00, 0x00, 0x00,
  0x00, 0x00, 0x00, 0x00, 0x00, 0x00, 0x00, 0x00, 0x00, 0x00, 0x00, 0x00, 0x00, 0x00, 0x00, 0x00,
  0x00, 0x00, 0x00, 0x00, 0x00, 0x00, 0x00, 0x00, 0x00, 0x00, 0x00, 0x00, 0x00, 0x00, 0x00, 0x00,
  0x00, 0x00, 0x00, 0x00, 0x00, 0x00, 0x00, 0x00, 0x00, 0xEF, 0xFF, 0x02, 0x00, 0x00, 0x00, 0xE9,
  0xEE, 0x2C, 0x09, 0xF7, 0xF7, 0xE9, 0xF6, 0xFE, 0xE9, 0xF6, 0xFE, 0xE9, 0xF6, 0xFF, 0xE9, 0xF6,
  0xFF, 0xE9, 0xF6, 0xFF, 0xE9, 0xF6, 0xFF, 0xE9, 0xF6, 0xFF, 0xE9, 0xF6, 0xFF, 0xE9, 0xF6, 0xFF,
  0xE9, 0xF6, 0xFF, 0xE9, 0xF6, 0xFF, 0xE9, 0xF6, 0xFF, 0xE9, 0xF6, 0xFF, 0xE9, 0xF6, 0xFF, 0xE9,
  0xF6, 0xFF, 0xE9, 0xF6, 0xFF, 0xE9, 0xF6, 0xFF, 0xE9, 0xF6, 0xFF, 0xE9, 0xF6, 0xFF, 0xE9, 0xF6,
  0xFF, 0xE9, 0xF6, 0xFF, 0xE9, 0xF6, 0xFF, 0xE9, 0xF6, 0xFF, 0xE9, 0xF6, 0xFE, 0xE9, 0xF6, 0xFE,
  0x09, 0xF7, 0xF8, 0xC8, 0xF6, 0x2B, 0x00, 0x00, 0x00, 0xEF, 0xFF, 0x02, 0x00, 0x00, 0x00, 0x00,
  0x00, 0x00, 0x00, 0x00, 0x00, 0x00, 0x00, 0x00, 0x00, 0x00, 0x00, 0x00, 0x00, 0x00, 0x00, 0x00,
  0x00, 0x00, 0x00, 0x00, 0x00, 0x00, 0x00, 0x00, 0x00, 0x00, 0x00, 0x00, 0x00, 0x00, 0x00, 0x00,
  0x00, 0x00, 0x00, 0x00, 0x00, 0x00, 0x00, 0x00, 0x00, 0x00, 0x00, 0x00, 0x00, 0x00, 0x00, 0x00,
  0x00, 0x00, 0x00, 0x00, 0x00, 0x00, 0x00, 0x00, 0x00, 0x00, 0x00, 0x00, 0x00, 0x00, 0x00, 0x00,
  0x00, 0x00, 0x00, 0x00, 0x00, 0x00, 0x00, 0x00, 0x00, 0x00, 0x00, 0x00, 0x00, 0xEF, 0xFB, 0x02,
  0xE0, 0xFF, 0x01, 0xC9, 0xF6, 0xB6, 0x49, 0xFF, 0xFF, 0xE9, 0xF6, 0xFC, 0xE9, 0xF6, 0xFF, 0xE9,
  0xF6, 0xFF, 0xE9, 0xF6, 0xFF, 0xE9, 0xF6, 0xFF, 0xE9, 0xF6, 0xFF, 0xE9, 0xF6, 0xFF, 0xE9, 0xF6,
  0xFF, 0xE9, 0xF6, 0xFF, 0xE9, 0xF6, 0xFF, 0xE9, 0xF6, 0xFF, 0xE9, 0xF6, 0xFF, 0xE9, 0xF6, 0xFF,
  0xE9, 0xF6, 0xFF, 0xE9, 0xF6, 0xFF, 0xE9, 0xF6, 0xFF, 0xE9, 0xF6, 0xFF, 0xE9, 0xF6, 0xFF, 0xE9,
  0xF6, 0xFF, 0xE9, 0xF6, 0xFF, 0xE9, 0xF6, 0xFF, 0xE9, 0xF6, 0xFF, 0xE9, 0xF6, 0xFC, 0x49, 0xFF,
  0xFF, 0xC9, 0xEE, 0xBA, 0xE0, 0xFF, 0x02, 0xEF, 0xFB, 0x02, 0x00, 0x00, 0x00, 0x00, 0x00, 0x00,
  0x00, 0x00, 0x00, 0x00, 0x00, 0x00, 0x00, 0x00, 0x00, 0x00, 0x00, 0x00, 0x00, 0x00, 0x00, 0x00,
  0x00, 0x00, 0x00, 0x00, 0x00, 0x00, 0x00, 0x00, 0x00, 0x00, 0x00, 0x00, 0x00, 0x00, 0x00, 0x00,
  0x00, 0x00, 0x00, 0x00, 0x00, 0x00, 0x00, 0x00, 0x00, 0x00, 0x00, 0x00, 0x00, 0x00, 0x00, 0x00,
  0x00, 0x00, 0x00, 0x00, 0x00, 0x00, 0x00, 0x00, 0x00, 0x00, 0x00, 0x00, 0x00, 0x00, 0x00, 0x00,
  0x00, 0x00, 0x00, 0x00, 0x00, 0x00, 0x00, 0x00, 0x00, 0x00, 0x00, 0x00, 0x00, 0x00, 0x4A, 0xFD,
  0x03, 0x00, 0x00, 0x00, 0xC8, 0xF6, 0x3D, 0x09, 0xFF, 0xFF, 0xE9, 0xF6, 0xFC, 0xE9, 0xF6, 0xFE,
  0xE9, 0xF6, 0xFF, 0xE9, 0xF6, 0xFF, 0xE9, 0xF6, 0xFF, 0xE9, 0xF6, 0xFF, 0xE9, 0xF6, 0xFF, 0xE9,
  0xF6, 0xFF, 0xE9, 0xF6, 0xFF, 0xE9, 0xF6, 0xFF, 0xE9, 0xF6, 0xFF, 0xE9, 0xF6, 0xFF, 0xE9, 0xF6,
  0xFF, 0xE9, 0xF6, 0xFF, 0xE9, 0xF6, 0xFF, 0xE9, 0xF6, 0xFF, 0xE9, 0xF6, 0xFF, 0xE9, 0xF6, 0xFF,
  0xE9, 0xF6, 0xFF, 0xE9, 0xF6, 0xFF, 0xE9, 0xF6, 0xFF, 0xE9, 0xF6, 0xFE, 0xE9, 0xF6, 0xFC, 0x09,
  0xF7, 0xFF, 0xE9, 0xEE, 0x42, 0x00, 0x00, 0x00, 0x4A, 0xAD, 0x03, 0x00, 0x00, 0x00, 0x00, 0x00,
  0x00, 0x00, 0x00, 0x00, 0x00, 0x00, 0x00, 0x00, 0x00, 0x00, 0x00, 0x00, 0x00, 0x00, 0x00, 0x00,
  0x00, 0x00, 0x00, 0x00, 0x00, 0x00, 0x00, 0x00, 0x00, 0x00, 0x00, 0x00, 0x00, 0x00, 0x00, 0x00,
  0x00, 0x00, 0x00, 0x00, 0x00, 0x00, 0x00, 0x00, 0x00, 0x00, 0x00, 0x00, 0x00, 0x00, 0x00, 0x00,
  0x00, 0x00, 0x00, 0x00, 0x00, 0x00, 0x00, 0x00, 0x00, 0x00, 0x00, 0x00, 0x00, 0x00, 0x00, 0x00,
  0x00, 0x00, 0x00, 0x00, 0x00, 0x00, 0x00, 0x00, 0x00, 0x00, 0x00, 0x00, 0x00, 0x00, 0x00, 0x00,
  0x00, 0x00, 0xEF, 0xFF, 0x02, 0x00, 0x00, 0x00, 0xC9, 0xEE, 0x9E, 0x69, 0xFF, 0xFF, 0xC9, 0xF6,
  0xFB, 0xE9, 0xF6, 0xFF, 0xE9, 0xF6, 0xFF, 0xE9, 0xF6, 0xFF, 0xE9, 0xF6, 0xFF, 0xE9, 0xF6, 0xFF,
  0xE9, 0xF6, 0xFF, 0xE9, 0xF6, 0xFF, 0xE9, 0xF6, 0xFF, 0xE9, 0xF6, 0xFF, 0xE9, 0xF6, 0xFF, 0xE9,
  0xF6, 0xFF, 0xE9, 0xF6, 0xFF, 0xE9, 0xF6, 0xFF, 0xE9, 0xF6, 0xFF, 0xE9, 0xF6, 0xFF, 0xE9, 0xF6,
  0xFF, 0xE9, 0xF6, 0xFF, 0xE9, 0xF6, 0xFF, 0xE9, 0xF6, 0xFF, 0xC9, 0xF6, 0xFB, 0x69, 0xFF, 0xFF,
  0xC8, 0xF6, 0x9D, 0x00, 0x00, 0x00, 0xEF, 0xFF, 0x02, 0x00, 0x00, 0x00, 0x00, 0x00, 0x00, 0x00,
  0x00, 0x00, 0x00, 0x00, 0x00, 0x00, 0x00, 0x00, 0x00, 0x00, 0x00, 0x00, 0x00, 0x00, 0x00, 0x00,
  0x00, 0x00, 0x00, 0x00, 0x00, 0x00, 0x00, 0x00, 0x00, 0x00, 0x00, 0x00, 0x00, 0x00, 0x00, 0x00,
  0x00, 0x00, 0x00, 0x00, 0x00, 0x00, 0x00, 0x00, 0x00, 0x00, 0x00, 0x00, 0x00, 0x00, 0x00, 0x00,
  0x00, 0x00, 0x00, 0x00, 0x00, 0x00, 0x00, 0x00, 0x00, 0x00, 0x00, 0x00, 0x00, 0x00, 0x00, 0x00,
  0x00, 0x00, 0x00, 0x00, 0x00, 0x00, 0x00, 0x00, 0x00, 0x00, 0x00, 0x00, 0x00, 0x00, 0x00, 0x00,
  0x00, 0x00, 0x00, 0xE0, 0xFF, 0x01, 0xE0, 0xFF, 0x01, 0xC9, 0xEE, 0x0E, 0xE9, 0xF6, 0xCF, 0x49,
  0xFF, 0xFF, 0xE9, 0xF6, 0xFB, 0xE9, 0xF6, 0xFF, 0xE9, 0xF6, 0xFF, 0xE9, 0xF6, 0xFF, 0xE9, 0xF6,
  0xFF, 0xE9, 0xF6, 0xFF, 0xE9, 0xF6, 0xFF, 0xE9, 0xF6, 0xFF, 0xE9, 0xF6, 0xFF, 0xE9, 0xF6, 0xFF,
  0xE9, 0xF6, 0xFF, 0xE9, 0xF6, 0xFF, 0xE9, 0xF6, 0xFF, 0xE9, 0xF6, 0xFF, 0xE9, 0xF6, 0xFF, 0xE9,
  0xF6, 0xFF, 0xE9, 0xF6, 0xFF, 0xE9, 0xF6, 0xFF, 0xE9, 0xF6, 0xFB, 0x29, 0xFF, 0xFF, 0x09, 0xF7,
  0xCF, 0xE9, 0xEE, 0x10, 0xEF, 0xFF, 0x02, 0xE0, 0xFF, 0x01, 0x00, 0x00, 0x00, 0x00, 0x00, 0x00,
  0x00, 0x00, 0x00, 0x00, 0x00, 0x00, 0x00, 0x00, 0x00, 0x00, 0x00, 0x00, 0x00, 0x00, 0x00, 0x00,
  0x00, 0x00, 0x00, 0x00, 0x00, 0x00, 0x00, 0x00, 0x00, 0x00, 0x00, 0x00, 0x00, 0x00, 0x00, 0x00,
  0x00, 0x00, 0x00, 0x00, 0x00, 0x00, 0x00, 0x00, 0x00, 0x00, 0x00, 0x00, 0x00, 0x00, 0x00, 0x00,
  0x00, 0x00, 0x00, 0x00, 0x00, 0x00, 0x00, 0x00, 0x00, 0x00, 0x00, 0x00, 0x00, 0x00, 0x00, 0x00,
  0x00, 0x00, 0x00, 0x00, 0x00, 0x00, 0x00, 0x00, 0x00, 0x00, 0x00, 0x00, 0x00, 0x00, 0x00, 0x00,
  0x00, 0x00, 0x00, 0x00, 0x00, 0x00, 0x00, 0xE0, 0xFF, 0x02, 0x00, 0x00, 0x00, 0xA9, 0xF6, 0x26,
  0x09, 0xFF, 0xE2, 0x49, 0xFF, 0xFF, 0xE9, 0xF6, 0xFA, 0xE9, 0xF6, 0xFF, 0xE9, 0xF6, 0xFF, 0xE9,
  0xF6, 0xFF, 0xE9, 0xF6, 0xFF, 0xE9, 0xF6, 0xFF, 0xE9, 0xF6, 0xFF, 0xE9, 0xF6, 0xFF, 0xE9, 0xF6,
  0xFF, 0xE9, 0xF6, 0xFF, 0xE9, 0xF6, 0xFF, 0xE9, 0xF6, 0xFF, 0xE9, 0xF6, 0xFF, 0xE9, 0xF6, 0xFF,
  0xE9, 0xF6, 0xFF, 0xE9, 0xF6, 0xFF, 0xE9, 0xF6, 0xFA, 0x49, 0xFF, 0xFF, 0x09, 0xF7, 0xE3, 0xC9,
  0xEE, 0x23, 0x00, 0x00, 0x00, 0xE0, 0xFF, 0x02, 0x00, 0x00, 0x00, 0x00, 0x00, 0x00, 0x00, 0x00,
  0x00, 0x00, 0x00, 0x00, 0x00, 0x00, 0x00, 0x00, 0x00, 0x00, 0x00, 0x00, 0x00, 0x00, 0x00, 0x00,
  0x00, 0x00, 0x00, 0x00, 0x00, 0x00, 0x00, 0x00, 0x00, 0x00, 0x00, 0x00, 0x00, 0x00, 0x00, 0x00,
  0x00, 0x00, 0x00, 0x00, 0x00, 0x00, 0x00, 0x00, 0x00, 0x00, 0x00, 0x00, 0x00, 0x00, 0x00, 0x00,
  0x00, 0x00, 0x00, 0x00, 0x00, 0x00, 0x00, 0x00, 0x00, 0x00, 0x00, 0x00, 0x00, 0x00, 0x00, 0x00,
  0x00, 0x00, 0x00, 0x00, 0x00, 0x00, 0x00, 0x00, 0x00, 0x00, 0x00, 0x00, 0x00, 0x00, 0x00, 0x00,
  0x00, 0x00, 0x00, 0x00, 0x00, 0x00, 0x00, 0x00, 0x00, 0x00, 0x00, 0x4A, 0xAD, 0x03, 0x00, 0x00,
  0x00, 0xA8, 0xEE, 0x24, 0x09, 0xF7, 0xCE, 0x69, 0xFF, 0xFF, 0xC9, 0xF6, 0xFE, 0xE9, 0xF6, 0xFC,
  0xE9, 0xF6, 0xFE, 0xE9, 0xF6, 0xFF, 0xE9, 0xF6, 0xFF, 0xE9, 0xF6, 0xFF, 0xE9, 0xF6, 0xFF, 0xE9,
  0xF6, 0xFF, 0xE9, 0xF6, 0xFF, 0xE9, 0xF6, 0xFF, 0xE9, 0xF6, 0xFF, 0xE9, 0xF6, 0xFF, 0xE9, 0xF6,
  0xFE, 0xE9, 0xF6, 0xFC, 0xE9, 0xF6, 0xFE, 0x69, 0xFF, 0xFF, 0x09, 0xF7, 0xCD, 0xA9, 0xEE, 0x26,
  0x00, 0x00, 0x00, 0x4A, 0xFD, 0x03, 0x00, 0x00, 0x00, 0x00, 0x00, 0x00, 0x00, 0x00, 0x00, 0x00,
  0x00, 0x00, 0x00, 0x00, 0x00, 0x00, 0x00, 0x00, 0x00, 0x00, 0x00, 0x00, 0x00, 0x00, 0x00, 0x00,
  0x00, 0x00, 0x00, 0x00, 0x00, 0x00, 0x00, 0x00, 0x00, 0x00, 0x00, 0x00, 0x00, 0x00, 0x00, 0x00,
  0x00, 0x00, 0x00, 0x00, 0x00, 0x00, 0x00, 0x00, 0x00, 0x00, 0x00, 0x00, 0x00, 0x00, 0x00, 0x00,
  0x00, 0x00, 0x00, 0x00, 0x00, 0x00, 0x00, 0x00, 0x00, 0x00, 0x00, 0x00, 0x00, 0x00, 0x00, 0x00,
  0x00, 0x00, 0x00, 0x00, 0x00, 0x00, 0x00, 0x00, 0x00, 0x00, 0x00, 0x00, 0x00, 0x00, 0x00, 0x00,
  0xEF, 0xFF, 0x02, 0xEA, 0xFF, 0x03, 0x00, 0x00, 0x00, 0x00, 0x00, 0x00, 0x00, 0x00, 0x00, 0xEF,
  0xFF, 0x02, 0x00, 0x00, 0x00, 0x67, 0xE6, 0x14, 0x09, 0xFF, 0x99, 0x09, 0xFF, 0xFD, 0x49, 0xFF,
  0xFF, 0xE9, 0xF6, 0xFF, 0xE9, 0xF6, 0xFC, 0xE9, 0xF6, 0xFC, 0xE9, 0xF6, 0xFD, 0xE9, 0xF6, 0xFD,
  0xE9, 0xF6, 0xFE, 0xE9, 0xF6, 0xFD, 0xE9, 0xF6, 0xFD, 0xE9, 0xF6, 0xFC, 0xE9, 0xF6, 0xFC, 0xE9,
  0xF6, 0xFF, 0x49, 0xFF, 0xFF, 0x09, 0xFF, 0xFF, 0xE9, 0xF6, 0x9B, 0xA8, 0xE6, 0x12, 0x00, 0x00,
  0x00, 0xEF, 0xFF, 0x02, 0x00, 0x00, 0x00, 0x00, 0x00, 0x00, 0x00, 0x00, 0x00, 0xEA, 0xFF, 0x03,
  0xEF, 0xFF, 0x02, 0x00, 0x00, 0x00, 0x00, 0x00, 0x00, 0x00, 0x00, 0x00, 0x00, 0x00, 0x00, 0x00,
  0x00, 0x00, 0x00, 0x00, 0x00, 0x00, 0x00, 0x00, 0x00, 0x00, 0x00, 0x00, 0x00, 0x00, 0x00, 0x00,
  0x00, 0x00, 0x00, 0x00, 0x00, 0x00, 0x00, 0x00, 0x00, 0x00, 0x00, 0x00, 0x00, 0x00, 0x00, 0x00,
  0x00, 0x00, 0x00, 0x00, 0x00, 0x00, 0x00, 0x00, 0x00, 0x00, 0x00, 0x00, 0x00, 0x00, 0x00, 0x00,
  0x00, 0x00, 0x00, 0x00, 0x00, 0x00, 0x00, 0x00, 0x00, 0x00, 0x00, 0x00, 0x00, 0x00, 0xEF, 0xFF,
  0x02, 0x00, 0x00, 0x00, 0x00, 0x00, 0x00, 0x00, 0x00, 0x00, 0x00, 0x00, 0x00, 0x00, 0x00, 0x00,
  0x00, 0x00, 0x00, 0xE0, 0xFF, 0x02, 0x00, 0x00, 0x00, 0x00, 0x00, 0x00, 0xE9, 0xF6, 0x44, 0x09,
  0xF7, 0xB6, 0xE9, 0xF6, 0xFA, 0x49, 0xFF, 0xFF, 0x49, 0xFF, 0xFF, 0x29, 0xFF, 0xFF, 0x09, 0xFF,
  0xFF, 0x09, 0xF7, 0xFF, 0x09, 0xF7, 0xFF, 0x29, 0xFF, 0xFF, 0x49, 0xFF, 0xFF, 0x49, 0xFF, 0xFF,
  0x09, 0xF7, 0xF8, 0x09, 0xF7, 0xB2, 0xC9, 0xF6, 0x3F, 0x00, 0x00, 0x00, 0x00, 0x00, 0x00, 0xEF,
  0xFF, 0x02, 0x00, 0x00, 0x00, 0x00, 0x00, 0x00, 0x00, 0x00, 0x00, 0x00, 0x00, 0x00, 0x00, 0x00,
  0x00, 0x00, 0x00, 0x00, 0xEF, 0xFF, 0x02, 0x00, 0x00, 0x00, 0x00, 0x00, 0x00, 0x00, 0x00, 0x00,
  0x00, 0x00, 0x00, 0x00, 0x00, 0x00, 0x00, 0x00, 0x00, 0x00, 0x00, 0x00, 0x00, 0x00, 0x00, 0x00,
  0x00, 0x00, 0x00, 0x00, 0x00, 0x00, 0x00, 0x00, 0x00, 0x00, 0x00, 0x00, 0x00, 0x00, 0x00, 0x00,
  0x00, 0x00, 0x00, 0x00, 0x00, 0x00, 0x00, 0x00, 0x00, 0x00, 0x00, 0x00, 0x00, 0x00, 0x00, 0x00,
  0x00, 0x00, 0x00, 0x00, 0x00, 0x00, 0x00, 0x00, 0x00, 0x00, 0x00, 0x00, 0x4A, 0xFD, 0x03, 0x00,
  0x00, 0x00, 0xC9, 0xEE, 0x30, 0xC9, 0xF6, 0x48, 0x00, 0x00, 0x00, 0xE0, 0xFF, 0x01, 0x00, 0x00,
  0x00, 0x00, 0x00, 0x00, 0x00, 0x00, 0x00, 0xE0, 0xFF, 0x01, 0xEA, 0xFF, 0x03, 0x00, 0x00, 0x00,
  0x00, 0x00, 0x00, 0xE9, 0xF6, 0x2E, 0x09, 0xF7, 0x76, 0xE9, 0xF6, 0xB8, 0xE9, 0xF6, 0xD6, 0xE9,
  0xF6, 0xE4, 0xE9, 0xF6, 0xE8, 0xE9, 0xF6, 0xE5, 0xE9, 0xF6, 0xD6, 0xE9, 0xF6, 0xB6, 0xE9, 0xF6,
  0x71, 0x09, 0xF7, 0x2C, 0x00, 0x00, 0x00, 0x00, 0x00, 0x00, 0xEF, 0xFF, 0x02, 0xE0, 0xFF, 0x01,
  0x00, 0x00, 0x00, 0x00, 0x00, 0x00, 0x00, 0x00, 0x00, 0xE0, 0xFF, 0x01, 0x00, 0x00, 0x01, 0xC8,
  0xF6, 0x47, 0xA9, 0xEE, 0x33, 0x00, 0x00, 0x00, 0xEA, 0xFF, 0x03, 0x00, 0x00, 0x00, 0x00, 0x00,
  0x00, 0x00, 0x00, 0x00, 0x00, 0x00, 0x00, 0x00, 0x00, 0x00, 0x00, 0x00, 0x00, 0x00, 0x00, 0x00,
  0x00, 0x00, 0x00, 0x00, 0x00, 0x00, 0x00, 0x00, 0x00, 0x00, 0x00, 0x00, 0x00, 0x00, 0x00, 0x00,
  0x00, 0x00, 0x00, 0x00, 0x00, 0x00, 0x00, 0x00, 0x00, 0x00, 0x00, 0x00, 0x00, 0x00, 0x00, 0x00,
  0x00, 0x00, 0x00, 0x00, 0x00, 0x00, 0x00, 0x00, 0x00, 0x00, 0xE0, 0xFB, 0x02, 0x00, 0x00, 0x00,
  0xC8, 0xF6, 0x48, 0xE9, 0xF6, 0xF6, 0x8A, 0xFF, 0xFF, 0xC9, 0xF6, 0x46, 0x00, 0x00, 0x00, 0xEA,
  0xFF, 0x03, 0x00, 0x00, 0x00, 0x00, 0x00, 0x00, 0x00, 0x00, 0x00, 0x00, 0x00, 0x00, 0xEF, 0xFF,
  0x02, 0xE0, 0xFF, 0x01, 0x00, 0x00, 0x00, 0x00, 0x00, 0x00, 0x00, 0x00, 0x00, 0xC9, 0xFE, 0x07,
  0xE8, 0xF6, 0x16, 0xA9, 0xEE, 0x1A, 0xE9, 0xF6, 0x17, 0xC9, 0xFE, 0x07, 0x00, 0x00, 0x00, 0x00,
  0x00, 0x00, 0x00, 0x00, 0x00, 0xE0, 0xFB, 0x02, 0x4A, 0xAD, 0x03, 0x00, 0x00, 0x00, 0x00, 0x00,
  0x00, 0x00, 0x00, 0x00, 0x00, 0x00, 0x00, 0xEA, 0xFF, 0x03, 0x00, 0x00, 0x00, 0xE8, 0xF6, 0x47,
  0x8A, 0xFF, 0xFF, 0xE9, 0xF6, 0xF6, 0xC8, 0xF6, 0x48, 0x00, 0x00, 0x00, 0xE0, 0xFB, 0x02, 0x00,
  0x00, 0x00, 0x00, 0x00, 0x00, 0x00, 0x00, 0x00, 0x00, 0x00, 0x00, 0x00, 0x00, 0x00, 0x00, 0x00,
  0x00, 0x00, 0x00, 0x00, 0x00, 0x00, 0x00, 0x00, 0x00, 0x00, 0x00, 0x00, 0x00, 0x00, 0x00, 0x00,
  0x00, 0x00, 0x00, 0x00, 0x00, 0x00, 0x00, 0x00, 0x00, 0x00, 0x00, 0x00, 0x00, 0x00, 0x00, 0x00,
  0x00, 0x00, 0x00, 0x00, 0x00, 0x00, 0x00, 0x00, 0xEF, 0xFF, 0x02, 0x00, 0xF8, 0x01, 0xE9, 0xF6,
  0x46, 0xE9, 0xF6, 0xF3, 0x29, 0xFF, 0xFF, 0x09, 0xF7, 0xF3, 0xE9, 0xF6, 0x33, 0x00, 0x00, 0x00,
  0xEF, 0xFF, 0x02, 0x00, 0x00, 0x00, 0x00, 0x00, 0x00, 0x00, 0x00, 0x00, 0x00, 0x00, 0x00, 0x00,
  0x00, 0x00, 0x00, 0x00, 0x00, 0xEF, 0xFF, 0x02, 0xEA, 0xFF, 0x03, 0xEF, 0xFF, 0x02, 0x00, 0x00,
  0x00, 0x00, 0x00, 0x00, 0x00, 0x00, 0x00, 0x00, 0x00, 0x00, 0x00, 0x00, 0x00, 0x4A, 0xAD, 0x03,
  0xEA, 0xFF, 0x03, 0xEF, 0xFF, 0x02, 0x00, 0x00, 0x00, 0x00, 0x00, 0x00, 0x00, 0x00, 0x00, 0x00,
  0x00, 0x00, 0x00, 0x00, 0x00, 0x00, 0x00, 0x00, 0xEF, 0xFF, 0x02, 0x00, 0x00, 0x00, 0xC9, 0xEE,
  0x31, 0x09, 0xF7, 0xF3, 0x29, 0xFF, 0xFF, 0xE9, 0xF6, 0xF3, 0xC9, 0xF6, 0x48, 0x00, 0xF8, 0x01,
  0xEF, 0xFB, 0x02, 0x00, 0x00, 0x00, 0x00, 0x00, 0x00, 0x00, 0x00, 0x00, 0x00, 0x00, 0x00, 0x00,
  0x00, 0x00, 0x00, 0x00, 0x00, 0x00, 0x00, 0x00, 0x00, 0x00, 0x00, 0x00, 0x00, 0x00, 0x00, 0x00,
  0x00, 0x00, 0x00, 0x00, 0x00, 0x00, 0x00, 0x00, 0x00, 0x00, 0x00, 0x00, 0x00, 0x00, 0x00, 0x00,
  0x00, 0x00, 0x00, 0x00, 0x00, 0x00, 0x00, 0x00, 0x00, 0xEF, 0xFF, 0x02, 0x00, 0x00, 0x00, 0xE9,
  0xF6, 0xCE, 0xCA, 0xFF, 0xFF, 0xE9, 0xF6, 0xF3, 0xC8, 0xEE, 0x48, 0x00, 0x00, 0x00, 0xE0, 0xFB,
  0x02, 0x00, 0x00, 0x00, 0x00, 0x00, 0x00, 0x00, 0x00, 0x00, 0x00, 0x00, 0x00, 0x00, 0x00, 0x00,
  0x00, 0x00, 0x00, 0x00, 0x00, 0x00, 0x00, 0x00, 0x00, 0x00, 0x00, 0x00, 0x00, 0x00, 0x00, 0xE0,
  0xFF, 0x01, 0xE0, 0xFF, 0x01, 0xE0, 0x7B, 0x02, 0xE0, 0xFF, 0x01, 0xE0, 0xFF, 0x01, 0x00, 0x00,
  0x00, 0x00, 0x00, 0x00, 0x00, 0x00, 0x00, 0x00, 0x00, 0x00, 0x00, 0x00, 0x00, 0x00, 0x00, 0x00,
  0x00, 0x00, 0x00, 0x00, 0x00, 0x00, 0x00, 0x00, 0x00, 0x00, 0x00, 0x00, 0xE0, 0xFB, 0x02, 0x00,
  0x00, 0x00, 0xC8, 0xEE, 0x48, 0xE9, 0xF6, 0xF4, 0xCA, 0xFF, 0xFF, 0xE9, 0xF6, 0xCD, 0x00, 0x00,
  0x00, 0xEF, 0xFF, 0x02, 0x00, 0x00, 0x00, 0x00, 0x00, 0x00, 0x00, 0x00, 0x00, 0x00, 0x00, 0x00,
  0x00, 0x00, 0x00, 0x00, 0x00, 0x00, 0x00, 0x00, 0x00, 0x00, 0x00, 0x00, 0x00, 0x00, 0x00, 0x00,
  0x00, 0x00, 0x00, 0x00, 0x00, 0x00, 0x00, 0x00, 0x00, 0x00, 0x00, 0x00, 0x00, 0x00, 0x00, 0x00,
  0x00, 0x00, 0x00, 0x00, 0x00, 0x00, 0x00, 0x00, 0x00, 0x00, 0xEF, 0xFF, 0x02, 0x00, 0x00, 0x00,
  0xE9, 0xF6, 0x5F, 0x69, 0xFF, 0xBE, 0xE9, 0xF6, 0x46, 0x00, 0x00, 0x00, 0x4A, 0xFD, 0x03, 0x00,
  0x00, 0x00, 0x00, 0x00, 0x00, 0x00, 0x00, 0x00, 0x00, 0x00, 0x00, 0x00, 0x00, 0x00, 0x00, 0x00,
  0x00, 0x00, 0x00, 0x00, 0x00, 0x00, 0x00, 0x00, 0x00, 0x00, 0x00, 0x00, 0x00, 0x00, 0x00, 0x00,
  0x00, 0x00, 0x00, 0x00, 0x00, 0x00, 0xE0, 0xFF, 0x01, 0x00, 0x00, 0x00, 0x00, 0x00, 0x00, 0x00,
  0x00, 0x00, 0x00, 0x00, 0x00, 0x00, 0x00, 0x00, 0x00, 0x00, 0x00, 0x00, 0x00, 0x00, 0x00, 0x00,
  0x00, 0x00, 0x00, 0x00, 0x00, 0x00, 0x00, 0x00, 0x00, 0x00, 0x00, 0x00, 0x00, 0x00, 0x00, 0x00,
  0x4A, 0xFD, 0x03, 0x00, 0x00, 0x00, 0xE9, 0xF6, 0x45, 0x69, 0xFF, 0xBF, 0xE9, 0xF6, 0x5F, 0x00,
  0x00, 0x00, 0xEF, 0xFF, 0x02, 0x00, 0x00, 0x00, 0x00, 0x00, 0x00, 0x00, 0x00, 0x00, 0x00, 0x00,
  0x00, 0x00, 0x00, 0x00, 0x00, 0x00, 0x00, 0x00, 0x00, 0x00, 0x00, 0x00, 0x00, 0x00, 0x00, 0x00,
  0x00, 0x00, 0x00, 0x00, 0x00, 0x00, 0x00, 0x00, 0x00, 0x00, 0x00, 0x00, 0x00, 0x00, 0x00, 0x00,
  0x00, 0x00, 0x00, 0x00, 0x00, 0x00, 0x00, 0x00, 0x00, 0x00, 0x00, 0x00, 0x00, 0x00, 0x00, 0x00,
  0x00, 0x00, 0x00, 0x00, 0x00, 0x00, 0x00, 0x00, 0x00, 0x00, 0xEF, 0xFF, 0x02, 0x00, 0x00, 0x00,
  0x00, 0x00, 0x00, 0x00, 0x00, 0x00, 0x00, 0x00, 0x00, 0x00, 0x00, 0x00, 0x00, 0x00, 0x00, 0x00,
  0x00, 0x00, 0x00, 0x00, 0x00, 0x00, 0x00, 0x00, 0x00, 0x00, 0x00, 0x00, 0x00, 0x00, 0x00, 0x00,
  0x00, 0x00, 0x00, 0x00, 0xE0, 0xFF, 0x01, 0x00, 0x00, 0x00, 0xE0, 0xFF, 0x01, 0x00, 0x00, 0x00,
  0x00, 0x00, 0x00, 0x00, 0x00, 0x00, 0x00, 0x00, 0x00, 0x00, 0x00, 0x00, 0x00, 0x00, 0x00, 0x00,
  0x00, 0x00, 0x00, 0x00, 0x00, 0x00, 0x00, 0x00, 0x00, 0x00, 0x00, 0x00, 0x00, 0x00, 0x00, 0x00,
  0x00, 0x00, 0x00, 0x00, 0xEF, 0xFF, 0x02, 0x00, 0x00, 0x00, 0x00, 0x00, 0x00, 0x00, 0x00, 0x00,
  0x00, 0x00, 0x00, 0x00, 0x00, 0x00, 0x00, 0x00, 0x00, 0x00, 0x00, 0x00, 0x00, 0x00, 0x00, 0x00,
  0x00, 0x00, 0x00, 0x00, 0x00, 0x00, 0x00, 0x00, 0x00, 0x00, 0x00, 0x00, 0x00, 0x00, 0x00, 0x00,
  0x00, 0x00, 0x00, 0x00, 0x00, 0x00, 0x00, 0x00, 0x00, 0x00, 0x00, 0x00, 0x00, 0x00, 0x00, 0x00,
  0x00, 0x00, 0x00, 0x00, 0x00, 0x00, 0x00, 0x00, 0x00, 0x00, 0x00, 0x00, 0x00, 0x00, 0x00, 0x00,
  0x00, 0x00, 0xEF, 0xFF, 0x02, 0xEF, 0xFF, 0x02, 0xEF, 0xFF, 0x02, 0x00, 0x00, 0x00, 0x00, 0x00,
  0x00, 0x00, 0x00, 0x00, 0x00, 0x00, 0x00, 0x00, 0x00, 0x00, 0x00, 0x00, 0x00, 0x00, 0x00, 0x00,
  0x00, 0x00, 0x00, 0x00, 0x00, 0x00, 0x00, 0x00, 0x00, 0x00, 0x00, 0x00, 0x00, 0x00, 0x00, 0x00,
  0x00, 0x00, 0x00, 0x00, 0x00, 0x00, 0x00, 0x00, 0x07, 0xFF, 0x09, 0x00, 0x00, 0x00, 0x00, 0x00,
  0x00, 0x00, 0x00, 0x00, 0x00, 0x00, 0x00, 0x00, 0x00, 0x00, 0x00, 0x00, 0x00, 0x00, 0x00, 0x00,
  0x00, 0x00, 0x00, 0x00, 0x00, 0x00, 0x00, 0x00, 0x00, 0x00, 0x00, 0x00, 0x00, 0x00, 0x00, 0x00,
  0x00, 0x00, 0x00, 0x00, 0x00, 0x00, 0x00, 0x00, 0xEF, 0xFF, 0x02, 0xFF, 0xFF, 0x01, 0xEF, 0xFF,
  0x02, 0x00, 0x00, 0x00, 0x00, 0x00, 0x00, 0x00, 0x00, 0x00, 0x00, 0x00, 0x00, 0x00, 0x00, 0x00,
  0x00, 0x00, 0x00, 0x00, 0x00, 0x00, 0x00, 0x00, 0x00, 0x00, 0x00, 0x00, 0x00, 0x00, 0x00, 0x00,
  0x00, 0x00, 0x00, 0x00, 0x00, 0x00, 0x00, 0x00, 0x00, 0x00, 0x00, 0x00, 0x00, 0x00, 0x00, 0x00,
  0x00, 0x00, 0x00, 0x00, 0x00, 0x00, 0x00, 0x00, 0x00, 0x00, 0x00, 0x00, 0x00, 0x00, 0x00, 0x00,
  0x00, 0x00, 0x00, 0x00, 0x00, 0x00, 0x00, 0x00, 0x00, 0x00, 0x00, 0x00, 0x00, 0x00, 0x00, 0x00,
  0x00, 0x00, 0x00, 0x00, 0x00, 0x00, 0x00, 0x00, 0x00, 0x00, 0x00, 0x00, 0x00, 0x00, 0x00, 0x00,
  0x00, 0x00, 0x00, 0x00, 0x00, 0x00, 0x00, 0x00, 0x00, 0x00, 0x00, 0x00, 0x00, 0x00, 0x00, 0x00,
  0x4A, 0xFD, 0x03, 0x00, 0x00, 0x00, 0xE9, 0xF6, 0x67, 0x8A, 0xFF, 0xDF, 0xE9, 0xF6, 0x67, 0x00,
  0x00, 0x00, 0x4A, 0xFD, 0x03, 0x00, 0x00, 0x00, 0x00, 0x00, 0x00, 0x00, 0x00, 0x00, 0x00, 0x00,
  0x00, 0x00, 0x00, 0x00, 0x00, 0x00, 0x00, 0x00, 0x00, 0x00, 0x00, 0x00, 0x00, 0x00, 0x00, 0x00,
  0x00, 0x00, 0x00, 0x00, 0x00, 0x00, 0x00, 0x00, 0x00, 0x00, 0x00, 0x00, 0x00, 0x00, 0x00, 0x00,
  0x00, 0x00, 0x00, 0x00, 0x00, 0x00, 0x00, 0x00, 0x00, 0x00, 0x00, 0x00, 0x00, 0x00, 0x00, 0x00,
  0x00, 0x00, 0x00, 0x00, 0x00, 0x00, 0x00, 0x00, 0x00, 0x00, 0x00, 0x00, 0x00, 0x00, 0x00, 0x00,
  0x00, 0x00, 0x00, 0x00, 0x00, 0x00, 0x00, 0x00, 0x00, 0x00, 0x00, 0x00, 0x00, 0x00, 0x00, 0x00,
  0x00, 0x00, 0x00, 0x00, 0x00, 0x00, 0x00, 0x00, 0x00, 0x00, 0x00, 0x00, 0x00, 0x00, 0x00, 0x00,
  0x00, 0x00, 0x00, 0x00, 0x00, 0x00, 0x00, 0x00, 0x00, 0x00, 0x00, 0x00, 0x00, 0x00, 0x00, 0x00,
  0x00, 0x00, 0x00, 0x00, 0x00, 0x00, 0x00, 0x00, 0x00, 0x00, 0x00, 0x00, 0x00, 0x00, 0x00, 0x00,
  0x00, 0x00, 0x00, 0x00, 0x00, 0x00, 0x00, 0x00, 0x00, 0x00, 0x00, 0x00, 0x00, 0x00, 0x00, 0x00,
  0x00, 0xE0, 0xFF, 0x01, 0x00, 0x00, 0x00, 0xE9, 0xF6, 0xB7, 0xCA, 0xFF, 0xFF, 0xE9, 0xF6, 0xB8,
  0x00, 0x00, 0x00, 0xE0, 0xFF, 0x01, 0x00, 0x00, 0x00, 0x00, 0x00, 0x00, 0x00, 0x00, 0x00, 0x00,
  0x00, 0x00, 0x00, 0x00, 0x00, 0x00, 0x00, 0x00, 0x00, 0x00, 0x00, 0x00, 0x00, 0x00, 0x00, 0x00,
  0x00, 0x00, 0x00, 0x00, 0x00, 0x00, 0x00, 0x00, 0x00, 0x00, 0x00, 0x00, 0x00, 0x00, 0x00, 0x00,
  0x00, 0x00, 0x00, 0x00, 0x00, 0x00, 0x00, 0x00, 0x00, 0x00, 0x00, 0x00, 0x00, 0x00, 0x00, 0x00,
  0x00, 0x00, 0x00, 0x00, 0x00, 0x00, 0x00, 0x00, 0x00, 0x00, 0x00, 0x00, 0x00, 0x00, 0x00, 0x00,
  0x00, 0x00, 0x00, 0x00, 0x00, 0x00, 0x00, 0x00, 0x00, 0x00, 0x00, 0x00, 0x00, 0x00, 0x00, 0x00,
  0x00, 0x00, 0x00, 0x00, 0x00, 0x00, 0x00, 0x00, 0x00, 0x00, 0x00, 0x00, 0x00, 0x00, 0x00, 0x00,
  0x00, 0x00, 0x00, 0x00, 0x00, 0x00, 0x00, 0x00, 0x00, 0x00, 0x00, 0x00, 0x00, 0x00, 0x00, 0x00,
  0x00, 0x00, 0x00, 0x00, 0x00, 0x00, 0x00, 0x00, 0x00, 0x00, 0x00, 0x00, 0x00, 0x00, 0x00, 0x00,
  0x00, 0x00, 0x00, 0x00, 0x00, 0x00, 0x00, 0x00, 0x00, 0x00, 0x00, 0x00, 0x00, 0x00, 0x00, 0x00,
  0x00, 0x00, 0xE0, 0xFF, 0x01, 0x00, 0x00, 0x00, 0xE9, 0xF6, 0xAE, 0x89, 0xFF, 0xFB, 0xE9, 0xF6,
  0xAE, 0x00, 0x00, 0x00, 0xE0, 0xFF, 0x01, 0x00, 0x00, 0x00, 0x00, 0x00, 0x00, 0x00, 0x00, 0x00,
  0x00, 0x00, 0x00, 0x00, 0x00, 0x00, 0x00, 0x00, 0x00, 0x00, 0x00, 0x00, 0x00, 0x00, 0x00, 0x00,
  0x00, 0x00, 0x00, 0x00, 0x00, 0x00, 0x00, 0x00, 0x00, 0x00, 0x00, 0x00, 0x00, 0x00, 0x00, 0x00,
  0x00, 0x00, 0x00, 0x00, 0x00, 0x00, 0x00, 0x00, 0x00, 0x00, 0x00, 0x00, 0x00, 0x00, 0x00, 0x00,
  0x00, 0x00, 0x00, 0x00, 0x00, 0x00, 0x00, 0x00, 0x00, 0x00, 0x00, 0x00, 0x00, 0x00, 0x00, 0x00,
  0x00, 0x00, 0x00, 0x00, 0x00, 0x00, 0x00, 0x00, 0x00, 0x00, 0x00, 0x00, 0x00, 0x00, 0x00, 0x00,
  0x00, 0x00, 0x00, 0x00, 0x00, 0x00, 0x00, 0x00, 0x00, 0x00, 0x00, 0x00, 0x00, 0x00, 0x00, 0x00,
  0x00, 0x00, 0x00, 0x00, 0x00, 0x00, 0x00, 0x00, 0x00, 0x00, 0x00, 0x00, 0x00, 0x00, 0x00, 0x00,
  0x00, 0x00, 0x00, 0x00, 0x00, 0x00, 0x00, 0x00, 0x00, 0x00, 0x00, 0x00, 0x00, 0x00, 0x00, 0x00,
  0x00, 0x00, 0x00, 0x00, 0x00, 0x00, 0x00, 0x00, 0x00, 0x00, 0x00, 0x00, 0x00, 0x00, 0x00, 0x00,
  0x00, 0x00, 0x00, 0xE0, 0xFF, 0x01, 0x00, 0x00, 0x00, 0xE9, 0xF6, 0xB6, 0xEA, 0xFF, 0xFF, 0xE9,
  0xF6, 0xB8, 0x00, 0x00, 0x00, 0xE0, 0xFF, 0x01, 0x00, 0x00, 0x00, 0x00, 0x00, 0x00, 0x00, 0x00,
  0x00, 0x00, 0x00, 0x00, 0x00, 0x00, 0x00, 0x00, 0x00, 0x00, 0x00, 0x00, 0x00, 0x00, 0x00, 0x00,
  0x00, 0x00, 0x00, 0x00, 0x00, 0x00, 0x00, 0x00, 0x00, 0x00, 0x00, 0x00, 0x00, 0x00, 0x00, 0x00,
  0x00, 0x00, 0x00, 0x00, 0x00, 0x00, 0x00, 0x00, 0x00, 0x00, 0x00, 0x00, 0x00, 0x00, 0x00, 0x00,
  0x00, 0x00, 0x00, 0x00, 0x00, 0x00, 0x00, 0x00, 0x00, 0x00, 0x00, 0x00, 0x00, 0x00, 0x00, 0x00,
  0x00, 0x00, 0x00, 0x00, 0x00, 0x00, 0x00, 0x00, 0x00, 0x00, 0x00, 0x00, 0x00, 0x00, 0x00, 0x00,
  0x00, 0x00, 0x00, 0x00, 0x00, 0x00, 0x00, 0x00, 0x00, 0x00, 0x00, 0x00, 0x00, 0x00, 0x00, 0x00,
  0x00, 0x00, 0x00, 0x00, 0x00, 0x00, 0x00, 0x00, 0x00, 0x00, 0x00, 0x00, 0x00, 0x00, 0x00, 0x00,
  0x00, 0x00, 0x00, 0x00, 0x00, 0x00, 0x00, 0x00, 0x00, 0x00, 0x00, 0x00, 0x00, 0x00, 0x00, 0x00,
  0x00, 0x00, 0x00, 0x00, 0x00, 0x00, 0x00, 0x00, 0x00, 0x00, 0x00, 0x00, 0x00, 0x00, 0x00, 0x00,
  0x00, 0x00, 0x00, 0x00, 0xE0, 0xFF, 0x02, 0x00, 0x00, 0x00, 0xC9, 0xF6, 0x56, 0x8A, 0xFF, 0xCE,
  0xC9, 0xEE, 0x5C, 0x00, 0x00, 0x00, 0xE0, 0xFF, 0x02, 0x00, 0x00, 0x00, 0x00, 0x00, 0x00, 0x00,
  0x00, 0x00, 0x00, 0x00, 0x00, 0x00, 0x00, 0x00, 0x00, 0x00, 0x00, 0x00, 0x00, 0x00, 0x00, 0x00,
  0x00, 0x00, 0x00, 0x00, 0x00, 0x00, 0x00, 0x00, 0x00, 0x00, 0x00, 0x00, 0x00, 0x00, 0x00, 0x00,
  0x00, 0x00, 0x00, 0x00, 0x00, 0x00, 0x00, 0x00, 0x00, 0x00, 0x00, 0x00, 0x00, 0x00, 0x00, 0x00,
  0x00, 0x00, 0x00, 0x00, 0x00, 0x00, 0x00, 0x00, 0x00, 0x00, 0x00, 0x00, 0x00, 0x00, 0x00, 0x00,
  0x00, 0x00, 0x00, 0x00, 0x00, 0x00, 0x00, 0x00, 0x00, 0x00, 0x00, 0x00, 0x00, 0x00, 0x00, 0x00,
  0x00, 0x00, 0x00, 0x00, 0x00, 0x00, 0x00, 0x00, 0x00, 0x00, 0x00, 0x00, 0x00, 0x00, 0x00, 0x00,
  0x00, 0x00, 0x00, 0x00, 0x00, 0x00, 0x00, 0x00, 0x00, 0x00, 0x00, 0x00, 0x00, 0x00, 0x00, 0x00,
  0x00, 0x00, 0x00, 0x00, 0x00, 0x00, 0x00, 0x00, 0x00, 0x00, 0x00, 0x00, 0x00, 0x00, 0x00, 0x00,
  0x00, 0x00, 0x00, 0x00, 0x00, 0x00, 0x00, 0x00, 0x00, 0x00, 0x00, 0x00, 0x00, 0x00, 0x00, 0x00,
  0x00, 0x00, 0x00, 0x00, 0x00, 0x00, 0x00, 0x00, 0x00, 0x00, 0x00, 0x00, 0x00, 0x00, 0x26, 0xCB,
  0x05, 0x00, 0x00, 0x00, 0x00, 0x00, 0x00, 0x00, 0x00, 0x00, 0x00, 0x00, 0x00, 0x00, 0x00, 0x00,
  0x00, 0x00, 0x00, 0x00, 0x00, 0x00, 0x00, 0x00, 0x00, 0x00, 0x00, 0x00, 0x00, 0x00, 0x00, 0x00,
  0x00, 0x00, 0x00, 0x00, 0x00, 0x00, 0x00, 0x00, 0x00, 0x00, 0x00, 0x00, 0x00, 0x00, 0x00, 0x00,
  0x00, 0x00, 0x00, 0x00, 0x00, 0x00, 0x00, 0x00, 0x00, 0x00, 0x00, 0x00, 0x00, 0x00, 0x00, 0x00,
  0x00, 0x00, 0x00, 0x00, 0x00, 0x00, 0x00, 0x00, 0x00, 0x00, 0x00, 0x00, 0x00, 0x00, 0x00, 0x00,
  0x00, 0x00, 0x00, 0x00, 0x00, 0x00, 0x00, 0x00, 0x00, 0x00, 0x00, 0x00, 0x00, 0x00, 0x00, 0x00,
  0x00, 0x00, 0x00, 0x00, 0x00, 0x00, 0x00, 0x00, 0x00, 0x00, 0x00, 0x00, 0x00, 0x00, 0x00, 0x00,
  0x00, 0x00, 0x00, 0x00, 0x00, 0x00, 0x00, 0x00, 0x00, 0x00, 0x00, 0x00, 0x00, 0x00, 0x00, 0x00,
  0x00, 0x00, 0x00, 0x00, 0x00, 0x00, 0x00, 0x00, 0x00, 0x00, 0x00, 0x00, 0x00, 0x00, 0x00, 0x00,
  0x00, 0x00, 0x00, 0x00, 0x00, 0x00, 0x00, 0x00, 0x00, 0x00, 0x00, 0x00, 0x00, 0x00, 0x00, 0x00,
  0x00, 0x00, 0x00, 0x00, 0x00, 0x00, 0x00, 0x00, 0x00, 0x00, 0x00, 0x00, 0xE0, 0xFF, 0x02, 0x00,
  0x00, 0x00, 0xE0, 0xFF, 0x01, 0x00, 0x00, 0x00, 0x00, 0x00, 0x00, 0x00, 0x00, 0x00, 0x00, 0x00,
  0x00, 0x00, 0x00, 0x00, 0x00, 0x00, 0x00, 0x00, 0x00, 0x00, 0x00, 0x00, 0x00, 0x00, 0x00, 0x00,
  0x00, 0x00, 0x00, 0x00, 0x00, 0x00, 0x00, 0x00, 0x00, 0x00, 0x00, 0x00, 0x00, 0x00, 0x00, 0x00,
  0x00, 0x00, 0x00, 0x00, 0x00, 0x00, 0x00, 0x00, 0x00, 0x00, 0x00, 0x00, 0x00, 0x00, 0x00, 0x00,
  0x00, 0x00, 0x00, 0x00, 0x00, 0x00, 0x00, 0x00, 0x00, 0x00, 0x00, 0x00, 0x00, 0x00, 0x00, 0x00,
  0x00, 0x00, 0x00, 0x00, 0x00, 0x00, 0x00, 0x00, 0x00, 0x00, 0x00, 0x00, 0x00, 0x00, 0x00, 0x00,
  0x00, 0x00, 0x00, 0x00, 0x00, 0x00, 0x00, 0x00, 0x00, 0x00, 0x00, 0x00, 0x00, 0x00, 0x00, 0x00,
  0x00, 0x00, 0x00, 0x00, 0x00, 0x00, 0x00, 0x00, 0x00, 0x00, 0x00, 0x00, 0x00, 0x00, 0x00, 0x00,
  0x00, 0x00, 0x00, 0x00, 0x00, 0x00, 0x00, 0x00, 0x00, 0x00, 0x00, 0x00, 0x00, 0x00, 0x00, 0x00,
  0x00, 0x00, 0x00, 0x00, 0x00, 0x00, 0x00, 0x00, 0x00, 0x00, 0x00, 0x00, 0x00, 0x00, 0x00, 0x00,
  0x00, 0x00, 0x00, 0x00, 0x00, 0x00, 0x00, 0x00, 0x00, 0x00, 0x00, 0x00, 0x00, 0x00, 0x00, 0x00,
  0xE0, 0xFF, 0x01, 0x00, 0x00, 0x00, 0x00, 0x00, 0x00, 0x00, 0x00, 0x00, 0x00, 0x00, 0x00, 0x00,
  0x00, 0x00, 0x00, 0x00, 0x00, 0x00, 0x00, 0x00, 0x00, 0x00, 0x00, 0x00, 0x00, 0x00, 0x00, 0x00,
  0x00, 0x00, 0x00, 0x00, 0x00, 0x00, 0x00, 0x00, 0x00, 0x00, 0x00, 0x00, 0x00, 0x00, 0x00, 0x00,
  0x00, 0x00, 0x00, 0x00, 0x00, 0x00, 0x00, 0x00, 0x00, 0x00, 0x00, 0x00, 0x00, 0x00, 0x00, 0x00,
  0x00, 0x00, 0x00, 0x00, 0x00, 0x00, 0x00, 0x00, 0x00, 0x00, 0x00, 0x00, 0x00, 0x00, 0x00, 0x00,
  0x00, 0x00, 0x00, 0x00, 0x00, 0x00, 0x00, 0x00, 0x00, 0x00, 0x00, 0x00, 0x00, 0x00, 0x00, 0x00,
  0x00, 0x00, 0x00, 0x00, 0x00, 0x00, 0x00, 0x00, 0x00, 0x00, 0x00, 0x00, 0x00, 0x00, 0x00, 0x00,
  0x00, 0x00, 0x00, 0x00, 0x00, 0x00, 0x00, 0x00, 0x00, 0x00, 0x00, 0x00, 0x00, 0x00, 0x00, 0x00,
  0x00, 0x00, 0x00, 0x00, 0x00, 0x00, 0x00, 0x00, 0x00, 0x00, 0x00, 0x00, 0x00, 0x00, 0x00, 0x00,
  0x00, 0x00, 0x00, 0x00, 0x00, 0x00, 0x00, 0x00, 0x00, 0x00, 0x00, 0x00, 0x00, 0x00, 0x00, 0x00,
  0x00, 0x00, 0x00, 0x00, 0x00, 0x00, 0x00, 0x00, 0x00, 0x00, 0x00, 0x00, 0x00, 0x00, 0x00, 0x00,
  0x00, 0x00, 0x00, 0x00, 0x00, 0x00, 0x00, 0x00, 0x00, 0x00, 0x00, 0x00, 0x00, 0x00, 0x00, 0x00,
  0x00, 0x00, 0x00, 0x00, 0x00, 0x00, 0x00, 0x00, 0x00, 0x00, 0x00, 0x00, 0x00, 0x00, 0x00, 0x00,
  0x00, 0x00, 0x00, 0x00, 0x00, 0x00, 0x00, 0x00, 0x00, 0x00, 0x00, 0x00, 0x00, 0x00, 0x00, 0x00,
  0x00, 0x00, 0x00, 0x00, 0x00, 0x00, 0x00, 0x00, 0x00, 0x00, 0x00, 0x00, 0x00, 0x00, 0x00, 0x00,
  0x00, 0x00, 0x00, 0x00, 0x00, 0x00, 0x00, 0x00, 0x00, 0x00, 0x00, 0x00, 0x00, 0x00, 0x00, 0x00,
  0x00, 0x00, 0x00, 0x00, 0x00, 0x00, 0x00, 0x00, 0x00, 0x00, 0x00,
};
const lv_img_dsc_t ic_brightness_high_active = {
  .header.always_zero = 0,
  .header.w = 59,
  .header.h = 59,
  .data_size = 10443,
  .header.cf = LV_IMG_CF_TRUE_COLOR_ALPHA,
  .data = ic_brightness_high_active_data,
};

/* ic_brightness_high_normal.png */
static const uint8_t ic_brightness_high_normal_data[] = {
  0x00, 0x00, 0x00, 0x00, 0x00, 0x00, 0x00, 0x00, 0x00, 0x00, 0x00, 0x00, 0x00, 0x00, 0x00, 0x00,
  0x00, 0x00, 0x00, 0x00, 0x00, 0x00, 0x00, 0x00, 0x00, 0x00, 0x00, 0x00, 0x00, 0x00, 0x00, 0x00,
  0x00, 0x00, 0x00, 0x00, 0x00, 0x00, 0x00, 0x00, 0x00, 0x00, 0x00, 0x00, 0x00, 0x00, 0x00, 0x00,
  0x00, 0x00, 0x00, 0x00, 0x00, 0x00, 0x00, 0x00, 0x00, 0x00, 0x00, 0x00, 0x00, 0x00, 0x00, 0x00,
  0x00, 0x00, 0x00, 0x00, 0x00, 0x00, 0x00, 0x00, 0x00, 0x00, 0x00, 0x00, 0x00, 0x00, 0x00, 0x00,
  0x00, 0x00, 0x00, 0x00, 0x00, 0x00, 0x00, 0x00, 0x00, 0x00, 0x00, 0x00, 0x00, 0x00, 0x00, 0x00,
  0x00, 0x00, 0x00, 0x00, 0x00, 0x00, 0x00, 0x00, 0x00, 0x00, 0x00, 0x00, 0x00, 0x00, 0x00, 0x00,
  0x00, 0x00, 0x00, 0x00, 0x00, 0x00, 0x00, 0x00, 0x00, 0x00, 0x00, 0x00, 0x00, 0x00, 0x00, 0x00,
  0x00, 0x00, 0x00, 0x00, 0x00, 0x00, 0x00, 0x00, 0x00, 0x00, 0x00, 0x00, 0x00, 0x00, 0x00, 0x00,
  0x00, 0x00, 0x00, 0x00, 0x00, 0x00, 0x00, 0x00, 0x00, 0x00, 0x00, 0x00, 0x00, 0x00, 0x00, 0x00,
  0x00, 0x00, 0x00, 0x00, 0x00, 0x00, 0x00, 0x00, 0x00, 0x00, 0x00, 0x00, 0x00, 0x00, 0x00, 0x00,
  0x00, 0x00, 0x00, 0x00, 0x00, 0x00, 0x00, 0x00, 0x00, 0x00, 0x00, 0x00, 0x00, 0x00, 0x00, 0x00,
  0x00, 0x00, 0x00, 0x00, 0x00, 0x00, 0x00, 0x00, 0x00, 0x00, 0x00, 0x00, 0x00, 0x00, 0x00, 0x00,
  0x00, 0x00, 0x00, 0x00, 0x00, 0x00, 0x00, 0x00, 0x00, 0x00, 0x00, 0x00, 0x00, 0x00, 0x00, 0x00,
  0x00, 0x00, 0x00, 0x00, 0x00, 0x00, 0x00, 0x00, 0x00, 0x00, 0x00, 0x00, 0x00, 0x00, 0x00, 0x00,
  0x00, 0x00, 0x00, 0x00, 0x00, 0x00, 0x00, 0x00, 0x00, 0x00, 0x00, 0x00, 0x00, 0x00, 0x00, 0x00,
  0x00, 0x00, 0x00, 0x00, 0x00, 0x00, 0x00, 0x00, 0x00, 0x00, 0x00, 0x55, 0xAD, 0x03, 0xEF, 0x7B,
  0x02, 0x00, 0x00, 0x00, 0x00, 0x00, 0x00, 0x00, 0x00, 0x00, 0x00, 0x00, 0x00, 0x00, 0x00, 0x00,
  0x00, 0x00, 0x00, 0x00, 0x00, 0x00, 0x00, 0x00, 0x00, 0x00, 0x00, 0x00, 0x00, 0x00, 0x00, 0x00,
  0x00, 0x00, 0x00, 0x00, 0x00, 0x00, 0x00, 0x00, 0x00, 0x00, 0x00, 0x00, 0x00, 0x00, 0x00, 0x00,
  0x00, 0x00, 0x00, 0x00, 0x00, 0x00, 0x00, 0x00, 0x00, 0x00, 0x00, 0x00, 0x00, 0x00, 0x00, 0x00,
  0x00, 0x00, 0x00, 0x00, 0x00, 0x00, 0x00, 0x00, 0x00, 0x00, 0x00, 0x00, 0x00, 0x00, 0x00, 0x00,
  0x00, 0x00, 0x00, 0x00, 0x00, 0x00, 0x00, 0x00, 0x00, 0x00, 0x00, 0x00, 0x00, 0x00, 0x00, 0x00,
  0x00, 0x00, 0x00, 0x00, 0x00, 0x00, 0x00, 0x00, 0x00, 0x00, 0x00, 0x00, 0x00, 0x00, 0x00, 0x00,
  0x00, 0x00, 0x00, 0x00, 0x00, 0x00, 0x00, 0x00, 0x00, 0x00, 0x00, 0x00, 0x00, 0x00, 0x00, 0x00,
  0x00, 0x00, 0x00, 0x00, 0x00, 0x00, 0x00, 0x00, 0x00, 0x00, 0x00, 0x00, 0x00, 0x00, 0x00, 0x00,
  0x00, 0x00, 0x00, 0x00, 0x00, 0x00, 0x00, 0x00, 0x00, 0x00, 0x00, 0x00, 0x00, 0x00, 0x00, 0x00,
  0x00, 0x00, 0x00, 0x00, 0x00, 0x00, 0x00, 0x00, 0x00, 0x00, 0x00, 0x00, 0x00, 0x00, 0x00, 0x00,
  0x00, 0x00, 0x00, 0x00, 0x00, 0x00, 0x00, 0x00, 0x00, 0x00, 0x00, 0x00, 0x00, 0x00, 0x00, 0x00,
  0x00, 0x00, 0x00, 0x00, 0x00, 0x00, 0x00, 0x00, 0x00, 0x00, 0x00, 0x00, 0x00, 0x00, 0x00, 0x00,
  0x00, 0x00, 0x00, 0x00, 0x00, 0x00, 0x00, 0x00, 0x00, 0x00, 0x00, 0x00, 0x00, 0x00, 0x00, 0x00,
  0x00, 0x00, 0x00, 0x00, 0x00, 0x00, 0x00, 0x00, 0x00, 0x00, 0x00, 0x00, 0x00, 0x00, 0x00, 0x00,
  0x00, 0x00, 0x00, 0x00, 0x00, 0x00, 0x00, 0x00, 0x00, 0x00, 0x00, 0x00, 0x00, 0x00, 0x00, 0x00,
  0x00, 0x00, 0x00, 0x00, 0x00, 0x00, 0x00, 0x00, 0x00, 0x00, 0x00, 0x00, 0x00, 0x00, 0x00, 0x00,
  0x00, 0x00, 0x00, 0x00, 0x00, 0x00, 0x00, 0x00, 0x00, 0x00, 0x00, 0x00, 0x00, 0x00, 0x00, 0x00,
  0x00, 0x00, 0x00, 0x00, 0x00, 0x00, 0x00, 0x00, 0x00, 0x00, 0x00, 0x00, 0x00, 0x00, 0x00, 0x00,
  0x00, 0x00, 0x00, 0x00, 0x00, 0x00, 0x00, 0x00, 0x00, 0x00, 0x00, 0x00, 0x00, 0x00, 0x00, 0x00,
  0x00, 0x00, 0x00, 0x00, 0x00, 0x00, 0x00, 0x00, 0x00, 0x00, 0x00, 0x00, 0x00, 0x00, 0x00, 0x00,
  0x00, 0x00, 0x00, 0x00, 0x00, 0x00, 0x00, 0x00, 0x00, 0x00, 0x00, 0x00, 0x00, 0x00, 0x00, 0x00,
  0x00, 0x00, 0x00, 0x10, 0x84, 0x4B, 0x10, 0x84, 0x35, 0x00, 0x00, 0x00, 0x00, 0x00, 0x01, 0x00,
  0x00, 0x00, 0x00, 0x00, 0x00, 0x00, 0x00, 0x00, 0x00, 0x00, 0x00, 0x00, 0x00, 0x00, 0x00, 0x00,
  0x00, 0x00, 0x00, 0x00, 0x00, 0x00, 0x00, 0x00, 0x00, 0x00, 0x00, 0x00, 0x00, 0x00, 0x00, 0x00,
  0x00, 0x00, 0x00, 0x00, 0x00, 0x00, 0x00, 0x00, 0x00, 0x00, 0x00, 0x00, 0x00, 0x00, 0x00, 0x00,
  0x00, 0x00, 0x00, 0x00, 0x00, 0x00, 0x00, 0x00, 0x00, 0x00, 0x00, 0x00, 0x00, 0x00, 0x00, 0x00,
  0x00, 0x00, 0x00, 0x00, 0x00, 0x00, 0x00, 0x00, 0x00, 0x00, 0x00, 0x00, 0x00, 0x00, 0x00, 0x00,
  0x00, 0x00, 0x00, 0x00, 0x00, 0x00, 0x00, 0x00, 0x00, 0x00, 0x00, 0x00, 0x00, 0x00, 0x00, 0x00,
  0x00, 0x00, 0x00, 0x00, 0x00, 0x00, 0x00, 0x00, 0x00, 0x00, 0x00, 0x00, 0x00, 0x00, 0x00, 0x00,
  0x00, 0x00, 0x00, 0x00, 0x00, 0x00, 0x00, 0x00, 0x00, 0x00, 0x00, 0x00, 0x00, 0x00, 0x00, 0x00,
  0x00, 0x00, 0x00, 0x00, 0x00, 0x00, 0x00, 0x00, 0x00, 0x00, 0x00, 0x00, 0x00, 0x00, 0x00, 0x00,
  0x00, 0x00, 0x00, 0x00, 0x00, 0x00, 0x00, 0x00, 0x00, 0x00, 0x00, 0x00, 0x00, 0x00, 0xAA, 0x52,
  0x03, 0x00, 0x00, 0x00, 0xEF, 0x7B, 0x4A, 0x51, 0x8C, 0xFF, 0x10, 0x84, 0xEE, 0x30, 0x84, 0x19,
  0x00, 0x00, 0x00, 0xFF, 0xFF, 0x01, 0x00, 0x00, 0x00, 0x00, 0x00, 0x00, 0x00, 0x00, 0x00, 0x00,
  0x00, 0x00, 0x00, 0x00, 0x00, 0x00, 0x00, 0x00, 0x00, 0x00, 0x00, 0x00, 0x00, 0x00, 0x00, 0x00,
  0x00, 0x00, 0x00, 0x00, 0x00, 0x00, 0x00, 0x00, 0x00, 0x00, 0x00, 0x00, 0x00, 0x00, 0x00, 0x00,
  0x00, 0x00, 0x00, 0x00, 0x00, 0x00, 0x00, 0x00, 0x00, 0x00, 0x00, 0x00, 0x00, 0x00, 0x00, 0x00,
  0x00, 0x00, 0x00, 0x00, 0x00, 0x00, 0x00, 0x00, 0x00, 0x00, 0x00, 0x00, 0x00, 0x00, 0x00, 0x00,
  0x00, 0x00, 0x00, 0x00, 0x00, 0x00, 0x00, 0x00, 0x00, 0x00, 0x00, 0x00, 0x00, 0x00, 0x00, 0x00,
  0x00, 0x00, 0x00, 0x00, 0x00, 0x00, 0x00, 0x00, 0x00, 0x00, 0x00, 0x00, 0x00, 0x00, 0x00, 0x00,
  0x00, 0x00, 0x00, 0x00, 0x00, 0x00, 0x00, 0x00, 0x00, 0x00, 0x00, 0x00, 0x00, 0x00, 0x00, 0x00,
  0x00, 0x00, 0x00, 0x00, 0x00, 0x00, 0x00, 0x00, 0x00, 0x00, 0x00, 0x00, 0x00, 0x00, 0x00, 0x00,
  0x00, 0x00, 0x00, 0x00, 0x00, 0x00, 0x00, 0x00, 0x00, 0x00, 0x00, 0x00, 0x00, 0x00, 0x00, 0x00,
  0x00, 0x00, 0xEF, 0x7B, 0x04, 0x00, 0x00, 0x00, 0x10, 0x84, 0x66, 0x51, 0x8C, 0xFE, 0x10, 0x84,
  0xF8, 0x10, 0x84, 0x2B, 0x00, 0x00, 0x00, 0xEF, 0x7B, 0x02, 0x00, 0x00, 0x00, 0x00, 0x00, 0x00,
  0x00, 0x00, 0x00, 0x00, 0x00, 0x00, 0x00, 0x00, 0x00, 0x00, 0x00, 0x00, 0x00, 0x00, 0x00, 0x00,
  0x00, 0x00, 0x00, 0x00, 0x00, 0x00, 0x00, 0x00, 0x00, 0x00, 0x00, 0x00, 0x00, 0x00, 0x00, 0x00,
  0x00, 0x00, 0x00, 0x00, 0x00, 0x00, 0x00, 0x00, 0x00, 0x00, 0x00, 0x00, 0x00, 0x00, 0x00, 0x00,
  0x00, 0x00, 0x00, 0x00, 0x00, 0x00, 0x00, 0x00, 0x00, 0x00, 0x00, 0x00, 0x00, 0x00, 0x00, 0x00,
  0x00, 0x00, 0x00, 0x00, 0x00, 0x00, 0x00, 0x00, 0x00, 0x00, 0x00, 0x00, 0x00, 0x00, 0x00, 0x00,
  0x00, 0x00, 0x00, 0x00, 0x00, 0x00, 0x00, 0x00, 0x00, 0x00, 0x00, 0x00, 0x00, 0x00, 0x00, 0x00,
  0x00, 0x00, 0x00, 0x00, 0x00, 0x00, 0x00, 0x00, 0x00, 0x00, 0x00, 0x00, 0x00, 0x00, 0x00, 0x00,
  0x00, 0x00, 0x00, 0x00, 0x00, 0x00, 0x00, 0x00, 0x00, 0x00, 0x00, 0x00, 0x00, 0x00, 0x00, 0x00,
  0x00, 0x00, 0x00, 0x00, 0x00, 0x00, 0x00, 0x00, 0x00, 0x00, 0x00, 0x00, 0x00, 0x00, 0x00, 0x00,
  0x00, 0x00, 0x00, 0x00, 0x00, 0x00, 0xEF, 0x7B, 0x04, 0x00, 0x00, 0x00, 0x10, 0x84, 0x63, 0x51,
  0x8C, 0xFB, 0x10, 0x84, 0xF4, 0x10, 0x84, 0x2B, 0x00, 0x00, 0x00, 0xEF, 0x7B, 0x02, 0x00, 0x00,
  0x00, 0x00, 0x00, 0x00, 0x00, 0x00, 0x00, 0x00, 0x00, 0x00, 0x00, 0x00, 0x00, 0x00, 0x00, 0x00,
  0x00, 0x00, 0x00, 0x00, 0x00, 0x00, 0x00, 0x00, 0x00, 0x00, 0x00, 0x00, 0x00, 0x00, 0x00, 0x00,
  0x00, 0x00, 0x00, 0x00, 0x00, 0x00, 0x00, 0x00, 0x00, 0x00, 0x00, 0x00, 0x00, 0x00, 0x00, 0x00,
  0x00, 0x00, 0x00, 0x00, 0x00, 0x00, 0x00, 0x00, 0x00, 0x00, 0x00, 0x00, 0x00, 0x00, 0x00, 0x00,
  0x00, 0x00, 0x00, 0x00, 0x00, 0x00, 0x00, 0x00, 0x00, 0x00, 0x00, 0x00, 0x00, 0x00, 0x00, 0x00,
  0x00, 0x00, 0x00, 0x00, 0x00, 0x00, 0x00, 0x00, 0x00, 0x00, 0x00, 0x00, 0x00, 0x00, 0x00, 0x00,
  0x00, 0x00, 0x00, 0x00, 0x00, 0x00, 0x00, 0x00, 0x00, 0x00, 0x00, 0x00, 0x00, 0x00, 0x00, 0x00,
  0x00, 0x00, 0x00, 0x00, 0x00, 0x00, 0x00, 0x00, 0x00, 0x00, 0x00, 0x00, 0x00, 0x00, 0x00, 0x00,
  0x00, 0x00, 0x00, 0x00, 0x00, 0x00, 0x00, 0x00, 0x00, 0x00, 0x00, 0x00, 0x00, 0x00, 0x00, 0x00,
  0x00, 0x00, 0x00, 0x00, 0x00, 0x00, 0x00, 0x00, 0x00, 0x00, 0x55, 0xAD, 0x03, 0x00, 0x00, 0x00,
  0x10, 0x84, 0x56, 0x71, 0x8C, 0xFF, 0x10, 0x84, 0xFF, 0x10, 0x84, 0x21, 0x00, 0x00, 0x00, 0xFF,
  0xFF, 0x01, 0x00, 0x00, 0x00, 0x00, 0x00, 0x00, 0x00, 0x00, 0x00, 0x00, 0x00, 0x00, 0x00, 0x00,
  0x00, 0x00, 0x00, 0x00, 0x00, 0x00, 0x00, 0x00, 0x00, 0x00, 0x00, 0x00, 0x00, 0x00, 0x00, 0x00,
  0x00, 0x00, 0x00, 0x00, 0x00, 0x00, 0x00, 0x00, 0x00, 0x00, 0x00, 0x00, 0x00, 0x00, 0x00, 0x00,
  0x00, 0x00, 0x00, 0x00, 0x00, 0x00, 0x00, 0x00, 0x00, 0x00, 0x00, 0x00, 0x00, 0x00, 0x00, 0x00,
  0x00, 0x00, 0x00, 0x00, 0x00, 0x00, 0x00, 0x00, 0x00, 0x00, 0x00, 0x00, 0x00, 0x00, 0x00, 0x00,
  0x00, 0x00, 0x00, 0x00, 0x00, 0x00, 0x00, 0x00, 0x00, 0x00, 0x00, 0x00, 0x00, 0x00, 0x00, 0x00,
  0x00, 0x00, 0x00, 0x00, 0x00, 0x00, 0x00, 0x00, 0x00, 0x00, 0x00, 0x00, 0x00, 0x00, 0x00, 0x00,
  0x00, 0x00, 0x00, 0x00, 0x00, 0x00, 0x00, 0x00, 0x00, 0x00, 0x00, 0x00, 0x00, 0x00, 0x00, 0x00,
  0x00, 0x00, 0x00, 0x00, 0x00, 0x00, 0x00, 0x00, 0x00, 0x00, 0x00, 0x00, 0x00, 0x00, 0x00, 0x00,
  0x00, 0x00, 0x00, 0x00, 0x00, 0x00, 0x00, 0x00, 0x00, 0x00, 0x00, 0x00, 0x00, 0x00, 0xFF, 0xFF,
  0x01, 0x00, 0x00, 0x00, 0xEF, 0x7B, 0x0C, 0x10, 0x84, 0x85, 0x10, 0x84, 0x68, 0x00, 0x00, 0x00,
  0x00, 0x00, 0x00, 0x00, 0x00, 0x00, 0x00, 0x00, 0x00, 0x00, 0x00, 0x00, 0x00, 0x00, 0x00, 0x00,
  0x00, 0x00, 0x00, 0x00, 0x00, 0x00, 0x00, 0x00, 0x00, 0x00, 0x00, 0x00, 0x00, 0x00, 0x00, 0x00,
  0x00, 0x00, 0x00, 0x00, 0x00, 0x00, 0x00, 0x00, 0x00, 0x00, 0xFF, 0xFF, 0x01, 0xEF, 0x7B, 0x02,
  0x00, 0x00, 0x00, 0x00, 0x00, 0x00, 0x00, 0x00, 0x00, 0x00, 0x00, 0x00, 0x00, 0x00, 0x00, 0x00,
  0x00, 0x00, 0x00, 0x00, 0x00, 0x00, 0x00, 0x00, 0x00, 0x00, 0x00, 0x00, 0x00, 0x00, 0x00, 0x00,
  0x00, 0x00, 0x00, 0x00, 0x00, 0x00, 0x00, 0x00, 0x00, 0x00, 0x00, 0x00, 0x00, 0x00, 0x00, 0x00,
  0x00, 0x00, 0x00, 0x00, 0x00, 0x00, 0x00, 0x00, 0x00, 0x00, 0x00, 0x00, 0x00, 0x00, 0x00, 0x00,
  0x00, 0x00, 0x00, 0x00, 0x00, 0x00, 0x00, 0x01, 0xEF, 0x7B, 0x02, 0xEF, 0x7B, 0x02, 0x00, 0x00,
  0x00, 0x00, 0x00, 0x00, 0x00, 0x00, 0x00, 0x00, 0x00, 0x00, 0x00, 0x00, 0x00, 0x00, 0x00, 0x00,
  0x00, 0x00, 0x00, 0x00, 0x00, 0x00, 0x00, 0x00, 0x00, 0x00, 0x00, 0x00, 0x00, 0x00, 0x00, 0x00,
  0x00, 0x00, 0x00, 0x00, 0x00, 0x00, 0x00, 0x00, 0x00, 0x00, 0x00, 0x00, 0x00, 0x00, 0x00, 0x00,
  0x00, 0x00, 0x00, 0x00, 0x00, 0x00, 0x00, 0x00, 0x00, 0x00, 0x00, 0x00, 0x00, 0x00, 0x00, 0x00,
  0x00, 0x00, 0x00, 0x00, 0x00, 0x00, 0x00, 0x00, 0x00, 0x00, 0x00, 0x00, 0x00, 0x00, 0x00, 0x00,
  0x00, 0x00, 0x00, 0x00, 0x00, 0x00, 0x00, 0x00, 0x00, 0x00, 0x00, 0xEF, 0x7B, 0x02, 0x00, 0x00,
  0x00, 0x00, 0x00, 0x00, 0x00, 0x00, 0x01, 0x00, 0x00, 0x00, 0x00, 0x00, 0x00, 0x00, 0x00, 0x00,
  0x00, 0x00, 0x00, 0x00, 0x00, 0x00, 0x00, 0x00, 0x00, 0x00, 0x00, 0x00, 0x00, 0x00, 0x00, 0x00,
  0x00, 0x00, 0x00, 0x00, 0x00, 0x00, 0x00, 0x00, 0x00, 0x00, 0x00, 0x00, 0x00, 0x00, 0x00, 0x00,
  0x00, 0x00, 0x00, 0x00, 0x00, 0x00, 0x00, 0x00, 0x00, 0x00, 0x00, 0x00, 0x00, 0x00, 0x00, 0x00,
  0x00, 0x00, 0x00, 0x00, 0x00, 0x00, 0x00, 0x00, 0x00, 0x00, 0x00, 0x00, 0x00, 0x00, 0x00, 0x00,
  0x00, 0x00, 0xEF, 0x7B, 0x02, 0x00, 0x00, 0x00, 0x00, 0x00, 0x00, 0x00, 0x00, 0x00, 0x00, 0x00,
  0x00, 0x00, 0x00, 0x00, 0x00, 0x00, 0x00, 0x00, 0x00, 0x00, 0x00, 0x00, 0x00, 0x00, 0x00, 0x00,
  0x00, 0x00, 0x00, 0x00, 0x00, 0x00, 0x00, 0x00, 0x00, 0x00, 0x00, 0x00, 0x00, 0x00, 0x01, 0xEF,
  0x7B, 0x04, 0x55, 0xAD, 0x03, 0x00, 0x00, 0x00, 0x00, 0x00, 0x00, 0x00, 0x00, 0x00, 0x00, 0x00,
  0x00, 0x00, 0x00, 0x00, 0x00, 0x00, 0x00, 0x00, 0x00, 0x00, 0x00, 0x00, 0x00, 0x00, 0x00, 0x00,
  0x00, 0x00, 0x00, 0x00, 0x00, 0x00, 0x00, 0x00, 0x00, 0x00, 0x00, 0x00, 0xEF, 0x7B, 0x02, 0x00,
  0x00, 0x00, 0xEF, 0x7B, 0x12, 0x30, 0x84, 0x26, 0x00, 0x00, 0x00, 0x00, 0x00, 0x00, 0x00, 0x00,
  0x00, 0x00, 0x00, 0x00, 0x00, 0x00, 0x00, 0x00, 0x00, 0x00, 0x00, 0x00, 0x00, 0x00, 0x00, 0x00,
  0x00, 0x00, 0x00, 0x00, 0x00, 0x00, 0x00, 0x00, 0x00, 0x00, 0x00, 0x00, 0x00, 0x00, 0x00, 0x00,
  0x00, 0x00, 0x00, 0x00, 0x00, 0x00, 0x00, 0x00, 0x00, 0x00, 0x00, 0x00, 0x00, 0x00, 0x00, 0x00,
  0x00, 0x00, 0x00, 0x00, 0x00, 0x00, 0x00, 0xFF, 0xFF, 0x01, 0x00, 0x00, 0x00, 0x10, 0x84, 0x21,
  0x30, 0x84, 0xA6, 0xCF, 0x7B, 0x42, 0x00, 0x00, 0x00, 0xAA, 0x52, 0x03, 0x00, 0x00, 0x00, 0x00,
  0x00, 0x00, 0x00, 0x00, 0x00, 0x00, 0x00, 0x00, 0x00, 0x00, 0x00, 0x00, 0x00, 0x00, 0x00, 0x00,
  0x00, 0x00, 0x00, 0x00, 0x00, 0x00, 0x00, 0x00, 0x00, 0x00, 0x00, 0x00, 0x00, 0x00, 0x00, 0x00,
  0x00, 0x00, 0x00, 0x00, 0x00, 0x00, 0x00, 0x00, 0x00, 0x00, 0x00, 0x00, 0x00, 0x00, 0x00, 0x00,
  0x00, 0x00, 0x00, 0x00, 0x00, 0x00, 0x00, 0x00, 0x00, 0x00, 0x00, 0x00, 0x00, 0x00, 0x00, 0x00,
  0x00, 0x00, 0x00, 0x00, 0x00, 0x00, 0x00, 0x00, 0x00, 0x00, 0x00, 0x00, 0x00, 0x00, 0x00, 0x01,
  0x00, 0x00, 0x00, 0x10, 0x84, 0x23, 0x10, 0x84, 0xD6, 0x30, 0x84, 0xF8, 0x10, 0x84, 0x47, 0x00,
  0x00, 0x00, 0x55, 0xAD, 0x03, 0x00, 0x00, 0x00, 0x00, 0x00, 0x00, 0x00, 0x00, 0x00, 0x00, 0x00,
  0x00, 0x00, 0x00, 0x00, 0x00, 0x00, 0x00, 0x00, 0x00, 0x00, 0x00, 0x00, 0x00, 0x00, 0x00, 0x00,
  0x00, 0x00, 0x00, 0x00, 0x00, 0x00, 0x00, 0x00, 0x00, 0x00, 0x00, 0x00, 0x00, 0x00, 0x00, 0x00,
  0x00, 0x00, 0x00, 0x00, 0x00, 0x00, 0x00, 0x00, 0x00, 0x00, 0x00, 0xEF, 0x7B, 0x02, 0x00, 0x00,
  0x00, 0x10, 0x84, 0x29, 0x30, 0x84, 0xFF, 0x30, 0x84, 0xF3, 0x10, 0x84, 0x3D, 0x00, 0x00, 0x00,
  0xEF, 0x7B, 0x02, 0x00, 0x00, 0x00, 0x00, 0x00, 0x00, 0x00, 0x00, 0x00, 0x00, 0x00, 0x00, 0x00,
  0x00, 0x00, 0x00, 0x00, 0x00, 0x00, 0x00, 0x00, 0x00, 0x00, 0x00, 0x00, 0x00, 0x00, 0x00, 0x00,
  0x01, 0xEF, 0x7B, 0x02, 0x55, 0xAD, 0x03, 0x55, 0xAD, 0x03, 0x55, 0xAD, 0x03, 0xAA, 0x52, 0x03,
  0xEF, 0x7B, 0x02, 0x00, 0x00, 0x01, 0x00, 0x00, 0x00, 0x00, 0x00, 0x00, 0x00, 0x00, 0x00, 0x00,
  0x00, 0x00, 0x00, 0x00, 0x00, 0x00, 0x00, 0x00, 0x00, 0x00, 0x00, 0x00, 0x00, 0x00, 0xEF, 0x7B,
  0x02, 0x00, 0x00, 0x00, 0xEF, 0x7B, 0x24, 0x10, 0x84, 0xDA, 0x30, 0x84, 0xFF, 0x51, 0x8C, 0xFF,
  0xEF, 0x7B, 0x5A, 0x00, 0x00, 0x00, 0xEF, 0x7B, 0x04, 0x00, 0x00, 0x00, 0x00, 0x00, 0x00, 0x00,
  0x00, 0x00, 0x00, 0x00, 0x00, 0x00, 0x00, 0x00, 0x00, 0x00, 0x00, 0x00, 0x00, 0x00, 0x00, 0x00,
  0x00, 0x00, 0x00, 0x00, 0x00, 0x00, 0x00, 0x00, 0x00, 0x00, 0x00, 0x00, 0x00, 0x00, 0x00, 0x00,
  0x00, 0x00, 0x00, 0x00, 0x00, 0x00, 0x00, 0x00, 0x00, 0x00, 0x00, 0x00, 0x00, 0x00, 0x00, 0x00,
  0x00, 0x00, 0xEF, 0x7B, 0x02, 0x00, 0x00, 0x00, 0x10, 0x84, 0x3D, 0x30, 0x84, 0xF5, 0x10, 0x84,
  0xFF, 0x30, 0x84, 0x15, 0x00, 0x00, 0x00, 0xFF, 0xFF, 0x01, 0x00, 0x00, 0x00, 0x00, 0x00, 0x00,
  0x00, 0x00, 0x00, 0x00, 0x00, 0x00, 0x00, 0x00, 0x00, 0x00, 0x00, 0x01, 0x55, 0xAD, 0x03, 0xEF,
  0x7B, 0x02, 0x00, 0x00, 0x00, 0x00, 0x00, 0x00, 0x00, 0x00, 0x00, 0x00, 0x00, 0x00, 0x00, 0x00,
  0x00, 0x00, 0x00, 0x00, 0x00, 0x00, 0x00, 0x00, 0x00, 0x00, 0x55, 0xAD, 0x03, 0xAA, 0x52, 0x03,
  0x00, 0x00, 0x00, 0x00, 0x00, 0x00, 0x00, 0x00, 0x00, 0x00, 0x00, 0x00, 0x00, 0x00, 0x00, 0x00,
  0x00, 0x00, 0x00, 0x00, 0x01, 0x00, 0x00, 0x00, 0x10, 0x84, 0xBA, 0x71, 0x8C, 0xFF, 0x30, 0x84,
  0xFF, 0xEF, 0x7B, 0x7F, 0x00, 0x00, 0x00, 0x00, 0x00, 0x01, 0x00, 0x00, 0x00, 0x00, 0x00, 0x00,
  0x00, 0x00, 0x00, 0x00, 0x00, 0x00, 0x00, 0x00, 0x00, 0x00, 0x00, 0x00, 0x00, 0x00, 0x00, 0x00,
  0x00, 0x00, 0x00, 0x00, 0x00, 0x00, 0x00, 0x00, 0x00, 0x00, 0x00, 0x00, 0x00, 0x00, 0x00, 0x00,
  0x00, 0x00, 0x00, 0x00, 0x00, 0x00, 0x00, 0x00, 0x00, 0x00, 0x00, 0x00, 0x00, 0x00, 0x00, 0x00,
  0x00, 0x00, 0x00, 0x00, 0x00, 0x00, 0x00, 0x00, 0x00, 0xEF, 0x7B, 0x02, 0x00, 0x00, 0x00, 0xEF,
  0x7B, 0x41, 0x10, 0x84, 0x8E, 0x51, 0x8C, 0x0D, 0x00, 0x00, 0x00, 0xFF, 0xFF, 0x01, 0x00, 0x00,
  0x00, 0x00, 0x00, 0x00, 0x00, 0x00, 0x00, 0x00, 0x00, 0x00, 0x55, 0xAD, 0x03, 0x00, 0x00, 0x00,
  0x00, 0x00, 0x00, 0x00, 0x00, 0x00, 0x8E, 0x73, 0x09, 0x10, 0x84, 0x2D, 0x10, 0x84, 0x4C, 0x10,
  0x84, 0x55, 0x10, 0x84, 0x54, 0x10, 0x84, 0x44, 0xEF, 0x7B, 0x20, 0xEF, 0x7B, 0x06, 0x00, 0x00,
  0x00, 0x00, 0x00, 0x00, 0x00, 0x00, 0x00, 0xEF, 0x7B, 0x02, 0x00, 0x00, 0x00, 0x00, 0x00, 0x00,
  0x00, 0x00, 0x00, 0x00, 0x00, 0x00, 0xEF, 0x7B, 0x02, 0x00, 0x00, 0x00, 0x10, 0x84, 0x7D, 0x51,
  0x8C, 0xF1, 0x10, 0x84, 0x7E, 0x00, 0x00, 0x00, 0x00, 0x00, 0x01, 0x00, 0x00, 0x00, 0x00, 0x00,
  0x00, 0x00, 0x00, 0x00, 0x00, 0x00, 0x00, 0x00, 0x00, 0x00, 0x00, 0x00, 0x00, 0x00, 0x00, 0x00,
  0x00, 0x00, 0x00, 0x00, 0x00, 0x00, 0x00, 0x00, 0x00, 0x00, 0x00, 0x00, 0x00, 0x00, 0x00, 0x00,
  0x00, 0x00, 0x00, 0x00, 0x00, 0x00, 0x00, 0x00, 0x00, 0x00, 0x00, 0x00, 0x00, 0x00, 0x00, 0x00,
  0x00, 0x00, 0x00, 0x00, 0x00, 0x00, 0x00, 0x00, 0x00, 0x00, 0x00, 0x00, 0x00, 0x00, 0x00, 0x00,
  0xEF, 0x7B, 0x02, 0x00, 0x00, 0x00, 0x00, 0x00, 0x00, 0x00, 0x00, 0x00, 0x00, 0x00, 0x00, 0x00,
  0x00, 0x00, 0x00, 0x00, 0x00, 0x00, 0x00, 0x00, 0xFF, 0xFF, 0x01, 0x00, 0x00, 0x01, 0x00, 0x00,
  0x00, 0x6D, 0x6B, 0x07, 0x30, 0x84, 0x51, 0x10, 0x84, 0xA5, 0x10, 0x84, 0xE1, 0x10, 0x84, 0xFB,
  0x30, 0x84, 0xFF, 0x30, 0x84, 0xFF, 0x30, 0x84, 0xFF, 0x10, 0x84, 0xFF, 0x10, 0x84, 0xF7, 0x10,
  0x84, 0xD7, 0x10, 0x84, 0x97, 0x10, 0x84, 0x40, 0x00, 0x00, 0x00, 0x00, 0x00, 0x00, 0xEF, 0x7B,
  0x02, 0x00, 0x00, 0x01, 0x00, 0x00, 0x00, 0x00, 0x00, 0x00, 0x00, 0x00, 0x00, 0x00, 0x00, 0x00,
  0x00, 0x00, 0x00, 0xEF, 0x7B, 0x14, 0x00, 0x00, 0x00, 0xFF, 0xFF, 0x01, 0x00, 0x00, 0x01, 0x00,
  0x00, 0x00, 0x00, 0x00, 0x00, 0x00, 0x00, 0x00, 0x00, 0x00, 0x00, 0x00, 0x00, 0x00, 0x00, 0x00,
  0x00, 0x00, 0x00, 0x00, 0x00, 0x00, 0x00, 0x00, 0x00, 0x00, 0x00, 0x00, 0x00, 0x00, 0x00, 0x00,
  0x00, 0x00, 0x00, 0x00, 0x00, 0x00, 0x00, 0x00, 0x00, 0x00, 0x00, 0x00, 0x00, 0x00, 0x00, 0x00,
  0x00, 0x00, 0x00, 0x00, 0x00, 0x00, 0x00, 0x00, 0x00, 0x00, 0x00, 0x00, 0x00, 0x00, 0x00, 0x00,
  0x00, 0x00, 0x00, 0x00, 0x00, 0x00, 0x00, 0xEF, 0x7B, 0x02, 0x55, 0xAD, 0x03, 0x00, 0x00, 0x00,
  0x00, 0x00, 0x00, 0x00, 0x00, 0x00, 0x00, 0x00, 0x00, 0xEF, 0x7B, 0x02, 0x00, 0x00, 0x00, 0x00,
  0x00, 0x00, 0x10, 0x84, 0x5C, 0x30, 0x84, 0xD0, 0x30, 0x84, 0xFF, 0x51, 0x8C, 0xFF, 0x30, 0x84,
  0xFF, 0x10, 0x84, 0xFF, 0x10, 0x84, 0xFE, 0x10, 0x84, 0xFD, 0x10, 0x84, 0xFE, 0x10, 0x84, 0xFF,
  0x10, 0x84, 0xFF, 0x30, 0x84, 0xFF, 0x51, 0x8C, 0xFF, 0x10, 0x84, 0xFF, 0x10, 0x84, 0xBC, 0x10,
  0x84, 0x3D, 0x00, 0x00, 0x00, 0x00, 0x00, 0x00, 0xFF, 0xFF, 0x01, 0x00, 0x00, 0x00, 0x00, 0x00,
  0x00, 0x00, 0x00, 0x00, 0x00, 0x00, 0x01, 0x00, 0x00, 0x00, 0xFF, 0xFF, 0x01, 0x00, 0x00, 0x00,
  0x00, 0x00, 0x00, 0x00, 0x00, 0x00, 0x00, 0x00, 0x00, 0x00, 0x00, 0x00, 0x00, 0x00, 0x00, 0x00,
  0x00, 0x00, 0x00, 0x00, 0x00, 0x00, 0x00, 0x00, 0x00, 0x00, 0x00, 0x00, 0x00, 0x00, 0x00, 0x00,
  0x00, 0x00, 0x00, 0x00, 0x00, 0x00, 0x00, 0x00, 0x00, 0x00, 0x00, 0x00, 0x00, 0x00, 0x00, 0x00,
  0x00, 0x00, 0x00, 0x00, 0x00, 0x00, 0x00, 0x00, 0x00, 0x00, 0x00, 0x00, 0x00, 0x00, 0x00, 0x00,
  0x00, 0x00, 0x00, 0x00, 0x00, 0x00, 0x00, 0x00, 0x00, 0x00, 0x00, 0x00, 0x00, 0x00, 0x00, 0x00,
  0x00, 0x00, 0x00, 0x00, 0x00, 0x00, 0x00, 0x00, 0x00, 0x00, 0xAA, 0x52, 0x03, 0x00, 0x00, 0x00,
  0x30, 0x84, 0x19, 0x10, 0x84, 0xAE, 0x51, 0x8C, 0xFF, 0x30, 0x84, 0xFF, 0x10, 0x84, 0xFD, 0x10,
  0x84, 0xFC, 0x10, 0x84, 0xFE, 0x10, 0x84, 0xFE, 0x10, 0x84, 0xFF, 0x10, 0x84, 0xFF, 0x10, 0x84,
  0xFF, 0x10, 0x84, 0xFE, 0x10, 0x84, 0xFE, 0x10, 0x84, 0xFD, 0x10, 0x84, 0xFB, 0x10, 0x84, 0xFF,
  0x30, 0x84, 0xFF, 0x30, 0x84, 0xFF, 0x10, 0x84, 0x8E, 0xEF, 0x7B, 0x06, 0x00, 0x00, 0x00, 0xEF,
  0x7B, 0x02, 0x00, 0x00, 0x00, 0x00, 0x00, 0x00, 0x00, 0x00, 0x00, 0xFF, 0xFF, 0x01, 0x00, 0x00,
  0x00, 0x00, 0x00, 0x00, 0x00, 0x00, 0x00, 0x00, 0x00, 0x00, 0x00, 0x00, 0x00, 0x00, 0x00, 0x00,
  0x00, 0x00, 0x00, 0x00, 0x00, 0x00, 0x00, 0x00, 0x00, 0x00, 0x00, 0x00, 0x00, 0x00, 0x00, 0x00,
  0x00, 0x00, 0x00, 0x00, 0x00, 0x00, 0x00, 0x00, 0x00, 0x00, 0x00, 0x00, 0x00, 0x00, 0x00, 0x00,
  0x00, 0x00, 0x00, 0x00, 0x00, 0x00, 0x00, 0x00, 0x00, 0x00, 0x00, 0x00, 0x00, 0x00, 0x00, 0x00,
  0x00, 0x00, 0x00, 0x00, 0x00, 0x00, 0x00, 0x00, 0x00, 0x00, 0x00, 0x00, 0x00, 0x00, 0x00, 0x00,
  0x00, 0x00, 0x00, 0x00, 0x00, 0x00, 0x00, 0x00, 0x00, 0x00, 0x00, 0xEF, 0x7B, 0x02, 0x00, 0x00,
  0x00, 0x10, 0x84, 0x23, 0x10, 0x84, 0xD8, 0x51, 0x8C, 0xFF, 0x10, 0x84, 0xFC, 0x10, 0x84, 0xFD,
  0x10, 0x84, 0xFF, 0x10, 0x84, 0xFF, 0x10, 0x84, 0xFF, 0x10, 0x84, 0xFF, 0x10, 0x84, 0xFF, 0x10,
  0x84, 0xFF, 0x10, 0x84, 0xFF, 0x10, 0x84, 0xFF, 0x10, 0x84, 0xFF, 0x10, 0x84, 0xFF, 0x10, 0x84,
  0xFF, 0x10, 0x84, 0xFF, 0x10, 0x84, 0xFC, 0x10, 0x84, 0xFE, 0x51, 0x8C, 0xFF, 0x10, 0x84, 0xB1,
  0xAE, 0x73, 0x0D, 0x00, 0x00, 0x00, 0xFF, 0xFF, 0x01, 0x00, 0x00, 0x00, 0x00, 0x00, 0x00, 0x00,
  0x00, 0x00, 0x00, 0x00, 0x00, 0x00, 0x00, 0x00, 0x00, 0x00, 0x00, 0x00, 0x00, 0x00, 0x00, 0x00,
  0x00, 0x00, 0x00, 0x00, 0x00, 0x00, 0x00, 0x00, 0x00, 0x00, 0x00, 0x00, 0x00, 0x00, 0x00, 0x00,
  0x00, 0x00, 0x00, 0x00, 0x00, 0x00, 0x00, 0x00, 0x00, 0x00, 0x00, 0x00, 0x00, 0x00, 0x00, 0x00,
  0x00, 0x00, 0x00, 0x00, 0x00, 0x00, 0x00, 0x00, 0x00, 0x00, 0x00, 0x00, 0x00, 0x00, 0x00, 0x00,
  0x00, 0x00, 0x00, 0x00, 0x00, 0x00, 0x00, 0x00, 0x00, 0x00, 0x00, 0x00, 0x00, 0x00, 0x00, 0x00,
  0x00, 0x00, 0x00, 0x00, 0x00, 0x00, 0x00, 0x00, 0x00, 0x00, 0x00, 0x00, 0xEF, 0x7B, 0x02, 0x00,
  0x00, 0x00, 0xEF, 0x7B, 0x22, 0x10, 0x84, 0xDB, 0x30, 0x84, 0xFF, 0x10, 0x84, 0xFB, 0x10, 0x84,
  0xFF, 0x10, 0x84, 0xFF, 0x10, 0x84, 0xFF, 0x10, 0x84, 0xFF, 0x10, 0x84, 0xFF, 0x10, 0x84, 0xFF,
  0x10, 0x84, 0xFF, 0x10, 0x84, 0xFF, 0x10, 0x84, 0xFF, 0x10, 0x84, 0xFF, 0x10, 0x84, 0xFF, 0x10,
  0x84, 0xFF, 0x10, 0x84, 0xFF, 0x10, 0x84, 0xFF, 0x10, 0x84, 0xFF, 0x10, 0x84, 0xFF, 0x10, 0x84,
  0xFA, 0x51, 0x8C, 0xFF, 0x10, 0x84, 0xB5, 0x71, 0x8C, 0x09, 0xEF, 0x7B, 0x02, 0xFF, 0xFF, 0x01,
  0x00, 0x00, 0x00, 0x00, 0x00, 0x00, 0x00, 0x00, 0x00, 0x00, 0x00, 0x00, 0x00, 0x00, 0x00, 0x00,
  0x00, 0x00, 0x00, 0x00, 0x00, 0x00, 0x00, 0x00, 0x00, 0x00, 0x00, 0x00, 0x00, 0x00, 0x00, 0x00,
  0x00, 0x00, 0x00, 0x00, 0x00, 0x00, 0x00, 0x00, 0x00, 0x00, 0x00, 0x00, 0x00, 0x00, 0x00, 0x00,
  0x00, 0x00, 0x00, 0x00, 0x00, 0x00, 0x00, 0x00, 0x00, 0x00, 0x00, 0x00, 0x00, 0x00, 0x00, 0x00,
  0x00, 0x00, 0x00, 0x00, 0x00, 0x00, 0x00, 0x00, 0x00, 0x00, 0x00, 0x00, 0x00, 0x00, 0x00, 0x00,
  0x00, 0x00, 0x00, 0x00, 0x00, 0x00, 0x00, 0x00, 0x00, 0x00, 0x00, 0x00, 0x00, 0xFF, 0xFF, 0x01,
  0xEF, 0x7B, 0x02, 0xEF, 0x7B, 0x0A, 0x10, 0x84, 0xC7, 0x51, 0x8C, 0xFF, 0x10, 0x84, 0xFB, 0x10,
  0x84, 0xFF, 0x10, 0x84, 0xFF, 0x10, 0x84, 0xFF, 0x10, 0x84, 0xFF, 0x10, 0x84, 0xFF, 0x10, 0x84,
  0xFF, 0x10, 0x84, 0xFF, 0x10, 0x84, 0xFF, 0x10, 0x84, 0xFF, 0x10, 0x84, 0xFF, 0x10, 0x84, 0xFF,
  0x10, 0x84, 0xFF, 0x10, 0x84, 0xFF, 0x10, 0x84, 0xFF, 0x10, 0x84, 0xFF, 0x10, 0x84, 0xFF, 0x10,
  0x84, 0xFF, 0x10, 0x84, 0xFF, 0x10, 0x84, 0xFA, 0x51, 0x8C, 0xFF, 0xEF, 0x7B, 0x98, 0x00, 0x00,
  0x00, 0xEF, 0x7B, 0x02, 0x00, 0x00, 0x00, 0x00, 0x00, 0x00, 0x00, 0x00, 0x00, 0x00, 0x00, 0x00,
  0x00, 0x00, 0x00, 0x00, 0x00, 0x00, 0x00, 0x00, 0x00, 0x00, 0x00, 0x00, 0x00, 0x00, 0x00, 0x00,
  0x00, 0x00, 0x00, 0x00, 0x00, 0x00, 0x00, 0x00, 0x00, 0x00, 0x00, 0x00, 0x00, 0x00, 0x00, 0x00,
  0x00, 0x00, 0x00, 0x00, 0x00, 0x00, 0x00, 0x00, 0x00, 0x00, 0x00, 0x00, 0x00, 0x00, 0x00, 0x00,
  0x00, 0x00, 0x00, 0x00, 0x00, 0x00, 0x00, 0x00, 0x00, 0x00, 0x00, 0x00, 0x00, 0x00, 0x00, 0x00,
  0x00, 0x00, 0x00, 0x00, 0x00, 0x00, 0x00, 0x00, 0x00, 0x00, 0x00, 0x00, 0x00, 0x00, 0x00, 0x00,
  0x00, 0xAA, 0x52, 0x03, 0x00, 0x00, 0x00, 0xEF, 0x7B, 0x86, 0x51, 0x8C, 0xFF, 0x10, 0x84, 0xFA,
  0x10, 0x84, 0xFF, 0x10, 0x84, 0xFF, 0x10, 0x84, 0xFF, 0x10, 0x84, 0xFF, 0x10, 0x84, 0xFF, 0x10,
  0x84, 0xFF, 0x10, 0x84, 0xFF, 0x10, 0x84, 0xFF, 0x10, 0x84, 0xFF, 0x10, 0x84, 0xFF, 0x10, 0x84,
  0xFF, 0x10, 0x84, 0xFF, 0x10, 0x84, 0xFF, 0x10, 0x84, 0xFF, 0x10, 0x84, 0xFF, 0x10, 0x84, 0xFF,
  0x10, 0x84, 0xFF, 0x10, 0x84, 0xFF, 0x10, 0x84, 0xFF, 0x10, 0x84, 0xFE, 0x10, 0x84, 0xFC, 0x30,
  0x84, 0xFF, 0x10, 0x84, 0x51, 0x00, 0x00, 0x00, 0xAA, 0x52, 0x03, 0x00, 0x00, 0x00, 0x00, 0x00,
  0x00, 0x00, 0x00, 0x00, 0x00, 0x00, 0x00, 0x00, 0x00, 0x00, 0x00, 0x00, 0x00, 0x00, 0x00, 0x00,
  0x00, 0x00, 0x00, 0x00, 0x00, 0x00, 0x00, 0x00, 0x00, 0x00, 0x00, 0x00, 0x00, 0x00, 0x00, 0x00,
  0x00, 0x00, 0x00, 0x00, 0x00, 0x00, 0x00, 0x00, 0x00, 0x00, 0x00, 0x00, 0x00, 0x00, 0x00, 0x00,
  0x00, 0x00, 0x00, 0x00, 0x00, 0x00, 0x00, 0x00, 0x00, 0x00, 0x00, 0x00, 0x00, 0x00, 0x00, 0x00,
  0x00, 0x00, 0x00, 0x00, 0x00, 0x00, 0x00, 0x00, 0x00, 0x00, 0x00, 0x00, 0x00, 0x00, 0x00, 0x00,
  0x00, 0x00, 0xEF, 0x7B, 0x02, 0x00, 0x00, 0x00, 0x30, 0x84, 0x2C, 0x10, 0x84, 0xF6, 0x10, 0x84,
  0xFE, 0x10, 0x84, 0xFE, 0x10, 0x84, 0xFF, 0x10, 0x84, 0xFF, 0x10, 0x84, 0xFF, 0x10, 0x84, 0xFF,
  0x10, 0x84, 0xFF, 0x10, 0x84, 0xFF, 0x10, 0x84, 0xFF, 0x10, 0x84, 0xFF, 0x10, 0x84, 0xFF, 0x10,
  0x84, 0xFF, 0x10, 0x84, 0xFF, 0x10, 0x84, 0xFF, 0x10, 0x84, 0xFF, 0x10, 0x84, 0xFF, 0x10, 0x84,
  0xFF, 0x10, 0x84, 0xFF, 0x10, 0x84, 0xFF, 0x10, 0x84, 0xFF, 0x10, 0x84, 0xFF, 0x10, 0x84, 0xFF,
  0x10, 0x84, 0xFD, 0x30, 0x84, 0xFF, 0x10, 0x84, 0xD7, 0xEF, 0x7B, 0x08, 0x00, 0x00, 0x01, 0x00,
  0x00, 0x01, 0x00, 0x00, 0x00, 0x00, 0x00, 0x00, 0x00, 0x00, 0x00, 0x00, 0x00, 0x00, 0x00, 0x00,
  0x00, 0x00, 0x00, 0x00, 0x00, 0x00, 0x00, 0x00, 0x00, 0x00, 0x00, 0x00, 0x00, 0x00, 0x00, 0x00,
  0x00, 0x00, 0x00, 0x00, 0x00, 0x00, 0x00, 0x00, 0x00, 0x00, 0x00, 0x00, 0x00, 0x00, 0x00, 0x00,
  0x00, 0x00, 0x00, 0x00, 0x00, 0x00, 0x00, 0x00, 0x00, 0x00, 0x00, 0x00, 0x00, 0x00, 0x00, 0x00,
  0x00, 0x00, 0x00, 0x00, 0x00, 0x00, 0x00, 0x00, 0x00, 0x00, 0x00, 0x00, 0x00, 0x00, 0x00, 0x00,
  0x00, 0x00, 0x00, 0x00, 0x00, 0x00, 0xAA, 0x52, 0x03, 0x00, 0x00, 0x00, 0x10, 0x84, 0x93, 0x51,
  0x8C, 0xFF, 0x10, 0x84, 0xFC, 0x10, 0x84, 0xFF, 0x10, 0x84, 0xFF, 0x10, 0x84, 0xFF, 0x10, 0x84,
  0xFF, 0x10, 0x84, 0xFF, 0x10, 0x84, 0xFF, 0x10, 0x84, 0xFF, 0x10, 0x84, 0xFF, 0x10, 0x84, 0xFF,
  0x10, 0x84, 0xFF, 0x10, 0x84, 0xFF, 0x10, 0x84, 0xFF, 0x10, 0x84, 0xFF, 0x10, 0x84, 0xFF, 0x10,
  0x84, 0xFF, 0x10, 0x84, 0xFF, 0x10, 0x84, 0xFF, 0x10, 0x84, 0xFF, 0x10, 0x84, 0xFF, 0x10, 0x84,
  0xFF, 0x10, 0x84, 0xFF, 0x10, 0x84, 0xFF, 0x10, 0x84, 0xFD, 0x51, 0x8C, 0xFF, 0x10, 0x84, 0x61,
  0x00, 0x00, 0x00, 0xAA, 0x52, 0x03, 0x00, 0x00, 0x00, 0x00, 0x00, 0x00, 0x00, 0x00, 0x00, 0x00,
  0x00, 0x00, 0x00, 0x00, 0x00, 0x00, 0x00, 0x00, 0x00, 0x00, 0x00, 0x00, 0x00, 0x00, 0x00, 0x00,
  0x00, 0x00, 0x00, 0x00, 0x00, 0x00, 0x00, 0x00, 0x00, 0x00, 0x00, 0x00, 0x00, 0x00, 0x00, 0x00,
  0x00, 0x00, 0x00, 0x00, 0x00, 0x00, 0x00, 0x00, 0x00, 0x00, 0x00, 0x00, 0x00, 0x00, 0x00, 0x00,
  0x00, 0x00, 0x00, 0x00, 0x00, 0x00, 0x00, 0x00, 0x00, 0x00, 0x00, 0x00, 0x00, 0x00, 0x00, 0x00,
  0x00, 0x00, 0x00, 0x00, 0x00, 0x00, 0x00, 0x00, 0x00, 0x01, 0x00, 0x00, 0x00, 0x30, 0x84, 0x13,
  0xEF, 0x7B, 0xEC, 0x10, 0x84, 0xFF, 0x10, 0x84, 0xFD, 0x10, 0x84, 0xFF, 0x10, 0x84, 0xFF, 0x10,
  0x84, 0xFF, 0x10, 0x84, 0xFF, 0x10, 0x84, 0xFF, 0x10, 0x84, 0xFF, 0x10, 0x84, 0xFF, 0x10, 0x84,
  0xFF, 0x10, 0x84, 0xFF, 0x10, 0x84, 0xFF, 0x10, 0x84, 0xFF, 0x10, 0x84, 0xFF, 0x10, 0x84, 0xFF,
  0x10, 0x84, 0xFF, 0x10, 0x84, 0xFF, 0x10, 0x84, 0xFF, 0x10, 0x84, 0xFF, 0x10, 0x84, 0xFF, 0x10,
  0x84, 0xFF, 0x10, 0x84, 0xFF, 0x10, 0x84, 0xFF, 0x10, 0x84, 0xFF, 0x10, 0x84, 0xFC, 0x30, 0x84,
  0xFE, 0x10, 0x84, 0xC6, 0xFF, 0xFF, 0x01, 0x00, 0x00, 0x01, 0x00, 0x00, 0x00, 0x00, 0x00, 0x00,
  0x00, 0x00, 0x00, 0x00, 0x00, 0x00, 0x00, 0x00, 0x00, 0x00, 0x00, 0x00, 0x00, 0x00, 0x00, 0x00,
  0x00, 0x00, 0x00, 0x00, 0x00, 0x00, 0x00, 0x00, 0x00, 0x00, 0x00, 0x00, 0x00, 0x00, 0x00, 0x00,
  0x00, 0x00, 0x00, 0x00, 0x00, 0x00, 0x00, 0x00, 0x00, 0x00, 0x00, 0x00, 0x00, 0x00, 0x00, 0x00,
  0x00, 0x00, 0x00, 0x00, 0x00, 0x01, 0x00, 0x00, 0x01, 0x00, 0x00, 0x01, 0x00, 0x00, 0x00, 0x00,
  0x00, 0x00, 0x00, 0x00, 0x00, 0x00, 0x00, 0x00, 0x00, 0x00, 0x00, 0xEF, 0x7B, 0x04, 0x00, 0x00,
  0x00, 0xEF, 0x7B, 0x52, 0x30, 0x84, 0xFF, 0x10, 0x84, 0xFD, 0x10, 0x84, 0xFF, 0x10, 0x84, 0xFF,
  0x10, 0x84, 0xFF, 0x10, 0x84, 0xFF, 0x10, 0x84, 0xFF, 0x10, 0x84, 0xFF, 0x10, 0x84, 0xFF, 0x10,
  0x84, 0xFF, 0x10, 0x84, 0xFF, 0x10, 0x84, 0xFF, 0x10, 0x84, 0xFF, 0x10, 0x84, 0xFF, 0x10, 0x84,
  0xFF, 0x10, 0x84, 0xFF, 0x10, 0x84, 0xFF, 0x10, 0x84, 0xFF, 0x10, 0x84, 0xFF, 0x10, 0x84, 0xFF,
  0x10, 0x84, 0xFF, 0x10, 0x84, 0xFF, 0x10, 0x84, 0xFF, 0x10, 0x84, 0xFF, 0x10, 0x84, 0xFF, 0x10,
  0x84, 0xFE, 0x10, 0x84, 0xFF, 0x10, 0x84, 0xF9, 0xCF, 0x7B, 0x23, 0x00, 0x00, 0x00, 0xEF, 0x7B,
  0x02, 0x00, 0x00, 0x00, 0x00, 0x00, 0x00, 0x00, 0x00, 0x00, 0x00, 0x00, 0x00, 0x00, 0x00, 0x00,
  0x00, 0x00, 0x01, 0x00, 0x00, 0x01, 0x00, 0x00, 0x01, 0x00, 0x00, 0x00, 0x00, 0x00, 0x00, 0x00,
  0x00, 0x00, 0x00, 0x00, 0x00, 0x00, 0x00, 0x00, 0x00, 0x00, 0x00, 0x00, 0x00, 0x00, 0x00, 0x00,
  0x00, 0x00, 0x00, 0x00, 0xEF, 0x7B, 0x02, 0x00, 0x00, 0x00, 0x00, 0x00, 0x00, 0x00, 0x00, 0x00,
  0x00, 0x00, 0x01, 0x00, 0x00, 0x00, 0x00, 0x00, 0x00, 0x00, 0x00, 0x00, 0x00, 0x00, 0x00, 0xEF,
  0x7B, 0x04, 0x00, 0x00, 0x00, 0x10, 0x84, 0x8A, 0x51, 0x8C, 0xFE, 0x10, 0x84, 0xFA, 0x10, 0x84,
  0xFF, 0x10, 0x84, 0xFF, 0x10, 0x84, 0xFF, 0x10, 0x84, 0xFF, 0x10, 0x84, 0xFF, 0x10, 0x84, 0xFF,
  0x10, 0x84, 0xFF, 0x10, 0x84, 0xFF, 0x10, 0x84, 0xFF, 0x10, 0x84, 0xFF, 0x10, 0x84, 0xFF, 0x10,
  0x84, 0xFF, 0x10, 0x84, 0xFF, 0x10, 0x84, 0xFF, 0x10, 0x84, 0xFF, 0x10, 0x84, 0xFF, 0x10, 0x84,
  0xFF, 0x10, 0x84, 0xFF, 0x10, 0x84, 0xFF, 0x10, 0x84, 0xFF, 0x10, 0x84, 0xFF, 0x10, 0x84, 0xFF,
  0x10, 0x84, 0xFF, 0x10, 0x84, 0xFF, 0x10, 0x84, 0xFD, 0x30, 0x84, 0xFF, 0x10, 0x84, 0x58, 0x00,
  0x00, 0x00, 0x55, 0xAD, 0x03, 0x00, 0x00, 0x00, 0x00, 0x00, 0x00, 0x00, 0x00, 0x00, 0xFF, 0xFF,
  0x01, 0x00, 0x00, 0x01, 0x00, 0x00, 0x00, 0x00, 0x00, 0x00, 0x00, 0x00, 0x00, 0xEF, 0x7B, 0x02,
  0x00, 0x00, 0x00, 0x00, 0x00, 0x00, 0x00, 0x00, 0x00, 0x00, 0x00, 0x00, 0x00, 0x00, 0x00, 0x00,
  0x00, 0x00, 0x00, 0x00, 0x00, 0x00, 0x00, 0x00, 0x00, 0x00, 0x00, 0xEF, 0x7B, 0x04, 0xD3, 0x9C,
  0x05, 0xEF, 0x7B, 0x06, 0x00, 0x00, 0x00, 0x00, 0x00, 0x00, 0x00, 0x00, 0x00, 0x00, 0x00, 0x00,
  0x00, 0x00, 0x00, 0xFF, 0xFF, 0x01, 0x00, 0x00, 0x00, 0x10, 0x84, 0xAF, 0x51, 0x8C, 0xFF, 0x10,
  0x84, 0xFC, 0x10, 0x84, 0xFF, 0x10, 0x84, 0xFF, 0x10, 0x84, 0xFF, 0x10, 0x84, 0xFF, 0x10, 0x84,
  0xFF, 0x10, 0x84, 0xFF, 0x10, 0x84, 0xFF, 0x10, 0x84, 0xFF, 0x10, 0x84, 0xFF, 0x10, 0x84, 0xFF,
  0x10, 0x84, 0xFF, 0x10, 0x84, 0xFF, 0x10, 0x84, 0xFF, 0x10, 0x84, 0xFF, 0x10, 0x84, 0xFF, 0x10,
  0x84, 0xFF, 0x10, 0x84, 0xFF, 0x10, 0x84, 0xFF, 0x10, 0x84, 0xFF, 0x10, 0x84, 0xFF, 0x10, 0x84,
  0xFF, 0x10, 0x84, 0xFF, 0x10, 0x84, 0xFF, 0x10, 0x84, 0xFF, 0x10, 0x84, 0xFA, 0x51, 0x8C, 0xFF,
  0x10, 0x84, 0x7C, 0x00, 0x00, 0x00, 0xEF, 0x7B, 0x04, 0x00, 0x00, 0x00, 0x00, 0x00, 0x00, 0x00,
  0x00, 0x00, 0x00, 0x00, 0x00, 0x00, 0x00, 0x00, 0xEF, 0x7B, 0x06, 0xEF, 0x7B, 0x06, 0xEF, 0x7B,
  0x02, 0x00, 0x00, 0x00, 0x00, 0x00, 0x00, 0x00, 0x00, 0x00, 0x00, 0x00, 0x00, 0x00, 0x00, 0x00,
  0x00, 0x00, 0x00, 0x00, 0x00, 0x00, 0xEF, 0x7B, 0x02, 0x00, 0x00, 0x00, 0x10, 0x84, 0x6D, 0x30,
  0x84, 0xCF, 0x10, 0x84, 0xCE, 0x10, 0x84, 0xD5, 0x10, 0x84, 0x98, 0xEF, 0x7B, 0x06, 0x00, 0x00,
  0x01, 0x00, 0x00, 0x01, 0x00, 0x00, 0x01, 0x00, 0x00, 0x00, 0x00, 0x00, 0x00, 0x10, 0x84, 0xC4,
  0x30, 0x84, 0xFF, 0x10, 0x84, 0xFD, 0x10, 0x84, 0xFF, 0x10, 0x84, 0xFF, 0x10, 0x84, 0xFF, 0x10,
  0x84, 0xFF, 0x10, 0x84, 0xFF, 0x10, 0x84, 0xFF, 0x10, 0x84, 0xFF, 0x10, 0x84, 0xFF, 0x10, 0x84,
  0xFF, 0x10, 0x84, 0xFF, 0x10, 0x84, 0xFF, 0x10, 0x84, 0xFF, 0x10, 0x84, 0xFF, 0x10, 0x84, 0xFF,
  0x10, 0x84, 0xFF, 0x10, 0x84, 0xFF, 0x10, 0x84, 0xFF, 0x10, 0x84, 0xFF, 0x10, 0x84, 0xFF, 0x10,
  0x84, 0xFF, 0x10, 0x84, 0xFF, 0x10, 0x84, 0xFF, 0x10, 0x84, 0xFF, 0x10, 0x84, 0xFF, 0x10, 0x84,
  0xFB, 0x51, 0x8C, 0xFF, 0x10, 0x84, 0x93, 0x00, 0x00, 0x00, 0x55, 0xAD, 0x03, 0x00, 0x00, 0x00,
  0xFF, 0xFF, 0x01, 0x00, 0x00, 0x00, 0xEF, 0x7B, 0x20, 0x10, 0x84, 0xB0, 0x10, 0x84, 0xD4, 0x10,
  0x84, 0xD0, 0x30, 0x84, 0xC8, 0x10, 0x84, 0x47, 0x00, 0x00, 0x00, 0xEF, 0x7B, 0x02, 0x00, 0x00,
  0x00, 0x00, 0x00, 0x00, 0x00, 0x00, 0x00, 0x00, 0x00, 0x01, 0x00, 0x00, 0x01, 0x00, 0x00, 0x01,
  0x10, 0x84, 0xD6, 0xB2, 0x94, 0xFF, 0x51, 0x8C, 0xFF, 0x92, 0x94, 0xFF, 0x30, 0x84, 0xFF, 0x30,
  0x84, 0x17, 0x00, 0x00, 0x00, 0xFF, 0xFF, 0x01, 0x00, 0x00, 0x01, 0x00, 0x00, 0x00, 0x00, 0x00,
  0x01, 0x10, 0x84, 0xC8, 0x30, 0x84, 0xFF, 0x10, 0x84, 0xFD, 0x10, 0x84, 0xFF, 0x10, 0x84, 0xFF,
  0x10, 0x84, 0xFF, 0x10, 0x84, 0xFF, 0x10, 0x84, 0xFF, 0x10, 0x84, 0xFF, 0x10, 0x84, 0xFF, 0x10,
  0x84, 0xFF, 0x10, 0x84, 0xFF, 0x10, 0x84, 0xFF, 0x10, 0x84, 0xFF, 0x10, 0x84, 0xFF, 0x10, 0x84,
  0xFF, 0x10, 0x84, 0xFF, 0x10, 0x84, 0xFF, 0x10, 0x84, 0xFF, 0x10, 0x84, 0xFF, 0x10, 0x84, 0xFF,
  0x10, 0x84, 0xFF, 0x10, 0x84, 0xFF, 0x10, 0x84, 0xFF, 0x10, 0x84, 0xFF, 0x10, 0x84, 0xFF, 0x10,
  0x84, 0xFF, 0x10, 0x84, 0xFB, 0x51, 0x8C, 0xFF, 0x10, 0x84, 0x9C, 0x00, 0x00, 0x00, 0xAA, 0x52,
  0x03, 0x00, 0x00, 0x00, 0x55, 0xAD, 0x03, 0x00, 0x00, 0x00, 0xEF, 0x7B, 0x50, 0x92, 0x94, 0xFF,
  0x71, 0x8C, 0xFF, 0x51, 0x8C, 0xFF, 0xD3, 0x9C, 0xFF, 0x10, 0x84, 0x9A, 0x00, 0x00, 0x00, 0xEF,
  0x7B, 0x04, 0x00, 0x00, 0x00, 0x00, 0x00, 0x00, 0x00, 0x00, 0x00, 0x00, 0x00, 0x00, 0xFF, 0xFF,
  0x01, 0x00, 0x00, 0x00, 0x10, 0x84, 0x41, 0x30, 0x84, 0x98, 0xEF, 0x7B, 0x98, 0x30, 0x84, 0x9B,
  0x10, 0x84, 0x65, 0x00, 0x00, 0x01, 0x00, 0x00, 0x00, 0x00, 0x00, 0x00, 0x00, 0x00, 0x01, 0x00,
  0x00, 0x00, 0x00, 0x00, 0x00, 0x10, 0x84, 0xC3, 0x30, 0x84, 0xFF, 0x10, 0x84, 0xFD, 0x10, 0x84,
  0xFF, 0x10, 0x84, 0xFF, 0x10, 0x84, 0xFF, 0x10, 0x84, 0xFF, 0x10, 0x84, 0xFF, 0x10, 0x84, 0xFF,
  0x10, 0x84, 0xFF, 0x10, 0x84, 0xFF, 0x10, 0x84, 0xFF, 0x10, 0x84, 0xFF, 0x10, 0x84, 0xFF, 0x10,
  0x84, 0xFF, 0x10, 0x84, 0xFF, 0x10, 0x84, 0xFF, 0x10, 0x84, 0xFF, 0x10, 0x84, 0xFF, 0x10, 0x84,
  0xFF, 0x10, 0x84, 0xFF, 0x10, 0x84, 0xFF, 0x10, 0x84, 0xFF, 0x10, 0x84, 0xFF, 0x10, 0x84, 0xFF,
  0x10, 0x84, 0xFF, 0x10, 0x84, 0xFF, 0x10, 0x84, 0xFA, 0x51, 0x8C, 0xFF, 0x10, 0x84, 0x8F, 0x00,
  0x00, 0x00, 0xEF, 0x7B, 0x04, 0x00, 0x00, 0x00, 0x00, 0x00, 0x01, 0x00, 0x00, 0x00, 0x71, 0x8C,
  0x09, 0x10, 0x84, 0x7F, 0x10, 0x84, 0x9D, 0x10, 0x84, 0x9A, 0x10, 0x84, 0x92, 0xEF, 0x7B, 0x25,
  0x00, 0x00, 0x00, 0xEF, 0x7B, 0x02, 0x00, 0x00, 0x00, 0x00, 0x00, 0x00, 0x00, 0x00, 0x00, 0x00,
  0x00, 0x00, 0x00, 0x00, 0x00, 0x00, 0x00, 0x00, 0x00, 0x00, 0x00, 0x00, 0x00, 0x00, 0x00, 0x00,
  0x00, 0x00, 0x00, 0x00, 0x00, 0x00, 0x00, 0x00, 0x00, 0x00, 0x00, 0x00, 0x00, 0x00, 0x00, 0x00,
  0x00, 0x00, 0x00, 0xEF, 0x7B, 0x02, 0x00, 0x00, 0x00, 0x10, 0x84, 0xAB, 0x51, 0x8C, 0xFF, 0x10,
  0x84, 0xFB, 0x10, 0x84, 0xFF, 0x10, 0x84, 0xFF, 0x10, 0x84, 0xFF, 0x10, 0x84, 0xFF, 0x10, 0x84,
  0xFF, 0x10, 0x84, 0xFF, 0x10, 0x84, 0xFF, 0x10, 0x84, 0xFF, 0x10, 0x84, 0xFF, 0x10, 0x84, 0xFF,
  0x10, 0x84, 0xFF, 0x10, 0x84, 0xFF, 0x10, 0x84, 0xFF, 0x10, 0x84, 0xFF, 0x10, 0x84, 0xFF, 0x10,
  0x84, 0xFF, 0x10, 0x84, 0xFF, 0x10, 0x84, 0xFF, 0x10, 0x84, 0xFF, 0x10, 0x84, 0xFF, 0x10, 0x84,
  0xFF, 0x10, 0x84, 0xFF, 0x10, 0x84, 0xFF, 0x10, 0x84, 0xFF, 0x10, 0x84, 0xFB, 0x51, 0x8C, 0xFF,
  0x10, 0x84, 0x75, 0x00, 0x00, 0x00, 0x2C, 0x63, 0x05, 0x00, 0x00, 0x00, 0x00, 0x00, 0x00, 0x00,
  0x00, 0x00, 0x00, 0x00, 0x00, 0x00, 0x00, 0x00, 0x00, 0x00, 0x00, 0x00, 0x00, 0x00, 0x00, 0x00,
  0x00, 0x00, 0x00, 0x00, 0x00, 0x00, 0x00, 0x00, 0x00, 0x00, 0x00, 0x00, 0x00, 0x00, 0x00, 0x00,
  0x00, 0x00, 0x00, 0x00, 0x00, 0x00, 0x00, 0x00, 0x00, 0x00, 0x00, 0x00, 0xAA, 0x52, 0x03, 0x55,
  0xAD, 0x03, 0xEF, 0x7B, 0x02, 0xAA, 0x52, 0x03, 0x55, 0xAD, 0x03, 0x00, 0x00, 0x00, 0x00, 0x00,
  0x00, 0x00, 0x00, 0x00, 0x00, 0x00, 0x00, 0xEF, 0x7B, 0x04, 0x00, 0x00, 0x00, 0x10, 0x84, 0x80,
  0x51, 0x8C, 0xFF, 0x10, 0x84, 0xFB, 0x10, 0x84, 0xFF, 0x10, 0x84, 0xFF, 0x10, 0x84, 0xFF, 0x10,
  0x84, 0xFF, 0x10, 0x84, 0xFF, 0x10, 0x84, 0xFF, 0x10, 0x84, 0xFF, 0x10, 0x84, 0xFF, 0x10, 0x84,
  0xFF, 0x10, 0x84, 0xFF, 0x10, 0x84, 0xFF, 0x10, 0x84, 0xFF, 0x10, 0x84, 0xFF, 0x10, 0x84, 0xFF,
  0x10, 0x84, 0xFF, 0x10, 0x84, 0xFF, 0x10, 0x84, 0xFF, 0x10, 0x84, 0xFF, 0x10, 0x84, 0xFF, 0x10,
  0x84, 0xFF, 0x10, 0x84, 0xFF, 0x10, 0x84, 0xFF, 0x10, 0x84, 0xFF, 0x10, 0x84, 0xFE, 0x10, 0x84,
  0xFE, 0x30, 0x84, 0xFF, 0x10, 0x84, 0x4E, 0x00, 0x00, 0x00, 0x55, 0xAD, 0x03, 0x00, 0x00, 0x00,
  0x00, 0x00, 0x00, 0x00, 0x00, 0x00, 0x00, 0x00, 0x01, 0x55, 0xAD, 0x03, 0xEF, 0x7B, 0x02, 0xEF,
  0x7B, 0x02, 0x55, 0xAD, 0x03, 0xEF, 0x7B, 0x02, 0x00, 0x00, 0x00, 0x00, 0x00, 0x00, 0x00, 0x00,
  0x00, 0x00, 0x00, 0x00, 0x00, 0x00, 0x00, 0x00, 0x00, 0x00, 0x00, 0x00, 0x00, 0x00, 0x00, 0x00,
  0x00, 0x00, 0x00, 0x00, 0x00, 0x00, 0x00, 0x00, 0x00, 0x00, 0x00, 0x00, 0x00, 0x00, 0x00, 0x00,
  0x00, 0x00, 0x00, 0x00, 0x00, 0x00, 0x00, 0x00, 0x00, 0x00, 0x00, 0x55, 0xAD, 0x03, 0x00, 0x00,
  0x00, 0x10, 0x84, 0x45, 0x30, 0x84, 0xFF, 0x10, 0x84, 0xFE, 0x10, 0x84, 0xFF, 0x10, 0x84, 0xFF,
  0x10, 0x84, 0xFF, 0x10, 0x84, 0xFF, 0x10, 0x84, 0xFF, 0x10, 0x84, 0xFF, 0x10, 0x84, 0xFF, 0x10,
  0x84, 0xFF, 0x10, 0x84, 0xFF, 0x10, 0x84, 0xFF, 0x10, 0x84, 0xFF, 0x10, 0x84, 0xFF, 0x10, 0x84,
  0xFF, 0x10, 0x84, 0xFF, 0x10, 0x84, 0xFF, 0x10, 0x84, 0xFF, 0x10, 0x84, 0xFF, 0x10, 0x84, 0xFF,
  0x10, 0x84, 0xFF, 0x10, 0x84, 0xFF, 0x10, 0x84, 0xFF, 0x10, 0x84, 0xFF, 0x10, 0x84, 0xFF, 0x10,
  0x84, 0xFE, 0x10, 0x84, 0xFF, 0x10, 0x84, 0xF0, 0x30, 0x84, 0x15, 0x00, 0x00, 0x00, 0x00, 0x00,
  0x02, 0x00, 0x00, 0x00, 0x00, 0x00, 0x00, 0x00, 0x00, 0x00, 0x00, 0x00, 0x00, 0x00, 0x00, 0x00,
  0x00, 0x00, 0x00, 0x00, 0x00, 0x00, 0x00, 0x00, 0x00, 0x00, 0x00, 0x00, 0x00, 0x00, 0x00, 0x00,
  0x00, 0x00, 0x00, 0x00, 0x00, 0x00, 0x00, 0x00, 0x00, 0x00, 0x00, 0x00, 0x00, 0x00, 0x00, 0x00,
  0x00, 0x00, 0x00, 0x00, 0x00, 0x00, 0x00, 0x00, 0x00, 0x00, 0x00, 0x00, 0x00, 0x00, 0x00, 0x00,
  0x00, 0x00, 0x00, 0x00, 0x00, 0x00, 0x00, 0x00, 0x00, 0x00, 0x00, 0x00, 0x00, 0x00, 0x00, 0x00,
  0x00, 0x01, 0x00, 0x00, 0x00, 0x8E, 0x73, 0x0B, 0x10, 0x84, 0xE0, 0x30, 0x84, 0xFE, 0x10, 0x84,
  0xFD, 0x10, 0x84, 0xFF, 0x10, 0x84, 0xFF, 0x10, 0x84, 0xFF, 0x10, 0x84, 0xFF, 0x10, 0x84, 0xFF,
  0x10, 0x84, 0xFF, 0x10, 0x84, 0xFF, 0x10, 0x84, 0xFF, 0x10, 0x84, 0xFF, 0x10, 0x84, 0xFF, 0x10,
  0x84, 0xFF, 0x10, 0x84, 0xFF, 0x10, 0x84, 0xFF, 0x10, 0x84, 0xFF, 0x10, 0x84, 0xFF, 0x10, 0x84,
  0xFF, 0x10, 0x84, 0xFF, 0x10, 0x84, 0xFF, 0x10, 0x84, 0xFF, 0x10, 0x84, 0xFF, 0x10, 0x84, 0xFF,
  0x10, 0x84, 0xFF, 0x10, 0x84, 0xFC, 0x51, 0x8C, 0xFE, 0x10, 0x84, 0xAF, 0x00, 0x00, 0x00, 0xEF,
  0x7B, 0x02, 0x00, 0x00, 0x00, 0x00, 0x00, 0x00, 0x00, 0x00, 0x00, 0x00, 0x00, 0x00, 0x00, 0x00,
  0x00, 0x00, 0x00, 0x00, 0x00, 0x00, 0x00, 0x00, 0x00, 0x00, 0x00, 0x00, 0x00, 0x00, 0x00, 0x00,
  0x00, 0x00, 0x00, 0x00, 0x00, 0x00, 0x00, 0x00, 0x00, 0x00, 0x00, 0x00, 0x00, 0x00, 0x00, 0x00,
  0x00, 0x00, 0x00, 0x00, 0x00, 0x00, 0x00, 0x00, 0x00, 0x00, 0x00, 0x00, 0x00, 0x00, 0x00, 0x00,
  0x00, 0x00, 0x00, 0x00, 0x00, 0x00, 0x00, 0x00, 0x00, 0x00, 0x00, 0x00, 0x00, 0x00, 0x00, 0x00,
  0x00, 0x00, 0x00, 0x00, 0x00, 0x00, 0xAA, 0x52, 0x03, 0x00, 0x00, 0x00, 0xEF, 0x7B, 0x80, 0x51,
  0x8C, 0xFF, 0x10, 0x84, 0xFC, 0x10, 0x84, 0xFF, 0x10, 0x84, 0xFF, 0x10, 0x84, 0xFF, 0x10, 0x84,
  0xFF, 0x10, 0x84, 0xFF, 0x10, 0x84, 0xFF, 0x10, 0x84, 0xFF, 0x10, 0x84, 0xFF, 0x10, 0x84, 0xFF,
  0x10, 0x84, 0xFF, 0x10, 0x84, 0xFF, 0x10, 0x84, 0xFF, 0x10, 0x84, 0xFF, 0x10, 0x84, 0xFF, 0x10,
  0x84, 0xFF, 0x10, 0x84, 0xFF, 0x10, 0x84, 0xFF, 0x10, 0x84, 0xFF, 0x10, 0x84, 0xFF, 0x10, 0x84,
  0xFF, 0x10, 0x84, 0xFF, 0x10, 0x84, 0xFF, 0x10, 0x84, 0xFD, 0x30, 0x84, 0xFF, 0x10, 0x84, 0x4E,
  0x00, 0x00, 0x00, 0x55, 0xAD, 0x03, 0x00, 0x00, 0x00, 0x00, 0x00, 0x00, 0x00, 0x00, 0x00, 0x00,
  0x00, 0x00, 0x00, 0x00, 0x00, 0x00, 0x00, 0x00, 0x00, 0x00, 0x00, 0x00, 0x00, 0x00, 0x00, 0x00,
  0x00, 0x00, 0x00, 0x00, 0x00, 0x00, 0x00, 0x00, 0x00, 0x00, 0x00, 0x00, 0x00, 0x00, 0x00, 0x00,
  0x00, 0x00, 0x00, 0x00, 0x00, 0x00, 0x00, 0x00, 0x00, 0x00, 0x00, 0x00, 0x00, 0x00, 0x00, 0x00,
  0x00, 0x00, 0x00, 0x00, 0x00, 0x00, 0x00, 0x00, 0x00, 0x00, 0x00, 0x00, 0x00, 0x00, 0x00, 0x00,
  0x00, 0x00, 0x00, 0x00, 0x00, 0x00, 0x00, 0x00, 0x00, 0x00, 0xEF, 0x7B, 0x02, 0x00, 0x00, 0x01,
  0xEF, 0x7B, 0x16, 0x10, 0x84, 0xEA, 0x30, 0x84, 0xFD, 0x10, 0x84, 0xFD, 0x10, 0x84, 0xFF, 0x10,
  0x84, 0xFF, 0x10, 0x84, 0xFF, 0x10, 0x84, 0xFF, 0x10, 0x84, 0xFF, 0x10, 0x84, 0xFF, 0x10, 0x84,
  0xFF, 0x10, 0x84, 0xFF, 0x10, 0x84, 0xFF, 0x10, 0x84, 0xFF, 0x10, 0x84, 0xFF, 0x10, 0x84, 0xFF,
  0x10, 0x84, 0xFF, 0x10, 0x84, 0xFF, 0x10, 0x84, 0xFF, 0x10, 0x84, 0xFF, 0x10, 0x84, 0xFF, 0x10,
  0x84, 0xFF, 0x10, 0x84, 0xFF, 0x10, 0x84, 0xFF, 0x10, 0x84, 0xFD, 0x30, 0x84, 0xFF, 0x10, 0x84,
  0xC9, 0x55, 0xAD, 0x03, 0xFF, 0xFF, 0x01, 0x00, 0x00, 0x00, 0x00, 0x00, 0x00, 0x00, 0x00, 0x00,
  0x00, 0x00, 0x00, 0x00, 0x00, 0x00, 0x00, 0x00, 0x00, 0x00, 0x00, 0x00, 0x00, 0x00, 0x00, 0x00,
  0x00, 0x00, 0x00, 0x00, 0x00, 0x00, 0x00, 0x00, 0x00, 0x00, 0x00, 0x00, 0x00, 0x00, 0x00, 0x00,
  0x00, 0x00, 0x00, 0x00, 0x00, 0x00, 0x00, 0x00, 0x00, 0x00, 0x00, 0x00, 0x00, 0x00, 0x00, 0x00,
  0x00, 0x00, 0x00, 0x00, 0x00, 0x00, 0x00, 0x00, 0x00, 0x00, 0x00, 0x00, 0x00, 0x00, 0x00, 0x00,
  0x00, 0x00, 0x00, 0x00, 0x00, 0x00, 0x00, 0x00, 0x00, 0x00, 0x00, 0x00, 0x00, 0x00, 0x00, 0x00,
  0x00, 0xAA, 0x52, 0x03, 0x00, 0x00, 0x00, 0xEF, 0x7B, 0x62, 0x51, 0x8C, 0xFF, 0x10, 0x84, 0xFB,
  0x10, 0x84, 0xFE, 0x10, 0x84, 0xFF, 0x10, 0x84, 0xFF, 0x10, 0x84, 0xFF, 0x10, 0x84, 0xFF, 0x10,
  0x84, 0xFF, 0x10, 0x84, 0xFF, 0x10, 0x84, 0xFF, 0x10, 0x84, 0xFF, 0x10, 0x84, 0xFF, 0x10, 0x84,
  0xFF, 0x10, 0x84, 0xFF, 0x10, 0x84, 0xFF, 0x10, 0x84, 0xFF, 0x10, 0x84, 0xFF, 0x10, 0x84, 0xFF,
  0x10, 0x84, 0xFF, 0x10, 0x84, 0xFF, 0x10, 0x84, 0xFF, 0x10, 0x84, 0xFE, 0x10, 0x84, 0xFC, 0x10,
  0x84, 0xF8, 0x10, 0x84, 0x35, 0x00, 0x00, 0x00, 0xEF, 0x7B, 0x02, 0x00, 0x00, 0x00, 0x00, 0x00,
  0x00, 0x00, 0x00, 0x00, 0x00, 0x00, 0x00, 0x00, 0x00, 0x00, 0x00, 0x00, 0x00, 0x00, 0x00, 0x00,
  0x00, 0x00, 0x00, 0x00, 0x00, 0x00, 0x00, 0x00, 0x00, 0x00, 0x00, 0x00, 0x00, 0x00, 0x00, 0x00,
  0x00, 0x00, 0x00, 0x00, 0x00, 0x00, 0x00, 0x00, 0x00, 0x00, 0x00, 0x00, 0x00, 0x00, 0x00, 0x00,
  0x00, 0x00, 0x00, 0x00, 0x00, 0x00, 0x00, 0x00, 0x00, 0x00, 0x00, 0x00, 0x00, 0x00, 0x00, 0x00,
  0x00, 0x00, 0x00, 0x00, 0x00, 0x00, 0x00, 0x00, 0x00, 0x00, 0x00, 0x00, 0x00, 0x00, 0x00, 0x00,
  0x00, 0x00, 0x00, 0x00, 0x00, 0x00, 0x00, 0x01, 0xAA, 0x52, 0x03, 0x00, 0x00, 0x00, 0xEF, 0x7B,
  0xA6, 0x51, 0x8C, 0xFF, 0x10, 0x84, 0xFB, 0x10, 0x84, 0xFF, 0x10, 0x84, 0xFF, 0x10, 0x84, 0xFF,
  0x10, 0x84, 0xFF, 0x10, 0x84, 0xFF, 0x10, 0x84, 0xFF, 0x10, 0x84, 0xFF, 0x10, 0x84, 0xFF, 0x10,
  0x84, 0xFF, 0x10, 0x84, 0xFF, 0x10, 0x84, 0xFF, 0x10, 0x84, 0xFF, 0x10, 0x84, 0xFF, 0x10, 0x84,
  0xFF, 0x10, 0x84, 0xFF, 0x10, 0x84, 0xFF, 0x10, 0x84, 0xFF, 0x10, 0x84, 0xFE, 0x10, 0x84, 0xFB,
  0x51, 0x8C, 0xFF, 0xEF, 0x7B, 0x73, 0x00, 0x00, 0x00, 0xAA, 0x52, 0x03, 0x00, 0x00, 0x00, 0x00,
  0x00, 0x00, 0x00, 0x00, 0x00, 0x00, 0x00, 0x00, 0x00, 0x00, 0x00, 0x00, 0x00, 0x00, 0x00, 0x00,
  0x00, 0x00, 0x00, 0x00, 0x00, 0x00, 0x00, 0x00, 0x00, 0x00, 0x00, 0x00, 0x00, 0x00, 0x00, 0x00,
  0x00, 0x00, 0x00, 0x00, 0x00, 0x00, 0x00, 0x00, 0x00, 0x00, 0x00, 0x00, 0x00, 0x00, 0x00, 0x00,
  0x00, 0x00, 0x00, 0x00, 0x00, 0x00, 0x00, 0x00, 0x00, 0x00, 0x00, 0x00, 0x00, 0x00, 0x00, 0x00,
  0x00, 0x00, 0x00, 0x00, 0x00, 0x00, 0x00, 0x00, 0x00, 0x00, 0x00, 0x00, 0x00, 0x00, 0x00, 0x00,
  0x00, 0x00, 0x00, 0x00, 0x00, 0x00, 0x00, 0x00, 0x00, 0x00, 0x00, 0x00, 0xFF, 0xFF, 0x01, 0xEF,
  0x7B, 0x02, 0x8E, 0x73, 0x09, 0x10, 0x84, 0xB7, 0x51, 0x8C, 0xFF, 0x10, 0x84, 0xFB, 0x10, 0x84,
  0xFE, 0x10, 0x84, 0xFF, 0x10, 0x84, 0xFF, 0x10, 0x84, 0xFF, 0x10, 0x84, 0xFF, 0x10, 0x84, 0xFF,
  0x10, 0x84, 0xFF, 0x10, 0x84, 0xFF, 0x10, 0x84, 0xFF, 0x10, 0x84, 0xFF, 0x10, 0x84, 0xFF, 0x10,
  0x84, 0xFF, 0x10, 0x84, 0xFF, 0x10, 0x84, 0xFF, 0x10, 0x84, 0xFF, 0x10, 0x84, 0xFD, 0x10, 0x84,
  0xFC, 0x51, 0x8C, 0xFF, 0x10, 0x84, 0x89, 0x00, 0x00, 0x00, 0xAA, 0x52, 0x03, 0x00, 0x00, 0x01,
  0x00, 0x00, 0x00, 0x00, 0x00, 0x00, 0x00, 0x00, 0x00, 0x00, 0x00, 0x00, 0x00, 0x00, 0x00, 0x00,
  0x00, 0x00, 0x00, 0x00, 0x00, 0x00, 0x00, 0x00, 0x00, 0x00, 0x00, 0x00, 0x00, 0x00, 0x00, 0x00,
  0x00, 0x00, 0x00, 0x00, 0x00, 0x00, 0x00, 0x00, 0x00, 0x00, 0x00, 0x00, 0x00, 0x00, 0x00, 0x00,
  0x00, 0x00, 0x00, 0x00, 0x00, 0x00, 0x00, 0x00, 0x00, 0x00, 0x00, 0x00, 0x00, 0x00, 0x00, 0x00,
  0x00, 0x00, 0x00, 0x00, 0x00, 0x00, 0x00, 0x00, 0x00, 0x00, 0x00, 0x00, 0x00, 0x00, 0x00, 0x00,
  0x00, 0x00, 0x00, 0x00, 0x00, 0x00, 0x00, 0x00, 0x00, 0x00, 0x00, 0x00, 0x00, 0x00, 0x00, 0x00,
  0x00, 0x00, 0x00, 0xFF, 0xFF, 0x01, 0x00, 0x00, 0x00, 0x8E, 0x73, 0x0B, 0x10, 0x84, 0xAE, 0x51,
  0x8C, 0xFF, 0x10, 0x84, 0xFF, 0x10, 0x84, 0xFB, 0x10, 0x84, 0xFE, 0x10, 0x84, 0xFF, 0x10, 0x84,
  0xFF, 0x10, 0x84, 0xFF, 0x10, 0x84, 0xFF, 0x10, 0x84, 0xFF, 0x10, 0x84, 0xFF, 0x10, 0x84, 0xFF,
  0x10, 0x84, 0xFF, 0x10, 0x84, 0xFF, 0x10, 0x84, 0xFF, 0x10, 0x84, 0xFE, 0x10, 0x84, 0xFB, 0x30,
  0x84, 0xFF, 0x30, 0x84, 0xFF, 0xEF, 0x7B, 0x86, 0x00, 0x00, 0x00, 0xEF, 0x7B, 0x02, 0x00, 0x00,
  0x01, 0x00, 0x00, 0x00, 0x00, 0x00, 0x00, 0x00, 0x00, 0x00, 0x00, 0x00, 0x00, 0x00, 0x00, 0x00,
  0x00, 0x00, 0x00, 0x00, 0x00, 0x00, 0x00, 0x00, 0x00, 0x00, 0x00, 0x00, 0x00, 0x00, 0x00, 0x00,
  0x00, 0x00, 0x00, 0x00, 0x00, 0x00, 0x00, 0x00, 0x00, 0x00, 0x00, 0x00, 0x00, 0x00, 0x00, 0x00,
  0x00, 0x00, 0x00, 0x00, 0x00, 0x00, 0x00, 0x00, 0x00, 0x00, 0x00, 0x00, 0x00, 0x00, 0x00, 0x00,
  0x00, 0x00, 0x00, 0x00, 0x00, 0x00, 0x00, 0x00, 0x00, 0x00, 0x00, 0x00, 0x00, 0x00, 0x00, 0x00,
  0x00, 0x00, 0x00, 0x00, 0x00, 0x00, 0x00, 0x00, 0x00, 0x00, 0x00, 0xFF, 0xFF, 0x01, 0xAA, 0x52,
  0x03, 0x00, 0x00, 0x00, 0x00, 0x00, 0x00, 0x00, 0x00, 0x00, 0xEF, 0x7B, 0x02, 0x00, 0x00, 0x00,
  0x00, 0x00, 0x01, 0x10, 0x84, 0x7B, 0x10, 0x84, 0xF6, 0x51, 0x8C, 0xFF, 0x10, 0x84, 0xFF, 0x10,
  0x84, 0xFB, 0x10, 0x84, 0xFC, 0x10, 0x84, 0xFE, 0x10, 0x84, 0xFE, 0x10, 0x84, 0xFE, 0x10, 0x84,
  0xFE, 0x10, 0x84, 0xFE, 0x10, 0x84, 0xFD, 0x10, 0x84, 0xFB, 0x10, 0x84, 0xFC, 0x30, 0x84, 0xFF,
  0x51, 0x8C, 0xFF, 0x30, 0x84, 0xE1, 0x10, 0x84, 0x55, 0x00, 0x00, 0x00, 0xEF, 0x7B, 0x02, 0x00,
  0x00, 0x01, 0x00, 0x00, 0x00, 0x00, 0x00, 0x00, 0x00, 0x00, 0x01, 0x55, 0xAD, 0x03, 0x00, 0x00,
  0x01, 0x00, 0x00, 0x00, 0x00, 0x00, 0x00, 0x00, 0x00, 0x00, 0x00, 0x00, 0x00, 0x00, 0x00, 0x00,
  0x00, 0x00, 0x00, 0x00, 0x00, 0x00, 0x00, 0x00, 0x00, 0x00, 0x00, 0x00, 0x00, 0x00, 0x00, 0x00,
  0x00, 0x00, 0x00, 0x00, 0x00, 0x00, 0x00, 0x00, 0x00, 0x00, 0x00, 0x00, 0x00, 0x00, 0x00, 0x00,
  0x00, 0x00, 0x00, 0x00, 0x00, 0x00, 0x00, 0x00, 0x00, 0x00, 0x00, 0x00, 0x00, 0x00, 0x00, 0x00,
  0x00, 0x00, 0x00, 0x00, 0x00, 0x00, 0x00, 0x00, 0x00, 0x00, 0x00, 0x00, 0xEF, 0x7B, 0x02, 0x00,
  0x00, 0x00, 0x00, 0x00, 0x00, 0x00, 0x00, 0x00, 0x00, 0x00, 0x00, 0x00, 0x00, 0x00, 0x00, 0x00,
  0x00, 0xFF, 0xFF, 0x01, 0x00, 0x00, 0x01, 0x00, 0x00, 0x00, 0xEF, 0x7B, 0x32, 0x10, 0x84, 0xAA,
  0x10, 0x84, 0xF4, 0x51, 0x8C, 0xFF, 0x51, 0x8C, 0xFF, 0x30, 0x84, 0xFF, 0x10, 0x84, 0xFF, 0x10,
  0x84, 0xFF, 0x10, 0x84, 0xFF, 0x10, 0x84, 0xFF, 0x30, 0x84, 0xFF, 0x51, 0x8C, 0xFF, 0x51, 0x8C,
  0xFF, 0x10, 0x84, 0xE6, 0x10, 0x84, 0x80, 0xCF, 0x7B, 0x17, 0x00, 0x00, 0x00, 0xEF, 0x7B, 0x02,
  0x00, 0x00, 0x00, 0x00, 0x00, 0x00, 0x00, 0x00, 0x00, 0x00, 0x00, 0x00, 0x00, 0x00, 0x00, 0x00,
  0x00, 0x00, 0x00, 0x00, 0x00, 0x00, 0x00, 0x01, 0x00, 0x00, 0x00, 0x00, 0x00, 0x00, 0x00, 0x00,
  0x00, 0x00, 0x00, 0x00, 0x00, 0x00, 0x00, 0x00, 0x00, 0x00, 0x00, 0x00, 0x00, 0x00, 0x00, 0x00,
  0x00, 0x00, 0x00, 0x00, 0x00, 0x00, 0x00, 0x00, 0x00, 0x00, 0x00, 0x00, 0x00, 0x00, 0x00, 0x00,
  0x00, 0x00, 0x00, 0x00, 0x00, 0x00, 0x00, 0x00, 0x00, 0x00, 0x00, 0x00, 0x00, 0x00, 0x00, 0x00,
  0x00, 0x00, 0x00, 0x00, 0x00, 0x00, 0x00, 0x00, 0x00, 0x00, 0x00, 0x00, 0x00, 0xEF, 0x7B, 0x02,
  0x00, 0x00, 0x00, 0xCF, 0x7B, 0x17, 0x30, 0x84, 0x41, 0x00, 0x00, 0x00, 0x00, 0x00, 0x00, 0x00,
  0x00, 0x00, 0x00, 0x00, 0x00, 0x00, 0x00, 0x00, 0x00, 0x00, 0x00, 0xEF, 0x7B, 0x02, 0x00, 0x00,
  0x00, 0x00, 0x00, 0x00, 0xEF, 0x7B, 0x22, 0x10, 0x84, 0x75, 0x10, 0x84, 0xB0, 0x10, 0x84, 0xE0,
  0x10, 0x84, 0xF3, 0x10, 0x84, 0xF9, 0x10, 0x84, 0xF8, 0x10, 0x84, 0xF3, 0x10, 0x84, 0xD6, 0x30,
  0x84, 0xA0, 0x10, 0x84, 0x64, 0xEF, 0x7B, 0x16, 0x00, 0x00, 0x00, 0x00, 0x00, 0x00, 0x55, 0xAD,
  0x03, 0x00, 0x00, 0x00, 0x00, 0x00, 0x00, 0x00, 0x00, 0x00, 0xFF, 0xFF, 0x01, 0x00, 0x00, 0x00,
  0xEF, 0x7B, 0x0C, 0x30, 0x84, 0x48, 0x92, 0x94, 0x07, 0x00, 0x00, 0x00, 0xEF, 0x7B, 0x02, 0x00,
  0x00, 0x00, 0x00, 0x00, 0x00, 0x00, 0x00, 0x00, 0x00, 0x00, 0x00, 0x00, 0x00, 0x00, 0x00, 0x00,
  0x00, 0x00, 0x00, 0x00, 0x00, 0x00, 0x00, 0x00, 0x00, 0x00, 0x00, 0x00, 0x00, 0x00, 0x00, 0x00,
  0x00, 0x00, 0x00, 0x00, 0x00, 0x00, 0x00, 0x00, 0x00, 0x00, 0x00, 0x00, 0x00, 0x00, 0x00, 0x00,
  0x00, 0x00, 0x00, 0x00, 0x00, 0x00, 0x00, 0x00, 0x00, 0x00, 0x00, 0x00, 0x00, 0x00, 0x00, 0x00,
  0x01, 0x00, 0x00, 0x00, 0x10, 0x84, 0x23, 0x10, 0x84, 0xD6, 0x51, 0x8C, 0xFF, 0x10, 0x84, 0x6E,
  0x00, 0x00, 0x00, 0x55, 0xAD, 0x03, 0x00, 0x00, 0x00, 0x00, 0x00, 0x00, 0x00, 0x00, 0x00, 0x00,
  0x00, 0x00, 0xEF, 0x7B, 0x02, 0xEF, 0x7B, 0x02, 0x00, 0x00, 0x00, 0x00, 0x00, 0x00, 0x00, 0x00,
  0x00, 0x71, 0x8C, 0x09, 0xEF, 0x7B, 0x14, 0xEF, 0x7B, 0x28, 0x10, 0x84, 0x25, 0x30, 0x84, 0x13,
  0xEF, 0x7B, 0x06, 0x00, 0x00, 0x00, 0x00, 0x00, 0x00, 0x00, 0x00, 0x00, 0x55, 0xAD, 0x03, 0xFF,
  0xFF, 0x01, 0x00, 0x00, 0x00, 0x00, 0x00, 0x00, 0x00, 0x00, 0x00, 0x00, 0x00, 0x00, 0xFF, 0xFF,
  0x01, 0x00, 0x00, 0x00, 0x10, 0x84, 0x9F, 0x71, 0x8C, 0xFF, 0x10, 0x84, 0xAE, 0x8E, 0x73, 0x09,
  0x00, 0x00, 0x00, 0xFF, 0xFF, 0x01, 0x00, 0x00, 0x00, 0x00, 0x00, 0x00, 0x00, 0x00, 0x00, 0x00,
  0x00, 0x00, 0x00, 0x00, 0x00, 0x00, 0x00, 0x00, 0x00, 0x00, 0x00, 0x00, 0x00, 0x00, 0x00, 0x00,
  0x00, 0x00, 0x00, 0x00, 0x00, 0x00, 0x00, 0x00, 0x00, 0x00, 0x00, 0x00, 0x00, 0x00, 0x00, 0x00,
  0x00, 0x00, 0x00, 0x00, 0x00, 0x00, 0x00, 0x00, 0x00, 0x00, 0x00, 0x00, 0x00, 0x00, 0x00, 0xEF,
  0x7B, 0x02, 0x00, 0x00, 0x00, 0xEF, 0x7B, 0x24, 0x10, 0x84, 0xDA, 0x30, 0x84, 0xFF, 0x51, 0x8C,
  0xFF, 0xEF, 0x7B, 0x69, 0x00, 0x00, 0x00, 0xAA, 0x52, 0x03, 0x00, 0x00, 0x00, 0x00, 0x00, 0x00,
  0x00, 0x00, 0x00, 0x00, 0x00, 0x00, 0x00, 0x00, 0x00, 0x00, 0x00, 0x00, 0xEF, 0x7B, 0x02, 0xEF,
  0x7B, 0x04, 0xFF, 0xFF, 0x01, 0x00, 0x00, 0x00, 0x00, 0x00, 0x00, 0x00, 0x00, 0x00, 0x00, 0x00,
  0x00, 0x00, 0x00, 0x00, 0x00, 0x00, 0x00, 0xEF, 0x7B, 0x02, 0xEF, 0x7B, 0x04, 0xFF, 0xFF, 0x01,
  0x00, 0x00, 0x00, 0x00, 0x00, 0x00, 0x00, 0x00, 0x00, 0x00, 0x00, 0x00, 0x00, 0x00, 0x00, 0x00,
  0x00, 0x00, 0xEF, 0x7B, 0x02, 0x00, 0x00, 0x00, 0x10, 0x84, 0x97, 0x51, 0x8C, 0xFF, 0x30, 0x84,
  0xFF, 0x10, 0x84, 0xAF, 0xEF, 0x7B, 0x0E, 0xFF, 0xFF, 0x01, 0xFF, 0xFF, 0x01, 0x00, 0x00, 0x00,
  0x00, 0x00, 0x00, 0x00, 0x00, 0x00, 0x00, 0x00, 0x00, 0x00, 0x00, 0x00, 0x00, 0x00, 0x00, 0x00,
  0x00, 0x00, 0x00, 0x00, 0x00, 0x00, 0x00, 0x00, 0x00, 0x00, 0x00, 0x00, 0x00, 0x00, 0x00, 0x00,
  0x00, 0x00, 0x00, 0x00, 0x00, 0x00, 0x00, 0x00, 0x00, 0x00, 0x00, 0x00, 0x00, 0x00, 0x00, 0x00,
  0x00, 0x00, 0x00, 0x55, 0xAD, 0x03, 0x00, 0x00, 0x00, 0x10, 0x84, 0xA3, 0x92, 0x94, 0xFF, 0x30,
  0x84, 0xFF, 0xEF, 0x7B, 0x7F, 0x00, 0x00, 0x00, 0x00, 0x00, 0x01, 0x00, 0x00, 0x00, 0x00, 0x00,
  0x00, 0x00, 0x00, 0x00, 0x00, 0x00, 0x00, 0x00, 0x00, 0x00, 0x00, 0x00, 0x00, 0x00, 0x00, 0x00,
  0x00, 0x00, 0x00, 0x00, 0x00, 0x00, 0x00, 0x00, 0x00, 0x00, 0x00, 0x01, 0xFF, 0xFF, 0x01, 0xEF,
  0x7B, 0x02, 0xEF, 0x7B, 0x02, 0xFF, 0xFF, 0x01, 0x00, 0x00, 0x01, 0x00, 0x00, 0x00, 0x00, 0x00,
  0x00, 0x00, 0x00, 0x00, 0x00, 0x00, 0x00, 0x00, 0x00, 0x00, 0x00, 0x00, 0x00, 0x00, 0x00, 0x00,
  0x00, 0x00, 0x00, 0x00, 0x00, 0x00, 0xFF, 0xFF, 0x01, 0xFF, 0xFF, 0x01, 0x8E, 0x73, 0x0B, 0x10,
  0x84, 0xB0, 0x30, 0x84, 0xFF, 0x92, 0x94, 0xFF, 0x10, 0x84, 0x6D, 0x00, 0x00, 0x00, 0xEF, 0x7B,
  0x04, 0x00, 0x00, 0x00, 0x00, 0x00, 0x00, 0x00, 0x00, 0x00, 0x00, 0x00, 0x00, 0x00, 0x00, 0x00,
  0x00, 0x00, 0x00, 0x00, 0x00, 0x00, 0x00, 0x00, 0x00, 0x00, 0x00, 0x00, 0x00, 0x00, 0x00, 0x00,
  0x00, 0x00, 0x00, 0x00, 0x00, 0x00, 0x00, 0x00, 0x00, 0x00, 0x00, 0x00, 0x00, 0x00, 0x00, 0x00,
  0x00, 0x00, 0x00, 0x00, 0x00, 0x00, 0x00, 0xAA, 0x52, 0x03, 0x00, 0x00, 0x00, 0x10, 0x84, 0x57,
  0x51, 0x8C, 0xDF, 0x10, 0x84, 0x7B, 0x00, 0x00, 0x00, 0xFF, 0xFF, 0x01, 0x00, 0x00, 0x00, 0x00,
  0x00, 0x00, 0x00, 0x00, 0x00, 0x00, 0x00, 0x00, 0x00, 0x00, 0x00, 0x00, 0x00, 0x00, 0x00, 0x00,
  0x00, 0x00, 0x00, 0x00, 0x00, 0x00, 0x00, 0x00, 0x00, 0x00, 0x00, 0x00, 0x00, 0x00, 0x00, 0x00,
  0x00, 0x00, 0x00, 0x00, 0x00, 0x00, 0x00, 0x00, 0x00, 0x00, 0x00, 0x00, 0x00, 0x00, 0x00, 0x00,
  0x00, 0x00, 0x00, 0x00, 0x00, 0x00, 0x00, 0x00, 0x00, 0x00, 0x00, 0x00, 0x00, 0x00, 0x00, 0x00,
  0x00, 0x00, 0x00, 0x00, 0x00, 0x00, 0x00, 0x00, 0x00, 0x00, 0x00, 0x00, 0x00, 0xFF, 0xFF, 0x01,
  0x00, 0x00, 0x00, 0xEF, 0x7B, 0x08, 0x10, 0x84, 0xA9, 0x30, 0x84, 0xD5, 0x10, 0x84, 0x31, 0x00,
  0x00, 0x00, 0xEF, 0x7B, 0x02, 0x00, 0x00, 0x00, 0x00, 0x00, 0x00, 0x00, 0x00, 0x00, 0x00, 0x00,
  0x00, 0x00, 0x00, 0x00, 0x00, 0x00, 0x00, 0x00, 0x00, 0x00, 0x00, 0x00, 0x00, 0x00, 0x00, 0x00,
  0x00, 0x00, 0x00, 0x00, 0x00, 0x00, 0x00, 0x00, 0x00, 0x00, 0x00, 0x00, 0x00, 0x00, 0x00, 0x00,
  0x00, 0x00, 0x00, 0x00, 0x00, 0x00, 0x00, 0x00, 0x00, 0x00, 0x00, 0x00, 0x00, 0x00, 0x00, 0x00,
  0x00, 0x00, 0x00, 0x00, 0xAA, 0x52, 0x09, 0x00, 0x00, 0x00, 0xFF, 0xFF, 0x01, 0x00, 0x00, 0x01,
  0x00, 0x00, 0x00, 0x00, 0x00, 0x00, 0x00, 0x00, 0x00, 0x00, 0x00, 0x00, 0x00, 0x00, 0x00, 0x00,
  0x00, 0x00, 0x00, 0x00, 0x00, 0x00, 0x00, 0x00, 0x00, 0x00, 0x00, 0x00, 0x00, 0x00, 0x00, 0x00,
  0x00, 0x00, 0x00, 0x00, 0xFF, 0xFF, 0x01, 0x00, 0x00, 0x01, 0xFF, 0xFF, 0x01, 0x00, 0x00, 0x00,
  0x00, 0x00, 0x00, 0x00, 0x00, 0x00, 0x00, 0x00, 0x00, 0x00, 0x00, 0x00, 0x00, 0x00, 0x00, 0x00,
  0x00, 0x00, 0x00, 0x00, 0x00, 0x00, 0x00, 0x00, 0x00, 0x00, 0x00, 0x00, 0x00, 0x00, 0x00, 0x00,
  0x00, 0x00, 0x00, 0x00, 0xFF, 0xFF, 0x01, 0x00, 0x00, 0x00, 0x00, 0x00, 0x00, 0xAA, 0x52, 0x06,
  0x00, 0x00, 0x00, 0x00, 0x00, 0x00, 0x00, 0x00, 0x00, 0x00, 0x00, 0x00, 0x00, 0x00, 0x00, 0x00,
  0x00, 0x00, 0x00, 0x00, 0x00, 0x00, 0x00, 0x00, 0x00, 0x00, 0x00, 0x00, 0x00, 0x00, 0x00, 0x00,
  0x00, 0x00, 0x00, 0x00, 0x00, 0x00, 0x00, 0x00, 0x00, 0x00, 0x00, 0x00, 0x00, 0x00, 0x00, 0x00,
  0x00, 0x00, 0x00, 0x00, 0x00, 0x00, 0x00, 0x00, 0x00, 0x00, 0x00, 0x00, 0x00, 0x00, 0x00, 0x00,
  0x00, 0x00, 0x00, 0x00, 0x00, 0x00, 0x00, 0x01, 0x00, 0x00, 0x00, 0xFF, 0xFF, 0x01, 0x00, 0x00,
  0x00, 0x00, 0x00, 0x00, 0x00, 0x00, 0x00, 0x00, 0x00, 0x00, 0x00, 0x00, 0x00, 0x00, 0x00, 0x00,
  0x00, 0x00, 0x00, 0x00, 0x00, 0x00, 0x00, 0x00, 0x00, 0x00, 0x00, 0x00, 0x00, 0x00, 0x00, 0x00,
  0x00, 0x00, 0x00, 0x00, 0x00, 0x00, 0x00, 0x00, 0x00, 0x00, 0x00, 0x00, 0x00, 0x00, 0x00, 0x00,
  0x00, 0x00, 0x00, 0x00, 0x00, 0x00, 0x00, 0x00, 0x00, 0x00, 0x00, 0x00, 0x00, 0x00, 0x00, 0x00,
  0x00, 0x00, 0x00, 0x00, 0x00, 0x00, 0x00, 0x00, 0x00, 0x00, 0x00, 0x00, 0x00, 0x00, 0x00, 0x00,
  0x00, 0x00, 0x00, 0x00, 0x00, 0x00, 0x00, 0x00, 0x00, 0x00, 0x00, 0x00, 0x00, 0x01, 0x00, 0x00,
  0x00, 0x00, 0x00, 0x00, 0xFF, 0xFF, 0x01, 0x00, 0x00, 0x00, 0x00, 0x00, 0x00, 0x00, 0x00, 0x00,
  0x00, 0x00, 0x00, 0x00, 0x00, 0x00, 0x00, 0x00, 0x00, 0x00, 0x00, 0x00, 0x00, 0x00, 0x00, 0x00,
  0x00, 0x00, 0x00, 0x00, 0x00, 0x00, 0x00, 0x00, 0x00, 0x00, 0x00, 0x00, 0x00, 0x00, 0x00, 0x00,
  0x00, 0x00, 0x00, 0x00, 0x00, 0x00, 0x00, 0x00, 0x00, 0x00, 0x00, 0x00, 0x00, 0x00, 0x00, 0x00,
  0x00, 0x00, 0x00, 0x00, 0x00, 0x00, 0x00, 0x00, 0x00, 0x00, 0x00, 0x00, 0x00, 0x00, 0x01, 0x00,
  0x00, 0x00, 0x00, 0x00, 0x00, 0x00, 0x00, 0x00, 0x00, 0x00, 0x00, 0x00, 0x00, 0x00, 0x00, 0x00,
  0x00, 0x00, 0x00, 0x00, 0x00, 0x00, 0x00, 0x00, 0x00, 0x00, 0x00, 0x00, 0x00, 0x00, 0x00, 0x00,
  0x00, 0x00, 0x00, 0x00, 0x00, 0x00, 0xFF, 0xFF, 0x01, 0x00, 0x00, 0x00, 0x10, 0x84, 0x1D, 0x10,
  0x84, 0xB4, 0x10, 0x84, 0x9D, 0x2C, 0x63, 0x05, 0x00, 0x00, 0x01, 0x00, 0x00, 0x01, 0x00, 0x00,
  0x00, 0x00, 0x00, 0x00, 0x00, 0x00, 0x00, 0x00, 0x00, 0x00, 0x00, 0x00, 0x00, 0x00, 0x00, 0x00,
  0x00, 0x00, 0x00, 0x00, 0x00, 0x00, 0x00, 0x00, 0x00, 0x00, 0x00, 0x00, 0x00, 0x00, 0x00, 0x00,
  0x00, 0x00, 0x00, 0x00, 0x00, 0x00, 0x00, 0x01, 0x00, 0x00, 0x00, 0x00, 0x00, 0x00, 0x00, 0x00,
  0x00, 0x00, 0x00, 0x00, 0x00, 0x00, 0x00, 0x00, 0x00, 0x00, 0x00, 0x00, 0x00, 0x00, 0x00, 0x00,
  0x00, 0x00, 0x00, 0x00, 0x00, 0x00, 0x00, 0x00, 0x00, 0x00, 0x00, 0x00, 0x00, 0x00, 0x00, 0x00,
  0x00, 0x00, 0x00, 0x00, 0x00, 0x00, 0x00, 0x00, 0x00, 0x00, 0x00, 0x00, 0x00, 0x00, 0x00, 0x00,
  0x00, 0x00, 0x00, 0x00, 0x00, 0x00, 0x00, 0x00, 0x00, 0x00, 0x00, 0x00, 0x00, 0x00, 0x00, 0x00,
  0x00, 0x00, 0x00, 0x00, 0x00, 0x00, 0x00, 0x00, 0x00, 0x00, 0x00, 0x00, 0x00, 0x00, 0x00, 0x00,
  0x00, 0x00, 0x00, 0x00, 0x00, 0x00, 0x00, 0x00, 0x00, 0x00, 0x00, 0x00, 0x00, 0x00, 0x00, 0x00,
  0x00, 0x00, 0x00, 0x00, 0x00, 0x00, 0x00, 0x00, 0x00, 0x00, 0xEF, 0x7B, 0x04, 0x00, 0x00, 0x00,
  0x10, 0x84, 0x61, 0x71, 0x8C, 0xFF, 0x10, 0x84, 0xFF, 0xEF, 0x7B, 0x26, 0x00, 0x00, 0x00, 0xEF,
  0x7B, 0x02, 0x00, 0x00, 0x00, 0x00, 0x00, 0x00, 0x00, 0x00, 0x00, 0x00, 0x00, 0x00, 0x00, 0x00,
  0x00, 0x00, 0x00, 0x00, 0x00, 0x00, 0x00, 0x00, 0x00, 0x00, 0x00, 0x00, 0x00, 0x00, 0x00, 0x00,
  0x00, 0x00, 0x00, 0x00, 0x00, 0x00, 0x00, 0x00, 0x00, 0x00, 0x00, 0x00, 0x00, 0x00, 0x00, 0x00,
  0x00, 0x00, 0x00, 0x00, 0x00, 0x00, 0x00, 0x00, 0x00, 0x00, 0x00, 0x00, 0x00, 0x00, 0x00, 0x00,
  0x00, 0x00, 0x00, 0x00, 0x00, 0x00, 0x00, 0x00, 0x00, 0x00, 0x00, 0x00, 0x00, 0x00, 0x00, 0x00,
  0x00, 0x00, 0x00, 0x00, 0x00, 0x00, 0x00, 0x00, 0x00, 0x00, 0x00, 0x00, 0x00, 0x00, 0x00, 0x00,
  0x00, 0x00, 0x00, 0x00, 0x00, 0x00, 0x00, 0x00, 0x00, 0x00, 0x00, 0x00, 0x00, 0x00, 0x00, 0x00,
  0x00, 0x00, 0x00, 0x00, 0x00, 0x00, 0x00, 0x00, 0x00, 0x00, 0x00, 0x00, 0x00, 0x00, 0x00, 0x00,
  0x00, 0x00, 0x00, 0x00, 0x00, 0x00, 0x00, 0x00, 0x00, 0x00, 0x00, 0x00, 0x00, 0x00, 0x00, 0x00,
  0x00, 0x00, 0x00, 0x00, 0x00, 0x00, 0x00, 0x00, 0x00, 0x00, 0x00, 0x00, 0x00, 0x00, 0xEF, 0x7B,
  0x04, 0x00, 0x00, 0x00, 0x10, 0x84, 0x61, 0x51, 0x8C, 0xFB, 0x10, 0x84, 0xF3, 0xEF, 0x7B, 0x2A,
  0x00, 0x00, 0x00, 0xEF, 0x7B, 0x02, 0x00, 0x00, 0x00, 0x00, 0x00, 0x00, 0x00, 0x00, 0x00, 0x00,
  0x00, 0x00, 0x00, 0x00, 0x00, 0x00, 0x00, 0x00, 0x00, 0x00, 0x00, 0x00, 0x00, 0x00, 0x00, 0x00,
  0x00, 0x00, 0x00, 0x00, 0x00, 0x00, 0x00, 0x00, 0x00, 0x00, 0x00, 0x00, 0x00, 0x00, 0x00, 0x00,
  0x00, 0x00, 0x00, 0x00, 0x00, 0x00, 0x00, 0x00, 0x00, 0x00, 0x00, 0x00, 0x00, 0x00, 0x00, 0x00,
  0x00, 0x00, 0x00, 0x00, 0x00, 0x00, 0x00, 0x00, 0x00, 0x00, 0x00, 0x00, 0x00, 0x00, 0x00, 0x00,
  0x00, 0x00, 0x00, 0x00, 0x00, 0x00, 0x00, 0x00, 0x00, 0x00, 0x00, 0x00, 0x00, 0x00, 0x00, 0x00,
  0x00, 0x00, 0x00, 0x00, 0x00, 0x00, 0x00, 0x00, 0x00, 0x00, 0x00, 0x00, 0x00, 0x00, 0x00, 0x00,
  0x00, 0x00, 0x00, 0x00, 0x00, 0x00, 0x00, 0x00, 0x00, 0x00, 0x00, 0x00, 0x00, 0x00, 0x00, 0x00,
  0x00, 0x00, 0x00, 0x00, 0x00, 0x00, 0x00, 0x00, 0x00, 0x00, 0x00, 0x00, 0x00, 0x00, 0x00, 0x00,
  0x00, 0x00, 0x00, 0x00, 0x00, 0x00, 0x00, 0x00, 0x00, 0x00, 0x00, 0x00, 0x00, 0x00, 0x00, 0x00,
  0x00, 0x00, 0xEF, 0x7B, 0x04, 0x00, 0x00, 0x00, 0x10, 0x84, 0x66, 0x51, 0x8C, 0xFF, 0x10, 0x84,
  0xFD, 0x10, 0x84, 0x2B, 0x00, 0x00, 0x00, 0xEF, 0x7B, 0x02, 0x00, 0x00, 0x00, 0x00, 0x00, 0x00,
  0x00, 0x00, 0x00, 0x00, 0x00, 0x00, 0x00, 0x00, 0x00, 0x00, 0x00, 0x00, 0x00, 0x00, 0x00, 0x00,
  0x00, 0x00, 0x00, 0x00, 0x00, 0x00, 0x00, 0x00, 0x00, 0x00, 0x00, 0x00, 0x00, 0x00, 0x00, 0x00,
  0x00, 0x00, 0x00, 0x00, 0x00, 0x00, 0x00, 0x00, 0x00, 0x00, 0x00, 0x00, 0x00, 0x00, 0x00, 0x00,
  0x00, 0x00, 0x00, 0x00, 0x00, 0x00, 0x00, 0x00, 0x00, 0x00, 0x00, 0x00, 0x00, 0x00, 0x00, 0x00,
  0x00, 0x00, 0x00, 0x00, 0x00, 0x00, 0x00, 0x00, 0x00, 0x00, 0x00, 0x00, 0x00, 0x00, 0x00, 0x00,
  0x00, 0x00, 0x00, 0x00, 0x00, 0x00, 0x00, 0x00, 0x00, 0x00, 0x00, 0x00, 0x00, 0x00, 0x00, 0x00,
  0x00, 0x00, 0x00, 0x00, 0x00, 0x00, 0x00, 0x00, 0x00, 0x00, 0x00, 0x00, 0x00, 0x00, 0x00, 0x00,
  0x00, 0x00, 0x00, 0x00, 0x00, 0x00, 0x00, 0x00, 0x00, 0x00, 0x00, 0x00, 0x00, 0x00, 0x00, 0x00,
  0x00, 0x00, 0x00, 0x00, 0x00, 0x00, 0x00, 0x00, 0x00, 0x00, 0x00, 0x00, 0x00, 0x00, 0x00, 0x00,
  0x00, 0x00, 0x00, 0x00, 0x00, 0x00, 0xEF, 0x7B, 0x02, 0x00, 0x00, 0x00, 0x10, 0x84, 0x31, 0x10,
  0x84, 0xF1, 0x10, 0x84, 0xD3, 0xAE, 0x73, 0x0F, 0x00, 0x00, 0x00, 0x00, 0x00, 0x01, 0x00, 0x00,
  0x00, 0x00, 0x00, 0x00, 0x00, 0x00, 0x00, 0x00, 0x00, 0x00, 0x00, 0x00, 0x00, 0x00, 0x00, 0x00,
  0x00, 0x00, 0x00, 0x00, 0x00, 0x00, 0x00, 0x00, 0x00, 0x00, 0x00, 0x00, 0x00, 0x00, 0x00, 0x00,
  0x00, 0x00, 0x00, 0x00, 0x00, 0x00, 0x00, 0x00, 0x00, 0x00, 0x00, 0x00, 0x00, 0x00, 0x00, 0x00,
  0x00, 0x00, 0x00, 0x00, 0x00, 0x00, 0x00, 0x00, 0x00, 0x00, 0x00, 0x00, 0x00, 0x00, 0x00, 0x00,
  0x00, 0x00, 0x00, 0x00, 0x00, 0x00, 0x00, 0x00, 0x00, 0x00, 0x00, 0x00, 0x00, 0x00, 0x00, 0x00,
  0x00, 0x00, 0x00, 0x00, 0x00, 0x00, 0x00, 0x00, 0x00, 0x00, 0x00, 0x00, 0x00, 0x00, 0x00, 0x00,
  0x00, 0x00, 0x00, 0x00, 0x00, 0x00, 0x00, 0x00, 0x00, 0x00, 0x00, 0x00, 0x00, 0x00, 0x00, 0x00,
  0x00, 0x00, 0x00, 0x00, 0x00, 0x00, 0x00, 0x00, 0x00, 0x00, 0x00, 0x00, 0x00, 0x00, 0x00, 0x00,
  0x00, 0x00, 0x00, 0x00, 0x00, 0x00, 0x00, 0x00, 0x00, 0x00, 0x00, 0x00, 0x00, 0x00, 0x00, 0x00,
  0x00, 0x00, 0x00, 0x00, 0x00, 0x00, 0x00, 0x00, 0x00, 0x00, 0x00, 0x00, 0x00, 0x00, 0x00, 0x00,
  0x00, 0x00, 0x00, 0xCF, 0x7B, 0x1B, 0xEF, 0x7B, 0x10, 0x00, 0x00, 0x00, 0x00, 0x00, 0x00, 0x00,
  0x00, 0x00, 0x00, 0x00, 0x00, 0x00, 0x00, 0x00, 0x00, 0x00, 0x00, 0x00, 0x00, 0x00, 0x00, 0x00,
  0x00, 0x00, 0x00, 0x00, 0x00, 0x00, 0x00, 0x00, 0x00, 0x00, 0x00, 0x00, 0x00, 0x00, 0x00, 0x00,
  0x00, 0x00, 0x00, 0x00, 0x00, 0x00, 0x00, 0x00, 0x00, 0x00, 0x00, 0x00, 0x00, 0x00, 0x00, 0x00,
  0x00, 0x00, 0x00, 0x00, 0x00, 0x00, 0x00, 0x00, 0x00, 0x00, 0x00, 0x00, 0x00, 0x00, 0x00, 0x00,
  0x00, 0x00, 0x00, 0x00, 0x00, 0x00, 0x00, 0x00, 0x00, 0x00, 0x00, 0x00, 0x00, 0x00, 0x00, 0x00,
  0x00, 0x00, 0x00, 0x00, 0x00, 0x00, 0x00, 0x00, 0x00, 0x00, 0x00, 0x00, 0x00, 0x00, 0x00, 0x00,
  0x00, 0x00, 0x00, 0x00, 0x00, 0x00, 0x00, 0x00, 0x00, 0x00, 0x00, 0x00, 0x00, 0x00, 0x00, 0x00,
  0x00, 0x00, 0x00, 0x00, 0x00, 0x00, 0x00, 0x00, 0x00, 0x00, 0x00, 0x00, 0x00, 0x00, 0x00, 0x00,
  0x00, 0x00, 0x00, 0x00, 0x00, 0x00, 0x00, 0x00, 0x00, 0x00, 0x00, 0x00, 0x00, 0x00, 0x00, 0x00,
  0x00, 0x00, 0x00, 0x00, 0x00, 0x00, 0x00, 0x00, 0x00, 0x00, 0x00, 0x00, 0x00, 0x00, 0x00, 0x00,
  0x00, 0x00, 0x00, 0x00, 0x00, 0x00, 0x01, 0x00, 0x00, 0x00, 0x00, 0x00, 0x00, 0x00, 0x00, 0x01,
  0x00, 0x00, 0x00, 0x00, 0x00, 0x00, 0x00, 0x00, 0x00, 0x00, 0x00, 0x00, 0x00, 0x00, 0x00, 0x00,
  0x00, 0x00, 0x00, 0x00, 0x00, 0x00, 0x00, 0x00, 0x00, 0x00, 0x00, 0x00, 0x00, 0x00, 0x00, 0x00,
  0x00, 0x00, 0x00, 0x00, 0x00, 0x00, 0x00, 0x00, 0x00, 0x00, 0x00, 0x00, 0x00, 0x00, 0x00, 0x00,
  0x00, 0x00, 0x00, 0x00, 0x00, 0x00, 0x00, 0x00, 0x00, 0x00, 0x00, 0x00, 0x00, 0x00, 0x00, 0x00,
  0x00, 0x00, 0x00, 0x00, 0x00, 0x00, 0x00, 0x00, 0x00, 0x00, 0x00, 0x00, 0x00, 0x00, 0x00, 0x00,
  0x00, 0x00, 0x00, 0x00, 0x00, 0x00, 0x00, 0x00, 0x00, 0x00, 0x00, 0x00, 0x00, 0x00, 0x00, 0x00,
  0x00, 0x00, 0x00, 0x00, 0x00, 0x00, 0x00, 0x00, 0x00, 0x00, 0x00, 0x00, 0x00, 0x00, 0x00, 0x00,
  0x00, 0x00, 0x00, 0x00, 0x00, 0x00, 0x00, 0x00, 0x00, 0x00, 0x00, 0x00, 0x00, 0x00, 0x00, 0x00,
  0x00, 0x00, 0x00, 0x00, 0x00, 0x00, 0x00, 0x00, 0x00, 0x00, 0x00, 0x00, 0x00, 0x00, 0x00, 0x00,
  0x00, 0x00, 0x00, 0x00, 0x00, 0x00, 0x00, 0x00, 0x00, 0x00, 0x00, 0x00, 0x00, 0x00, 0x00, 0x00,
  0x00, 0x00, 0x00, 0x00, 0x00, 0x00, 0x00, 0x00, 0x00, 0x00, 0x00, 0xFF, 0xFF, 0x01, 0xFF, 0xFF,
  0x01, 0x00, 0x00, 0x00, 0x00, 0x00, 0x00, 0x00, 0x00, 0x00, 0x00, 0x00, 0x00, 0x00, 0x00, 0x00,
  0x00, 0x00, 0x00, 0x00, 0x00, 0x00, 0x00, 0x00, 0x00, 0x00, 0x00, 0x00, 0x00, 0x00, 0x00, 0x00,
  0x00, 0x00, 0x00, 0x00, 0x00, 0x00, 0x00, 0x00, 0x00, 0x00, 0x00, 0x00, 0x00, 0x00, 0x00, 0x00,
  0x00, 0x00, 0x00, 0x00, 0x00, 0x00, 0x00, 0x00, 0x00, 0x00, 0x00, 0x00, 0x00, 0x00, 0x00, 0x00,
  0x00, 0x00, 0x00, 0x00, 0x00, 0x00, 0x00, 0x00, 0x00, 0x00, 0x00, 0x00, 0x00, 0x00, 0x00, 0x00,
  0x00, 0x00, 0x00, 0x00, 0x00, 0x00, 0x00, 0x00, 0x00, 0x00, 0x00, 0x00, 0x00, 0x00, 0x00, 0x00,
  0x00, 0x00, 0x00, 0x00, 0x00, 0x00, 0x00, 0x00, 0x00, 0x00, 0x00, 0x00, 0x00, 0x00, 0x00, 0x00,
  0x00, 0x00, 0x00, 0x00, 0x00, 0x00, 0x00, 0x00, 0x00, 0x00, 0x00, 0x00, 0x00, 0x00, 0x00, 0x00,
  0x00, 0x00, 0x00, 0x00, 0x00, 0x00, 0x00, 0x00, 0x00, 0x00, 0x00, 0x00, 0x00, 0x00, 0x00, 0x00,
  0x00, 0x00, 0x00, 0x00, 0x00, 0x00, 0x00, 0x00, 0x00, 0x00, 0x00, 0x00, 0x00, 0x00, 0x00, 0x00,
  0x00, 0x00, 0x00, 0x00, 0x00, 0x00, 0x00, 0x00, 0x00, 0x00, 0x00, 0x00, 0x00, 0x00, 0x00, 0x00,
  0x00, 0x00, 0x00, 0x00, 0x00, 0x00, 0x00, 0x00, 0x00, 0x00, 0x00, 0x00, 0x00, 0x00, 0x00, 0x00,
  0x00, 0x00, 0x00, 0x00, 0x00, 0x00, 0x00, 0x00, 0x00, 0x00, 0x00, 0x00, 0x00, 0x00, 0x00, 0x00,
  0x00, 0x00, 0x00, 0x00, 0x00, 0x00, 0x00, 0x00, 0x00, 0x00, 0x00, 0x00, 0x00, 0x00, 0x00, 0x00,
  0x00, 0x00, 0x00, 0x00, 0x00, 0x00, 0x00, 0x00, 0x00, 0x00, 0x00, 0x00, 0x00, 0x00, 0x00, 0x00,
  0x00, 0x00, 0x00, 0x00, 0x00, 0x00, 0x00, 0x00, 0x00, 0x00, 0x00, 0x00, 0x00, 0x00, 0x00, 0x00,
  0x00, 0x00, 0x00, 0x00, 0x00, 0x00, 0x00, 0x00, 0x00, 0x00, 0x00, 0x00,
};
const lv_img_dsc_t ic_brightness_high_normal = {
  .header.always_zero = 0,
  .header.w = 60,
  .header.h = 59,
  .data_size = 10620,
  .header.cf = LV_IMG_CF_TRUE_COLOR_ALPHA,
  .data = ic_brightness_high_normal_data,
};

/* ic_brightness_medium_high.png */
static const uint8_t ic_brightness_medium_high_data[] = {
  0x00, 0x00, 0x00, 0x00, 0x00, 0x00, 0x00, 0x00, 0x00, 0x00, 0x00, 0x00, 0x00, 0x00, 0x00, 0x00,
  0x00, 0x00, 0x00, 0x00, 0x00, 0x00, 0x00, 0x00, 0x00, 0x00, 0x00, 0x00, 0x00, 0x00, 0x00, 0x00,
  0x00, 0x00, 0x00, 0x00, 0x00, 0x00, 0x00, 0x00, 0x00, 0x00, 0x00, 0x00, 0x00, 0x00, 0x00, 0x00,
  0x00, 0x00, 0x00, 0x00, 0x00, 0x00, 0x00, 0x00, 0x00, 0x00, 0x00, 0x00, 0x00, 0x00, 0x00, 0x00,
  0x00, 0x00, 0x00, 0x00, 0x00, 0x00, 0x00, 0x00, 0x00, 0x00, 0x00, 0x00, 0x00, 0x00, 0x00, 0x00,
  0x00, 0x00, 0x00, 0x00, 0x00, 0x00, 0x00, 0x00, 0x00, 0x00, 0x00, 0x00, 0x00, 0x00, 0x00, 0x00,
  0x00, 0x00, 0x00, 0x00, 0x00, 0x00, 0x00, 0x00, 0x00, 0x00, 0x00, 0x00, 0x00, 0x00, 0x00, 0x00,
  0x00, 0x00, 0x00, 0x00, 0x00, 0x00, 0x00, 0x00, 0x00, 0x00, 0x00, 0x00, 0x00, 0x00, 0x00, 0x00,
  0x00, 0x00, 0x00, 0x00, 0x00, 0x00, 0x00, 0x00, 0x00, 0x00, 0x00, 0x00, 0x00, 0x00, 0x00, 0x00,
  0x00, 0x00, 0x00, 0x00, 0x00, 0x00, 0x00, 0x00, 0x00, 0x00, 0x00, 0x00, 0x00, 0x00, 0x00, 0x00,
  0x00, 0x00, 0x00, 0x00, 0x00, 0x00, 0x00, 0x00, 0x00, 0x00, 0x00, 0x00, 0x00, 0x00, 0x00, 0x00,
  0x00, 0x00, 0x00, 0x00, 0x00, 0x00, 0x00, 0x00, 0x00, 0x00, 0x00, 0x00, 0x00, 0x00, 0x00, 0x00,
  0x00, 0x00, 0x00, 0x00, 0x00, 0x00, 0x00, 0x00, 0x00, 0x00, 0x00, 0x00, 0x00, 0x00, 0x00, 0x00,
  0x00, 0x00, 0x00, 0x00, 0x00, 0x00, 0x00, 0x00, 0x00, 0x00, 0x00, 0x00, 0x00, 0x00, 0x00, 0x00,
  0x00, 0x00, 0x00, 0x00, 0x00, 0x00, 0x00, 0x00, 0x00, 0x00, 0x00, 0x00, 0x00, 0x00, 0x00, 0x00,
  0x00, 0x00, 0x00, 0x00, 0x00, 0x00, 0x00, 0x00, 0x00, 0x00, 0x00, 0x00, 0x00, 0x00, 0x00, 0x00,
  0x00, 0x00, 0x00, 0x00, 0x00, 0x00, 0x00, 0x00, 0x00, 0x00, 0x00, 0x4A, 0xFD, 0x03, 0xEF, 0xFF,
  0x02, 0x00, 0x00, 0x00, 0x00, 0x00, 0x00, 0x00, 0x00, 0x00, 0x00, 0x00, 0x00, 0x00, 0x00, 0x00,
  0x00, 0x00, 0x00, 0x00, 0x00, 0x00, 0x00, 0x00, 0x00, 0x00, 0x00, 0x00, 0x00, 0x00, 0x00, 0x00,
  0x00, 0x00, 0x00, 0x00, 0x00, 0x00, 0x00, 0x00, 0x00, 0x00, 0x00, 0x00, 0x00, 0x00, 0x00, 0x00,
  0x00, 0x00, 0x00, 0x00, 0x00, 0x00, 0x00, 0x00, 0x00, 0x00, 0x00, 0x00, 0x00, 0x00, 0x00, 0x00,
  0x00, 0x00, 0x00, 0x00, 0x00, 0x00, 0x00, 0x00, 0x00, 0x00, 0x00, 0x00, 0x00, 0x00, 0x00, 0x00,
  0x00, 0x00, 0x00, 0x00, 0x00, 0x00, 0x00, 0x00, 0x00, 0x00, 0x00, 0x00, 0x00, 0x00, 0x00, 0x00,
  0x00, 0x00, 0x00, 0x00, 0x00, 0x00, 0x00, 0x00, 0x00, 0x00, 0x00, 0x00, 0x00, 0x00, 0x00, 0x00,
  0x00, 0x00, 0x00, 0x00, 0x00, 0x00, 0x00, 0x00, 0x00, 0x00, 0x00, 0x00, 0x00, 0x00, 0x00, 0x00,
  0x00, 0x00, 0x00, 0x00, 0x00, 0x00, 0x00, 0x00, 0x00, 0x00, 0x00, 0x00, 0x00, 0x00, 0x00, 0x00,
  0x00, 0x00, 0x00, 0x00, 0x00, 0x00, 0x00, 0x00, 0x00, 0x00, 0x00, 0x00, 0x00, 0x00, 0x00, 0x00,
  0x00, 0x00, 0x00, 0x00, 0x00, 0x00, 0x00, 0x00, 0x00, 0x00, 0x00, 0x00, 0x00, 0xF8, 0x01, 0x00,
  0x00, 0x00, 0x00, 0x00, 0x00, 0x00, 0x00, 0x00, 0x00, 0x00, 0x00, 0x00, 0x00, 0x00, 0x00, 0x00,
  0x00, 0x00, 0x00, 0x00, 0x00, 0x00, 0x00, 0x00, 0x00, 0x00, 0x00, 0x00, 0x00, 0x00, 0x00, 0x00,
  0x00, 0x00, 0x00, 0x00, 0x00, 0x00, 0x00, 0x00, 0x00, 0x00, 0x00, 0x00, 0x00, 0x00, 0x00, 0x00,
  0x00, 0x00, 0x00, 0x00, 0x00, 0x00, 0x00, 0x00, 0x00, 0x00, 0x00, 0x00, 0x00, 0x00, 0x00, 0x00,
  0x00, 0x00, 0x00, 0x00, 0x00, 0x00, 0x00, 0x00, 0x00, 0x00, 0x00, 0x00, 0x00, 0x00, 0x00, 0x00,
  0x00, 0x00, 0x00, 0x00, 0x00, 0x00, 0x00, 0x00, 0x00, 0x00, 0x00, 0x00, 0x00, 0x00, 0x00, 0x00,
  0x00, 0x00, 0x00, 0x00, 0x00, 0x00, 0x00, 0x00, 0x00, 0x00, 0x00, 0x00, 0x00, 0x00, 0x00, 0x00,
  0x00, 0x00, 0x00, 0x00, 0x00, 0x00, 0x00, 0x00, 0x00, 0x00, 0x00, 0x00, 0x00, 0x00, 0x00, 0x00,
  0x00, 0x00, 0x00, 0x00, 0x00, 0x00, 0x00, 0x00, 0x00, 0x00, 0x00, 0x00, 0x00, 0x00, 0x00, 0x00,
  0x00, 0x00, 0x00, 0x00, 0x00, 0x00, 0x00, 0x00, 0x00, 0x00, 0x00, 0x00, 0x00, 0x00, 0x00, 0x00,
  0x00, 0x00, 0x00, 0x00, 0x00, 0x00, 0x00, 0x00, 0x00, 0x00, 0x00, 0x00, 0x00, 0x00, 0x00, 0x00,
  0x00, 0x00, 0x00, 0xC9, 0xEE, 0x41, 0xE8, 0xF6, 0x36, 0x00, 0x00, 0x00, 0x00, 0xF8, 0x01, 0x00,
  0x00, 0x00, 0x00, 0x00, 0x00, 0x00, 0x00, 0x00, 0x00, 0x00, 0x00, 0x00, 0x00, 0x00, 0x00, 0x00,
  0x00, 0x00, 0x00, 0x00, 0x00, 0x00, 0x00, 0x00, 0x00, 0x00, 0x00, 0x00, 0x00, 0x00, 0x00, 0x00,
  0x00, 0x00, 0x00, 0x00, 0x00, 0x00, 0x00, 0x00, 0x00, 0x00, 0x00, 0x00, 0x00, 0x00, 0x00, 0x00,
  0x00, 0x00, 0x00, 0x00, 0x00, 0x00, 0x00, 0x00, 0x00, 0x00, 0x00, 0x00, 0x00, 0x00, 0x00, 0x00,
  0x00, 0x00, 0x00, 0x00, 0x00, 0x00, 0x00, 0x00, 0x00, 0x00, 0x00, 0x00, 0x00, 0x00, 0x00, 0x00,
  0x00, 0x00, 0x00, 0x00, 0x00, 0x00, 0x00, 0x00, 0x00, 0x00, 0x00, 0x00, 0x00, 0x00, 0x00, 0x00,
  0x00, 0x00, 0x00, 0x00, 0x00, 0x00, 0x00, 0x00, 0x00, 0x00, 0x00, 0x00, 0x00, 0x00, 0x00, 0x00,
  0x00, 0x00, 0x00, 0x00, 0x00, 0x00, 0x00, 0x00, 0x00, 0x00, 0x00, 0x00, 0x00, 0x00, 0x00, 0x00,
  0x00, 0x00, 0x00, 0x00, 0x00, 0x00, 0x00, 0x00, 0x00, 0x00, 0x00, 0x00, 0x00, 0x00, 0x00, 0x00,
  0x00, 0x00, 0x00, 0x00, 0x00, 0x00, 0x00, 0x00, 0x00, 0x00, 0x00, 0x00, 0x00, 0x00, 0xE0, 0xFF,
  0x02, 0x00, 0x00, 0x00, 0xE9, 0xF6, 0x33, 0x09, 0xF7, 0xFF, 0xE9, 0xF6, 0xF6, 0xC8, 0xF6, 0x24,
  0x00, 0x00, 0x00, 0xE0, 0xFF, 0x01, 0x00, 0x00, 0x00, 0x00, 0x00, 0x00, 0x00, 0x00, 0x00, 0x00,
  0x00, 0x00, 0x00, 0x00, 0x00, 0x00, 0x00, 0x00, 0x00, 0x00, 0x00, 0x00, 0x00, 0x00, 0x00, 0x00,
  0x00, 0x00, 0x00, 0x00, 0x00, 0x00, 0x00, 0x00, 0x00, 0x00, 0x00, 0x00, 0x00, 0x00, 0x00, 0x00,
  0x00, 0x00, 0x00, 0x00, 0x00, 0x00, 0x00, 0x00, 0x00, 0x00, 0x00, 0x00, 0x00, 0x00, 0x00, 0x00,
  0x00, 0x00, 0x00, 0x00, 0x00, 0x00, 0x00, 0x00, 0x00, 0x00, 0x00, 0x00, 0x00, 0x00, 0x00, 0x00,
  0x00, 0x00, 0x00, 0x00, 0x00, 0x00, 0x00, 0x00, 0x00, 0x00, 0x00, 0x00, 0x00, 0x00, 0x00, 0x00,
  0x00, 0x00, 0x00, 0x00, 0x00, 0x00, 0x00, 0x00, 0x00, 0x00, 0x00, 0x00, 0x00, 0x00, 0x00, 0x00,
  0x00, 0x00, 0x00, 0x00, 0x00, 0x00, 0x00, 0x00, 0x00, 0x00, 0x00, 0x00, 0x00, 0x00, 0x00, 0x00,
  0x00, 0x00, 0x00, 0x00, 0x00, 0x00, 0x00, 0x00, 0x00, 0x00, 0x00, 0x00, 0x00, 0x00, 0x00, 0x00,
  0x00, 0x00, 0x00, 0x00, 0x00, 0x00, 0x00, 0x00, 0x00, 0x00, 0x00, 0x00, 0x00, 0x00, 0x00, 0x00,
  0x00, 0x00, 0xEA, 0xFF, 0x03, 0x00, 0x00, 0x00, 0xE9, 0xF6, 0x58, 0x29, 0xFF, 0xFF, 0xE9, 0xF6,
  0xFE, 0x09, 0xF7, 0x3B, 0x00, 0x00, 0x00, 0xEF, 0xFF, 0x02, 0x00, 0x00, 0x00, 0x00, 0x00, 0x00,
  0x00, 0x00, 0x00, 0x00, 0x00, 0x00, 0x00, 0x00, 0x00, 0x00, 0x00, 0x00, 0x00, 0x00, 0x00, 0x00,
  0x00, 0x00, 0x00, 0x00, 0x00, 0x00, 0x00, 0x00, 0x00, 0x00, 0x00, 0x00, 0x00, 0x00, 0x00, 0x00,
  0x00, 0x00, 0x00, 0x00, 0x00, 0x00, 0x00, 0x00, 0x00, 0x00, 0x00, 0x00, 0x00, 0x00, 0x00, 0x00,
  0x00, 0x00, 0x00, 0x00, 0x00, 0x00, 0x00, 0x00, 0x00, 0x00, 0x00, 0x00, 0x00, 0x00, 0x00, 0x00,
  0x00, 0x00, 0x00, 0x00, 0x00, 0x00, 0x00, 0x00, 0x00, 0x00, 0x00, 0x00, 0x00, 0x00, 0x00, 0x00,
  0x00, 0x00, 0x00, 0x00, 0x00, 0x00, 0x00, 0x00, 0x00, 0x00, 0x00, 0x00, 0x00, 0x00, 0x00, 0x00,
  0x00, 0x00, 0x00, 0x00, 0x00, 0x00, 0x00, 0x00, 0x00, 0x00, 0x00, 0x00, 0x00, 0x00, 0x00, 0x00,
  0x00, 0x00, 0x00, 0x00, 0x00, 0x00, 0x00, 0x00, 0x00, 0x00, 0x00, 0x00, 0x00, 0x00, 0x00, 0x00,
  0x00, 0x00, 0x00, 0x00, 0x00, 0x00, 0x00, 0x00, 0x00, 0x00, 0x00, 0x00, 0x00, 0x00, 0x00, 0x00,
  0x00, 0x00, 0x00, 0x00, 0x00, 0x00, 0xEA, 0xFF, 0x03, 0x00, 0x00, 0x00, 0xC8, 0xF6, 0x56, 0x29,
  0xFF, 0xFB, 0xE9, 0xF6, 0xFA, 0xE8, 0xF6, 0x39, 0x00, 0x00, 0x00, 0xEF, 0xFF, 0x02, 0x00, 0x00,
  0x00, 0x00, 0x00, 0x00, 0x00, 0x00, 0x00, 0x00, 0x00, 0x00, 0x00, 0x00, 0x00, 0x00, 0x00, 0x00,
  0x00, 0x00, 0x00, 0x00, 0x00, 0x00, 0x00, 0x00, 0x00, 0x00, 0x00, 0x00, 0x00, 0x00, 0x00, 0x00,
  0x00, 0x00, 0x00, 0x00, 0x00, 0x00, 0x00, 0x00, 0x00, 0x00, 0x00, 0x00, 0x00, 0x00, 0x00, 0x00,
  0x00, 0x00, 0x00, 0x00, 0x00, 0x00, 0x00, 0x00, 0x00, 0x00, 0x00, 0x00, 0x00, 0x00, 0x00, 0x00,
  0x00, 0x00, 0x00, 0x00, 0x00, 0x00, 0x00, 0x00, 0x00, 0x00, 0x00, 0x00, 0x00, 0x00, 0x00, 0x00,
  0x00, 0x00, 0x00, 0x00, 0x00, 0x00, 0x00, 0x00, 0x00, 0x00, 0x00, 0x00, 0x00, 0x00, 0x00, 0x00,
  0x00, 0x00, 0x00, 0x00, 0x00, 0x00, 0x00, 0x00, 0x00, 0x00, 0x00, 0x00, 0x00, 0x00, 0x00, 0x00,
  0x00, 0x00, 0x00, 0x00, 0x00, 0x00, 0x00, 0x00, 0x00, 0x00, 0x00, 0x00, 0x00, 0x00, 0x00, 0x00,
  0x00, 0x00, 0x00, 0x00, 0x00, 0x00, 0x00, 0x00, 0x00, 0x00, 0x00, 0x00, 0x00, 0x00, 0x00, 0x00,
  0x00, 0x00, 0x00, 0x00, 0x00, 0x00, 0x00, 0x00, 0x00, 0x00, 0xEA, 0xFF, 0x03, 0x00, 0x00, 0x00,
  0xC9, 0xF6, 0x48, 0x89, 0xFF, 0xFF, 0x29, 0xFF, 0xFF, 0xE8, 0xEE, 0x2F, 0x00, 0x00, 0x00, 0xEF,
  0xFF, 0x02, 0x00, 0x00, 0x00, 0x00, 0x00, 0x00, 0x00, 0x00, 0x00, 0x00, 0x00, 0x00, 0x00, 0x00,
  0x00, 0x00, 0x00, 0x00, 0x00, 0x00, 0x00, 0x00, 0x00, 0x00, 0x00, 0x00, 0x00, 0x00, 0x00, 0x00,
  0x00, 0x00, 0x00, 0x00, 0x00, 0x00, 0x00, 0x00, 0x00, 0x00, 0x00, 0x00, 0x00, 0x00, 0x00, 0x00,
  0x00, 0x00, 0x00, 0x00, 0x00, 0x00, 0x00, 0x00, 0x00, 0x00, 0x00, 0x00, 0x00, 0x00, 0x00, 0x00,
  0x00, 0x00, 0x00, 0x00, 0x00, 0x00, 0x00, 0x00, 0x00, 0x00, 0x00, 0x00, 0x00, 0x00, 0x00, 0x00,
  0x00, 0x00, 0x00, 0x00, 0x00, 0x00, 0x00, 0x00, 0x00, 0x00, 0x00, 0x00, 0x00, 0x00, 0x00, 0x00,
  0x00, 0x00, 0x00, 0x00, 0x00, 0x00, 0x00, 0x00, 0x00, 0x00, 0x00, 0x00, 0x00, 0x00, 0x00, 0x00,
  0x00, 0x00, 0x00, 0x00, 0x00, 0x00, 0x00, 0x00, 0x00, 0x00, 0x00, 0x00, 0x00, 0x00, 0x00, 0x00,
  0x00, 0x00, 0x00, 0x00, 0x00, 0x00, 0x00, 0x00, 0x00, 0x00, 0x00, 0x00, 0x00, 0x00, 0x00, 0x00,
  0x00, 0x00, 0x00, 0x00, 0x00, 0x00, 0x00, 0x00, 0x00, 0x00, 0x00, 0x00, 0x00, 0x00, 0x00, 0x00,
  0x01, 0x00, 0x00, 0x00, 0xC9, 0xDE, 0x07, 0xE9, 0xF6, 0x81, 0xE8, 0xF6, 0x72, 0xE0, 0xFF, 0x01,
  0x00, 0x00, 0x00, 0xE0, 0xFF, 0x01, 0x00, 0x00, 0x00, 0x00, 0x00, 0x00, 0x00, 0x00, 0x00, 0x00,
  0x00, 0x00, 0x00, 0x00, 0x00, 0x00, 0x00, 0x00, 0x00, 0x00, 0x00, 0x00, 0x00, 0x00, 0x00, 0x00,
  0x00, 0x00, 0x00, 0x00, 0x00, 0x00, 0x00, 0x00, 0x00, 0x00, 0xE0, 0xFF, 0x01, 0xE0, 0xFB, 0x02,
  0x00, 0x00, 0x00, 0x00, 0x00, 0x00, 0x00, 0x00, 0x00, 0x00, 0x00, 0x00, 0x00, 0x00, 0x00, 0x00,
  0x00, 0x00, 0x00, 0x00, 0x00, 0x00, 0x00, 0x00, 0x00, 0x00, 0x00, 0x00, 0x00, 0x00, 0x00, 0x00,
  0x00, 0x00, 0x00, 0x00, 0x00, 0x00, 0x00, 0x00, 0x00, 0x00, 0x00, 0x00, 0x00, 0x00, 0x00, 0x00,
  0x00, 0x00, 0x00, 0x00, 0x00, 0x00, 0x00, 0x00, 0x00, 0x00, 0x00, 0x00, 0x00, 0x00, 0x00, 0x00,
  0x00, 0x00, 0x00, 0x00, 0x00, 0xE0, 0xFF, 0x01, 0x4A, 0xFD, 0x03, 0xEF, 0xFF, 0x02, 0x00, 0x00,
  0x00, 0x00, 0x00, 0x00, 0x00, 0x00, 0x00, 0x00, 0x00, 0x00, 0x00, 0x00, 0x00, 0x00, 0x00, 0x00,
  0x00, 0x00, 0x00, 0x00, 0x00, 0x00, 0x00, 0x00, 0x00, 0x00, 0x00, 0x00, 0x00, 0x00, 0x00, 0x00,
  0x00, 0x00, 0x00, 0x00, 0x00, 0x00, 0x00, 0x00, 0x00, 0x00, 0x00, 0x00, 0x00, 0x00, 0x00, 0x00,
  0x00, 0x00, 0x00, 0x00, 0x00, 0x00, 0x00, 0x00, 0x00, 0x00, 0x00, 0x00, 0x00, 0x00, 0x00, 0x00,
  0x00, 0x00, 0x00, 0x00, 0x00, 0x00, 0x00, 0x00, 0x00, 0x00, 0x00, 0x00, 0x00, 0x00, 0x00, 0x00,
  0x00, 0x00, 0x00, 0x00, 0x00, 0x00, 0x00, 0x00, 0x00, 0x00, 0x00, 0xE0, 0xFF, 0x01, 0x00, 0x00,
  0x00, 0x00, 0x00, 0x00, 0x00, 0x00, 0x00, 0x00, 0x00, 0x00, 0x00, 0x00, 0x00, 0x00, 0x00, 0x00,
  0x00, 0x00, 0x00, 0x00, 0x00, 0x00, 0x00, 0x00, 0x00, 0x00, 0x00, 0x00, 0x00, 0x00, 0x00, 0x00,
  0x00, 0x00, 0x00, 0x00, 0x00, 0x00, 0x00, 0x00, 0x00, 0x00, 0x00, 0x00, 0x00, 0x00, 0x00, 0x00,
  0x00, 0x00, 0x00, 0x00, 0x00, 0x00, 0x00, 0x00, 0x00, 0x00, 0x00, 0x00, 0x00, 0x00, 0x00, 0x00,
  0x00, 0x00, 0x00, 0x00, 0x00, 0x00, 0x00, 0x00, 0x00, 0x00, 0x00, 0x00, 0x00, 0x00, 0x00, 0x00,
  0x00, 0x00, 0xEF, 0xFF, 0x02, 0x00, 0x00, 0x00, 0x00, 0x00, 0x00, 0x00, 0x00, 0x00, 0x00, 0x00,
  0x00, 0x00, 0x00, 0x00, 0x00, 0x00, 0x00, 0x00, 0x00, 0x00, 0x00, 0x00, 0x00, 0x00, 0x00, 0x00,
  0x00, 0x00, 0x00, 0x00, 0x00, 0x00, 0x00, 0x00, 0x00, 0x00, 0x00, 0x00, 0x00, 0x00, 0x00, 0xE7,
  0xBD, 0x04, 0xEA, 0xFF, 0x03, 0x00, 0x00, 0x00, 0x00, 0x00, 0x00, 0x00, 0x00, 0x00, 0x00, 0x00,
  0x00, 0x00, 0x00, 0x00, 0x00, 0x00, 0x00, 0x00, 0x00, 0x00, 0x00, 0x00, 0x00, 0x00, 0x00, 0x00,
  0x00, 0x00, 0x00, 0x00, 0x00, 0x00, 0x00, 0x00, 0x00, 0x00, 0x00, 0x00, 0xE0, 0xFF, 0x01, 0x00,
  0x00, 0x00, 0xAA, 0xD6, 0x06, 0x09, 0xF7, 0x22, 0x00, 0x00, 0x00, 0x00, 0x00, 0x00, 0x00, 0x00,
  0x00, 0x00, 0x00, 0x00, 0x00, 0x00, 0x00, 0x00, 0x00, 0x00, 0x00, 0x00, 0x00, 0x00, 0x00, 0x00,
  0x00, 0x00, 0x00, 0x00, 0x00, 0x00, 0x00, 0x00, 0x00, 0x00, 0x00, 0x00, 0x00, 0x00, 0x00, 0x00,
  0x00, 0x00, 0x00, 0x00, 0x00, 0x00, 0x00, 0x00, 0x00, 0x00, 0x00, 0x00, 0x00, 0x00, 0x00, 0x00,
  0x00, 0x00, 0x00, 0x00, 0x00, 0x00, 0x00, 0xFF, 0xFF, 0x01, 0x00, 0x00, 0x00, 0x0A, 0xF7, 0x19,
  0x09, 0xFF, 0x9F, 0xA8, 0xEE, 0x3F, 0x00, 0x00, 0x00, 0xEF, 0xFF, 0x02, 0x00, 0x00, 0x00, 0x00,
  0x00, 0x00, 0x00, 0x00, 0x00, 0x00, 0x00, 0x00, 0x00, 0x00, 0x00, 0x00, 0x00, 0x00, 0x00, 0x00,
  0x00, 0x00, 0x00, 0x00, 0x00, 0x00, 0x00, 0x00, 0x00, 0x00, 0x00, 0x00, 0x00, 0x00, 0x00, 0x00,
  0x00, 0x00, 0x00, 0x00, 0x00, 0x00, 0x00, 0x00, 0x00, 0x00, 0x00, 0x00, 0x00, 0x00, 0x00, 0x00,
  0x00, 0x00, 0x00, 0x00, 0x00, 0x00, 0x00, 0x00, 0x00, 0x00, 0x00, 0x00, 0x00, 0x00, 0x00, 0x00,
  0x00, 0x00, 0x00, 0x00, 0x00, 0x00, 0x00, 0x00, 0x00, 0x00, 0x00, 0x00, 0x00, 0xE0, 0xFF, 0x01,
  0x00, 0x00, 0x00, 0xC9, 0xEE, 0x0E, 0xE9, 0xF6, 0xB9, 0x69, 0xFF, 0xF6, 0xE9, 0xF6, 0x5F, 0x00,
  0x00, 0x00, 0xEA, 0xFF, 0x03, 0x00, 0x00, 0x00, 0x00, 0x00, 0x00, 0x00, 0x00, 0x00, 0x00, 0x00,
  0x00, 0x00, 0x00, 0x00, 0x00, 0x00, 0x00, 0x00, 0x00, 0x00, 0x00, 0x00, 0x00, 0x00, 0x00, 0x00,
  0x00, 0x00, 0x00, 0x00, 0x00, 0x00, 0x00, 0x00, 0x00, 0x00, 0x00, 0x00, 0x00, 0x00, 0x00, 0x00,
  0x00, 0x00, 0x00, 0x00, 0x00, 0x00, 0x00, 0x00, 0x00, 0x00, 0x00, 0xEF, 0xFF, 0x02, 0x00, 0x00,
  0x00, 0xC8, 0xF6, 0x24, 0x09, 0xF7, 0xFF, 0x49, 0xFF, 0xF4, 0xC8, 0xEE, 0x3D, 0x00, 0x00, 0x00,
  0xE0, 0xFF, 0x02, 0x00, 0x00, 0x00, 0x00, 0x00, 0x00, 0x00, 0x00, 0x00, 0x00, 0x00, 0x00, 0x00,
  0x00, 0x00, 0x00, 0x00, 0x00, 0x00, 0x00, 0x00, 0x00, 0x00, 0x00, 0x00, 0x00, 0x00, 0xE0, 0xFF,
  0x01, 0xE0, 0xFB, 0x02, 0x4A, 0xFD, 0x03, 0xEA, 0xFF, 0x03, 0xEA, 0xFF, 0x03, 0x4A, 0xAD, 0x03,
  0xE0, 0x7B, 0x02, 0xE0, 0xFF, 0x01, 0x00, 0x00, 0x00, 0x00, 0x00, 0x00, 0x00, 0x00, 0x00, 0x00,
  0x00, 0x00, 0x00, 0x00, 0x00, 0x00, 0x00, 0x00, 0x00, 0x00, 0x00, 0x00, 0x00, 0x00, 0xE0, 0xFF,
  0x01, 0xE0, 0xFB, 0x02, 0x08, 0xF7, 0x12, 0xE9, 0xF6, 0xBC, 0x29, 0xFF, 0xFF, 0x8A, 0xFF, 0xFF,
  0xE9, 0xF6, 0x74, 0x00, 0x00, 0x00, 0xE7, 0xFF, 0x04, 0x00, 0x00, 0x00, 0x00, 0x00, 0x00, 0x00,
  0x00, 0x00, 0x00, 0x00, 0x00, 0x00, 0x00, 0x00, 0x00, 0x00, 0x00, 0x00, 0x00, 0x00, 0x00, 0x00,
  0x00, 0x00, 0x00, 0x00, 0x00, 0x00, 0x00, 0x00, 0x00, 0x00, 0x00, 0x00, 0x00, 0x00, 0x00, 0x00,
  0x00, 0x00, 0x00, 0x00, 0x00, 0x00, 0x00, 0x00, 0x00, 0x00, 0x00, 0x00, 0x00, 0x00, 0x00, 0x00,
  0x00, 0x00, 0xE0, 0xFF, 0x02, 0x00, 0x00, 0x00, 0xC8, 0xEE, 0x3D, 0x49, 0xFF, 0xF5, 0xE9, 0xF6,
  0xFF, 0xE9, 0xF6, 0x18, 0x00, 0x00, 0x00, 0xE0, 0xFF, 0x01, 0x00, 0x00, 0x00, 0x00, 0x00, 0x00,
  0x00, 0x00, 0x00, 0x00, 0x00, 0x00, 0x00, 0x00, 0x00, 0x00, 0xF8, 0x01, 0xEA, 0xFF, 0x03, 0xEA,
  0xFF, 0x03, 0x00, 0x00, 0x00, 0x00, 0x00, 0x00, 0x00, 0x00, 0x00, 0x00, 0x00, 0x00, 0x00, 0x00,
  0x00, 0x00, 0x00, 0x00, 0x00, 0x00, 0x00, 0x00, 0x00, 0x00, 0xEA, 0xFF, 0x03, 0x4A, 0xFD, 0x03,
  0x00, 0x00, 0x00, 0x00, 0x00, 0x00, 0x00, 0x00, 0x00, 0x00, 0x00, 0x00, 0x00, 0x00, 0x00, 0x00,
  0x00, 0x00, 0xEA, 0xFF, 0x03, 0x00, 0x00, 0x00, 0xE9, 0xF6, 0x9A, 0x8A, 0xFF, 0xFF, 0x29, 0xFF,
  0xFF, 0xE9, 0xF6, 0xA4, 0xAA, 0xFE, 0x06, 0xE0, 0x7B, 0x02, 0xE0, 0x07, 0x01, 0x00, 0x00, 0x00,
  0x00, 0x00, 0x00, 0x00, 0x00, 0x00, 0x00, 0x00, 0x00, 0x00, 0x00, 0x00, 0x00, 0x00, 0x00, 0x00,
  0x00, 0x00, 0x00, 0x00, 0x00, 0x00, 0x00, 0x00, 0x00, 0x00, 0x00, 0x00, 0x00, 0x00, 0x00, 0x00,
  0x00, 0x00, 0x00, 0x00, 0x00, 0x00, 0x00, 0x00, 0x00, 0x00, 0x00, 0x00, 0x00, 0x00, 0x00, 0x00,
  0x00, 0x00, 0x00, 0x00, 0x00, 0x00, 0x00, 0x00, 0x00, 0xEF, 0xFF, 0x02, 0x00, 0x00, 0x00, 0xA8,
  0xEE, 0x40, 0xE9, 0xF6, 0x91, 0xEA, 0xEE, 0x0F, 0x00, 0x00, 0x00, 0xE0, 0xFF, 0x01, 0x00, 0x00,
  0x00, 0x00, 0x00, 0x00, 0x00, 0x00, 0x00, 0x00, 0x00, 0x00, 0xEA, 0xFF, 0x03, 0x00, 0x00, 0x00,
  0x00, 0x00, 0x00, 0x00, 0x00, 0x00, 0xAA, 0xFE, 0x06, 0xC9, 0xF6, 0x22, 0xC9, 0xEE, 0x41, 0xE8,
  0xF6, 0x52, 0xC9, 0xF6, 0x4F, 0xE9, 0xF6, 0x3F, 0xE9, 0xF6, 0x1F, 0x66, 0xCE, 0x05, 0x00, 0x00,
  0x00, 0x00, 0x00, 0x00, 0x00, 0x00, 0x00, 0xEF, 0xFF, 0x02, 0x00, 0x00, 0x00, 0x00, 0x00, 0x00,
  0x00, 0x00, 0x00, 0x00, 0x00, 0x00, 0x4A, 0xAD, 0x03, 0x00, 0x00, 0x00, 0xE9, 0xF6, 0x6F, 0x69,
  0xFF, 0xF2, 0xE9, 0xF6, 0x9F, 0x4A, 0xFD, 0x03, 0x00, 0x00, 0x00, 0xE0, 0xFF, 0x01, 0x00, 0x00,
  0x00, 0x00, 0x00, 0x00, 0x00, 0x00, 0x00, 0x00, 0x00, 0x00, 0x00, 0x00, 0x00, 0x00, 0x00, 0x00,
  0x00, 0x00, 0x00, 0x00, 0x00, 0x00, 0x00, 0x00, 0x00, 0x00, 0x00, 0x00, 0x00, 0x00, 0x00, 0x00,
  0x00, 0x00, 0x00, 0x00, 0x00, 0x00, 0x00, 0x00, 0x00, 0x00, 0x00, 0x00, 0x00, 0x00, 0x00, 0x00,
  0x00, 0x00, 0x00, 0x00, 0x00, 0x00, 0x00, 0x00, 0x00, 0x00, 0x00, 0x00, 0x00, 0x00, 0x00, 0x00,
  0xEF, 0xFF, 0x02, 0x00, 0x00, 0x00, 0x00, 0x00, 0x00, 0x00, 0x00, 0x00, 0x00, 0x00, 0x00, 0x00,
  0x00, 0x00, 0x00, 0x00, 0x00, 0x00, 0x00, 0x00, 0xE0, 0xFF, 0x01, 0xE0, 0xFF, 0x02, 0x00, 0x00,
  0x00, 0x00, 0x00, 0x01, 0x29, 0xF7, 0x46, 0x09, 0xF7, 0x96, 0xE9, 0xF6, 0xD3, 0xE9, 0xF6, 0xF4,
  0xE9, 0xF6, 0xFF, 0x29, 0xFF, 0xFF, 0x09, 0xFF, 0xFF, 0xE9, 0xF6, 0xFF, 0xE9, 0xF6, 0xF2, 0xE9,
  0xF6, 0xD0, 0xE9, 0xF6, 0x8F, 0x09, 0xF7, 0x3F, 0x00, 0x00, 0x00, 0x00, 0x00, 0x00, 0xEF, 0xFF,
  0x02, 0xE0, 0xFF, 0x01, 0x00, 0x00, 0x00, 0x00, 0x00, 0x00, 0x00, 0x00, 0x00, 0x00, 0x00, 0x00,
  0x00, 0x00, 0x00, 0x49, 0xFF, 0x17, 0x00, 0x00, 0x00, 0x00, 0x00, 0x00, 0xE0, 0xFF, 0x01, 0x00,
  0x00, 0x00, 0x00, 0x00, 0x00, 0x00, 0x00, 0x00, 0x00, 0x00, 0x00, 0x00, 0x00, 0x00, 0x00, 0x00,
  0x00, 0x00, 0x00, 0x00, 0x00, 0x00, 0x00, 0x00, 0x00, 0x00, 0x00, 0x00, 0x00, 0x00, 0x00, 0x00,
  0x00, 0x00, 0x00, 0x00, 0x00, 0x00, 0x00, 0x00, 0x00, 0x00, 0x00, 0x00, 0x00, 0x00, 0x00, 0x00,
  0x00, 0x00, 0x00, 0x00, 0x00, 0x00, 0x00, 0x00, 0x00, 0x00, 0x00, 0x00, 0x00, 0x00, 0x00, 0x00,
  0x00, 0x00, 0x00, 0x00, 0x00, 0x00, 0x00, 0xEF, 0xFF, 0x02, 0xE7, 0xBD, 0x04, 0x00, 0x00, 0x00,
  0x00, 0x00, 0x00, 0x00, 0x00, 0x00, 0x00, 0x00, 0x00, 0xEF, 0xFF, 0x02, 0x00, 0x00, 0x00, 0x00,
  0x00, 0x00, 0xE9, 0xF6, 0x4A, 0x09, 0xF7, 0xC4, 0x09, 0xF7, 0xFF, 0x69, 0xFF, 0xFF, 0x89, 0xFF,
  0xFF, 0x69, 0xFF, 0xFF, 0x09, 0xFF, 0xFF, 0xE9, 0xF6, 0xFE, 0xE9, 0xF6, 0xFF, 0x29, 0xFF, 0xFF,
  0x69, 0xFF, 0xFF, 0x89, 0xFF, 0xFF, 0x69, 0xFF, 0xFF, 0xE9, 0xF6, 0xFC, 0x09, 0xF7, 0xBE, 0xE8,
  0xF6, 0x3D, 0x00, 0x00, 0x00, 0x00, 0x00, 0x00, 0xE0, 0xFF, 0x01, 0x00, 0x00, 0x00, 0x00, 0x00,
  0x00, 0x00, 0x00, 0x00, 0xE0, 0xFF, 0x01, 0x00, 0x00, 0x00, 0x00, 0x00, 0x00, 0xE0, 0xFF, 0x01,
  0x00, 0x00, 0x00, 0x00, 0x00, 0x00, 0x00, 0x00, 0x00, 0x00, 0x00, 0x00, 0x00, 0x00, 0x00, 0x00,
  0x00, 0x00, 0x00, 0x00, 0x00, 0x00, 0x00, 0x00, 0x00, 0x00, 0x00, 0x00, 0x00, 0x00, 0x00, 0x00,
  0x00, 0x00, 0x00, 0x00, 0x00, 0x00, 0x00, 0x00, 0x00, 0x00, 0x00, 0x00, 0x00, 0x00, 0x00, 0x00,
  0x00, 0x00, 0x00, 0x00, 0x00, 0x00, 0x00, 0x00, 0x00, 0x00, 0x00, 0x00, 0x00, 0x00, 0x00, 0x00,
  0x00, 0x00, 0x00, 0x00, 0x00, 0x00, 0x00, 0x00, 0x00, 0x00, 0x00, 0x00, 0x00, 0x00, 0x00, 0x00,
  0x00, 0x00, 0x00, 0x00, 0x00, 0x00, 0x00, 0x00, 0x00, 0x00, 0xE0, 0xFF, 0x02, 0x00, 0x00, 0x00,
  0xE8, 0xEE, 0x0F, 0xE9, 0xF6, 0x9C, 0x09, 0xF7, 0xFF, 0x49, 0xFF, 0xFF, 0x49, 0xFF, 0xFF, 0xE9,
  0xF6, 0xEF, 0xE9, 0xF6, 0xAD, 0xE9, 0xF6, 0x76, 0xE9, 0xF6, 0x4D, 0xC8, 0xF6, 0x3A, 0xC9, 0xEE,
  0x3F, 0xE9, 0xF6, 0x54, 0xE9, 0xF6, 0x77, 0xE9, 0xF6, 0xB3, 0xE9, 0xF6, 0xEE, 0x49, 0xFF, 0xFF,
  0x49, 0xFF, 0xFF, 0x09, 0xF7, 0xFC, 0xE9, 0xF6, 0x91, 0xC9, 0xFE, 0x07, 0x00, 0x00, 0x00, 0xE0,
  0xFF, 0x02, 0x00, 0x00, 0x00, 0x00, 0x00, 0x00, 0x00, 0x00, 0x00, 0xE0, 0xFF, 0x01, 0x00, 0x00,
  0x00, 0x00, 0x00, 0x00, 0x00, 0x00, 0x00, 0x00, 0x00, 0x00, 0x00, 0x00, 0x00, 0x00, 0x00, 0x00,
  0x00, 0x00, 0x00, 0x00, 0x00, 0x00, 0x00, 0x00, 0x00, 0x00, 0x00, 0x00, 0x00, 0x00, 0x00, 0x00,
  0x00, 0x00, 0x00, 0x00, 0x00, 0x00, 0x00, 0x00, 0x00, 0x00, 0x00, 0x00, 0x00, 0x00, 0x00, 0x00,
  0x00, 0x00, 0x00, 0x00, 0x00, 0x00, 0x00, 0x00, 0x00, 0x00, 0x00, 0x00, 0x00, 0x00, 0x00, 0x00,
  0x00, 0x00, 0x00, 0x00, 0x00, 0x00, 0x00, 0x00, 0x00, 0x00, 0x00, 0x00, 0x00, 0x00, 0x00, 0x00,
  0x00, 0x00, 0x00, 0x00, 0x00, 0x00, 0x00, 0x00, 0x00, 0x00, 0x00, 0xEF, 0x7B, 0x02, 0x00, 0x00,
  0x00, 0xE8, 0xEE, 0x20, 0xE9, 0xF6, 0xCC, 0x49, 0xFF, 0xFF, 0x29, 0xFF, 0xFF, 0xE9, 0xF6, 0xE8,
  0xE9, 0xF6, 0x7F, 0xC9, 0xF6, 0x1C, 0x00, 0x00, 0x00, 0x00, 0x00, 0x00, 0x00, 0x00, 0x00, 0x00,
  0x00, 0x00, 0x00, 0x00, 0x00, 0x00, 0x00, 0x00, 0x00, 0x00, 0x00, 0x00, 0x00, 0x00, 0xC8, 0xF6,
  0x24, 0xE9, 0xF6, 0x8F, 0xE9, 0xF6, 0xF1, 0x29, 0xFF, 0xFF, 0x49, 0xFF, 0xFF, 0xE9, 0xF6, 0xB5,
  0xC9, 0xEE, 0x0E, 0x00, 0x00, 0x00, 0xE0, 0xFB, 0x02, 0x00, 0x00, 0x00, 0x00, 0x00, 0x00, 0x00,
  0x00, 0x00, 0x00, 0x00, 0x00, 0x00, 0x00, 0x00, 0x00, 0x00, 0x00, 0x00, 0x00, 0x00, 0x00, 0x00,
  0x00, 0x00, 0x00, 0x00, 0x00, 0x00, 0x00, 0x00, 0x00, 0x00, 0x00, 0x00, 0x00, 0x00, 0x00, 0x00,
  0x00, 0x00, 0x00, 0x00, 0x00, 0x00, 0x00, 0x00, 0x00, 0x00, 0x00, 0x00, 0x00, 0x00, 0x00, 0x00,
  0x00, 0x00, 0x00, 0x00, 0x00, 0x00, 0x00, 0x00, 0x00, 0x00, 0x00, 0x00, 0x00, 0x00, 0x00, 0x00,
  0x00, 0x00, 0x00, 0x00, 0x00, 0x00, 0x00, 0x00, 0x00, 0x00, 0x00, 0x00, 0x00, 0x00, 0x00, 0x00,
  0x00, 0x00, 0x00, 0x00, 0x00, 0x00, 0x00, 0x00, 0x00, 0x00, 0x00, 0x00, 0xFF, 0xFF, 0x01, 0x00,
  0x00, 0x00, 0xC9, 0xF6, 0x15, 0xE9, 0xF6, 0xD9, 0x49, 0xFF, 0xFF, 0x29, 0xFF, 0xFF, 0xE9, 0xF6,
  0xB4, 0xC8, 0xF6, 0x24, 0x00, 0x00, 0x00, 0x00, 0x00, 0x00, 0xE0, 0xFF, 0x01, 0xE7, 0xFF, 0x04,
  0xEA, 0xFF, 0x03, 0xEF, 0xFF, 0x02, 0x4A, 0xAD, 0x03, 0xEA, 0xFF, 0x03, 0xE7, 0xFF, 0x04, 0xE0,
  0xFF, 0x01, 0x00, 0x00, 0x00, 0x00, 0x00, 0x00, 0xC8, 0xF6, 0x2B, 0xE9, 0xF6, 0xBF, 0x29, 0xFF,
  0xFF, 0x49, 0xFF, 0xFF, 0xE9, 0xF6, 0xBC, 0x69, 0xE6, 0x0A, 0xEF, 0xFF, 0x02, 0xE0, 0xFF, 0x01,
  0x00, 0x00, 0x00, 0x00, 0x00, 0x00, 0x00, 0x00, 0x00, 0x00, 0x00, 0x00, 0x00, 0x00, 0x00, 0x00,
  0x00, 0x00, 0x00, 0x00, 0x00, 0x00, 0x00, 0x00, 0x00, 0x00, 0x00, 0x00, 0x00, 0x00, 0x00, 0x00,
  0x00, 0x00, 0x00, 0x00, 0x00, 0x00, 0x00, 0x00, 0x00, 0x00, 0x00, 0x00, 0x00, 0x00, 0x00, 0x00,
  0x00, 0x00, 0x00, 0x00, 0x00, 0x00, 0x00, 0x00, 0x00, 0x00, 0x00, 0x00, 0x00, 0x00, 0x00, 0x00,
  0x00, 0x00, 0x00, 0x00, 0x00, 0x00, 0x00, 0x00, 0x00, 0x00, 0x00, 0x00, 0x00, 0x00, 0x00, 0x00,
  0x00, 0x00, 0x00, 0x00, 0x00, 0x00, 0x00, 0x00, 0x00, 0x00, 0x00, 0x00, 0x00, 0xE0, 0xFF, 0x01,
  0x4A, 0xFD, 0x03, 0xE7, 0xFF, 0x04, 0xE9, 0xF6, 0xB7, 0x49, 0xFF, 0xFF, 0x09, 0xFF, 0xFF, 0xE9,
  0xF6, 0x91, 0x00, 0x00, 0x00, 0x00, 0x00, 0x00, 0xE7, 0xFF, 0x04, 0xE0, 0xFF, 0x01, 0x00, 0x00,
  0x00, 0x00, 0x00, 0x00, 0x00, 0x00, 0x00, 0x00, 0x00, 0x00, 0x00, 0x00, 0x00, 0x00, 0x00, 0x00,
  0x00, 0x00, 0x00, 0x00, 0x00, 0x00, 0xE0, 0xFF, 0x01, 0xE7, 0xFD, 0x04, 0x00, 0x00, 0x00, 0xE7,
  0xDE, 0x08, 0xE9, 0xF6, 0xAA, 0x29, 0xFF, 0xFF, 0x49, 0xFF, 0xFF, 0xC9, 0xF6, 0xA6, 0x00, 0x00,
  0x00, 0x4A, 0xFD, 0x03, 0xE0, 0xFF, 0x01, 0x00, 0x00, 0x00, 0x00, 0x00, 0x00, 0x00, 0x00, 0x00,
  0x00, 0x00, 0x00, 0x00, 0x00, 0x00, 0x00, 0x00, 0x00, 0x00, 0x00, 0x00, 0x00, 0x00, 0x00, 0x00,
  0x00, 0x00, 0x00, 0x00, 0x00, 0x00, 0x00, 0x00, 0x00, 0x00, 0x00, 0x00, 0x00, 0x00, 0x00, 0x00,
  0x00, 0x00, 0x00, 0x00, 0x00, 0x00, 0x00, 0x00, 0x00, 0x00, 0x00, 0x00, 0x00, 0x00, 0x00, 0x00,
  0x00, 0x00, 0x00, 0x00, 0x00, 0x00, 0x00, 0x00, 0x00, 0x00, 0x00, 0x00, 0x00, 0x00, 0x00, 0x00,
  0x00, 0x00, 0x00, 0x00, 0x00, 0x00, 0x00, 0x00, 0x00, 0x00, 0x00, 0x00, 0x00, 0x00, 0x00, 0x00,
  0x00, 0x4A, 0xAD, 0x03, 0x00, 0x00, 0x00, 0xE8, 0xF6, 0x75, 0x49, 0xFF, 0xFF, 0x29, 0xFF, 0xFF,
  0xE9, 0xF6, 0xA2, 0x00, 0x00, 0x00, 0xE0, 0xFB, 0x02, 0x4A, 0xFD, 0x03, 0x00, 0x00, 0x00, 0x00,
  0x00, 0x00, 0x00, 0x00, 0x00, 0x00, 0x00, 0x00, 0x00, 0x00, 0x00, 0x00, 0x00, 0x00, 0x00, 0x00,
  0x00, 0x00, 0x00, 0x00, 0x00, 0x00, 0x00, 0x00, 0x00, 0x00, 0x00, 0x00, 0x00, 0x00, 0x00, 0x00,
  0xEA, 0xFF, 0x03, 0x00, 0x00, 0x00, 0x4A, 0xAD, 0x03, 0xE9, 0xF6, 0xB6, 0x29, 0xFF, 0xFF, 0x29,
  0xFF, 0xFF, 0xE8, 0xF6, 0x61, 0x00, 0x00, 0x00, 0x4A, 0xAD, 0x03, 0x00, 0x00, 0x00, 0x00, 0x00,
  0x00, 0x00, 0x00, 0x00, 0x00, 0x00, 0x00, 0x00, 0x00, 0x00, 0x00, 0x00, 0x00, 0x00, 0x00, 0x00,
  0x00, 0x00, 0x00, 0x00, 0x00, 0x00, 0x00, 0x00, 0x00, 0x00, 0x00, 0x00, 0x00, 0x00, 0x00, 0x00,
  0x00, 0x00, 0x00, 0x00, 0x00, 0x00, 0x00, 0x00, 0x00, 0x00, 0x00, 0x00, 0x00, 0x00, 0x00, 0x00,
  0x00, 0x00, 0x00, 0x00, 0x00, 0x00, 0x00, 0x00, 0x00, 0x00, 0x00, 0x00, 0x00, 0x00, 0x00, 0x00,
  0x00, 0x00, 0x00, 0x00, 0x00, 0x00, 0x00, 0x00, 0x00, 0x00, 0x00, 0x00, 0x00, 0x00, 0x00, 0x00,
  0x00, 0x00, 0xEF, 0xFF, 0x02, 0xE0, 0xFF, 0x01, 0xA8, 0xEE, 0x20, 0xE9, 0xF6, 0xF2, 0x49, 0xFF,
  0xFE, 0xE9, 0xF6, 0xD3, 0x29, 0xE7, 0x0A, 0xE0, 0xFF, 0x02, 0xE0, 0xFB, 0x02, 0x00, 0x00, 0x00,
  0x00, 0x00, 0x00, 0x00, 0x00, 0x00, 0x00, 0x00, 0x00, 0x00, 0x00, 0x00, 0x00, 0x00, 0x00, 0x00,
  0x00, 0x00, 0x00, 0x00, 0x00, 0x00, 0x00, 0x00, 0x00, 0x00, 0x00, 0x00, 0x00, 0x00, 0x00, 0x00,
  0x00, 0x00, 0x00, 0x00, 0x00, 0x00, 0x00, 0x4A, 0xFD, 0x03, 0x00, 0x00, 0x00, 0xA8, 0xF6, 0x12,
  0xE9, 0xF6, 0xDE, 0x49, 0xFF, 0xFD, 0xE9, 0xF6, 0xE5, 0xE8, 0xF6, 0x17, 0xE0, 0xFF, 0x01, 0xEF,
  0xFB, 0x02, 0x00, 0x00, 0x00, 0x00, 0x00, 0x00, 0x00, 0x00, 0x00, 0x00, 0x00, 0x00, 0x00, 0x00,
  0x00, 0x00, 0x00, 0x00, 0x00, 0x00, 0x00, 0x00, 0x00, 0x00, 0x00, 0x00, 0x00, 0x00, 0x00, 0x00,
  0x00, 0x00, 0x00, 0x00, 0x00, 0x00, 0x00, 0x00, 0x00, 0x00, 0x00, 0x00, 0x00, 0x00, 0x00, 0x00,
  0x00, 0x00, 0x00, 0x00, 0x00, 0x00, 0x00, 0x00, 0x00, 0x00, 0x00, 0x00, 0x00, 0x00, 0x00, 0x00,
  0x00, 0x00, 0x00, 0x00, 0x00, 0x00, 0x00, 0x00, 0x00, 0x00, 0x00, 0x00, 0x00, 0x00, 0x00, 0x00,
  0x00, 0x00, 0x00, 0x00, 0x00, 0x00, 0xEA, 0xFF, 0x03, 0x00, 0x00, 0x00, 0xE9, 0xF6, 0x8A, 0x49,
  0xFF, 0xFF, 0x09, 0xFF, 0xFC, 0xC8, 0xF6, 0x47, 0x00, 0x00, 0x00, 0xEA, 0xFF, 0x03, 0x00, 0x00,
  0x00, 0x00, 0x00, 0x00, 0x00, 0x00, 0x00, 0x00, 0x00, 0x00, 0x00, 0x00, 0x00, 0x00, 0x00, 0x00,
  0x00, 0x00, 0x00, 0x00, 0x00, 0x00, 0x00, 0x00, 0x00, 0x00, 0x00, 0x00, 0x00, 0x00, 0x00, 0x00,
  0x00, 0x00, 0x00, 0x00, 0x00, 0x00, 0x00, 0x00, 0x00, 0x00, 0x00, 0x00, 0x00, 0x00, 0xE7, 0xBD,
  0x04, 0x00, 0x00, 0x00, 0xC9, 0xF6, 0x5C, 0x29, 0xFF, 0xFF, 0x49, 0xFF, 0xFF, 0xE9, 0xF6, 0x73,
  0x00, 0x00, 0x00, 0xE7, 0xFD, 0x04, 0x00, 0x00, 0x00, 0x00, 0x00, 0x00, 0x00, 0x00, 0x00, 0x00,
  0x00, 0x00, 0x00, 0x00, 0x00, 0x00, 0x00, 0x00, 0x00, 0x00, 0x00, 0x00, 0x00, 0x00, 0x00, 0x00,
  0x00, 0x00, 0x00, 0x00, 0x00, 0x00, 0x00, 0x00, 0x00, 0x00, 0x00, 0x00, 0x00, 0x00, 0x00, 0x00,
  0x00, 0x00, 0x00, 0x00, 0x00, 0x00, 0x00, 0x00, 0x00, 0x00, 0x00, 0x00, 0x00, 0x00, 0x00, 0x00,
  0x00, 0x00, 0x00, 0x00, 0x00, 0x00, 0x00, 0x00, 0x00, 0x00, 0x00, 0x00, 0x00, 0x00, 0x00, 0x00,
  0x00, 0x00, 0x00, 0x00, 0x00, 0x00, 0x00, 0xE0, 0xFF, 0x01, 0x00, 0x00, 0x00, 0xC9, 0xFE, 0x0E,
  0xC9, 0xF6, 0xE1, 0x69, 0xFF, 0xFE, 0xE9, 0xEE, 0xB8, 0x00, 0x00, 0x00, 0xEF, 0xFF, 0x02, 0x00,
  0x00, 0x00, 0x00, 0x00, 0x00, 0x00, 0x00, 0x00, 0x00, 0x00, 0x00, 0x00, 0x00, 0x00, 0x00, 0x00,
  0x00, 0x00, 0x00, 0x00, 0x00, 0x00, 0x00, 0x00, 0x00, 0x00, 0x00, 0x00, 0x00, 0x00, 0x00, 0x00,
  0x00, 0x00, 0x00, 0x00, 0x00, 0x00, 0x00, 0x00, 0x00, 0x00, 0x00, 0x00, 0x00, 0x00, 0x00, 0x00,
  0x00, 0x00, 0xE0, 0x07, 0x01, 0xE0, 0xFF, 0x01, 0xE7, 0xBD, 0x04, 0xC9, 0xF6, 0xD0, 0x69, 0xFF,
  0xFE, 0xE9, 0xF6, 0xCF, 0xAA, 0xFE, 0x06, 0x00, 0x00, 0x00, 0x00, 0x00, 0x00, 0x00, 0x00, 0x00,
  0x00, 0x00, 0x00, 0x00, 0x00, 0x00, 0x00, 0x00, 0x00, 0x00, 0x00, 0x00, 0x00, 0x00, 0x00, 0x00,
  0x00, 0x00, 0x00, 0x00, 0x00, 0x00, 0x00, 0x00, 0x00, 0x00, 0x00, 0x00, 0x00, 0x00, 0x00, 0x00,
  0x00, 0x00, 0x00, 0x00, 0x00, 0x00, 0x00, 0x00, 0x00, 0x00, 0x00, 0x00, 0x00, 0x00, 0x00, 0x00,
  0x00, 0x00, 0x00, 0x00, 0xF8, 0x01, 0xE0, 0xFF, 0x01, 0xE0, 0xFF, 0x01, 0x00, 0x00, 0x00, 0x00,
  0x00, 0x00, 0x00, 0x00, 0x00, 0x00, 0x00, 0x00, 0x00, 0x00, 0x00, 0xEA, 0xFF, 0x03, 0x00, 0x00,
  0x00, 0xE9, 0xF6, 0x4A, 0x09, 0xF7, 0xFF, 0x29, 0xFF, 0xFF, 0xE8, 0xF6, 0x60, 0xE0, 0xFF, 0x01,
  0xE7, 0xFF, 0x04, 0x00, 0x00, 0x00, 0x00, 0x00, 0x00, 0x00, 0x00, 0x00, 0x00, 0x00, 0x00, 0x00,
  0x00, 0x00, 0x00, 0x00, 0x00, 0x00, 0x00, 0x00, 0x00, 0x00, 0x00, 0x00, 0x00, 0x00, 0x00, 0x00,
  0x00, 0x00, 0x00, 0x00, 0x00, 0x00, 0x00, 0x00, 0x00, 0x00, 0x00, 0x00, 0x00, 0x00, 0x00, 0x00,
  0x00, 0x00, 0x00, 0x00, 0x00, 0x00, 0x00, 0x00, 0x00, 0xE7, 0xFD, 0x04, 0x00, 0x00, 0x00, 0xE9,
  0xF6, 0x73, 0x69, 0xFF, 0xFF, 0xE9, 0xF6, 0xFD, 0x09, 0xF7, 0x33, 0x00, 0x00, 0x00, 0xEF, 0xFF,
  0x02, 0x00, 0x00, 0x00, 0x00, 0x00, 0x00, 0x00, 0x00, 0x00, 0x00, 0x00, 0x00, 0x00, 0x00, 0x00,
  0xE0, 0xFF, 0x01, 0xE0, 0xFF, 0x01, 0x00, 0xF8, 0x01, 0x00, 0x00, 0x00, 0x00, 0x00, 0x00, 0x00,
  0x00, 0x00, 0x00, 0x00, 0x00, 0x00, 0x00, 0x00, 0x00, 0x00, 0x00, 0x00, 0x00, 0x00, 0x00, 0x00,
  0x00, 0x00, 0x00, 0x00, 0xEF, 0xFF, 0x02, 0x00, 0x00, 0x00, 0x00, 0x00, 0x00, 0x00, 0x00, 0x00,
  0xEF, 0xFF, 0x02, 0x00, 0x00, 0x00, 0x00, 0x00, 0x00, 0x00, 0x00, 0x00, 0x00, 0x00, 0x00, 0xE7,
  0xFF, 0x04, 0x00, 0x00, 0x00, 0xE9, 0xF6, 0x7D, 0x69, 0xFF, 0xFF, 0xE9, 0xF6, 0xF3, 0xE9, 0xEE,
  0x1F, 0x4A, 0xAD, 0x03, 0xE7, 0xFF, 0x04, 0xEF, 0xFF, 0x02, 0xEF, 0xFF, 0x02, 0xEF, 0xFF, 0x02,
  0xEF, 0xFF, 0x02, 0xEF, 0xFF, 0x02, 0xEF, 0xFF, 0x02, 0xEF, 0xFF, 0x02, 0xEF, 0xFF, 0x02, 0xEF,
  0xFF, 0x02, 0xEF, 0xFF, 0x02, 0xEF, 0xFF, 0x02, 0xEF, 0xFF, 0x02, 0xEF, 0xFF, 0x02, 0xEF, 0xFF,
  0x02, 0xEF, 0xFF, 0x02, 0xEF, 0xFF, 0x02, 0xEF, 0xFF, 0x02, 0xEF, 0xFF, 0x02, 0x66, 0xCE, 0x05,
  0x4A, 0xFD, 0x03, 0xC8, 0xEE, 0x32, 0xE9, 0xF6, 0xFA, 0x49, 0xFF, 0xFF, 0xE9, 0xF6, 0x6A, 0x00,
  0x00, 0x00, 0x66, 0xCE, 0x05, 0x00, 0x00, 0x00, 0x00, 0x00, 0x00, 0x00, 0x00, 0x00, 0x00, 0xF8,
  0x01, 0xEF, 0xFF, 0x02, 0x00, 0x00, 0x00, 0x00, 0x00, 0x00, 0x00, 0x00, 0x00, 0xEF, 0xFF, 0x02,
  0x00, 0x00, 0x00, 0x00, 0x00, 0x00, 0x00, 0x00, 0x00, 0x00, 0x00, 0x00, 0x00, 0x00, 0x00, 0x00,
  0x00, 0x00, 0x00, 0x00, 0x00, 0x00, 0x00, 0x00, 0x00, 0x00, 0x00, 0x00, 0x00, 0x00, 0xE0, 0xFF,
  0x01, 0x00, 0xF8, 0x01, 0x00, 0x00, 0x00, 0x00, 0x00, 0x00, 0x00, 0x00, 0x00, 0x00, 0x00, 0x00,
  0x00, 0x00, 0x00, 0xE0, 0xFF, 0x02, 0x00, 0x00, 0x00, 0xE9, 0xF6, 0xA1, 0x8A, 0xFF, 0xFF, 0xE9,
  0xF6, 0xCE, 0x00, 0x00, 0x00, 0x00, 0x00, 0x00, 0x00, 0x00, 0x00, 0x00, 0x00, 0x00, 0x00, 0x00,
  0x00, 0x00, 0x00, 0x00, 0x00, 0x00, 0x00, 0x00, 0x00, 0x00, 0x00, 0x00, 0x00, 0x00, 0x00, 0x00,
  0x00, 0x00, 0x00, 0x00, 0x00, 0x00, 0x00, 0x00, 0x00, 0x00, 0x00, 0x00, 0x00, 0x00, 0x00, 0x00,
  0x00, 0x00, 0x00, 0x00, 0x00, 0x00, 0x00, 0x00, 0x00, 0x00, 0x00, 0x00, 0x00, 0x00, 0x00, 0x00,
  0x00, 0x00, 0x00, 0x00, 0x00, 0x00, 0x00, 0x00, 0x00, 0x00, 0xE9, 0xF6, 0xE0, 0x8A, 0xFF, 0xFF,
  0xE8, 0xF6, 0x8E, 0x00, 0x00, 0x00, 0xE7, 0xFF, 0x04, 0x00, 0x00, 0x00, 0x00, 0x00, 0x00, 0x00,
  0x00, 0x00, 0x00, 0x00, 0x00, 0x00, 0x00, 0x00, 0xE0, 0x7B, 0x02, 0xE0, 0xFF, 0x01, 0x00, 0x00,
  0x00, 0x00, 0x00, 0x00, 0x00, 0x00, 0x00, 0x00, 0x00, 0x00, 0x00, 0x00, 0x00, 0x00, 0x00, 0x00,
  0x00, 0x00, 0x00, 0x00, 0x00, 0x00, 0xE0, 0xFF, 0x02, 0x00, 0x00, 0x00, 0xE9, 0xF6, 0x5C, 0x29,
  0xFF, 0xC0, 0xE9, 0xF6, 0xC1, 0xE9, 0xF6, 0xC5, 0xE9, 0xEE, 0x85, 0x66, 0xFE, 0x05, 0x00, 0x00,
  0x00, 0xE0, 0xFF, 0x01, 0x00, 0x00, 0x00, 0x00, 0x00, 0x00, 0x00, 0x00, 0x00, 0xE9, 0xF6, 0xBB,
  0x69, 0xFF, 0xFF, 0xE9, 0xF6, 0xC5, 0xC9, 0xF6, 0x38, 0xC8, 0xF6, 0x39, 0xC8, 0xF6, 0x39, 0xC8,
  0xF6, 0x39, 0xC8, 0xF6, 0x39, 0xC8, 0xF6, 0x39, 0xC8, 0xF6, 0x39, 0xC8, 0xF6, 0x39, 0xC8, 0xF6,
  0x39, 0xC8, 0xF6, 0x39, 0xC8, 0xF6, 0x39, 0xC8, 0xF6, 0x39, 0xC8, 0xF6, 0x39, 0xC8, 0xF6, 0x39,
  0xC8, 0xF6, 0x39, 0xC8, 0xF6, 0x39, 0xC8, 0xF6, 0x39, 0xC8, 0xF6, 0x39, 0xC8, 0xF6, 0x39, 0xC8,
  0xF6, 0x39, 0xC8, 0xF6, 0x39, 0xC8, 0xF6, 0x39, 0xC8, 0xF6, 0x39, 0xC9, 0xF6, 0x3A, 0xE9, 0xF6,
  0xD3, 0x89, 0xFF, 0xFF, 0xC9, 0xF6, 0xA5, 0x00, 0x00, 0x00, 0xEF, 0x7B, 0x02, 0x00, 0x00, 0x00,
  0xE0, 0xFF, 0x01, 0xE0, 0xFF, 0x01, 0xC9, 0xEE, 0x0E, 0xE9, 0xF6, 0x92, 0x09, 0xF7, 0xC6, 0xE9,
  0xF6, 0xC1, 0x29, 0xFF, 0xBE, 0xE8, 0xF6, 0x4B, 0x00, 0x00, 0x00, 0xE0, 0xFF, 0x02, 0x00, 0x00,
  0x00, 0x00, 0x00, 0x00, 0x00, 0x00, 0x00, 0x00, 0x00, 0x01, 0xE0, 0xFF, 0x01, 0x00, 0x00, 0x00,
  0xE9, 0xF6, 0xD0, 0xEA, 0xFF, 0xFF, 0x69, 0xFF, 0xFF, 0xAA, 0xFF, 0xFF, 0x49, 0xFF, 0xFF, 0xC8,
  0xEE, 0x1D, 0x00, 0x00, 0x00, 0xE0, 0xFB, 0x02, 0xE0, 0xFF, 0x01, 0x00, 0x00, 0x00, 0xE0, 0xFF,
  0x01, 0xE9, 0xF6, 0xC7, 0x29, 0xFF, 0xFF, 0xE9, 0xF6, 0xFD, 0xE9, 0xF6, 0xFE, 0xE9, 0xF6, 0xFE,
  0xE9, 0xF6, 0xFE, 0xE9, 0xF6, 0xFE, 0xE9, 0xF6, 0xFE, 0xE9, 0xF6, 0xFE, 0xE9, 0xF6, 0xFE, 0xE9,
  0xF6, 0xFE, 0xE9, 0xF6, 0xFE, 0xE9, 0xF6, 0xFE, 0xE9, 0xF6, 0xFE, 0xE9, 0xF6, 0xFE, 0xE9, 0xF6,
  0xFE, 0xE9, 0xF6, 0xFE, 0xE9, 0xF6, 0xFE, 0xE9, 0xF6, 0xFE, 0xE9, 0xF6, 0xFE, 0xE9, 0xF6, 0xFE,
  0xE9, 0xF6, 0xFE, 0xE9, 0xF6, 0xFE, 0xE9, 0xF6, 0xFE, 0xE9, 0xF6, 0xFE, 0xE9, 0xF6, 0xFE, 0xE9,
  0xF6, 0xFE, 0xE9, 0xF6, 0xFB, 0x49, 0xFF, 0xFF, 0xE9, 0xF6, 0xAB, 0x00, 0x00, 0x00, 0xE0, 0x7B,
  0x02, 0x00, 0x00, 0x00, 0xEF, 0xFF, 0x02, 0x00, 0x00, 0x00, 0xE9, 0xF6, 0x30, 0x8A, 0xFF, 0xFF,
  0xAA, 0xFF, 0xFF, 0x69, 0xFF, 0xFF, 0xEA, 0xFF, 0xFF, 0xE9, 0xF6, 0xBB, 0x00, 0x00, 0x00, 0xE0,
  0xFF, 0x02, 0x00, 0x00, 0x00, 0x00, 0x00, 0x00, 0x00, 0x00, 0x00, 0x00, 0x00, 0x00, 0xE0, 0xFF,
  0x02, 0x00, 0x00, 0x00, 0xE9, 0xF6, 0x48, 0x29, 0xFF, 0xA4, 0xE9, 0xF6, 0xA6, 0x09, 0xFF, 0xA9,
  0xE9, 0xF6, 0x6F, 0xE0, 0xFF, 0x01, 0x00, 0x00, 0x00, 0x00, 0x00, 0x00, 0x00, 0x00, 0x00, 0x00,
  0x00, 0x00, 0x00, 0x00, 0x00, 0xE9, 0xF6, 0xBD, 0x29, 0xFF, 0xFF, 0xE9, 0xF6, 0xFC, 0xE9, 0xF6,
  0xFF, 0xE9, 0xF6, 0xFF, 0xE9, 0xF6, 0xFF, 0xE9, 0xF6, 0xFF, 0xE9, 0xF6, 0xFF, 0xE9, 0xF6, 0xFF,
  0xE9, 0xF6, 0xFF, 0xE9, 0xF6, 0xFF, 0xE9, 0xF6, 0xFF, 0xE9, 0xF6, 0xFF, 0xE9, 0xF6, 0xFF, 0xE9,
  0xF6, 0xFF, 0xE9, 0xF6, 0xFF, 0xE9, 0xF6, 0xFF, 0xE9, 0xF6, 0xFF, 0xE9, 0xF6, 0xFF, 0xE9, 0xF6,
  0xFF, 0xE9, 0xF6, 0xFF, 0xE9, 0xF6, 0xFF, 0xE9, 0xF6, 0xFF, 0xE9, 0xF6, 0xFF, 0xE9, 0xF6, 0xFF,
  0xE9, 0xF6, 0xFF, 0xE9, 0xF6, 0xFF, 0xE9, 0xF6, 0xFC, 0x49, 0xFF, 0xFF, 0xE9, 0xF6, 0xA3, 0x00,
  0x00, 0x00, 0xEF, 0x7B, 0x02, 0x00, 0x00, 0x00, 0xE0, 0xFF, 0x01, 0x00, 0x00, 0x01, 0xAA, 0xFE,
  0x06, 0xE9, 0xF6, 0x7F, 0x09, 0xF7, 0xAA, 0xE9, 0xF6, 0xA6, 0x29, 0xFF, 0xA6, 0xE9, 0xF6, 0x45,
  0x00, 0x00, 0x00, 0xE0, 0xFF, 0x02, 0x00, 0x00, 0x00, 0x00, 0x00, 0x00, 0x00, 0x00, 0x00, 0x00,
  0x00, 0x00, 0x00, 0x00, 0x00, 0x00, 0x00, 0x00, 0x00, 0x00, 0x00, 0x00, 0x00, 0x00, 0x00, 0x00,
  0x00, 0x00, 0x00, 0x00, 0x00, 0x00, 0x00, 0x00, 0x00, 0x00, 0x00, 0x00, 0x00, 0x00, 0x00, 0x00,
  0x00, 0x00, 0x00, 0xE0, 0xFF, 0x02, 0x00, 0x00, 0x00, 0xE9, 0xF6, 0xA0, 0x49, 0xFF, 0xFF, 0xE9,
  0xF6, 0xFB, 0xE9, 0xF6, 0xFE, 0xE9, 0xF6, 0xFE, 0xE9, 0xF6, 0xFE, 0xE9, 0xF6, 0xFE, 0xE9, 0xF6,
  0xFE, 0xE9, 0xF6, 0xFE, 0xE9, 0xF6, 0xFE, 0xE9, 0xF6, 0xFE, 0xE9, 0xF6, 0xFE, 0xE9, 0xF6, 0xFE,
  0xE9, 0xF6, 0xFE, 0xE9, 0xF6, 0xFE, 0xE9, 0xF6, 0xFE, 0xE9, 0xF6, 0xFE, 0xE9, 0xF6, 0xFE, 0xE9,
  0xF6, 0xFE, 0xE9, 0xF6, 0xFE, 0xE9, 0xF6, 0xFE, 0xE9, 0xF6, 0xFE, 0xE9, 0xF6, 0xFE, 0xE9, 0xF6,
  0xFE, 0xE9, 0xF6, 0xFE, 0xE9, 0xF6, 0xFE, 0xE9, 0xF6, 0xFE, 0xE9, 0xF6, 0xFA, 0x69, 0xFF, 0xFF,
  0xE9, 0xF6, 0x8E, 0x00, 0x00, 0x00, 0xE7, 0xFF, 0x04, 0x00, 0x00, 0x00, 0x00, 0x00, 0x00, 0x00,
  0x00, 0x00, 0x00, 0x00, 0x00, 0x00, 0x00, 0x00, 0x00, 0x00, 0x00, 0x00, 0x00, 0x00, 0x00, 0x00,
  0x00, 0x00, 0x00, 0x00, 0x00, 0x00, 0x00, 0x00, 0x00, 0x00, 0x00, 0x00, 0x00, 0x00, 0x00, 0x00,
  0x00, 0x00, 0x00, 0x00, 0x00, 0x00, 0x00, 0x00, 0x00, 0x00, 0x00, 0x00, 0xEF, 0xFF, 0x02, 0xEF,
  0xFF, 0x02, 0xE0, 0xFF, 0x01, 0xE0, 0xFF, 0x01, 0x4A, 0xFD, 0x03, 0x00, 0x00, 0x00, 0x00, 0x00,
  0x00, 0x00, 0x00, 0x00, 0x00, 0x00, 0x00, 0xE7, 0xFF, 0x04, 0x00, 0x00, 0x00, 0xE8, 0xF6, 0x7C,
  0x69, 0xFF, 0xFF, 0xE9, 0xF6, 0xFB, 0xE9, 0xF6, 0xFF, 0xE9, 0xF6, 0xFF, 0xE9, 0xF6, 0xFF, 0xE9,
  0xF6, 0xFF, 0xE9, 0xF6, 0xFF, 0xE9, 0xF6, 0xFF, 0xE9, 0xF6, 0xFF, 0xE9, 0xF6, 0xFF, 0xE9, 0xF6,
  0xFF, 0xE9, 0xF6, 0xFF, 0xE9, 0xF6, 0xFF, 0xE9, 0xF6, 0xFF, 0xE9, 0xF6, 0xFF, 0xE9, 0xF6, 0xFF,
  0xE9, 0xF6, 0xFF, 0xE9, 0xF6, 0xFF, 0xE9, 0xF6, 0xFF, 0xE9, 0xF6, 0xFF, 0xE9, 0xF6, 0xFF, 0xE9,
  0xF6, 0xFF, 0xE9, 0xF6, 0xFF, 0xE9, 0xF6, 0xFF, 0xE9, 0xF6, 0xFF, 0xE9, 0xF6, 0xFF, 0xE9, 0xF6,
  0xFC, 0x49, 0xFF, 0xFF, 0xE8, 0xF6, 0x67, 0x00, 0x00, 0x00, 0xE7, 0xFF, 0x04, 0x00, 0x00, 0x00,
  0x00, 0x00, 0x00, 0x00, 0x00, 0x00, 0x00, 0x00, 0x00, 0x4A, 0xFD, 0x03, 0xE0, 0xFF, 0x01, 0xE0,
  0xFF, 0x01, 0xEF, 0xFF, 0x02, 0xEF, 0xFF, 0x02, 0x00, 0x00, 0x00, 0x00, 0x00, 0x00, 0x00, 0x00,
  0x00, 0x00, 0x00, 0x00, 0x00, 0x00, 0x00, 0x00, 0x00, 0x00, 0x00, 0x00, 0x00, 0x00, 0x00, 0x00,
  0x00, 0x00, 0x00, 0x00, 0x00, 0x00, 0x00, 0x00, 0x00, 0x00, 0x00, 0x00, 0x00, 0x00, 0x00, 0x00,
  0x00, 0x00, 0x00, 0x00, 0x00, 0x00, 0x00, 0x00, 0x00, 0x00, 0x00, 0xEA, 0xAF, 0x03, 0x00, 0x00,
  0x00, 0xE8, 0xF6, 0x3D, 0x09, 0xF7, 0xFF, 0xE9, 0xF6, 0xFE, 0xE9, 0xF6, 0xFF, 0xE9, 0xF6, 0xFF,
  0xE9, 0xF6, 0xFF, 0xE9, 0xF6, 0xFF, 0xE9, 0xF6, 0xFF, 0xE9, 0xF6, 0xFF, 0xE9, 0xF6, 0xFF, 0xE9,
  0xF6, 0xFF, 0xE9, 0xF6, 0xFF, 0xE9, 0xF6, 0xFF, 0xE9, 0xF6, 0xFF, 0xE9, 0xF6, 0xFF, 0xE9, 0xF6,
  0xFF, 0xE9, 0xF6, 0xFF, 0xE9, 0xF6, 0xFF, 0xE9, 0xF6, 0xFF, 0xE9, 0xF6, 0xFF, 0xE9, 0xF6, 0xFF,
  0xE9, 0xF6, 0xFF, 0xE9, 0xF6, 0xFF, 0xE9, 0xF6, 0xFF, 0xE9, 0xF6, 0xFF, 0xE9, 0xF6, 0xFF, 0xE9,
  0xF6, 0xFE, 0xE9, 0xF6, 0xFF, 0xE9, 0xF6, 0xFC, 0xC9, 0xF6, 0x2A, 0x00, 0x00, 0x00, 0xE0, 0xFF,
  0x02, 0x00, 0x00, 0x00, 0x00, 0x00, 0x00, 0x00, 0x00, 0x00, 0x00, 0x00, 0x00, 0x00, 0x00, 0x00,
  0x00, 0x00, 0x00, 0x00, 0x00, 0x00, 0x00, 0x00, 0x00, 0x00, 0x00, 0x00, 0x00, 0x00, 0x00, 0x00,
  0x00, 0x00, 0x00, 0x00, 0x00, 0x00, 0x00, 0x00, 0x00, 0x00, 0x00, 0x00, 0x00, 0x00, 0x00, 0x00,
  0x00, 0x00, 0x00, 0x00, 0x00, 0x00, 0x00, 0x00, 0x00, 0x00, 0x00, 0x00, 0x00, 0x00, 0x00, 0x00,
  0x00, 0x00, 0x00, 0x00, 0x00, 0x00, 0x00, 0x00, 0x00, 0x00, 0x00, 0x00, 0x00, 0x00, 0x00, 0x00,
  0xF8, 0x01, 0x00, 0x00, 0x00, 0xE7, 0xDD, 0x08, 0xE9, 0xF6, 0xD9, 0x29, 0xFF, 0xFE, 0xE9, 0xF6,
  0xFD, 0xE9, 0xF6, 0xFF, 0xE9, 0xF6, 0xFF, 0xE9, 0xF6, 0xFF, 0xE9, 0xF6, 0xFF, 0xE9, 0xF6, 0xFF,
  0xE9, 0xF6, 0xFF, 0xE9, 0xF6, 0xFF, 0xE9, 0xF6, 0xFF, 0xE9, 0xF6, 0xFF, 0xE9, 0xF6, 0xFF, 0xE9,
  0xF6, 0xFF, 0xE9, 0xF6, 0xFF, 0xE9, 0xF6, 0xFF, 0xE9, 0xF6, 0xFF, 0xE9, 0xF6, 0xFF, 0xE9, 0xF6,
  0xFF, 0xE9, 0xF6, 0xFF, 0xE9, 0xF6, 0xFF, 0xE9, 0xF6, 0xFF, 0xE9, 0xF6, 0xFF, 0xE9, 0xF6, 0xFF,
  0xE9, 0xF6, 0xFF, 0xE9, 0xF6, 0xFC, 0x29, 0xFF, 0xFE, 0xE9, 0xF6, 0xC7, 0xEF, 0xFF, 0x02, 0xE0,
  0xFF, 0x01, 0x00, 0x00, 0x00, 0x00, 0x00, 0x00, 0x00, 0x00, 0x00, 0x00, 0x00, 0x00, 0x00, 0x00,
  0x00, 0x00, 0x00, 0x00, 0x00, 0x00, 0x00, 0x00, 0x00, 0x00, 0x00, 0x00, 0x00, 0x00, 0x00, 0x00,
  0x00, 0x00, 0x00, 0x00, 0x00, 0x00, 0x00, 0x00, 0x00, 0x00, 0x00, 0x00, 0x00, 0x00, 0x00, 0x00,
  0x00, 0x00, 0x00, 0x00, 0x00, 0x00, 0x00, 0x00, 0x00, 0x00, 0x00, 0x00, 0x00, 0x00, 0x00, 0x00,
  0x00, 0x00, 0x00, 0x00, 0x00, 0x00, 0x00, 0x00, 0x00, 0x00, 0x00, 0x00, 0x00, 0x00, 0x00, 0x00,
  0x00, 0x00, 0x00, 0x00, 0x00, 0x00, 0x4A, 0xFD, 0x03, 0x00, 0x00, 0x00, 0xE9, 0xF6, 0x7E, 0x49,
  0xFF, 0xFF, 0xE9, 0xF6, 0xFB, 0xE9, 0xF6, 0xFF, 0xE9, 0xF6, 0xFF, 0xE9, 0xF6, 0xFF, 0xE9, 0xF6,
  0xFF, 0xE9, 0xF6, 0xFF, 0xE9, 0xF6, 0xFF, 0xE9, 0xF6, 0xFF, 0xE9, 0xF6, 0xFF, 0xE9, 0xF6, 0xFF,
  0xE9, 0xF6, 0xFF, 0xE9, 0xF6, 0xFF, 0xE9, 0xF6, 0xFF, 0xE9, 0xF6, 0xFF, 0xE9, 0xF6, 0xFF, 0xE9,
  0xF6, 0xFF, 0xE9, 0xF6, 0xFF, 0xE9, 0xF6, 0xFF, 0xE9, 0xF6, 0xFF, 0xE9, 0xF6, 0xFF, 0xE9, 0xF6,
  0xFF, 0xE9, 0xF6, 0xFF, 0xE9, 0xF6, 0xFF, 0xC9, 0xF6, 0xFC, 0x69, 0xFF, 0xFF, 0xE9, 0xF6, 0x6E,
  0x00, 0x00, 0x00, 0xEA, 0xFF, 0x03, 0x00, 0x00, 0x00, 0x00, 0x00, 0x00, 0x00, 0x00, 0x00, 0x00,
  0x00, 0x00, 0x00, 0x00, 0x00, 0x00, 0x00, 0x00, 0x00, 0x00, 0x00, 0x00, 0x00, 0x00, 0x00, 0x00,
  0x00, 0x00, 0x00, 0x00, 0x00, 0x00, 0x00, 0x00, 0x00, 0x00, 0x00, 0x00, 0x00, 0x00, 0x00, 0x00,
  0x00, 0x00, 0x00, 0x00, 0x00, 0x00, 0x00, 0x00, 0x00, 0x00, 0x00, 0x00, 0x00, 0x00, 0x00, 0x00,
  0x00, 0x00, 0x00, 0x00, 0x00, 0x00, 0x00, 0x00, 0x00, 0x00, 0x00, 0x00, 0x00, 0x00, 0x00, 0x00,
  0x00, 0x00, 0x00, 0x00, 0x00, 0x00, 0x00, 0x00, 0x00, 0x00, 0xEF, 0xFF, 0x02, 0xE0, 0xFF, 0x01,
  0xE8, 0xF6, 0x16, 0xE9, 0xF6, 0xEB, 0x09, 0xF7, 0xFE, 0xE9, 0xF6, 0xFD, 0xE9, 0xF6, 0xFF, 0xE9,
  0xF6, 0xFF, 0xE9, 0xF6, 0xFF, 0xE9, 0xF6, 0xFF, 0xE9, 0xF6, 0xFF, 0xE9, 0xF6, 0xFF, 0xE9, 0xF6,
  0xFF, 0xE9, 0xF6, 0xFF, 0xE9, 0xF6, 0xFF, 0xE9, 0xF6, 0xFF, 0xE9, 0xF6, 0xFF, 0xE9, 0xF6, 0xFF,
  0xE9, 0xF6, 0xFF, 0xE9, 0xF6, 0xFF, 0xE9, 0xF6, 0xFF, 0xE9, 0xF6, 0xFF, 0xE9, 0xF6, 0xFF, 0xE9,
  0xF6, 0xFF, 0xE9, 0xF6, 0xFF, 0xE9, 0xF6, 0xFF, 0xE9, 0xF6, 0xFD, 0x29, 0xFF, 0xFE, 0xC9, 0xF6,
  0xDF, 0xA9, 0xEE, 0x0D, 0x00, 0x00, 0x00, 0xE0, 0xFF, 0x01, 0x00, 0x00, 0x00, 0x00, 0x00, 0x00,
  0x00, 0x00, 0x00, 0x00, 0x00, 0x00, 0x00, 0x00, 0x00, 0x00, 0x00, 0x00, 0x00, 0x00, 0x00, 0x00,
  0x00, 0x00, 0x00, 0x00, 0x00, 0x00, 0x00, 0x00, 0x00, 0x00, 0x00, 0x00, 0x00, 0x00, 0x00, 0x00,
  0x00, 0x00, 0x00, 0x00, 0x00, 0x00, 0x00, 0x00, 0x00, 0x00, 0x00, 0x00, 0x00, 0x00, 0x00, 0x00,
  0x00, 0x00, 0x00, 0x00, 0x00, 0x00, 0x00, 0x00, 0x00, 0x00, 0x00, 0x00, 0x00, 0x00, 0x00, 0x00,
  0x00, 0x00, 0x00, 0x00, 0x00, 0x00, 0x00, 0x00, 0x00, 0x00, 0x00, 0x00, 0x00, 0x00, 0x00, 0x00,
  0x00, 0x4A, 0xFD, 0x03, 0x00, 0x00, 0x00, 0xC9, 0xEE, 0x65, 0x49, 0xFF, 0xFF, 0xE9, 0xF6, 0xFB,
  0xE9, 0xF6, 0xFE, 0xE9, 0xF6, 0xFF, 0xE9, 0xF6, 0xFF, 0xE9, 0xF6, 0xFF, 0xE9, 0xF6, 0xFF, 0xE9,
  0xF6, 0xFF, 0xE9, 0xF6, 0xFF, 0xE9, 0xF6, 0xFF, 0xE9, 0xF6, 0xFF, 0xE9, 0xF6, 0xFF, 0xE9, 0xF6,
  0xFF, 0xE9, 0xF6, 0xFF, 0xE9, 0xF6, 0xFF, 0xE9, 0xF6, 0xFF, 0xE9, 0xF6, 0xFF, 0xE9, 0xF6, 0xFF,
  0xE9, 0xF6, 0xFF, 0xE9, 0xF6, 0xFF, 0xE9, 0xF6, 0xFF, 0xE9, 0xF6, 0xFE, 0xE9, 0xF6, 0xFB, 0x29,
  0xFF, 0xFF, 0xE9, 0xF6, 0x58, 0x00, 0x00, 0x00, 0xEF, 0xFF, 0x02, 0x00, 0x00, 0x00, 0x00, 0x00,
  0x00, 0x00, 0x00, 0x00, 0x00, 0x00, 0x00, 0x00, 0x00, 0x00, 0x00, 0x00, 0x00, 0x00, 0x00, 0x00,
  0x00, 0x00, 0x00, 0x00, 0x00, 0x00, 0x00, 0x00, 0x00, 0x00, 0x00, 0x00, 0x00, 0x00, 0x00, 0x00,
  0x00, 0x00, 0x00, 0x00, 0x00, 0x00, 0x00, 0x00, 0x00, 0x00, 0x00, 0x00, 0x00, 0x00, 0x00, 0x00,
  0x00, 0x00, 0x00, 0x00, 0x00, 0x00, 0x00, 0x00, 0x00, 0x00, 0x00, 0x00, 0x00, 0x00, 0x00, 0x00,
  0x00, 0x00, 0x00, 0x00, 0x00, 0x00, 0x00, 0x00, 0x00, 0x00, 0x00, 0x00, 0x00, 0x00, 0x00, 0x00,
  0x00, 0x00, 0x00, 0x00, 0x00, 0xE0, 0x07, 0x01, 0xEF, 0xFF, 0x02, 0x00, 0x00, 0x00, 0xC9, 0xF6,
  0xAA, 0x69, 0xFF, 0xFF, 0xE9, 0xF6, 0xFA, 0xE9, 0xF6, 0xFF, 0xE9, 0xF6, 0xFF, 0xE9, 0xF6, 0xFF,
  0xE9, 0xF6, 0xFF, 0xE9, 0xF6, 0xFF, 0xE9, 0xF6, 0xFF, 0xE9, 0xF6, 0xFF, 0xE9, 0xF6, 0xFF, 0xE9,
  0xF6, 0xFF, 0xE9, 0xF6, 0xFF, 0xE9, 0xF6, 0xFF, 0xE9, 0xF6, 0xFF, 0xE9, 0xF6, 0xFF, 0xE9, 0xF6,
  0xFF, 0xE9, 0xF6, 0xFF, 0xE9, 0xF6, 0xFF, 0xE9, 0xF6, 0xFF, 0xE9, 0xF6, 0xFF, 0xE9, 0xF6, 0xFA,
  0x69, 0xFF, 0xFF, 0xC8, 0xF6, 0x99, 0x00, 0x00, 0x00, 0xEA, 0xFF, 0x03, 0x00, 0xF8, 0x01, 0x00,
  0x00, 0x00, 0x00, 0x00, 0x00, 0x00, 0x00, 0x00, 0x00, 0x00, 0x00, 0x00, 0x00, 0x00, 0x00, 0x00,
  0x00, 0x00, 0x00, 0x00, 0x00, 0x00, 0x00, 0x00, 0x00, 0x00, 0x00, 0x00, 0x00, 0x00, 0x00, 0x00,
  0x00, 0x00, 0x00, 0x00, 0x00, 0x00, 0x00, 0x00, 0x00, 0x00, 0x00, 0x00, 0x00, 0x00, 0x00, 0x00,
  0x00, 0x00, 0x00, 0x00, 0x00, 0x00, 0x00, 0x00, 0x00, 0x00, 0x00, 0x00, 0x00, 0x00, 0x00, 0x00,
  0x00, 0x00, 0x00, 0x00, 0x00, 0x00, 0x00, 0x00, 0x00, 0x00, 0x00, 0x00, 0x00, 0x00, 0x00, 0x00,
  0x00, 0x00, 0x00, 0x00, 0x00, 0x00, 0x00, 0x00, 0x00, 0x00, 0x00, 0x00, 0xE0, 0xFF, 0x01, 0xEF,
  0xFF, 0x02, 0xC9, 0xEE, 0x0E, 0xE9, 0xF6, 0xBD, 0x69, 0xFF, 0xFF, 0xE9, 0xF6, 0xFA, 0xE9, 0xF6,
  0xFE, 0xE9, 0xF6, 0xFF, 0xE9, 0xF6, 0xFF, 0xE9, 0xF6, 0xFF, 0xE9, 0xF6, 0xFF, 0xE9, 0xF6, 0xFF,
  0xE9, 0xF6, 0xFF, 0xE9, 0xF6, 0xFF, 0xE9, 0xF6, 0xFF, 0xE9, 0xF6, 0xFF, 0xE9, 0xF6, 0xFF, 0xE9,
  0xF6, 0xFF, 0xE9, 0xF6, 0xFF, 0xE9, 0xF6, 0xFF, 0xE9, 0xF6, 0xFF, 0xE9, 0xF6, 0xFE, 0xE9, 0xF6,
  0xFB, 0x69, 0xFF, 0xFF, 0xE9, 0xF6, 0xB1, 0x0A, 0xFF, 0x09, 0xEF, 0xFF, 0x02, 0xE0, 0xFF, 0x01,
  0x00, 0x00, 0x00, 0x00, 0x00, 0x00, 0x00, 0x00, 0x00, 0x00, 0x00, 0x00, 0x00, 0x00, 0x00, 0x00,
  0x00, 0x00, 0x00, 0x00, 0x00, 0x00, 0x00, 0x00, 0x00, 0x00, 0x00, 0x00, 0x00, 0x00, 0x00, 0x00,
  0x00, 0x00, 0x00, 0x00, 0x00, 0x00, 0x00, 0x00, 0x00, 0x00, 0x00, 0x00, 0x00, 0x00, 0x00, 0x00,
  0x00, 0x00, 0x00, 0x00, 0x00, 0x00, 0x00, 0x00, 0x00, 0x00, 0x00, 0x00, 0x00, 0x00, 0x00, 0x00,
  0x00, 0x00, 0x00, 0x00, 0x00, 0x00, 0x00, 0x00, 0x00, 0x00, 0x00, 0x00, 0x00, 0x00, 0x00, 0x00,
  0x00, 0x00, 0x00, 0x00, 0x00, 0x00, 0x00, 0x00, 0x00, 0x00, 0x00, 0x00, 0x00, 0x00, 0x00, 0x00,
  0x00, 0x00, 0x00, 0xE0, 0xFB, 0x02, 0x00, 0x00, 0x00, 0xC9, 0xEE, 0x0E, 0xE9, 0xF6, 0xB4, 0x69,
  0xFF, 0xFF, 0xE9, 0xF6, 0xFE, 0xE9, 0xF6, 0xFB, 0xE9, 0xF6, 0xFE, 0xE9, 0xF6, 0xFF, 0xE9, 0xF6,
  0xFF, 0xE9, 0xF6, 0xFF, 0xE9, 0xF6, 0xFF, 0xE9, 0xF6, 0xFF, 0xE9, 0xF6, 0xFF, 0xE9, 0xF6, 0xFF,
  0xE9, 0xF6, 0xFF, 0xE9, 0xF6, 0xFF, 0xE9, 0xF6, 0xFF, 0xE9, 0xF6, 0xFE, 0xE9, 0xF6, 0xFB, 0xE9,
  0xF6, 0xFF, 0x69, 0xFF, 0xFF, 0xE9, 0xF6, 0xAB, 0x27, 0xE6, 0x09, 0x00, 0x00, 0x00, 0xE0, 0xFF,
  0x01, 0x00, 0x00, 0x00, 0x00, 0x00, 0x00, 0x00, 0x00, 0x00, 0x00, 0x00, 0x00, 0x00, 0x00, 0x00,
  0x00, 0x00, 0x00, 0x00, 0x00, 0x00, 0x00, 0x00, 0x00, 0x00, 0x00, 0x00, 0x00, 0x00, 0x00, 0x00,
  0x00, 0x00, 0x00, 0x00, 0x00, 0x00, 0x00, 0x00, 0x00, 0x00, 0x00, 0x00, 0x00, 0x00, 0x00, 0x00,
  0x00, 0x00, 0x00, 0x00, 0x00, 0x00, 0x00, 0x00, 0x00, 0x00, 0x00, 0x00, 0x00, 0x00, 0x00, 0x00,
  0x00, 0x00, 0x00, 0x00, 0x00, 0x00, 0x00, 0x00, 0x00, 0x00, 0x00, 0x00, 0x00, 0x00, 0x00, 0x00,
  0x00, 0x00, 0x00, 0x00, 0x00, 0x00, 0x00, 0x00, 0x00, 0x00, 0x00, 0xE0, 0xFF, 0x01, 0xEF, 0xFF,
  0x02, 0x00, 0x00, 0x00, 0x00, 0x00, 0x00, 0x00, 0x00, 0x00, 0xE0, 0xFF, 0x02, 0x00, 0x00, 0x00,
  0x66, 0xCE, 0x05, 0xE9, 0xF6, 0x87, 0xE9, 0xF6, 0xFC, 0x49, 0xFF, 0xFF, 0xE9, 0xF6, 0xFF, 0xE9,
  0xF6, 0xFB, 0xE9, 0xF6, 0xFD, 0xE9, 0xF6, 0xFE, 0xE9, 0xF6, 0xFE, 0xE9, 0xF6, 0xFE, 0xE9, 0xF6,
  0xFE, 0xE9, 0xF6, 0xFE, 0xE9, 0xF6, 0xFE, 0xE9, 0xF6, 0xFC, 0xE9, 0xF6, 0xFB, 0xE9, 0xF6, 0xFF,
  0x49, 0xFF, 0xFF, 0x09, 0xF7, 0xF4, 0xE9, 0xF6, 0x78, 0x00, 0x00, 0x00, 0x00, 0x00, 0x00, 0xE0,
  0xFF, 0x02, 0x00, 0x00, 0x00, 0x00, 0x00, 0x00, 0x00, 0x00, 0x00, 0xEF, 0xFF, 0x02, 0xE0, 0xFF,
  0x01, 0x00, 0x00, 0x00, 0x00, 0x00, 0x00, 0x00, 0x00, 0x00, 0x00, 0x00, 0x00, 0x00, 0x00, 0x00,
  0x00, 0x00, 0x00, 0x00, 0x00, 0x00, 0x00, 0x00, 0x00, 0x00, 0x00, 0x00, 0x00, 0x00, 0x00, 0x00,
  0x00, 0x00, 0x00, 0x00, 0x00, 0x00, 0x00, 0x00, 0x00, 0x00, 0x00, 0x00, 0x00, 0x00, 0x00, 0x00,
  0x00, 0x00, 0x00, 0x00, 0x00, 0x00, 0x00, 0x00, 0x00, 0x00, 0x00, 0x00, 0x00, 0x00, 0x00, 0x00,
  0x00, 0x00, 0x00, 0x00, 0x00, 0x00, 0x00, 0x00, 0x00, 0x00, 0x00, 0x00, 0xE0, 0xFF, 0x01, 0x00,
  0x00, 0x00, 0x00, 0x00, 0x00, 0x00, 0x00, 0x00, 0x00, 0x00, 0x00, 0x00, 0x00, 0x00, 0x00, 0x00,
  0x00, 0xE0, 0xFF, 0x01, 0x00, 0x00, 0x00, 0x00, 0x00, 0x00, 0xC8, 0xF6, 0x39, 0xE9, 0xF6, 0xAC,
  0xE9, 0xF6, 0xFD, 0x69, 0xFF, 0xFF, 0x29, 0xFF, 0xFF, 0x09, 0xF7, 0xFF, 0xE9, 0xF6, 0xFF, 0xE9,
  0xF6, 0xFF, 0xE9, 0xF6, 0xFF, 0xE9, 0xF6, 0xFF, 0x09, 0xF7, 0xFF, 0x29, 0xFF, 0xFF, 0x69, 0xFF,
  0xFF, 0xE9, 0xF6, 0xF9, 0xE9, 0xF6, 0xA8, 0x88, 0xEE, 0x2F, 0x00, 0x00, 0x00, 0xE0, 0xFF, 0x01,
  0xE0, 0xFF, 0x01, 0x00, 0x00, 0x00, 0x00, 0x00, 0x00, 0x00, 0x00, 0x00, 0x00, 0x00, 0x00, 0x00,
  0x00, 0x00, 0x00, 0x00, 0x00, 0xE0, 0xFF, 0x01, 0x00, 0x00, 0x00, 0x00, 0x00, 0x00, 0x00, 0x00,
  0x00, 0x00, 0x00, 0x00, 0x00, 0x00, 0x00, 0x00, 0x00, 0x00, 0x00, 0x00, 0x00, 0x00, 0x00, 0x00,
  0x00, 0x00, 0x00, 0x00, 0x00, 0x00, 0x00, 0x00, 0x00, 0x00, 0x00, 0x00, 0x00, 0x00, 0x00, 0x00,
  0x00, 0x00, 0x00, 0x00, 0x00, 0x00, 0x00, 0x00, 0x00, 0x00, 0x00, 0x00, 0x00, 0x00, 0x00, 0x00,
  0x00, 0x00, 0x00, 0x00, 0x00, 0x00, 0x00, 0x00, 0x00, 0x00, 0x00, 0x00, 0x00, 0xE0, 0xFF, 0x02,
  0x00, 0x00, 0x00, 0xC9, 0xDE, 0x07, 0xE9, 0xF6, 0x2F, 0x00, 0x00, 0x00, 0x00, 0x00, 0x00, 0x00,
  0x00, 0x00, 0x00, 0x00, 0x00, 0x00, 0x00, 0x00, 0x00, 0xF8, 0x01, 0xEF, 0xFF, 0x02, 0x00, 0x00,
  0x00, 0x00, 0x00, 0x00, 0x09, 0xF7, 0x35, 0xE9, 0xF6, 0x84, 0xE9, 0xF6, 0xC4, 0xE9, 0xF6, 0xF0,
  0xE9, 0xF6, 0xFB, 0xE9, 0xF6, 0xFE, 0xE9, 0xF6, 0xFE, 0xE9, 0xF6, 0xFA, 0xE9, 0xF6, 0xEB, 0xE9,
  0xF6, 0xBC, 0xE9, 0xF6, 0x7B, 0xE9, 0xEE, 0x2C, 0x00, 0x00, 0x00, 0x00, 0x00, 0x00, 0x4A, 0xFD,
  0x03, 0x00, 0x00, 0x00, 0x00, 0x00, 0x00, 0x00, 0x00, 0x00, 0x00, 0x00, 0x00, 0x00, 0x00, 0x00,
  0x00, 0x00, 0x00, 0x29, 0xFF, 0x2C, 0xC9, 0xFE, 0x07, 0x00, 0x00, 0x00, 0xE0, 0xFF, 0x02, 0x00,
  0x00, 0x00, 0x00, 0x00, 0x00, 0x00, 0x00, 0x00, 0x00, 0x00, 0x00, 0x00, 0x00, 0x00, 0x00, 0x00,
  0x00, 0x00, 0x00, 0x00, 0x00, 0x00, 0x00, 0x00, 0x00, 0x00, 0x00, 0x00, 0x00, 0x00, 0x00, 0x00,
  0x00, 0x00, 0x00, 0x00, 0x00, 0x00, 0x00, 0x00, 0x00, 0x00, 0x00, 0x00, 0x00, 0x00, 0x00, 0x00,
  0x00, 0x00, 0x00, 0x00, 0x00, 0x00, 0x00, 0x00, 0x00, 0x00, 0x00, 0x00, 0x00, 0x00, 0xE0, 0xFF,
  0x01, 0x00, 0x00, 0x00, 0xC9, 0xEE, 0x0E, 0xE9, 0xF6, 0xB8, 0x69, 0xFF, 0xF9, 0xE9, 0xF6, 0x66,
  0x00, 0x00, 0x00, 0xEA, 0xFF, 0x03, 0x00, 0x00, 0x00, 0x00, 0x00, 0x00, 0x00, 0x00, 0x00, 0x00,
  0x00, 0x00, 0xEF, 0xFF, 0x02, 0xE0, 0xFB, 0x02, 0x00, 0x00, 0x00, 0x00, 0x00, 0x00, 0x00, 0x00,
  0x00, 0x09, 0xFF, 0x11, 0xE9, 0xEE, 0x2E, 0xC8, 0xF6, 0x39, 0xC8, 0xF6, 0x39, 0x09, 0xF7, 0x2A,
  0xE8, 0xEE, 0x0F, 0x00, 0x00, 0x00, 0x00, 0x00, 0x00, 0x00, 0x00, 0x00, 0xEF, 0xFF, 0x02, 0xEF,
  0xFF, 0x02, 0x00, 0x00, 0x00, 0x00, 0x00, 0x00, 0x00, 0x00, 0x00, 0x00, 0x00, 0x00, 0x4A, 0xAD,
  0x03, 0x00, 0x00, 0x00, 0xE9, 0xF6, 0x7B, 0x69, 0xFF, 0xF9, 0xE9, 0xF6, 0xAE, 0x27, 0xE6, 0x09,
  0x00, 0x00, 0x00, 0xE0, 0xFF, 0x01, 0x00, 0x00, 0x00, 0x00, 0x00, 0x00, 0x00, 0x00, 0x00, 0x00,
  0x00, 0x00, 0x00, 0x00, 0x00, 0x00, 0x00, 0x00, 0x00, 0x00, 0x00, 0x00, 0x00, 0x00, 0x00, 0x00,
  0x00, 0x00, 0x00, 0x00, 0x00, 0x00, 0x00, 0x00, 0x00, 0x00, 0x00, 0x00, 0x00, 0x00, 0x00, 0x00,
  0x00, 0x00, 0x00, 0x00, 0x00, 0x00, 0x00, 0x00, 0x00, 0x00, 0x00, 0x00, 0x00, 0x00, 0x00, 0xE0,
  0xFF, 0x01, 0xE0, 0xFB, 0x02, 0x08, 0xF7, 0x12, 0xE9, 0xF6, 0xBC, 0x29, 0xFF, 0xFF, 0x8A, 0xFF,
  0xFF, 0xE9, 0xF6, 0x7E, 0x00, 0x00, 0x00, 0xE7, 0xFF, 0x04, 0x00, 0x00, 0x00, 0x00, 0x00, 0x00,
  0x00, 0x00, 0x00, 0x00, 0x00, 0x00, 0x00, 0x00, 0x00, 0x00, 0x00, 0x00, 0xEF, 0xFF, 0x02, 0xE7,
  0xFD, 0x04, 0x00, 0x00, 0x00, 0x00, 0x00, 0x00, 0x00, 0x00, 0x00, 0x00, 0x00, 0x00, 0x00, 0x00,
  0x00, 0x00, 0x00, 0x00, 0x00, 0x00, 0x00, 0x00, 0x00, 0x00, 0xE7, 0xFD, 0x04, 0xEF, 0xFF, 0x02,
  0x00, 0x00, 0x00, 0x00, 0x00, 0x00, 0x00, 0x00, 0x00, 0x00, 0x00, 0x00, 0x00, 0x00, 0x00, 0x00,
  0x00, 0x00, 0x4A, 0xAD, 0x03, 0x00, 0x00, 0x00, 0xE9, 0xF6, 0x94, 0x89, 0xFF, 0xFF, 0x29, 0xFF,
  0xFF, 0xE9, 0xF6, 0xB0, 0xA9, 0xFE, 0x0D, 0xE0, 0xFF, 0x01, 0xE0, 0xFF, 0x01, 0x00, 0x00, 0x00,
  0x00, 0x00, 0x00, 0x00, 0x00, 0x00, 0x00, 0x00, 0x00, 0x00, 0x00, 0x00, 0x00, 0x00, 0x00, 0x00,
  0x00, 0x00, 0x00, 0x00, 0x00, 0x00, 0x00, 0x00, 0x00, 0x00, 0x00, 0x00, 0x00, 0x00, 0x00, 0x00,
  0x00, 0x00, 0x00, 0x00, 0x00, 0x00, 0x00, 0x00, 0x00, 0x00, 0x00, 0x00, 0x00, 0x00, 0x00, 0x00,
  0x00, 0x00, 0x00, 0xEA, 0xFF, 0x03, 0x00, 0x00, 0x00, 0xE9, 0xF6, 0x90, 0x8A, 0xFF, 0xFF, 0x29,
  0xFF, 0xFF, 0xE9, 0xF6, 0xA4, 0xC9, 0xFE, 0x07, 0xE0, 0x7B, 0x02, 0xE0, 0xFF, 0x01, 0x00, 0x00,
  0x00, 0x00, 0x00, 0x00, 0x00, 0x00, 0x00, 0x00, 0x00, 0x00, 0x00, 0x00, 0x00, 0x00, 0x00, 0x00,
  0x00, 0x00, 0x00, 0x00, 0x00, 0x00, 0x00, 0xF8, 0x01, 0xE0, 0xFF, 0x01, 0xEF, 0xFF, 0x02, 0xEF,
  0xFF, 0x02, 0xEF, 0xFF, 0x02, 0xEF, 0xFF, 0x02, 0xE0, 0xFF, 0x01, 0x00, 0x00, 0x00, 0x00, 0x00,
  0x00, 0x00, 0x00, 0x00, 0x00, 0x00, 0x00, 0x00, 0x00, 0x00, 0x00, 0x00, 0x00, 0x00, 0x00, 0x00,
  0x00, 0x00, 0x00, 0x00, 0x00, 0x00, 0xE0, 0xFF, 0x01, 0xE0, 0xFF, 0x01, 0xA7, 0xEE, 0x0C, 0xE9,
  0xF6, 0xB0, 0x29, 0xFF, 0xFF, 0xAA, 0xFF, 0xFF, 0xE9, 0xF6, 0x81, 0x00, 0x00, 0x00, 0xE7, 0xFF,
  0x04, 0x00, 0x00, 0x00, 0x00, 0x00, 0x00, 0x00, 0x00, 0x00, 0x00, 0x00, 0x00, 0x00, 0x00, 0x00,
  0x00, 0x00, 0x00, 0x00, 0x00, 0x00, 0x00, 0x00, 0x00, 0x00, 0x00, 0x00, 0x00, 0x00, 0x00, 0x00,
  0x00, 0x00, 0x00, 0x00, 0x00, 0x00, 0x00, 0x00, 0x00, 0x00, 0x00, 0x00, 0x00, 0x00, 0x00, 0x00,
  0x00, 0x00, 0x00, 0x00, 0x00, 0x00, 0x00, 0xEA, 0xFF, 0x03, 0x00, 0x00, 0x00, 0xE9, 0xF6, 0x65,
  0x69, 0xFF, 0xF2, 0xE9, 0xF6, 0x9F, 0x4A, 0xAD, 0x03, 0x00, 0x00, 0x00, 0xE0, 0xFF, 0x01, 0x00,
  0x00, 0x00, 0x00, 0x00, 0x00, 0x00, 0x00, 0x00, 0x00, 0x00, 0x00, 0x00, 0x00, 0x00, 0x00, 0x00,
  0x00, 0x00, 0x00, 0x00, 0x00, 0x00, 0x00, 0x00, 0x00, 0x00, 0x00, 0x00, 0x00, 0x00, 0x00, 0x00,
  0x00, 0x00, 0x00, 0x00, 0x00, 0x00, 0x00, 0x00, 0x00, 0x00, 0x00, 0x00, 0x00, 0x00, 0x00, 0x00,
  0x00, 0x00, 0x00, 0x00, 0x00, 0x00, 0x00, 0x00, 0x00, 0x00, 0x00, 0x00, 0x00, 0x00, 0x00, 0x00,
  0x00, 0x00, 0x00, 0x00, 0x00, 0x00, 0x00, 0x00, 0x00, 0x00, 0x00, 0x00, 0x00, 0xE0, 0xFF, 0x01,
  0x00, 0x00, 0x00, 0x27, 0xE6, 0x09, 0xE9, 0xF6, 0xAE, 0x49, 0xFF, 0xF1, 0xE9, 0xEE, 0x51, 0x00,
  0x00, 0x00, 0xEA, 0xFF, 0x03, 0x00, 0x00, 0x00, 0x00, 0x00, 0x00, 0x00, 0x00, 0x00, 0x00, 0x00,
  0x00, 0x00, 0x00, 0x00, 0x00, 0x00, 0x00, 0x00, 0x00, 0x00, 0x00, 0x00, 0x00, 0x00, 0x00, 0x00,
  0x00, 0x00, 0x00, 0x00, 0x00, 0x00, 0x00, 0x00, 0x00, 0x00, 0x00, 0x00, 0x00, 0x00, 0x00, 0x00,
  0x00, 0x00, 0x00, 0x00, 0x00, 0x00, 0x00, 0x00, 0x00, 0x00, 0x00, 0x00, 0x00, 0x00, 0x00, 0x00,
  0x00, 0x00, 0x00, 0x00, 0xE9, 0xFE, 0x17, 0x00, 0x00, 0x00, 0x00, 0x00, 0x00, 0xE0, 0xFF, 0x01,
  0x00, 0x00, 0x00, 0x00, 0x00, 0x00, 0x00, 0x00, 0x00, 0x00, 0x00, 0x00, 0x00, 0x00, 0x00, 0x00,
  0x00, 0x00, 0x00, 0x00, 0x00, 0x00, 0x00, 0x00, 0x00, 0x00, 0x00, 0x00, 0x00, 0x00, 0x00, 0x00,
  0x00, 0x00, 0x00, 0x00, 0xE0, 0xFF, 0x01, 0xEF, 0xFF, 0x02, 0x4A, 0xFD, 0x03, 0x00, 0x00, 0x00,
  0x00, 0x00, 0x00, 0x00, 0x00, 0x00, 0x00, 0x00, 0x00, 0x00, 0x00, 0x00, 0x00, 0x00, 0x00, 0x00,
  0x00, 0x00, 0x00, 0x00, 0x00, 0x00, 0x00, 0x00, 0x00, 0x00, 0x00, 0x00, 0x00, 0x00, 0x00, 0x00,
  0x00, 0x00, 0x00, 0x00, 0xE0, 0xFF, 0x01, 0x00, 0x00, 0x00, 0x00, 0x00, 0x00, 0x67, 0xF6, 0x14,
  0x00, 0x00, 0x00, 0x00, 0x00, 0x00, 0x00, 0x00, 0x00, 0x00, 0x00, 0x00, 0x00, 0x00, 0x00, 0x00,
  0x00, 0x00, 0x00, 0x00, 0x00, 0x00, 0x00, 0x00, 0x00, 0x00, 0x00, 0x00, 0x00, 0x00, 0x00, 0x00,
  0x00, 0x00, 0x00, 0x00, 0x00, 0x00, 0x00, 0x00, 0x00, 0x00, 0x00, 0x00, 0x00, 0x00, 0x00, 0x00,
  0x00, 0x00, 0x00, 0x00, 0x00, 0x00, 0x00, 0x00, 0x00, 0x00, 0x00, 0x00, 0x00, 0x00, 0x00, 0x00,
  0x00, 0x00, 0x00, 0x00, 0x00, 0x00, 0x00, 0x00, 0x00, 0x00, 0x00, 0x00, 0x00, 0x00, 0xE0, 0xFF,
  0x01, 0x00, 0x00, 0x00, 0x00, 0x00, 0x00, 0x00, 0x00, 0x00, 0x00, 0x00, 0x00, 0x00, 0x00, 0x00,
  0x00, 0x00, 0x00, 0x00, 0x00, 0x00, 0x00, 0x00, 0x00, 0x00, 0x00, 0x00, 0x00, 0x00, 0x00, 0x00,
  0x00, 0x00, 0x00, 0x00, 0x00, 0x00, 0x00, 0x00, 0x00, 0x00, 0x00, 0x00, 0x00, 0x00, 0x00, 0x00,
  0x00, 0x00, 0x00, 0x00, 0x00, 0x00, 0x00, 0x00, 0x00, 0x00, 0x00, 0x00, 0x00, 0x00, 0x00, 0x00,
  0x00, 0x00, 0x00, 0x00, 0x00, 0x00, 0x00, 0x00, 0x00, 0x00, 0x00, 0x00, 0x00, 0x00, 0x00, 0x00,
  0x00, 0x00, 0x00, 0x00, 0x00, 0x00, 0x00, 0x00, 0x00, 0x00, 0x00, 0xE0, 0xFF, 0x01, 0x00, 0x00,
  0x00, 0x00, 0x00, 0x00, 0xE0, 0xFF, 0x01, 0x00, 0x00, 0x00, 0x00, 0x00, 0x00, 0x00, 0x00, 0x00,
  0x00, 0x00, 0x00, 0x00, 0x00, 0x00, 0x00, 0x00, 0x00, 0x00, 0x00, 0x00, 0x00, 0x00, 0x00, 0x00,
  0x00, 0x00, 0x00, 0x00, 0x00, 0x00, 0x00, 0x00, 0x00, 0x00, 0x00, 0x00, 0x00, 0x00, 0x00, 0x00,
  0x00, 0x00, 0x00, 0x00, 0x00, 0x00, 0x00, 0x00, 0x00, 0x00, 0x00, 0x00, 0x00, 0x00, 0x00, 0x00,
  0x00, 0x00, 0x00, 0x00, 0x00, 0x00, 0x00, 0x00, 0x00, 0x00, 0x00, 0x00, 0xE0, 0xFF, 0x01, 0x00,
  0x00, 0x00, 0x00, 0x00, 0x00, 0x00, 0x00, 0x00, 0x00, 0x00, 0x00, 0x00, 0x00, 0x00, 0x00, 0x00,
  0x00, 0x00, 0x00, 0x00, 0x00, 0x00, 0x00, 0x00, 0x00, 0x00, 0x00, 0x00, 0x00, 0x00, 0x00, 0x00,
  0x00, 0x00, 0x00, 0x00, 0x00, 0x00, 0x00, 0xF8, 0x01, 0x00, 0x00, 0x00, 0x47, 0xFF, 0x0C, 0xE9,
  0xF6, 0x93, 0xC9, 0xF6, 0x88, 0xAA, 0xFE, 0x06, 0x00, 0x00, 0x01, 0xE0, 0xFF, 0x01, 0x00, 0x00,
  0x00, 0x00, 0x00, 0x00, 0x00, 0x00, 0x00, 0x00, 0x00, 0x00, 0x00, 0x00, 0x00, 0x00, 0x00, 0x00,
  0x00, 0x00, 0x00, 0x00, 0x00, 0x00, 0x00, 0x00, 0x00, 0x00, 0x00, 0x00, 0x00, 0x00, 0x00, 0x00,
  0x00, 0x00, 0x00, 0xF8, 0x01, 0xE0, 0xFF, 0x01, 0x00, 0x00, 0x00, 0x00, 0x00, 0x00, 0x00, 0x00,
  0x00, 0x00, 0x00, 0x00, 0x00, 0x00, 0x00, 0x00, 0x00, 0x00, 0x00, 0x00, 0x00, 0x00, 0x00, 0x00,
  0x00, 0x00, 0x00, 0x00, 0x00, 0x00, 0x00, 0x00, 0x00, 0x00, 0x00, 0x00, 0x00, 0x00, 0x00, 0x00,
  0x00, 0x00, 0x00, 0x00, 0x00, 0x00, 0x00, 0x00, 0x00, 0x00, 0x00, 0x00, 0x00, 0x00, 0x00, 0x00,
  0x00, 0x00, 0x00, 0x00, 0x00, 0x00, 0x00, 0x00, 0x00, 0x00, 0x00, 0x00, 0x00, 0x00, 0x00, 0x00,
  0x00, 0x00, 0x00, 0x00, 0x00, 0x00, 0x00, 0x00, 0x00, 0x00, 0x00, 0x00, 0x00, 0x00, 0x00, 0x00,
  0x00, 0x00, 0x00, 0x00, 0x00, 0x00, 0x00, 0x00, 0x00, 0x00, 0x00, 0x00, 0x00, 0x00, 0x00, 0x00,
  0x00, 0x00, 0x00, 0x00, 0x00, 0x00, 0x00, 0x00, 0x00, 0x00, 0xEA, 0xFF, 0x03, 0x00, 0x00, 0x00,
  0xC9, 0xEE, 0x4D, 0x69, 0xFF, 0xFF, 0x29, 0xFF, 0xFF, 0xE8, 0xF6, 0x36, 0x00, 0x00, 0x00, 0xEF,
  0xFF, 0x02, 0x00, 0x00, 0x00, 0x00, 0x00, 0x00, 0x00, 0x00, 0x00, 0x00, 0x00, 0x00, 0x00, 0x00,
  0x00, 0x00, 0x00, 0x00, 0x00, 0x00, 0x00, 0x00, 0x00, 0x00, 0x00, 0x00, 0x00, 0x00, 0x00, 0x00,
  0x00, 0x00, 0x00, 0x00, 0x00, 0x00, 0x00, 0x00, 0x00, 0x00, 0x00, 0x00, 0x00, 0x00, 0x00, 0x00,
  0x00, 0x00, 0x00, 0x00, 0x00, 0x00, 0x00, 0x00, 0x00, 0x00, 0x00, 0x00, 0x00, 0x00, 0x00, 0x00,
  0x00, 0x00, 0x00, 0x00, 0x00, 0x00, 0x00, 0x00, 0x00, 0x00, 0x00, 0x00, 0x00, 0x00, 0x00, 0x00,
  0x00, 0x00, 0x00, 0x00, 0x00, 0x00, 0x00, 0x00, 0x00, 0x00, 0x00, 0x00, 0x00, 0x00, 0x00, 0x00,
  0x00, 0x00, 0x00, 0x00, 0x00, 0x00, 0x00, 0x00, 0x00, 0x00, 0x00, 0x00, 0x00, 0x00, 0x00, 0x00,
  0x00, 0x00, 0x00, 0x00, 0x00, 0x00, 0x00, 0x00, 0x00, 0x00, 0x00, 0x00, 0x00, 0x00, 0x00, 0x00,
  0x00, 0x00, 0x00, 0x00, 0x00, 0x00, 0x00, 0x00, 0x00, 0x00, 0x00, 0x00, 0x00, 0x00, 0x00, 0x00,
  0x00, 0x00, 0x00, 0x00, 0x00, 0x00, 0x00, 0x00, 0x00, 0x00, 0x00, 0x00, 0x00, 0x00, 0xEA, 0xFF,
  0x03, 0x00, 0x00, 0x00, 0xC8, 0xEE, 0x56, 0x29, 0xFF, 0xFB, 0xE9, 0xF6, 0xF9, 0xE9, 0xF6, 0x38,
  0x00, 0x00, 0x00, 0xEF, 0xFF, 0x02, 0x00, 0x00, 0x00, 0x00, 0x00, 0x00, 0x00, 0x00, 0x00, 0x00,
  0x00, 0x00, 0x00, 0x00, 0x00, 0x00, 0x00, 0x00, 0x00, 0x00, 0x00, 0x00, 0x00, 0x00, 0x00, 0x00,
  0x00, 0x00, 0x00, 0x00, 0x00, 0x00, 0x00, 0x00, 0x00, 0x00, 0x00, 0x00, 0x00, 0x00, 0x00, 0x00,
  0x00, 0x00, 0x00, 0x00, 0x00, 0x00, 0x00, 0x00, 0x00, 0x00, 0x00, 0x00, 0x00, 0x00, 0x00, 0x00,
  0x00, 0x00, 0x00, 0x00, 0x00, 0x00, 0x00, 0x00, 0x00, 0x00, 0x00, 0x00, 0x00, 0x00, 0x00, 0x00,
  0x00, 0x00, 0x00, 0x00, 0x00, 0x00, 0x00, 0x00, 0x00, 0x00, 0x00, 0x00, 0x00, 0x00, 0x00, 0x00,
  0x00, 0x00, 0x00, 0x00, 0x00, 0x00, 0x00, 0x00, 0x00, 0x00, 0x00, 0x00, 0x00, 0x00, 0x00, 0x00,
  0x00, 0x00, 0x00, 0x00, 0x00, 0x00, 0x00, 0x00, 0x00, 0x00, 0x00, 0x00, 0x00, 0x00, 0x00, 0x00,
  0x00, 0x00, 0x00, 0x00, 0x00, 0x00, 0x00, 0x00, 0x00, 0x00, 0x00, 0x00, 0x00, 0x00, 0x00, 0x00,
  0x00, 0x00, 0x00, 0x00, 0x00, 0x00, 0x00, 0x00, 0x00, 0x00, 0x00, 0x00, 0x00, 0x00, 0x00, 0x00,
  0x00, 0x00, 0xEA, 0xFF, 0x03, 0x00, 0x00, 0x00, 0xE8, 0xF6, 0x59, 0x29, 0xFF, 0xFF, 0xE9, 0xF6,
  0xFF, 0xE9, 0xF6, 0x3B, 0x00, 0x00, 0x00, 0xEF, 0xFF, 0x02, 0x00, 0x00, 0x00, 0x00, 0x00, 0x00,
  0x00, 0x00, 0x00, 0x00, 0x00, 0x00, 0x00, 0x00, 0x00, 0x00, 0x00, 0x00, 0x00, 0x00, 0x00, 0x00,
  0x00, 0x00, 0x00, 0x00, 0x00, 0x00, 0x00, 0x00, 0x00, 0x00, 0x00, 0x00, 0x00, 0x00, 0x00, 0x00,
  0x00, 0x00, 0x00, 0x00, 0x00, 0x00, 0x00, 0x00, 0x00, 0x00, 0x00, 0x00, 0x00, 0x00, 0x00, 0x00,
  0x00, 0x00, 0x00, 0x00, 0x00, 0x00, 0x00, 0x00, 0x00, 0x00, 0x00, 0x00, 0x00, 0x00, 0x00, 0x00,
  0x00, 0x00, 0x00, 0x00, 0x00, 0x00, 0x00, 0x00, 0x00, 0x00, 0x00, 0x00, 0x00, 0x00, 0x00, 0x00,
  0x00, 0x00, 0x00, 0x00, 0x00, 0x00, 0x00, 0x00, 0x00, 0x00, 0x00, 0x00, 0x00, 0x00, 0x00, 0x00,
  0x00, 0x00, 0x00, 0x00, 0x00, 0x00, 0x00, 0x00, 0x00, 0x00, 0x00, 0x00, 0x00, 0x00, 0x00, 0x00,
  0x00, 0x00, 0x00, 0x00, 0x00, 0x00, 0x00, 0x00, 0x00, 0x00, 0x00, 0x00, 0x00, 0x00, 0x00, 0x00,
  0x00, 0x00, 0x00, 0x00, 0x00, 0x00, 0x00, 0x00, 0x00, 0x00, 0x00, 0x00, 0x00, 0x00, 0x00, 0x00,
  0x00, 0x00, 0x00, 0x00, 0x00, 0x00, 0xE0, 0xFF, 0x02, 0x00, 0x00, 0x00, 0xC9, 0xEE, 0x31, 0x09,
  0xF7, 0xF4, 0xE9, 0xF6, 0xEF, 0xC9, 0xF6, 0x1C, 0x00, 0x00, 0x00, 0xE0, 0xFF, 0x01, 0x00, 0x00,
  0x00, 0x00, 0x00, 0x00, 0x00, 0x00, 0x00, 0x00, 0x00, 0x00, 0x00, 0x00, 0x00, 0x00, 0x00, 0x00,
  0x00, 0x00, 0x00, 0x00, 0x00, 0x00, 0x00, 0x00, 0x00, 0x00, 0x00, 0x00, 0x00, 0x00, 0x00, 0x00,
  0x00, 0x00, 0x00, 0x00, 0x00, 0x00, 0x00, 0x00, 0x00, 0x00, 0x00, 0x00, 0x00, 0x00, 0x00, 0x00,
  0x00, 0x00, 0x00, 0x00, 0x00, 0x00, 0x00, 0x00, 0x00, 0x00, 0x00, 0x00, 0x00, 0x00, 0x00, 0x00,
  0x00, 0x00, 0x00, 0x00, 0x00, 0x00, 0x00, 0x00, 0x00, 0x00, 0x00, 0x00, 0x00, 0x00, 0x00, 0x00,
  0x00, 0x00, 0x00, 0x00, 0x00, 0x00, 0x00, 0x00, 0x00, 0x00, 0x00, 0x00, 0x00, 0x00, 0x00, 0x00,
  0x00, 0x00, 0x00, 0x00, 0x00, 0x00, 0x00, 0x00, 0x00, 0x00, 0x00, 0x00, 0x00, 0x00, 0x00, 0x00,
  0x00, 0x00, 0x00, 0x00, 0x00, 0x00, 0x00, 0x00, 0x00, 0x00, 0x00, 0x00, 0x00, 0x00, 0x00, 0x00,
  0x00, 0x00, 0x00, 0x00, 0x00, 0x00, 0x00, 0x00, 0x00, 0x00, 0x00, 0x00, 0x00, 0x00, 0x00, 0x00,
  0x00, 0x00, 0x00, 0x00, 0x00, 0x00, 0x00, 0x00, 0x00, 0x00, 0x00, 0x00, 0x00, 0x00, 0x00, 0x00,
  0x00, 0x00, 0x00, 0xE9, 0xEE, 0x2E, 0x09, 0xF7, 0x2A, 0x00, 0x00, 0x00, 0x00, 0x00, 0x01, 0x00,
  0x00, 0x00, 0x00, 0x00, 0x00, 0x00, 0x00, 0x00, 0x00, 0x00, 0x00, 0x00, 0x00, 0x00, 0x00, 0x00,
  0x00, 0x00, 0x00, 0x00, 0x00, 0x00, 0x00, 0x00, 0x00, 0x00, 0x00, 0x00, 0x00, 0x00, 0x00, 0x00,
  0x00, 0x00, 0x00, 0x00, 0x00, 0x00, 0x00, 0x00, 0x00, 0x00, 0x00, 0x00, 0x00, 0x00, 0x00, 0x00,
  0x00, 0x00, 0x00, 0x00, 0x00, 0x00, 0x00, 0x00, 0x00, 0x00, 0x00, 0x00, 0x00, 0x00, 0x00, 0x00,
  0x00, 0x00, 0x00, 0x00, 0x00, 0x00, 0x00, 0x00, 0x00, 0x00, 0x00, 0x00, 0x00, 0x00, 0x00, 0x00,
  0x00, 0x00, 0x00, 0x00, 0x00, 0x00, 0x00, 0x00, 0x00, 0x00, 0x00, 0x00, 0x00, 0x00, 0x00, 0x00,
  0x00, 0x00, 0x00, 0x00, 0x00, 0x00, 0x00, 0x00, 0x00, 0x00, 0x00, 0x00, 0x00, 0x00, 0x00, 0x00,
  0x00, 0x00, 0x00, 0x00, 0x00, 0x00, 0x00, 0x00, 0x00, 0x00, 0x00, 0x00, 0x00, 0x00, 0x00, 0x00,
  0x00, 0x00, 0x00, 0x00, 0x00, 0x00, 0x00, 0x00, 0x00, 0x00, 0x00, 0x00, 0x00, 0x00, 0x00, 0x00,
  0x00, 0x00, 0x00, 0x00, 0x00, 0x00, 0x00, 0x00, 0x00, 0x00, 0x00, 0x00, 0x00, 0x00, 0x00, 0x00,
  0x00, 0x00, 0x00, 0x00, 0xE0, 0xFF, 0x01, 0x00, 0x00, 0x00, 0x00, 0x00, 0x00, 0xE0, 0xFF, 0x01,
  0x00, 0x00, 0x00, 0x00, 0x00, 0x00, 0x00, 0x00, 0x00, 0x00, 0x00, 0x00, 0x00, 0x00, 0x00, 0x00,
  0x00, 0x00, 0x00, 0x00, 0x00, 0x00, 0x00, 0x00, 0x00, 0x00, 0x00, 0x00, 0x00, 0x00, 0x00, 0x00,
  0x00, 0x00, 0x00, 0x00, 0x00, 0x00, 0x00, 0x00, 0x00, 0x00, 0x00, 0x00, 0x00, 0x00, 0x00, 0x00,
  0x00, 0x00, 0x00, 0x00, 0x00, 0x00, 0x00, 0x00, 0x00, 0x00, 0x00, 0x00, 0x00, 0x00, 0x00, 0x00,
  0x00, 0x00, 0x00, 0x00, 0x00, 0x00, 0x00, 0x00, 0x00, 0x00, 0x00, 0x00, 0x00, 0x00, 0x00, 0x00,
  0x00, 0x00, 0x00, 0x00, 0x00, 0x00, 0x00, 0x00, 0x00, 0x00, 0x00, 0x00, 0x00, 0x00, 0x00, 0x00,
  0x00, 0x00, 0x00, 0x00, 0x00, 0x00, 0x00, 0x00, 0x00, 0x00, 0x00, 0x00, 0x00, 0x00, 0x00, 0x00,
  0x00, 0x00, 0x00, 0x00, 0x00, 0x00, 0x00, 0x00, 0x00, 0x00, 0x00, 0x00, 0x00, 0x00, 0x00, 0x00,
  0x00, 0x00, 0x00, 0x00, 0x00, 0x00, 0x00, 0x00, 0x00, 0x00, 0x00, 0x00, 0x00, 0x00, 0x00, 0x00,
  0x00, 0x00, 0x00, 0x00, 0x00, 0x00, 0x00, 0x00, 0x00, 0x00, 0x00, 0x00, 0x00, 0x00, 0x00, 0x00,
  0x00, 0x00, 0x00, 0x00, 0x00, 0x00, 0x00, 0x00, 0x00, 0x00, 0x00, 0xEF, 0xFF, 0x02, 0xEF, 0xFF,
  0x02, 0x00, 0x00, 0x00, 0x00, 0x00, 0x00, 0x00, 0x00, 0x00, 0x00, 0x00, 0x00, 0x00, 0x00, 0x00,
  0x00, 0x00, 0x00, 0x00, 0x00, 0x00, 0x00, 0x00, 0x00, 0x00, 0x00, 0x00, 0x00, 0x00, 0x00, 0x00,
  0x00, 0x00, 0x00, 0x00, 0x00, 0x00, 0x00, 0x00, 0x00, 0x00, 0x00, 0x00, 0x00, 0x00, 0x00, 0x00,
  0x00, 0x00, 0x00, 0x00, 0x00, 0x00, 0x00, 0x00, 0x00, 0x00, 0x00, 0x00, 0x00, 0x00, 0x00, 0x00,
  0x00, 0x00, 0x00, 0x00, 0x00, 0x00, 0x00, 0x00, 0x00, 0x00, 0x00, 0x00, 0x00, 0x00, 0x00, 0x00,
  0x00, 0x00, 0x00, 0x00, 0x00, 0x00, 0x00, 0x00, 0x00, 0x00, 0x00, 0x00, 0x00, 0x00, 0x00, 0x00,
  0x00, 0x00, 0x00, 0x00, 0x00, 0x00, 0x00, 0x00, 0x00, 0x00, 0x00, 0x00, 0x00, 0x00, 0x00, 0x00,
  0x00, 0x00, 0x00, 0x00, 0x00, 0x00, 0x00, 0x00, 0x00, 0x00, 0x00, 0x00, 0x00, 0x00, 0x00, 0x00,
  0x00, 0x00, 0x00, 0x00, 0x00, 0x00, 0x00, 0x00, 0x00, 0x00, 0x00, 0x00, 0x00, 0x00, 0x00, 0x00,
  0x00, 0x00, 0x00, 0x00, 0x00, 0x00, 0x00, 0x00, 0x00, 0x00, 0x00, 0x00, 0x00, 0x00, 0x00, 0x00,
  0x00, 0x00, 0x00, 0x00, 0x00, 0x00, 0x00, 0x00, 0x00, 0x00, 0x00, 0x00, 0x00, 0x00, 0x00, 0x00,
  0x00, 0x00, 0x00, 0x00, 0x00, 0x00, 0x00, 0x00, 0x00, 0x00, 0x00, 0x00, 0x00, 0x00, 0x00, 0x00,
  0x00, 0x00, 0x00, 0x00, 0x00, 0x00, 0x00, 0x00, 0x00, 0x00, 0x00, 0x00, 0x00, 0x00, 0x00, 0x00,
  0x00, 0x00, 0x00, 0x00, 0x00, 0x00, 0x00, 0x00, 0x00, 0x00, 0x00, 0x00, 0x00, 0x00, 0x00, 0x00,
  0x00, 0x00, 0x00, 0x00, 0x00, 0x00, 0x00, 0x00, 0x00, 0x00, 0x00, 0x00, 0x00, 0x00, 0x00, 0x00,
  0x00, 0x00, 0x00, 0x00, 0x00, 0x00, 0x00, 0x00, 0x00, 0x00, 0x00, 0x00, 0x00, 0x00, 0x00, 0x00,
  0x00, 0x00, 0x00, 0x00, 0x00, 0x00, 0x00, 0x00, 0x00, 0x00, 0x00, 0x00,
};
const lv_img_dsc_t ic_brightness_medium_high = {
  .header.always_zero = 0,
  .header.w = 60,
  .header.h = 59,
  .data_size = 10620,
  .header.cf = LV_IMG_CF_TRUE_COLOR_ALPHA,
  .data = ic_brightness_medium_high_data,
};

/* ic_brightness_medium_normal.png */
static const uint8_t ic_brightness_medium_normal_data[] = {
  0x00, 0x00, 0x00, 0x00, 0x00, 0x00, 0x00, 0x00, 0x00, 0x00, 0x00, 0x00, 0x00, 0x00, 0x00, 0x00,
  0x00, 0x00, 0x00, 0x00, 0x00, 0x00, 0x00, 0x00, 0x00, 0x00, 0x00, 0x00, 0x00, 0x00, 0x00, 0x00,
  0x00, 0x00, 0x00, 0x00, 0x00, 0x00, 0x00, 0x00, 0x00, 0x00, 0x00, 0x00, 0x00, 0x00, 0x00, 0x00,
  0x00, 0x00, 0x00, 0x00, 0x00, 0x00, 0x00, 0x00, 0x00, 0x00, 0x00, 0x00, 0x00, 0x00, 0x00, 0x00,
  0x00, 0x00, 0x00, 0x00, 0x00, 0x00, 0x00, 0x00, 0x00, 0x00, 0x00, 0x00, 0x00, 0x00, 0x00, 0x00,
  0x00, 0x00, 0x00, 0x00, 0x00, 0x00, 0x00, 0x00, 0x00, 0x00, 0x00, 0x00, 0x00, 0x00, 0x00, 0x00,
  0x00, 0x00, 0x00, 0x00, 0x00, 0x00, 0x00, 0x00, 0x00, 0x00, 0x00, 0x00, 0x00, 0x00, 0x00, 0x00,
  0x00, 0x00, 0x00, 0x00, 0x00, 0x00, 0x00, 0x00, 0x00, 0x00, 0x00, 0x00, 0x00, 0x00, 0x00, 0x00,
  0x00, 0x00, 0x00, 0x00, 0x00, 0x00, 0x00, 0x00, 0x00, 0x00, 0x00, 0x00, 0x00, 0x00, 0x00, 0x00,
  0x00, 0x00, 0x00, 0x00, 0x00, 0x00, 0x00, 0x00, 0x00, 0x00, 0x00, 0x00, 0x00, 0x00, 0x00, 0x00,
  0x00, 0x00, 0x00, 0x00, 0x00, 0x00, 0x00, 0x00, 0x00, 0x00, 0x00, 0x00, 0x00, 0x00, 0x00, 0x00,
  0x00, 0x00, 0x00, 0x00, 0x00, 0x00, 0x00, 0x00, 0x00, 0x00, 0x00, 0x00, 0x00, 0x00, 0x00, 0x00,
  0x00, 0x00, 0x00, 0x00, 0x00, 0x00, 0x00, 0x00, 0x00, 0x00, 0x00, 0x00, 0x00, 0x00, 0x00, 0x00,
  0x00, 0x00, 0x00, 0x00, 0x00, 0x00, 0x00, 0x00, 0x00, 0x00, 0x00, 0x00, 0x00, 0x00, 0x00, 0x00,
  0x00, 0x00, 0x00, 0x00, 0x00, 0x00, 0x00, 0x00, 0x00, 0x00, 0x00, 0x00, 0x00, 0x00, 0x00, 0x00,
  0x00, 0x00, 0x00, 0x00, 0x00, 0x00, 0x00, 0x00, 0x00, 0x00, 0x00, 0x00, 0x00, 0x00, 0x00, 0x00,
  0x00, 0x00, 0x00, 0x00, 0x01, 0x00, 0x00, 0x01, 0x00, 0x00, 0x00, 0x00, 0x00, 0x00, 0x00, 0x00,
  0x00, 0x00, 0x00, 0x00, 0x00, 0x00, 0x00, 0x00, 0x00, 0x00, 0x00, 0x00, 0x00, 0x00, 0x00, 0x00,
  0x00, 0x00, 0x00, 0x00, 0x00, 0x00, 0x00, 0x00, 0x00, 0x00, 0x00, 0x00, 0x00, 0x00, 0x00, 0x00,
  0x00, 0x00, 0x00, 0x00, 0x00, 0x00, 0x00, 0x00, 0x00, 0x00, 0x00, 0x00, 0x00, 0x00, 0x00, 0x00,
  0x00, 0x00, 0x00, 0x00, 0x00, 0x00, 0x00, 0x00, 0x00, 0x00, 0x00, 0x00, 0x00, 0x00, 0x00, 0x00,
  0x00, 0x00, 0x00, 0x00, 0x00, 0x00, 0x00, 0x00, 0x00, 0x00, 0x00, 0x00, 0x00, 0x00, 0x00, 0x00,
  0x00, 0x00, 0x00, 0x00, 0x00, 0x00, 0x00, 0x00, 0x00, 0x00, 0x00, 0x00, 0x00, 0x00, 0x00, 0x00,
  0x00, 0x00, 0x00, 0x00, 0x00, 0x00, 0x00, 0x00, 0x00, 0x00, 0x00, 0x00, 0x00, 0x00, 0x00, 0x00,
  0x00, 0x00, 0x00, 0x00, 0x00, 0x00, 0x00, 0x00, 0x00, 0x00, 0x00, 0x00, 0x00, 0x00, 0x00, 0x00,
  0x00, 0x00, 0x00, 0x00, 0x00, 0x00, 0x00, 0x00, 0x00, 0x00, 0x00, 0x00, 0x00, 0x00, 0x00, 0x00,
  0x00, 0x00, 0x00, 0x00, 0x00, 0x00, 0x00, 0x00, 0x00, 0x00, 0x00, 0x00, 0x00, 0x00, 0x00, 0x01,
  0x00, 0x00, 0x00, 0x00, 0x00, 0x00, 0x00, 0x00, 0x01, 0x00, 0x00, 0x00, 0x00, 0x00, 0x00, 0x00,
  0x00, 0x00, 0x00, 0x00, 0x00, 0x00, 0x00, 0x00, 0x00, 0x00, 0x00, 0x00, 0x00, 0x00, 0x00, 0x00,
  0x00, 0x00, 0x00, 0x00, 0x00, 0x00, 0x00, 0x00, 0x00, 0x00, 0x00, 0x00, 0x00, 0x00, 0x00, 0x00,
  0x00, 0x00, 0x00, 0x00, 0x00, 0x00, 0x00, 0x00, 0x00, 0x00, 0x00, 0x00, 0x00, 0x00, 0x00, 0x00,
  0x00, 0x00, 0x00, 0x00, 0x00, 0x00, 0x00, 0x00, 0x00, 0x00, 0x00, 0x00, 0x00, 0x00, 0x00, 0x00,
  0x00, 0x00, 0x00, 0x00, 0x00, 0x00, 0x00, 0x00, 0x00, 0x00, 0x00, 0x00, 0x00, 0x00, 0x00, 0x00,
  0x00, 0x00, 0x00, 0x00, 0x00, 0x00, 0x00, 0x00, 0x00, 0x00, 0x00, 0x00, 0x00, 0x00, 0x00, 0x00,
  0x00, 0x00, 0x00, 0x00, 0x00, 0x00, 0x00, 0x00, 0x00, 0x00, 0x00, 0x00, 0x00, 0x00, 0x00, 0x00,
  0x00, 0x00, 0x00, 0x00, 0x00, 0x00, 0x00, 0x00, 0x00, 0x00, 0x00, 0x00, 0x00, 0x00, 0x00, 0x00,
  0x00, 0x00, 0x00, 0x00, 0x00, 0x00, 0x00, 0x00, 0x00, 0x00, 0x00, 0x00, 0x00, 0x00, 0x00, 0x00,
  0x00, 0x00, 0x00, 0x00, 0x00, 0x00, 0x00, 0x00, 0x00, 0x00, 0x00, 0x00, 0x00, 0x00, 0x00, 0x00,
  0x00, 0x00, 0x00, 0x00, 0x00, 0x00, 0x00, 0x00, 0x00, 0x00, 0x00, 0x00, 0x00, 0x00, 0x00, 0x00,
  0x00, 0x00, 0x00, 0x00, 0x00, 0x00, 0x00, 0x00, 0x00, 0x00, 0x00, 0x00, 0x00, 0x00, 0x00, 0x00,
  0x00, 0x00, 0x00, 0x00, 0x00, 0x00, 0x00, 0x00, 0x00, 0x00, 0x00, 0x00, 0x00, 0x00, 0x00, 0x00,
  0x00, 0x00, 0x00, 0x00, 0x00, 0x00, 0x00, 0x00, 0x00, 0x00, 0x00, 0x00, 0x00, 0x00, 0x00, 0x00,
  0x00, 0x00, 0x00, 0x00, 0x00, 0x00, 0x00, 0x00, 0x00, 0x00, 0x00, 0x00, 0x00, 0x00, 0x00, 0x00,
  0x00, 0x00, 0x00, 0x00, 0x00, 0x00, 0x00, 0x00, 0x00, 0x00, 0x00, 0x00, 0x00, 0x00, 0x00, 0x00,
  0x00, 0x00, 0x00, 0x00, 0x00, 0x00, 0x00, 0x00, 0x00, 0x00, 0x00, 0x00, 0x00, 0x00, 0x00, 0x00,
  0x00, 0x00, 0x00, 0x00, 0x00, 0x00, 0x00, 0x00, 0x00, 0x00, 0x00, 0x00, 0x00, 0x00, 0x00, 0x00,
  0x00, 0x00, 0x00, 0x00, 0x00, 0x00, 0x00, 0x00, 0x00, 0x00, 0x00, 0x00, 0x00, 0x00, 0x00, 0x00,
  0x00, 0x00, 0x00, 0x00, 0x00, 0x00, 0x00, 0x00, 0x00, 0x00, 0x00, 0x00, 0x00, 0x00, 0x00, 0x00,
  0x00, 0x00, 0x00, 0xFF, 0xFF, 0x01, 0x00, 0x00, 0x00, 0xCF, 0x7B, 0x13, 0x10, 0x84, 0xBF, 0x10,
  0x84, 0xB1, 0x51, 0x8C, 0x0D, 0x00, 0x00, 0x01, 0xFF, 0xFF, 0x01, 0x00, 0x00, 0x00, 0x00, 0x00,
  0x00, 0x00, 0x00, 0x00, 0x00, 0x00, 0x00, 0x00, 0x00, 0x00, 0x00, 0x00, 0x00, 0x00, 0x00, 0x00,
  0x00, 0x00, 0x00, 0x00, 0x00, 0x00, 0x00, 0x00, 0x00, 0x00, 0x00, 0x00, 0x00, 0x00, 0x00, 0x00,
  0x00, 0x00, 0x00, 0x00, 0x00, 0x00, 0x00, 0x00, 0x00, 0x00, 0x00, 0x00, 0x00, 0x00, 0x00, 0x00,
  0x00, 0x00, 0x00, 0x00, 0x00, 0x00, 0x00, 0x00, 0x00, 0x00, 0x00, 0x00, 0x00, 0x00, 0x00, 0x00,
  0x00, 0x00, 0x00, 0x00, 0x00, 0x00, 0x00, 0x00, 0x00, 0x00, 0x00, 0x00, 0x00, 0x00, 0x00, 0x00,
  0x00, 0x00, 0x00, 0x00, 0x00, 0x00, 0x00, 0x00, 0x00, 0x00, 0x00, 0x00, 0x00, 0x00, 0x00, 0x00,
  0x00, 0x00, 0x00, 0x00, 0x00, 0x00, 0x00, 0x00, 0x00, 0x00, 0x00, 0x00, 0x00, 0x00, 0x00, 0x00,
  0x00, 0x00, 0x00, 0x00, 0x00, 0x00, 0x00, 0x00, 0x00, 0x00, 0x00, 0x00, 0x00, 0x00, 0x00, 0x00,
  0x00, 0x00, 0x00, 0x00, 0x00, 0x00, 0x00, 0x00, 0x00, 0x00, 0x00, 0x00, 0x00, 0x00, 0x00, 0x00,
  0x00, 0x55, 0xAD, 0x03, 0x00, 0x00, 0x00, 0x10, 0x84, 0x4D, 0x51, 0x8C, 0xFF, 0x30, 0x84, 0xFF,
  0x10, 0x84, 0x35, 0x00, 0x00, 0x00, 0xEF, 0x7B, 0x02, 0x00, 0x00, 0x00, 0x00, 0x00, 0x00, 0x00,
  0x00, 0x00, 0x00, 0x00, 0x00, 0x00, 0x00, 0x00, 0x00, 0x00, 0x00, 0x00, 0x00, 0x00, 0x00, 0x00,
  0x00, 0x00, 0x00, 0x00, 0x00, 0x00, 0x00, 0x00, 0x00, 0x00, 0x00, 0x00, 0x00, 0x00, 0x00, 0x00,
  0x00, 0x00, 0x00, 0x00, 0x00, 0x00, 0x00, 0x00, 0x00, 0x00, 0x00, 0x00, 0x00, 0x00, 0x00, 0x00,
  0x00, 0x00, 0x00, 0x00, 0x00, 0x00, 0x00, 0x00, 0x00, 0x00, 0x00, 0x00, 0x00, 0x00, 0x00, 0x00,
  0x00, 0x00, 0x00, 0x00, 0x00, 0x00, 0x00, 0x00, 0x00, 0x00, 0x00, 0x00, 0x00, 0x00, 0x00, 0x00,
  0x00, 0x00, 0x00, 0x00, 0x00, 0x00, 0x00, 0x00, 0x00, 0x00, 0x00, 0x00, 0x00, 0x00, 0x00, 0x00,
  0x00, 0x00, 0x00, 0x00, 0x00, 0x00, 0x00, 0x00, 0x00, 0x00, 0x00, 0x00, 0x00, 0x00, 0x00, 0x00,
  0x00, 0x00, 0x00, 0x00, 0x00, 0x00, 0x00, 0x00, 0x00, 0x00, 0x00, 0x00, 0x00, 0x00, 0x00, 0x00,
  0x00, 0x00, 0x00, 0x00, 0x00, 0x00, 0x00, 0x00, 0x00, 0x00, 0x00, 0x00, 0x00, 0x00, 0x00, 0x55,
  0xAD, 0x03, 0x00, 0x00, 0x00, 0x10, 0x84, 0x4F, 0x30, 0x84, 0xFA, 0x10, 0x84, 0xF6, 0x30, 0x84,
  0x34, 0x00, 0x00, 0x00, 0xEF, 0x7B, 0x02, 0x00, 0x00, 0x00, 0x00, 0x00, 0x00, 0x00, 0x00, 0x00,
  0x00, 0x00, 0x00, 0x00, 0x00, 0x00, 0x00, 0x00, 0x00, 0x00, 0x00, 0x00, 0x00, 0x00, 0x00, 0x00,
  0x00, 0x00, 0x00, 0x00, 0x00, 0x00, 0x00, 0x00, 0x00, 0x00, 0x00, 0x00, 0x00, 0x00, 0x00, 0x00,
  0x00, 0x00, 0x00, 0x00, 0x00, 0x00, 0x00, 0x00, 0x00, 0x00, 0x00, 0x00, 0x00, 0x00, 0x00, 0x00,
  0x00, 0x00, 0x00, 0x00, 0x00, 0x00, 0x00, 0x00, 0x00, 0x00, 0x00, 0x00, 0x00, 0x00, 0x00, 0x00,
  0x00, 0x00, 0x00, 0x00, 0x00, 0x00, 0x00, 0x00, 0x00, 0x00, 0x00, 0x00, 0x00, 0x00, 0x00, 0x00,
  0x00, 0x00, 0x00, 0x00, 0x00, 0x00, 0x00, 0x00, 0x00, 0x00, 0x00, 0x00, 0x00, 0x00, 0x00, 0x00,
  0x00, 0x00, 0x00, 0x00, 0x00, 0x00, 0x00, 0x00, 0x00, 0x00, 0x00, 0x00, 0x00, 0x00, 0x00, 0x00,
  0x00, 0x00, 0x00, 0x00, 0x00, 0x00, 0x00, 0x00, 0x00, 0x00, 0x00, 0x00, 0x00, 0x00, 0x00, 0x00,
  0x00, 0x00, 0x00, 0x00, 0x00, 0x00, 0x00, 0x00, 0x00, 0x00, 0x00, 0x00, 0x00, 0x55, 0xAD, 0x03,
  0x00, 0x00, 0x00, 0xEF, 0x7B, 0x50, 0x51, 0x8C, 0xFF, 0x30, 0x84, 0xFF, 0x10, 0x84, 0x35, 0x00,
  0x00, 0x00, 0xEF, 0x7B, 0x02, 0x00, 0x00, 0x00, 0x00, 0x00, 0x00, 0x00, 0x00, 0x00, 0x00, 0x00,
  0x00, 0x00, 0x00, 0x00, 0x00, 0x00, 0x00, 0x00, 0x00, 0x00, 0x00, 0x00, 0x00, 0x00, 0x00, 0x00,
  0x00, 0x00, 0x00, 0x00, 0x00, 0x00, 0x00, 0x00, 0x00, 0x00, 0x00, 0x00, 0x00, 0x00, 0x00, 0x00,
  0x00, 0x00, 0x00, 0x00, 0x00, 0x00, 0x00, 0x00, 0x00, 0x00, 0x00, 0x00, 0x00, 0x00, 0x00, 0x00,
  0x00, 0x00, 0x00, 0x00, 0x00, 0x00, 0x00, 0x00, 0x00, 0x00, 0x00, 0x00, 0x00, 0x00, 0x00, 0x00,
  0x00, 0x00, 0x00, 0x00, 0x00, 0x00, 0x00, 0x00, 0x00, 0x00, 0x00, 0x00, 0x00, 0x00, 0x00, 0x00,
  0x00, 0x00, 0x00, 0x00, 0x00, 0x00, 0x00, 0x00, 0x00, 0x00, 0x00, 0x00, 0x00, 0x00, 0x00, 0x00,
  0x00, 0x00, 0x00, 0x00, 0x00, 0x00, 0x00, 0x00, 0x00, 0x00, 0x00, 0x00, 0x00, 0x00, 0x00, 0x00,
  0x00, 0x00, 0x00, 0x00, 0x00, 0x00, 0x00, 0x00, 0x00, 0x00, 0x00, 0x00, 0x00, 0x00, 0x00, 0x00,
  0x00, 0x00, 0x00, 0x00, 0x00, 0x00, 0x00, 0x00, 0x00, 0x00, 0x00, 0x00, 0x00, 0x02, 0x00, 0x00,
  0x00, 0x30, 0x84, 0x19, 0x10, 0x84, 0xCF, 0x10, 0x84, 0xBF, 0x51, 0x8C, 0x0D, 0x00, 0x00, 0x00,
  0x00, 0x00, 0x01, 0x00, 0x00, 0x00, 0x00, 0x00, 0x00, 0x00, 0x00, 0x00, 0x00, 0x00, 0x00, 0x00,
  0x00, 0x00, 0x00, 0x00, 0x00, 0x00, 0x00, 0x00, 0x00, 0x00, 0x00, 0x00, 0x00, 0x00, 0x00, 0x00,
  0x00, 0x00, 0x00, 0x00, 0x00, 0x00, 0x00, 0x00, 0x00, 0x00, 0x00, 0x00, 0x00, 0x00, 0x00, 0x00,
  0x00, 0x00, 0x00, 0x00, 0x00, 0x00, 0x00, 0x00, 0x00, 0x00, 0x00, 0x00, 0x00, 0x00, 0x00, 0x00,
  0x00, 0x00, 0x00, 0x00, 0x00, 0x00, 0x00, 0x00, 0x00, 0x00, 0x00, 0x00, 0x00, 0x00, 0x00, 0x00,
  0x00, 0x00, 0x00, 0x00, 0x00, 0x00, 0x00, 0x00, 0x00, 0x00, 0x00, 0x00, 0x00, 0x00, 0x00, 0x00,
  0x00, 0x00, 0x00, 0x00, 0x00, 0x00, 0x00, 0x00, 0x00, 0x00, 0x00, 0x00, 0x00, 0x00, 0x00, 0xEF,
  0x7B, 0x02, 0xEF, 0x7B, 0x02, 0x00, 0x00, 0x00, 0x00, 0x00, 0x00, 0x00, 0x00, 0x00, 0x00, 0x00,
  0x00, 0x00, 0x00, 0x00, 0x00, 0x00, 0x00, 0x00, 0x00, 0x00, 0x00, 0x00, 0x00, 0x00, 0x00, 0x00,
  0x00, 0x00, 0x00, 0x00, 0x00, 0x00, 0x00, 0x00, 0x00, 0x00, 0x00, 0x00, 0x00, 0x00, 0x00, 0x00,
  0x00, 0x00, 0xEF, 0x7B, 0x02, 0x00, 0x00, 0x00, 0x00, 0x00, 0x00, 0x00, 0x00, 0x00, 0x00, 0x00,
  0x00, 0x00, 0x00, 0x00, 0x00, 0x00, 0x00, 0x00, 0x00, 0x00, 0x00, 0x00, 0x00, 0x00, 0x00, 0x00,
  0x00, 0x00, 0x00, 0x00, 0x00, 0x00, 0x00, 0x00, 0x00, 0x00, 0x00, 0x00, 0x00, 0x00, 0x00, 0x00,
  0x00, 0x00, 0x00, 0x00, 0x01, 0xEF, 0x7B, 0x02, 0xEF, 0x7B, 0x02, 0x00, 0x00, 0x01, 0x00, 0x00,
  0x00, 0x00, 0x00, 0x00, 0x00, 0x00, 0x00, 0x00, 0x00, 0x00, 0x00, 0x00, 0x00, 0x00, 0x00, 0x00,
  0x00, 0x00, 0x00, 0x00, 0x00, 0x00, 0x00, 0x00, 0x00, 0x00, 0x00, 0x00, 0x00, 0x00, 0x00, 0x00,
  0x00, 0x00, 0x00, 0x00, 0x00, 0x00, 0x00, 0x00, 0x00, 0x00, 0x00, 0x00, 0x00, 0x00, 0x00, 0x00,
  0x00, 0x00, 0x00, 0x00, 0x00, 0x00, 0x00, 0x00, 0x00, 0x00, 0x00, 0x00, 0x00, 0x00, 0x00, 0x00,
  0x00, 0x00, 0x00, 0xEF, 0x7B, 0x02, 0x00, 0x00, 0x00, 0x00, 0x00, 0x00, 0x00, 0x00, 0x00, 0x00,
  0x00, 0x00, 0x00, 0x00, 0x00, 0x00, 0x00, 0x00, 0x00, 0x00, 0x00, 0x00, 0x00, 0x00, 0x00, 0x00,
  0x00, 0x00, 0x00, 0x00, 0x00, 0x00, 0x00, 0x00, 0x00, 0x00, 0x00, 0x00, 0x00, 0x00, 0x00, 0x01,
  0x00, 0x00, 0x00, 0x00, 0x00, 0x00, 0x00, 0x00, 0x01, 0x00, 0x00, 0x00, 0x00, 0x00, 0x00, 0x00,
  0x00, 0x00, 0x00, 0x00, 0x00, 0x00, 0x00, 0x00, 0x00, 0x00, 0x00, 0x00, 0x00, 0x00, 0x00, 0x00,
  0x00, 0x00, 0x00, 0x00, 0x00, 0x00, 0x00, 0x00, 0x00, 0x00, 0x00, 0x00, 0x00, 0x00, 0x00, 0x01,
  0x00, 0x00, 0x00, 0x00, 0x00, 0x00, 0x00, 0x00, 0x00, 0x00, 0x00, 0x00, 0x00, 0x00, 0x00, 0x00,
  0x00, 0x00, 0x00, 0x00, 0x00, 0x00, 0x00, 0x00, 0x00, 0x00, 0x00, 0x00, 0x00, 0x00, 0x00, 0x00,
  0x00, 0x00, 0x00, 0x00, 0x00, 0x00, 0x00, 0x00, 0x00, 0x00, 0x00, 0x00, 0x00, 0x00, 0x00, 0x00,
  0x00, 0x00, 0x00, 0x00, 0x00, 0x00, 0x00, 0x00, 0x00, 0x00, 0x00, 0x00, 0x00, 0x00, 0x00, 0x00,
  0x00, 0x00, 0x00, 0x00, 0x00, 0x00, 0x00, 0x00, 0x00, 0x00, 0x00, 0x10, 0x84, 0x46, 0xCF, 0x7B,
  0x30, 0x00, 0x00, 0x00, 0xEF, 0x7B, 0x02, 0x00, 0x00, 0x00, 0x00, 0x00, 0x00, 0x00, 0x00, 0x00,
  0x00, 0x00, 0x00, 0x00, 0x00, 0x00, 0x00, 0x00, 0x00, 0x00, 0x00, 0x00, 0x00, 0x00, 0x00, 0x00,
  0x00, 0x00, 0x00, 0x00, 0x00, 0x00, 0x00, 0x00, 0x00, 0x00, 0x00, 0x00, 0x00, 0x00, 0x00, 0x00,
  0x01, 0x00, 0x00, 0x00, 0x00, 0x00, 0x00, 0x00, 0x00, 0x00, 0x00, 0x00, 0x00, 0x00, 0x00, 0x00,
  0x00, 0x00, 0x00, 0x00, 0x00, 0x00, 0x00, 0x00, 0x00, 0x00, 0x00, 0x00, 0x00, 0x00, 0x00, 0x00,
  0x00, 0x00, 0x00, 0x00, 0x00, 0x00, 0x00, 0x00, 0xFF, 0xFF, 0x01, 0x00, 0x00, 0x00, 0xEF, 0x7B,
  0x08, 0x10, 0x84, 0xA6, 0x10, 0x84, 0xAD, 0xCF, 0x7B, 0x11, 0x00, 0x00, 0x00, 0xFF, 0xFF, 0x01,
  0x00, 0x00, 0x00, 0x00, 0x00, 0x00, 0x00, 0x00, 0x00, 0x00, 0x00, 0x00, 0x00, 0x00, 0x00, 0x00,
  0x00, 0x00, 0x00, 0x00, 0x00, 0x00, 0x00, 0x00, 0x00, 0x00, 0x00, 0x00, 0x00, 0x00, 0x00, 0x00,
  0x00, 0x00, 0x00, 0x00, 0x00, 0x00, 0x00, 0x00, 0x00, 0x00, 0x00, 0x00, 0x00, 0x00, 0x00, 0x00,
  0x00, 0x00, 0x01, 0x00, 0x00, 0x01, 0x55, 0xAD, 0x03, 0x10, 0x84, 0xDA, 0x30, 0x84, 0xF8, 0xEF,
  0x7B, 0x3B, 0x00, 0x00, 0x00, 0xEF, 0x7B, 0x02, 0x00, 0x00, 0x00, 0x00, 0x00, 0x00, 0x00, 0x00,
  0x00, 0x00, 0x00, 0x00, 0x00, 0x00, 0x00, 0x00, 0x00, 0x00, 0x00, 0x00, 0x00, 0x00, 0x00, 0x00,
  0x00, 0x00, 0x00, 0x00, 0x00, 0x00, 0x00, 0x00, 0x01, 0xFF, 0xFF, 0x01, 0xEF, 0x7B, 0x02, 0xEF,
  0x7B, 0x02, 0xFF, 0xFF, 0x01, 0x00, 0x00, 0x00, 0x00, 0x00, 0x00, 0x00, 0x00, 0x00, 0x00, 0x00,
  0x00, 0x00, 0x00, 0x00, 0x00, 0x00, 0x00, 0x00, 0x00, 0x00, 0x00, 0x00, 0x00, 0x00, 0x00, 0x00,
  0x00, 0x00, 0x00, 0x00, 0x00, 0x01, 0x00, 0x00, 0x00, 0xEF, 0x7B, 0x0A, 0x10, 0x84, 0xB8, 0x51,
  0x8C, 0xFF, 0x71, 0x8C, 0xFF, 0xEF, 0x7B, 0x36, 0x00, 0x00, 0x00, 0xAA, 0x52, 0x03, 0x00, 0x00,
  0x00, 0x00, 0x00, 0x00, 0x00, 0x00, 0x00, 0x00, 0x00, 0x00, 0x00, 0x00, 0x00, 0x00, 0x00, 0x00,
  0x00, 0x00, 0x00, 0x00, 0x00, 0x00, 0x00, 0x00, 0x00, 0x00, 0x00, 0x00, 0x00, 0x00, 0x00, 0x00,
  0x00, 0x00, 0x00, 0x00, 0x00, 0x00, 0x00, 0x00, 0x00, 0x00, 0x00, 0x00, 0x00, 0x00, 0x00, 0x00,
  0x00, 0xEF, 0x7B, 0x02, 0x00, 0x00, 0x01, 0x10, 0x84, 0x3D, 0x30, 0x84, 0xF2, 0x30, 0x84, 0xFD,
  0x10, 0x84, 0x33, 0x00, 0x00, 0x01, 0xEF, 0x7B, 0x02, 0x00, 0x00, 0x00, 0x00, 0x00, 0x00, 0x00,
  0x00, 0x00, 0x00, 0x00, 0x00, 0x00, 0x00, 0x00, 0x00, 0x00, 0x00, 0xFF, 0xFF, 0x01, 0x55, 0xAD,
  0x03, 0xAA, 0x52, 0x03, 0x00, 0x00, 0x00, 0x00, 0x00, 0x00, 0x00, 0x00, 0x00, 0x00, 0x00, 0x00,
  0x00, 0x00, 0x00, 0x00, 0x00, 0x00, 0x55, 0xAD, 0x03, 0x55, 0xAD, 0x03, 0xFF, 0xFF, 0x01, 0x00,
  0x00, 0x00, 0x00, 0x00, 0x00, 0x00, 0x00, 0x00, 0x00, 0x00, 0x00, 0x00, 0x00, 0x00, 0x00, 0x00,
  0x00, 0xFF, 0xFF, 0x01, 0xEF, 0x7B, 0x02, 0x10, 0x84, 0xAE, 0x51, 0x8C, 0xFF, 0x30, 0x84, 0xFF,
  0x10, 0x84, 0x9A, 0xEF, 0x7B, 0x06, 0xEF, 0x7B, 0x02, 0x00, 0x00, 0x01, 0x00, 0x00, 0x00, 0x00,
  0x00, 0x00, 0x00, 0x00, 0x00, 0x00, 0x00, 0x00, 0x00, 0x00, 0x00, 0x00, 0x00, 0x00, 0x00, 0x00,
  0x00, 0x00, 0x00, 0x00, 0x00, 0x00, 0x00, 0x00, 0x00, 0x00, 0x00, 0x00, 0x00, 0x00, 0x00, 0x00,
  0x00, 0x00, 0x00, 0x00, 0x00, 0x00, 0x00, 0x00, 0x00, 0x00, 0x00, 0x00, 0x00, 0x00, 0x00, 0x00,
  0x00, 0x00, 0xEF, 0x7B, 0x02, 0x00, 0x00, 0x00, 0xCF, 0x7B, 0x3C, 0x51, 0x8C, 0xCD, 0x10, 0x84,
  0x44, 0x00, 0x00, 0x00, 0xEF, 0x7B, 0x02, 0x00, 0x00, 0x00, 0x00, 0x00, 0x00, 0x00, 0x00, 0x00,
  0x00, 0x00, 0x00, 0xFF, 0xFF, 0x01, 0x55, 0xAD, 0x03, 0x00, 0x00, 0x00, 0x00, 0x00, 0x00, 0x00,
  0x00, 0x00, 0x00, 0x00, 0x00, 0x30, 0x84, 0x15, 0x10, 0x84, 0x21, 0x10, 0x84, 0x1F, 0xEF, 0x7B,
  0x14, 0x00, 0x00, 0x00, 0x00, 0x00, 0x00, 0x00, 0x00, 0x00, 0x00, 0x00, 0x00, 0x55, 0xAD, 0x03,
  0x00, 0x00, 0x01, 0x00, 0x00, 0x00, 0x00, 0x00, 0x00, 0x00, 0x00, 0x00, 0x00, 0x00, 0x01, 0xFF,
  0xFF, 0x01, 0xD3, 0x9C, 0x05, 0x10, 0x84, 0xCB, 0x71, 0x8C, 0xFF, 0x10, 0x84, 0x9C, 0xEF, 0x7B,
  0x02, 0x00, 0x00, 0x01, 0x00, 0x00, 0x01, 0x00, 0x00, 0x00, 0x00, 0x00, 0x00, 0x00, 0x00, 0x00,
  0x00, 0x00, 0x00, 0x00, 0x00, 0x00, 0x00, 0x00, 0x00, 0x00, 0x00, 0x00, 0x00, 0x00, 0x00, 0x00,
  0x00, 0x00, 0x00, 0x00, 0x00, 0x00, 0x00, 0x00, 0x00, 0x00, 0x00, 0x00, 0x00, 0x00, 0x00, 0x00,
  0x00, 0x00, 0x00, 0x00, 0x00, 0x00, 0x00, 0x00, 0x00, 0x00, 0x00, 0x00, 0x00, 0x00, 0x00, 0x00,
  0x00, 0x00, 0x00, 0xEF, 0x7B, 0x02, 0x00, 0x00, 0x00, 0x00, 0x00, 0x00, 0x00, 0x00, 0x00, 0x00,
  0x00, 0x00, 0x00, 0x00, 0x00, 0x00, 0x00, 0x00, 0x00, 0x00, 0x00, 0x00, 0x00, 0x00, 0xAA, 0x52,
  0x03, 0x00, 0x00, 0x00, 0x00, 0x00, 0x00, 0xEF, 0x7B, 0x16, 0x10, 0x84, 0x59, 0x10, 0x84, 0x9E,
  0x10, 0x84, 0xCA, 0x10, 0x84, 0xE0, 0x10, 0x84, 0xEC, 0x10, 0x84, 0xEA, 0x10, 0x84, 0xDF, 0x10,
  0x84, 0xC8, 0x10, 0x84, 0x9B, 0x10, 0x84, 0x50, 0x30, 0x84, 0x11, 0x00, 0x00, 0x00, 0x00, 0x00,
  0x00, 0xAA, 0x52, 0x03, 0x00, 0x00, 0x00, 0x00, 0x00, 0x00, 0x00, 0x00, 0x00, 0xFF, 0xFF, 0x01,
  0x00, 0x00, 0x00, 0xEF, 0x7B, 0x1C, 0x10, 0x84, 0x48, 0x00, 0x00, 0x00, 0x00, 0x00, 0x00, 0x00,
  0x00, 0x01, 0x00, 0x00, 0x00, 0x00, 0x00, 0x00, 0x00, 0x00, 0x00, 0x00, 0x00, 0x00, 0x00, 0x00,
  0x00, 0x00, 0x00, 0x00, 0x00, 0x00, 0x00, 0x00, 0x00, 0x00, 0x00, 0x00, 0x00, 0x00, 0x00, 0x00,
  0x00, 0x00, 0x00, 0x00, 0x00, 0x00, 0x00, 0x00, 0x00, 0x00, 0x00, 0x00, 0x00, 0x00, 0x00, 0x00,
  0x00, 0x00, 0x00, 0x00, 0x00, 0x00, 0x00, 0x00, 0x00, 0x00, 0x00, 0x00, 0x00, 0x00, 0x00, 0x00,
  0x00, 0x00, 0x00, 0x00, 0xEF, 0x7B, 0x02, 0xFF, 0xFF, 0x01, 0x00, 0x00, 0x01, 0x00, 0x00, 0x00,
  0x00, 0x00, 0x00, 0x00, 0x00, 0x00, 0x00, 0x00, 0x01, 0xEF, 0x7B, 0x02, 0x00, 0x00, 0x00, 0xEF,
  0x7B, 0x18, 0x10, 0x84, 0x88, 0x10, 0x84, 0xE1, 0x51, 0x8C, 0xFF, 0x71, 0x8C, 0xFF, 0x71, 0x8C,
  0xFF, 0x51, 0x8C, 0xFF, 0x51, 0x8C, 0xFF, 0x51, 0x8C, 0xFF, 0x71, 0x8C, 0xFF, 0x71, 0x8C, 0xFF,
  0x71, 0x8C, 0xFF, 0x30, 0x84, 0xFF, 0x10, 0x84, 0xDD, 0x10, 0x84, 0x82, 0xAE, 0x73, 0x0F, 0x00,
  0x00, 0x00, 0xAA, 0x52, 0x03, 0x00, 0x00, 0x00, 0x00, 0x00, 0x00, 0x00, 0x00, 0x00, 0x00, 0x00,
  0x00, 0x00, 0x00, 0x00, 0x00, 0x00, 0x00, 0x00, 0x00, 0x00, 0x00, 0x00, 0x01, 0x00, 0x00, 0x00,
  0x00, 0x00, 0x00, 0x00, 0x00, 0x00, 0x00, 0x00, 0x00, 0x00, 0x00, 0x00, 0x00, 0x00, 0x00, 0x00,
  0x00, 0x00, 0x00, 0x00, 0x00, 0x00, 0x00, 0x00, 0x00, 0x00, 0x00, 0x00, 0x00, 0x00, 0x00, 0x00,
  0x00, 0x00, 0x00, 0x00, 0x00, 0x00, 0x00, 0x00, 0x00, 0x00, 0x00, 0x00, 0x00, 0x00, 0x00, 0x00,
  0x00, 0x00, 0x00, 0x00, 0x00, 0x00, 0x00, 0x00, 0x00, 0x00, 0x00, 0x00, 0x00, 0x00, 0x00, 0x00,
  0x00, 0x00, 0x00, 0x00, 0x00, 0x00, 0x00, 0x00, 0x00, 0x00, 0x00, 0x00, 0x00, 0x00, 0x00, 0x00,
  0x00, 0x00, 0x00, 0x01, 0x00, 0x00, 0x01, 0x00, 0x00, 0x00, 0x10, 0x84, 0x58, 0x10, 0x84, 0xE1,
  0x51, 0x8C, 0xFF, 0x51, 0x8C, 0xFF, 0x30, 0x84, 0xFF, 0x10, 0x84, 0xD7, 0x10, 0x84, 0xA8, 0x10,
  0x84, 0x7C, 0x10, 0x84, 0x66, 0x10, 0x84, 0x6B, 0x10, 0x84, 0x83, 0x10, 0x84, 0xA9, 0x10, 0x84,
  0xDB, 0x30, 0x84, 0xFF, 0x51, 0x8C, 0xFF, 0x30, 0x84, 0xFF, 0x10, 0x84, 0xD8, 0x10, 0x84, 0x4D,
  0x00, 0x00, 0x00, 0xAA, 0x52, 0x03, 0x00, 0x00, 0x00, 0x00, 0x00, 0x00, 0x00, 0x00, 0x00, 0xEF,
  0x7B, 0x02, 0x55, 0xAD, 0x03, 0x00, 0x00, 0x01, 0x00, 0x00, 0x00, 0x00, 0x00, 0x00, 0x00, 0x00,
  0x00, 0x00, 0x00, 0x00, 0x00, 0x00, 0x00, 0x00, 0x00, 0x00, 0x00, 0x00, 0x00, 0x00, 0x00, 0x00,
  0x00, 0x00, 0x00, 0x00, 0x00, 0x00, 0x00, 0x00, 0x00, 0x00, 0x00, 0x00, 0x00, 0x00, 0x00, 0x00,
  0x00, 0x00, 0x00, 0x00, 0x00, 0x00, 0x00, 0x00, 0x00, 0x00, 0x00, 0x00, 0x00, 0x00, 0x00, 0x00,
  0x00, 0x00, 0x00, 0x00, 0x00, 0x00, 0x00, 0x00, 0x00, 0x00, 0x00, 0x00, 0x00, 0x00, 0x00, 0x00,
  0x00, 0x00, 0x00, 0x00, 0x00, 0x00, 0x00, 0x00, 0x00, 0x00, 0x00, 0x00, 0x00, 0x00, 0x01, 0xEF,
  0x7B, 0x02, 0x00, 0x00, 0x00, 0x10, 0x84, 0x8A, 0x30, 0x84, 0xFF, 0x51, 0x8C, 0xFF, 0x10, 0x84,
  0xFF, 0x10, 0x84, 0xB4, 0x10, 0x84, 0x48, 0xAE, 0x73, 0x0F, 0x00, 0x00, 0x00, 0x00, 0x00, 0x00,
  0x00, 0x00, 0x00, 0x00, 0x00, 0x00, 0x00, 0x00, 0x00, 0x00, 0x00, 0x00, 0xEF, 0x7B, 0x12, 0x10,
  0x84, 0x51, 0x10, 0x84, 0xC3, 0x30, 0x84, 0xFF, 0x51, 0x8C, 0xFF, 0x30, 0x84, 0xFE, 0x10, 0x84,
  0x6E, 0x00, 0x00, 0x00, 0xEF, 0x7B, 0x04, 0x00, 0x00, 0x00, 0x00, 0x00, 0x00, 0x00, 0x00, 0x00,
  0x00, 0x00, 0x00, 0x00, 0x00, 0x00, 0x00, 0x00, 0x00, 0x00, 0x00, 0x00, 0x00, 0x00, 0x00, 0x00,
  0x00, 0x00, 0x00, 0x00, 0x00, 0x00, 0x00, 0x00, 0x00, 0x00, 0x00, 0x00, 0x00, 0x00, 0x00, 0x00,
  0x00, 0x00, 0x00, 0x00, 0x00, 0x00, 0x00, 0x00, 0x00, 0x00, 0x00, 0x00, 0x00, 0x00, 0x00, 0x00,
  0x00, 0x00, 0x00, 0x00, 0x00, 0x00, 0x00, 0x00, 0x00, 0x00, 0x00, 0x00, 0x00, 0x00, 0x00, 0x00,
  0x00, 0x00, 0x00, 0x00, 0x00, 0x00, 0x00, 0x00, 0x00, 0x00, 0x00, 0x00, 0x00, 0x00, 0x00, 0x00,
  0x00, 0x00, 0x00, 0x00, 0x00, 0x00, 0x00, 0x00, 0x00, 0x00, 0xAA, 0x52, 0x03, 0x00, 0x00, 0x00,
  0x10, 0x84, 0x98, 0x51, 0x8C, 0xFF, 0x30, 0x84, 0xFF, 0x10, 0x84, 0xE0, 0x10, 0x84, 0x53, 0x00,
  0x00, 0x00, 0x00, 0x00, 0x00, 0x00, 0x00, 0x00, 0x55, 0xAD, 0x03, 0x55, 0xAD, 0x03, 0x55, 0xAD,
  0x03, 0x55, 0xAD, 0x03, 0x55, 0xAD, 0x03, 0x55, 0xAD, 0x03, 0x00, 0x00, 0x00, 0x00, 0x00, 0x00,
  0x00, 0x00, 0x01, 0x10, 0x84, 0x5C, 0x10, 0x84, 0xE5, 0x30, 0x84, 0xFF, 0x30, 0x84, 0xFF, 0x10,
  0x84, 0x75, 0x00, 0x00, 0x00, 0x55, 0xAD, 0x03, 0x00, 0x00, 0x00, 0x00, 0x00, 0x00, 0x00, 0x00,
  0x00, 0x00, 0x00, 0x00, 0x00, 0x00, 0x00, 0x00, 0x00, 0x00, 0x00, 0x00, 0x00, 0x00, 0x00, 0x00,
  0x00, 0x00, 0x00, 0x00, 0x00, 0x00, 0x00, 0x00, 0x00, 0x00, 0x00, 0x00, 0x00, 0x00, 0x00, 0x00,
  0x00, 0x00, 0x00, 0x00, 0x00, 0x00, 0x00, 0x00, 0x00, 0x00, 0x00, 0x00, 0x00, 0x00, 0x00, 0x00,
  0x00, 0x00, 0x00, 0x00, 0x00, 0x00, 0x00, 0x00, 0x00, 0x00, 0x00, 0x00, 0x00, 0x00, 0x00, 0x00,
  0x00, 0x00, 0x00, 0x00, 0x00, 0x00, 0x00, 0x00, 0x00, 0x00, 0x00, 0x00, 0x00, 0x00, 0x00, 0x00,
  0x00, 0x00, 0x00, 0x00, 0x00, 0xFF, 0xFF, 0x02, 0x00, 0x00, 0x00, 0xEF, 0x7B, 0x6F, 0x51, 0x8C,
  0xFF, 0x30, 0x84, 0xFF, 0x10, 0x84, 0xC7, 0x10, 0x84, 0x1F, 0x00, 0x00, 0x00, 0xEF, 0x7B, 0x02,
  0xAA, 0x52, 0x03, 0xFF, 0xFF, 0x01, 0x00, 0x00, 0x00, 0x00, 0x00, 0x00, 0x00, 0x00, 0x00, 0x00,
  0x00, 0x00, 0x00, 0x00, 0x00, 0x00, 0x00, 0x00, 0xFF, 0xFF, 0x01, 0xAA, 0x52, 0x03, 0xFF, 0xFF,
  0x01, 0x00, 0x00, 0x00, 0xEF, 0x7B, 0x2C, 0x10, 0x84, 0xDC, 0x30, 0x84, 0xFF, 0x30, 0x84, 0xFF,
  0xEF, 0x7B, 0x5C, 0x00, 0x00, 0x00, 0xEF, 0x7B, 0x02, 0x00, 0x00, 0x00, 0x00, 0x00, 0x00, 0x00,
  0x00, 0x00, 0x00, 0x00, 0x00, 0x00, 0x00, 0x00, 0x00, 0x00, 0x00, 0x00, 0x00, 0x00, 0x00, 0x00,
  0x00, 0x00, 0x00, 0x00, 0x00, 0x00, 0x00, 0x00, 0x00, 0x00, 0x00, 0x00, 0x00, 0x00, 0x00, 0x00,
  0x00, 0x00, 0x00, 0x00, 0x00, 0x00, 0x00, 0x00, 0x00, 0x00, 0x00, 0x00, 0x00, 0x00, 0x00, 0x00,
  0x00, 0x00, 0x00, 0x00, 0x00, 0x00, 0x00, 0x00, 0x00, 0x00, 0x00, 0x00, 0x00, 0x00, 0x00, 0x00,
  0x00, 0x00, 0x00, 0x00, 0x00, 0x00, 0x00, 0x00, 0x00, 0x00, 0x00, 0x00, 0x00, 0x00, 0x00, 0x00,
  0xEF, 0x7B, 0x02, 0x00, 0x00, 0x00, 0x10, 0x84, 0x33, 0x10, 0x84, 0xF8, 0x30, 0x84, 0xFF, 0x10,
  0x84, 0xD6, 0xEF, 0x7B, 0x14, 0x00, 0x00, 0x00, 0x2C, 0x63, 0x05, 0x00, 0x00, 0x00, 0x00, 0x00,
  0x00, 0x00, 0x00, 0x00, 0x00, 0x00, 0x00, 0x00, 0x00, 0x00, 0x00, 0x00, 0x00, 0x00, 0x00, 0x00,
  0x00, 0x00, 0x00, 0x00, 0x00, 0x00, 0x00, 0x00, 0x00, 0x00, 0x00, 0x00, 0x00, 0x00, 0x01, 0x2C,
  0x63, 0x05, 0x00, 0x00, 0x00, 0xEF, 0x7B, 0x24, 0x10, 0x84, 0xE4, 0x30, 0x84, 0xFF, 0x10, 0x84,
  0xF1, 0xEF, 0x7B, 0x26, 0x00, 0x00, 0x00, 0xEF, 0x7B, 0x02, 0x00, 0x00, 0x00, 0x00, 0x00, 0x00,
  0x00, 0x00, 0x00, 0x00, 0x00, 0x00, 0x00, 0x00, 0x00, 0x00, 0x00, 0x00, 0x00, 0x00, 0x00, 0x00,
  0x00, 0x00, 0x00, 0x00, 0x00, 0x00, 0x00, 0x00, 0x00, 0x00, 0x00, 0x00, 0x00, 0x00, 0x00, 0x00,
  0x00, 0x00, 0x00, 0x00, 0x00, 0x00, 0x00, 0x00, 0x00, 0x00, 0x00, 0x00, 0x00, 0x00, 0x00, 0x00,
  0x00, 0x00, 0x00, 0x00, 0x00, 0x00, 0x00, 0x00, 0x00, 0x00, 0x00, 0x00, 0x00, 0x00, 0x00, 0x00,
  0x00, 0x00, 0x00, 0x00, 0x00, 0x00, 0x00, 0x00, 0x00, 0x00, 0x00, 0x00, 0x00, 0x00, 0xEF, 0x7B,
  0x02, 0xEF, 0x7B, 0x04, 0x10, 0x84, 0xC1, 0x51, 0x8C, 0xFF, 0x10, 0x84, 0xF4, 0xEF, 0x7B, 0x30,
  0x00, 0x00, 0x00, 0xEF, 0x7B, 0x04, 0x00, 0x00, 0x00, 0x00, 0x00, 0x00, 0x00, 0x00, 0x00, 0x00,
  0x00, 0x00, 0x00, 0x00, 0x00, 0x00, 0x00, 0x00, 0x00, 0x00, 0x00, 0x00, 0x00, 0x00, 0x00, 0x00,
  0x00, 0x00, 0x00, 0x00, 0x00, 0x00, 0x00, 0x00, 0x00, 0x00, 0x00, 0x00, 0x00, 0x00, 0x00, 0x00,
  0xEF, 0x7B, 0x04, 0x00, 0x00, 0x00, 0xEF, 0x7B, 0x3E, 0x30, 0x84, 0xF7, 0x51, 0x8C, 0xFF, 0x10,
  0x84, 0xAE, 0xFF, 0xFF, 0x01, 0xEF, 0x7B, 0x02, 0x00, 0x00, 0x00, 0x00, 0x00, 0x00, 0x00, 0x00,
  0x00, 0x00, 0x00, 0x00, 0x00, 0x00, 0x00, 0x00, 0x00, 0x00, 0x00, 0x00, 0x00, 0x00, 0x00, 0x00,
  0x00, 0x00, 0x00, 0x00, 0x00, 0x00, 0x00, 0x00, 0x00, 0x00, 0x00, 0x00, 0x00, 0x00, 0x00, 0x00,
  0x00, 0x00, 0x00, 0x00, 0x00, 0x00, 0x00, 0x00, 0x00, 0x00, 0x00, 0x00, 0x00, 0x00, 0x00, 0x00,
  0x00, 0x00, 0x00, 0x00, 0x00, 0x00, 0x00, 0x00, 0x00, 0x00, 0x00, 0x00, 0x00, 0x00, 0x00, 0x00,
  0x00, 0x00, 0x00, 0x00, 0x00, 0x00, 0x00, 0x00, 0x00, 0x55, 0xAD, 0x03, 0x00, 0x00, 0x00, 0x10,
  0x84, 0x47, 0x30, 0x84, 0xFF, 0x51, 0x8C, 0xFF, 0x10, 0x84, 0x82, 0x00, 0x00, 0x00, 0xEF, 0x7B,
  0x04, 0x00, 0x00, 0x00, 0x00, 0x00, 0x00, 0x00, 0x00, 0x00, 0x00, 0x00, 0x00, 0x00, 0x00, 0x00,
  0x00, 0x00, 0x00, 0x00, 0x00, 0x00, 0x00, 0x00, 0x00, 0x00, 0x00, 0x00, 0x00, 0x00, 0x00, 0x00,
  0x00, 0x00, 0x00, 0x00, 0x00, 0x00, 0x00, 0x00, 0x00, 0x00, 0x00, 0x00, 0x00, 0x00, 0x00, 0x00,
  0x00, 0xF7, 0xBD, 0x04, 0x00, 0x00, 0x00, 0xEF, 0x7B, 0x97, 0x51, 0x8C, 0xFF, 0x10, 0x84, 0xFD,
  0x10, 0x84, 0x33, 0x00, 0x00, 0x00, 0xEF, 0x7B, 0x02, 0x00, 0x00, 0x00, 0x00, 0x00, 0x00, 0x00,
  0x00, 0x00, 0x00, 0x00, 0x00, 0x00, 0x00, 0x00, 0x00, 0x00, 0x00, 0x00, 0x00, 0x00, 0x00, 0x00,
  0x00, 0x00, 0x00, 0x00, 0x00, 0x00, 0x00, 0x00, 0x00, 0x00, 0x00, 0x00, 0x00, 0x00, 0x00, 0x00,
  0x00, 0x00, 0x00, 0x00, 0x00, 0x00, 0x00, 0x00, 0x00, 0x00, 0x00, 0x00, 0x00, 0x00, 0x00, 0x00,
  0x00, 0x00, 0x00, 0x00, 0x00, 0x00, 0x00, 0x00, 0x00, 0x00, 0x00, 0x00, 0x00, 0x00, 0x00, 0x00,
  0x00, 0x00, 0x00, 0x00, 0x00, 0x00, 0x00, 0xEF, 0x7B, 0x02, 0x00, 0x00, 0x00, 0x10, 0x84, 0xAB,
  0x51, 0x8C, 0xFF, 0x10, 0x84, 0xE1, 0xEF, 0x7B, 0x10, 0xFF, 0xFF, 0x01, 0xEF, 0x7B, 0x02, 0x00,
  0x00, 0x00, 0x00, 0x00, 0x00, 0x00, 0x00, 0x00, 0x00, 0x00, 0x00, 0x00, 0x00, 0x00, 0x00, 0x00,
  0x00, 0x00, 0x00, 0x00, 0x00, 0x00, 0x00, 0x00, 0x00, 0x00, 0x00, 0x00, 0x00, 0x00, 0x00, 0x00,
  0x00, 0x00, 0x00, 0x00, 0x00, 0x00, 0x00, 0x00, 0x00, 0x00, 0x00, 0x00, 0x00, 0x00, 0x00, 0xEF,
  0x7B, 0x02, 0xFF, 0xFF, 0x01, 0x10, 0x84, 0x21, 0x10, 0x84, 0xF2, 0x51, 0x8C, 0xFF, 0x10, 0x84,
  0x96, 0x00, 0x00, 0x00, 0x55, 0xAD, 0x03, 0x00, 0x00, 0x00, 0x00, 0x00, 0x00, 0x00, 0x00, 0x00,
  0x00, 0x00, 0x00, 0x00, 0x00, 0x00, 0x00, 0x00, 0x00, 0x00, 0x00, 0x00, 0x00, 0x00, 0x00, 0x00,
  0x00, 0x00, 0x00, 0x00, 0x00, 0x00, 0x00, 0x00, 0x00, 0x00, 0x00, 0x00, 0x00, 0x00, 0x00, 0x00,
  0x00, 0x00, 0x00, 0x00, 0x00, 0x00, 0x00, 0x00, 0x00, 0x00, 0x00, 0x00, 0x00, 0x00, 0x00, 0x01,
  0x00, 0x00, 0x01, 0x00, 0x00, 0x00, 0x00, 0x00, 0x00, 0x00, 0x00, 0x00, 0x00, 0x00, 0x00, 0x00,
  0x00, 0x00, 0xFF, 0xFF, 0x01, 0x00, 0x00, 0x00, 0xEF, 0x7B, 0x18, 0x10, 0x84, 0xE8, 0x51, 0x8C,
  0xFF, 0x10, 0x84, 0x95, 0x00, 0x00, 0x00, 0x55, 0xAD, 0x03, 0x00, 0x00, 0x00, 0x00, 0x00, 0x00,
  0x00, 0x00, 0x00, 0x00, 0x00, 0x00, 0x00, 0x00, 0x00, 0x00, 0x00, 0x00, 0x00, 0x00, 0x00, 0x00,
  0x00, 0x00, 0x00, 0x00, 0x00, 0x00, 0x00, 0x00, 0x00, 0x00, 0x00, 0x00, 0x00, 0x00, 0x00, 0x00,
  0x00, 0x00, 0x00, 0x00, 0x00, 0x00, 0x00, 0x00, 0x00, 0x00, 0x00, 0x00, 0x00, 0x00, 0x00, 0x00,
  0xAA, 0x52, 0x03, 0x00, 0x00, 0x00, 0x10, 0x84, 0xA8, 0x71, 0x8C, 0xFF, 0x10, 0x84, 0xDA, 0x51,
  0x8C, 0x0B, 0x00, 0x00, 0x00, 0x00, 0x00, 0x01, 0x00, 0x00, 0x00, 0x00, 0x00, 0x00, 0x00, 0x00,
  0x00, 0x00, 0x00, 0x00, 0x00, 0x00, 0x00, 0x00, 0x00, 0x00, 0x00, 0x00, 0x01, 0x00, 0x00, 0x00,
  0x00, 0x00, 0x00, 0x00, 0x00, 0x00, 0x00, 0x00, 0x00, 0x00, 0x00, 0x00, 0x00, 0x00, 0x00, 0x00,
  0x00, 0x00, 0x00, 0x00, 0x00, 0xFF, 0xFF, 0x01, 0xFF, 0xFF, 0x01, 0x00, 0x00, 0x00, 0x00, 0x00,
  0x00, 0xFF, 0xFF, 0x01, 0xFF, 0xFF, 0x01, 0x00, 0x00, 0x00, 0x00, 0x00, 0x00, 0x00, 0x00, 0x00,
  0xAA, 0x52, 0x03, 0x00, 0x00, 0x00, 0x10, 0x84, 0x3F, 0x30, 0x84, 0xFF, 0x30, 0x84, 0xFF, 0xEF,
  0x7B, 0x48, 0x00, 0x00, 0x01, 0x55, 0xAD, 0x03, 0x00, 0x00, 0x00, 0x00, 0x00, 0x00, 0x00, 0x00,
  0x00, 0x00, 0x00, 0x00, 0x00, 0x00, 0x00, 0x00, 0x00, 0x00, 0x00, 0x00, 0x00, 0x00, 0x00, 0x00,
  0x00, 0x00, 0x00, 0x00, 0x00, 0x00, 0x00, 0x00, 0x00, 0x00, 0x00, 0x00, 0x00, 0x00, 0x00, 0x00,
  0x00, 0x00, 0x00, 0x00, 0x00, 0x00, 0x00, 0x00, 0x00, 0x00, 0x00, 0x00, 0x00, 0x00, 0x55, 0xAD,
  0x03, 0x00, 0x00, 0x01, 0x10, 0x84, 0x5D, 0x51, 0x8C, 0xFF, 0x10, 0x84, 0xF7, 0xEF, 0x7B, 0x30,
  0x00, 0x00, 0x00, 0xEF, 0x7B, 0x02, 0x00, 0x00, 0x00, 0x00, 0x00, 0x00, 0x00, 0x00, 0x00, 0xEF,
  0x7B, 0x02, 0xFF, 0xFF, 0x01, 0x00, 0x00, 0x00, 0x00, 0x00, 0x00, 0xEF, 0x7B, 0x02, 0x00, 0x00,
  0x01, 0x00, 0x00, 0x00, 0x00, 0x00, 0x00, 0x00, 0x00, 0x00, 0x00, 0x00, 0x00, 0x00, 0x00, 0x00,
  0x00, 0x00, 0x00, 0x00, 0x00, 0x00, 0x00, 0x00, 0x00, 0x00, 0x00, 0x00, 0x00, 0x00, 0x00, 0x00,
  0x00, 0x00, 0x00, 0x00, 0x00, 0x00, 0x00, 0x00, 0x00, 0x00, 0x00, 0x00, 0x00, 0x00, 0x55, 0xAD,
  0x03, 0x00, 0x00, 0x00, 0x10, 0x84, 0x66, 0x51, 0x8C, 0xFF, 0x10, 0x84, 0xF3, 0xEF, 0x7B, 0x22,
  0x00, 0x00, 0x00, 0xEF, 0x7B, 0x02, 0x00, 0x00, 0x00, 0x00, 0x00, 0x00, 0x00, 0x00, 0x00, 0x00,
  0x00, 0x00, 0x00, 0x00, 0x00, 0x00, 0x00, 0x00, 0x00, 0x00, 0x00, 0x00, 0x00, 0x00, 0x00, 0x00,
  0x00, 0x00, 0x00, 0x00, 0x00, 0x00, 0x00, 0x00, 0x00, 0x00, 0x00, 0x00, 0x00, 0x00, 0x00, 0x00,
  0x00, 0x00, 0x00, 0x00, 0x00, 0x00, 0x00, 0x00, 0x00, 0x00, 0x00, 0x00, 0xEF, 0x7B, 0x02, 0x00,
  0x00, 0x00, 0xEF, 0x7B, 0x2E, 0x10, 0x84, 0xFD, 0x51, 0x8C, 0xFF, 0x10, 0x84, 0x50, 0x00, 0x00,
  0x00, 0x55, 0xAD, 0x03, 0x00, 0x00, 0x00, 0x00, 0x00, 0x00, 0x00, 0x00, 0x00, 0x00, 0x00, 0x00,
  0x00, 0x00, 0x00, 0x00, 0x00, 0x00, 0x00, 0x00, 0x00, 0x00, 0x00, 0x00, 0x00, 0x00, 0x00, 0x00,
  0x00, 0x00, 0x00, 0x00, 0x00, 0x00, 0x00, 0x00, 0x00, 0x00, 0x00, 0xFF, 0xFF, 0x01, 0x00, 0x00,
  0x00, 0xCF, 0x7B, 0x1B, 0x10, 0x84, 0xA9, 0x10, 0x84, 0xC1, 0x10, 0x84, 0xC1, 0x10, 0x84, 0xA8,
  0x10, 0x84, 0x23, 0x00, 0x00, 0x00, 0xFF, 0xFF, 0x01, 0x00, 0x00, 0x00, 0x55, 0xAD, 0x03, 0x00,
  0x00, 0x00, 0x10, 0x84, 0x82, 0x71, 0x8C, 0xFF, 0x10, 0x84, 0xDD, 0xEF, 0x7B, 0x12, 0x00, 0x00,
  0x00, 0xFF, 0xFF, 0x01, 0x00, 0x00, 0x00, 0x00, 0x00, 0x00, 0x00, 0x00, 0x00, 0x00, 0x00, 0x00,
  0x00, 0x00, 0x00, 0x00, 0x00, 0x00, 0x00, 0x00, 0x00, 0x00, 0x00, 0x00, 0x00, 0x00, 0x00, 0x00,
  0x00, 0x00, 0x00, 0x00, 0x00, 0x00, 0x00, 0x00, 0x00, 0x00, 0x00, 0x00, 0x00, 0x00, 0x00, 0x00,
  0x00, 0x00, 0x00, 0x00, 0x00, 0x00, 0x00, 0x00, 0x00, 0x00, 0xEF, 0x7B, 0x02, 0x00, 0x00, 0x00,
  0xEF, 0x7B, 0x1E, 0x10, 0x84, 0xEB, 0x51, 0x8C, 0xFF, 0x10, 0x84, 0x6B, 0x00, 0x00, 0x00, 0x55,
  0xAD, 0x03, 0x00, 0x00, 0x00, 0xFF, 0xFF, 0x01, 0x00, 0x00, 0x00, 0x10, 0x84, 0x2F, 0x30, 0x84,
  0xAE, 0x10, 0x84, 0xBF, 0x10, 0x84, 0xC2, 0x10, 0x84, 0xA0, 0x30, 0x84, 0x11, 0x00, 0x00, 0x00,
  0x00, 0x00, 0x01, 0x00, 0x00, 0x00, 0x00, 0x00, 0x00, 0xEF, 0x7B, 0x04, 0x00, 0x00, 0x00, 0x10,
  0x84, 0x60, 0xB2, 0x94, 0xFF, 0x71, 0x8C, 0xFF, 0x71, 0x8C, 0xFF, 0xD3, 0x9C, 0xFF, 0x10, 0x84,
  0x70, 0x00, 0x00, 0x00, 0xEF, 0x7B, 0x04, 0x00, 0x00, 0x00, 0x55, 0xAD, 0x03, 0x00, 0x00, 0x00,
  0x10, 0x84, 0x8D, 0x71, 0x8C, 0xFF, 0x10, 0x84, 0xD4, 0x8E, 0x73, 0x0B, 0x00, 0x00, 0x00, 0xFF,
  0xFF, 0x01, 0x00, 0x00, 0x00, 0x00, 0x00, 0x00, 0x00, 0x00, 0x00, 0x00, 0x00, 0x00, 0x00, 0x00,
  0x00, 0x00, 0x00, 0x00, 0x00, 0x00, 0x00, 0x00, 0x00, 0x00, 0x00, 0x00, 0x00, 0x00, 0x00, 0x00,
  0x00, 0x00, 0x00, 0x00, 0x00, 0x00, 0x00, 0x00, 0x00, 0x00, 0x00, 0x00, 0x00, 0x00, 0x00, 0x00,
  0x00, 0x00, 0x00, 0x00, 0x00, 0x00, 0x00, 0x00, 0xEF, 0x7B, 0x02, 0x00, 0x00, 0x00, 0x51, 0x8C,
  0x1A, 0x10, 0x84, 0xE6, 0x51, 0x8C, 0xFF, 0x10, 0x84, 0x71, 0x00, 0x00, 0x00, 0x55, 0xAD, 0x03,
  0x00, 0x00, 0x00, 0x55, 0xAD, 0x03, 0x00, 0x00, 0x00, 0x10, 0x84, 0x88, 0xD3, 0x9C, 0xFF, 0x71,
  0x8C, 0xFF, 0x71, 0x8C, 0xFF, 0x92, 0x94, 0xFF, 0xEF, 0x7B, 0x4A, 0x00, 0x00, 0x00, 0xAA, 0x52,
  0x03, 0x00, 0x00, 0x00, 0x00, 0x00, 0x00, 0xFF, 0xFF, 0x01, 0x00, 0x00, 0x00, 0xCF, 0x7B, 0x13,
  0x10, 0x84, 0x8D, 0x10, 0x84, 0xA5, 0x10, 0x84, 0xA5, 0x10, 0x84, 0x93, 0xCF, 0x7B, 0x19, 0x00,
  0x00, 0x00, 0x00, 0x00, 0x01, 0x00, 0x00, 0x00, 0x55, 0xAD, 0x03, 0x00, 0x00, 0x00, 0x10, 0x84,
  0x83, 0x71, 0x8C, 0xFF, 0x10, 0x84, 0xDE, 0x30, 0x84, 0x13, 0x00, 0x00, 0x00, 0xEF, 0x7B, 0x02,
  0x00, 0x00, 0x00, 0x00, 0x00, 0x00, 0x00, 0x00, 0x00, 0x00, 0x00, 0x00, 0x00, 0x00, 0x00, 0x00,
  0x00, 0x00, 0x00, 0x00, 0x00, 0x00, 0x00, 0x00, 0x00, 0x00, 0x00, 0x00, 0x00, 0x00, 0x00, 0x00,
  0x00, 0x00, 0x00, 0x00, 0x00, 0x00, 0x00, 0x00, 0x00, 0x00, 0x00, 0x00, 0x00, 0x00, 0x00, 0x00,
  0x00, 0x00, 0x00, 0x00, 0x00, 0x00, 0xEF, 0x7B, 0x02, 0x00, 0x00, 0x00, 0x10, 0x84, 0x1F, 0x10,
  0x84, 0xED, 0x51, 0x8C, 0xFF, 0x10, 0x84, 0x67, 0x00, 0x00, 0x00, 0x55, 0xAD, 0x03, 0x00, 0x00,
  0x00, 0xFF, 0xFF, 0x01, 0x00, 0x00, 0x00, 0x30, 0x84, 0x24, 0x10, 0x84, 0x99, 0x10, 0x84, 0xA3,
  0x10, 0x84, 0xA6, 0x10, 0x84, 0x8E, 0xEF, 0x7B, 0x12, 0x00, 0x00, 0x00, 0x00, 0x00, 0x01, 0x00,
  0x00, 0x00, 0x00, 0x00, 0x00, 0x00, 0x00, 0x00, 0x00, 0x00, 0x00, 0x00, 0x00, 0x00, 0x00, 0x00,
  0x00, 0x00, 0x00, 0x00, 0x00, 0x00, 0x00, 0x00, 0x00, 0x00, 0x00, 0x00, 0x00, 0x00, 0x00, 0x00,
  0x00, 0x00, 0x00, 0x00, 0x00, 0x00, 0x55, 0xAD, 0x03, 0x00, 0x00, 0x00, 0x10, 0x84, 0x63, 0x51,
  0x8C, 0xFF, 0x10, 0x84, 0xF3, 0xEF, 0x7B, 0x24, 0x00, 0x00, 0x00, 0xEF, 0x7B, 0x02, 0x00, 0x00,
  0x00, 0x00, 0x00, 0x00, 0x00, 0x00, 0x00, 0x00, 0x00, 0x00, 0x00, 0x00, 0x00, 0x00, 0x00, 0x00,
  0x00, 0x00, 0x00, 0x00, 0x00, 0x00, 0x00, 0x00, 0x00, 0x00, 0x00, 0x00, 0x00, 0x00, 0x00, 0x00,
  0x00, 0x00, 0x00, 0x00, 0x00, 0x00, 0x00, 0x00, 0x00, 0x00, 0x00, 0x00, 0x00, 0x00, 0x00, 0x00,
  0x00, 0x00, 0x00, 0x00, 0xEF, 0x7B, 0x02, 0x00, 0x00, 0x00, 0xEF, 0x7B, 0x30, 0x10, 0x84, 0xFC,
  0x51, 0x8C, 0xFF, 0x10, 0x84, 0x4F, 0x00, 0x00, 0x00, 0x55, 0xAD, 0x03, 0x00, 0x00, 0x00, 0x00,
  0x00, 0x00, 0x00, 0x00, 0x00, 0x00, 0x00, 0x00, 0x00, 0x00, 0x00, 0x00, 0x00, 0x00, 0x00, 0x00,
  0x00, 0x00, 0x00, 0x00, 0x00, 0x00, 0x00, 0x00, 0x00, 0x00, 0x00, 0x00, 0x00, 0x00, 0x00, 0x00,
  0x00, 0x00, 0x00, 0x00, 0x00, 0x00, 0x00, 0x00, 0x00, 0x00, 0x00, 0x01, 0xAA, 0x52, 0x03, 0xEF,
  0x7B, 0x02, 0xEF, 0x7B, 0x02, 0xAA, 0x52, 0x03, 0xFF, 0xFF, 0x01, 0x00, 0x00, 0x00, 0x00, 0x00,
  0x00, 0x00, 0x00, 0x00, 0x55, 0xAD, 0x03, 0x00, 0x00, 0x00, 0x10, 0x84, 0x3D, 0x30, 0x84, 0xFE,
  0x30, 0x84, 0xFF, 0xEF, 0x7B, 0x4E, 0x00, 0x00, 0x01, 0x55, 0xAD, 0x03, 0x00, 0x00, 0x00, 0x00,
  0x00, 0x00, 0x00, 0x00, 0x00, 0x00, 0x00, 0x00, 0x00, 0x00, 0x00, 0x00, 0x00, 0x00, 0x00, 0x00,
  0x00, 0x00, 0x00, 0x00, 0x00, 0x00, 0x00, 0x00, 0x00, 0x00, 0x00, 0x00, 0x00, 0x00, 0x00, 0x00,
  0x00, 0x00, 0x00, 0x00, 0x00, 0x00, 0x00, 0x00, 0x00, 0x00, 0x00, 0x00, 0x00, 0x00, 0x00, 0x00,
  0x00, 0x00, 0x55, 0xAD, 0x03, 0x00, 0x00, 0x00, 0x10, 0x84, 0x60, 0x51, 0x8C, 0xFF, 0x10, 0x84,
  0xF7, 0x10, 0x84, 0x2D, 0x00, 0x00, 0x00, 0xEF, 0x7B, 0x02, 0x00, 0x00, 0x00, 0x00, 0x00, 0x00,
  0x00, 0x00, 0x00, 0xEF, 0x7B, 0x02, 0xEF, 0x7B, 0x02, 0xEF, 0x7B, 0x02, 0xEF, 0x7B, 0x02, 0xAA,
  0x52, 0x03, 0x00, 0x00, 0x01, 0x00, 0x00, 0x00, 0x00, 0x00, 0x00, 0x00, 0x00, 0x00, 0x00, 0x00,
  0x00, 0x00, 0x00, 0x00, 0x00, 0x00, 0x00, 0x00, 0x00, 0x00, 0x00, 0x00, 0x00, 0x00, 0x00, 0x00,
  0x00, 0x00, 0x00, 0x00, 0x00, 0x00, 0x00, 0x00, 0x00, 0x00, 0x00, 0x00, 0x00, 0x00, 0x00, 0x00,
  0x00, 0x00, 0x00, 0x00, 0x01, 0x00, 0x00, 0x00, 0xEF, 0x7B, 0x10, 0x10, 0x84, 0xDE, 0x71, 0x8C,
  0xFE, 0x10, 0x84, 0x98, 0x00, 0x00, 0x00, 0xAA, 0x52, 0x03, 0x00, 0x00, 0x00, 0x00, 0x00, 0x00,
  0x00, 0x00, 0x00, 0x00, 0x00, 0x00, 0x00, 0x00, 0x00, 0x00, 0x00, 0x00, 0x00, 0x00, 0x00, 0x00,
  0x00, 0x00, 0x00, 0x00, 0x00, 0x00, 0x00, 0x00, 0x00, 0x00, 0x00, 0x00, 0x00, 0x00, 0x00, 0x00,
  0x00, 0x00, 0x00, 0x00, 0x00, 0x00, 0x00, 0x00, 0x00, 0x00, 0x00, 0x00, 0x00, 0x00, 0x00, 0x00,
  0xAA, 0x52, 0x03, 0x00, 0x00, 0x00, 0x10, 0x84, 0xAC, 0x71, 0x8C, 0xFE, 0x10, 0x84, 0xD1, 0xEF,
  0x7B, 0x06, 0x00, 0x00, 0x01, 0x00, 0x00, 0x00, 0x00, 0x00, 0x00, 0x00, 0x00, 0x00, 0x00, 0x00,
  0x00, 0x00, 0x00, 0x00, 0x00, 0x00, 0x00, 0x00, 0x00, 0x00, 0x00, 0x00, 0x00, 0x00, 0x00, 0x00,
  0x00, 0x00, 0x00, 0x00, 0x00, 0x00, 0x00, 0x00, 0x00, 0x00, 0x00, 0x00, 0x00, 0x00, 0x00, 0x00,
  0x00, 0x00, 0x00, 0x00, 0x00, 0x00, 0x00, 0x00, 0x00, 0x00, 0x00, 0x00, 0x00, 0x00, 0x00, 0x00,
  0x00, 0x00, 0x00, 0x00, 0x00, 0x00, 0x00, 0x00, 0x00, 0x00, 0x00, 0x00, 0x00, 0x00, 0x00, 0x00,
  0x00, 0x00, 0x00, 0x55, 0xAD, 0x03, 0x00, 0x00, 0x00, 0x10, 0x84, 0x9F, 0x71, 0x8C, 0xFF, 0x10,
  0x84, 0xE5, 0x30, 0x84, 0x13, 0xFF, 0xFF, 0x01, 0xEF, 0x7B, 0x02, 0x00, 0x00, 0x00, 0x00, 0x00,
  0x00, 0x00, 0x00, 0x00, 0x00, 0x00, 0x00, 0x00, 0x00, 0x00, 0x00, 0x00, 0x00, 0x00, 0x00, 0x00,
  0x00, 0x00, 0x00, 0x00, 0x00, 0x00, 0x00, 0x00, 0x00, 0x00, 0x00, 0x00, 0x00, 0x00, 0x00, 0x00,
  0x00, 0x00, 0x00, 0x00, 0x00, 0x00, 0x00, 0x00, 0x00, 0x00, 0x00, 0xEF, 0x7B, 0x02, 0xFF, 0xFF,
  0x01, 0x10, 0x84, 0x2B, 0x10, 0x84, 0xF5, 0x51, 0x8C, 0xFF, 0x10, 0x84, 0x8A, 0x00, 0x00, 0x00,
  0x55, 0xAD, 0x03, 0x00, 0x00, 0x00, 0x00, 0x00, 0x00, 0x00, 0x00, 0x00, 0x00, 0x00, 0x00, 0x00,
  0x00, 0x00, 0x00, 0x00, 0x00, 0x00, 0x00, 0x00, 0x00, 0x00, 0x00, 0x00, 0x00, 0x00, 0x00, 0x00,
  0x00, 0x00, 0x00, 0x00, 0x00, 0x00, 0x00, 0x00, 0x00, 0x00, 0x00, 0x00, 0x00, 0x00, 0x00, 0x00,
  0x00, 0x00, 0x00, 0x00, 0x00, 0x00, 0x00, 0x00, 0x00, 0x00, 0x00, 0x00, 0x00, 0x00, 0x00, 0x00,
  0x00, 0x00, 0x00, 0x00, 0x00, 0x00, 0x00, 0x00, 0x00, 0x00, 0x00, 0x00, 0x00, 0x00, 0x00, 0x00,
  0x00, 0xEF, 0x7B, 0x02, 0x00, 0x00, 0x00, 0x10, 0x84, 0x3D, 0x10, 0x84, 0xFC, 0x51, 0x8C, 0xFF,
  0x10, 0x84, 0x8A, 0x00, 0x00, 0x00, 0xEF, 0x7B, 0x04, 0x00, 0x00, 0x00, 0x00, 0x00, 0x00, 0x00,
  0x00, 0x00, 0x00, 0x00, 0x00, 0x00, 0x00, 0x00, 0x00, 0x00, 0x00, 0x00, 0x00, 0x00, 0x00, 0x00,
  0x00, 0x00, 0x00, 0x00, 0x00, 0x00, 0x00, 0x00, 0x00, 0x00, 0x00, 0x00, 0x00, 0x00, 0x00, 0x00,
  0x00, 0x00, 0x00, 0x00, 0x00, 0x00, 0x00, 0x00, 0x00, 0xEF, 0x7B, 0x04, 0x00, 0x00, 0x00, 0x10,
  0x84, 0x9D, 0x51, 0x8C, 0xFF, 0x30, 0x84, 0xF7, 0x30, 0x84, 0x2F, 0x00, 0x00, 0x00, 0xEF, 0x7B,
  0x02, 0x00, 0x00, 0x00, 0x00, 0x00, 0x00, 0x00, 0x00, 0x00, 0x00, 0x00, 0x00, 0x00, 0x00, 0x00,
  0x00, 0x00, 0x00, 0x00, 0x00, 0x00, 0x00, 0x00, 0x00, 0x00, 0x00, 0x00, 0x00, 0x00, 0x00, 0x00,
  0x00, 0x00, 0x00, 0x00, 0x00, 0x00, 0x00, 0x00, 0x00, 0x00, 0x00, 0x00, 0x00, 0x00, 0x00, 0x00,
  0x00, 0x00, 0x00, 0x00, 0x00, 0x00, 0x00, 0x00, 0x00, 0x00, 0x00, 0x00, 0x00, 0x00, 0x00, 0x00,
  0x00, 0x00, 0x00, 0x00, 0x00, 0x00, 0x00, 0x00, 0x00, 0x00, 0x00, 0x00, 0x00, 0x00, 0x00, 0x00,
  0x00, 0x00, 0xEF, 0x7B, 0x02, 0x00, 0x00, 0x00, 0x10, 0x84, 0xB3, 0x51, 0x8C, 0xFF, 0x10, 0x84,
  0xF8, 0x10, 0x84, 0x3D, 0x00, 0x00, 0x00, 0xEF, 0x7B, 0x04, 0x00, 0x00, 0x00, 0x00, 0x00, 0x00,
  0x00, 0x00, 0x00, 0x00, 0x00, 0x00, 0x00, 0x00, 0x00, 0x00, 0x00, 0x00, 0x00, 0x00, 0x00, 0x00,
  0x00, 0x00, 0x00, 0x00, 0x00, 0x00, 0x00, 0x00, 0x00, 0x00, 0x00, 0x00, 0x00, 0x00, 0x00, 0x00,
  0x00, 0x00, 0x00, 0x00, 0xF7, 0xBD, 0x04, 0x00, 0x00, 0x00, 0xEF, 0x7B, 0x4E, 0x30, 0x84, 0xF9,
  0x51, 0x8C, 0xFF, 0xEF, 0x7B, 0xA2, 0x00, 0x00, 0x00, 0xEF, 0x7B, 0x02, 0x00, 0x00, 0x00, 0x00,
  0x00, 0x00, 0x00, 0x00, 0x00, 0x00, 0x00, 0x00, 0x00, 0x00, 0x00, 0x00, 0x00, 0x00, 0x00, 0x00,
  0x00, 0x00, 0x00, 0x00, 0x00, 0x00, 0x00, 0x00, 0x00, 0x00, 0x00, 0x00, 0x00, 0x00, 0x00, 0x00,
  0x00, 0x00, 0x00, 0x00, 0x00, 0x00, 0x00, 0x00, 0x00, 0x00, 0x00, 0x00, 0x00, 0x00, 0x00, 0x00,
  0x00, 0x00, 0x00, 0x00, 0x00, 0x00, 0x00, 0x00, 0x00, 0x00, 0x00, 0x00, 0x00, 0x00, 0x00, 0x00,
  0x00, 0x00, 0x00, 0x00, 0x00, 0x00, 0x00, 0x00, 0x00, 0x00, 0x00, 0x00, 0x00, 0x00, 0x00, 0x00,
  0xEF, 0x7B, 0x02, 0x00, 0x00, 0x01, 0xEF, 0x7B, 0x28, 0x10, 0x84, 0xF0, 0x30, 0x84, 0xFF, 0x10,
  0x84, 0xE1, 0xEF, 0x7B, 0x25, 0x00, 0x00, 0x00, 0x2C, 0x63, 0x05, 0x00, 0x00, 0x01, 0x00, 0x00,
  0x00, 0x00, 0x00, 0x00, 0x00, 0x00, 0x00, 0x00, 0x00, 0x00, 0x00, 0x00, 0x00, 0x00, 0x00, 0x00,
  0x00, 0x00, 0x00, 0x00, 0x00, 0x00, 0x00, 0x00, 0x00, 0x00, 0x00, 0x00, 0x00, 0x00, 0x01, 0x2C,
  0x63, 0x05, 0x00, 0x00, 0x00, 0xEF, 0x7B, 0x2B, 0x10, 0x84, 0xE9, 0x30, 0x84, 0xFF, 0x10, 0x84,
  0xEA, 0x10, 0x84, 0x21, 0xFF, 0xFF, 0x01, 0xEF, 0x7B, 0x02, 0x00, 0x00, 0x00, 0x00, 0x00, 0x00,
  0x00, 0x00, 0x00, 0x00, 0x00, 0x00, 0x00, 0x00, 0x00, 0x00, 0x00, 0x00, 0x00, 0x00, 0x00, 0x00,
  0x00, 0x00, 0x00, 0x00, 0x00, 0x00, 0x00, 0x00, 0x00, 0x00, 0x00, 0x00, 0x00, 0x00, 0x00, 0x00,
  0x00, 0x00, 0x00, 0x00, 0x00, 0x00, 0x00, 0x00, 0x00, 0x00, 0x00, 0x00, 0x00, 0x00, 0x00, 0x00,
  0x00, 0x00, 0x00, 0x00, 0x00, 0x00, 0x00, 0x00, 0x00, 0x00, 0x00, 0x00, 0x00, 0x00, 0x00, 0x00,
  0x00, 0x00, 0x00, 0x00, 0x00, 0x00, 0x00, 0x00, 0x00, 0x00, 0x00, 0x00, 0x00, 0x00, 0x00, 0x00,
  0x00, 0xAA, 0x52, 0x03, 0x00, 0x00, 0x00, 0xEF, 0x7B, 0x62, 0x30, 0x84, 0xFF, 0x30, 0x84, 0xFF,
  0x10, 0x84, 0xDE, 0x10, 0x84, 0x2F, 0x00, 0x00, 0x00, 0x00, 0x00, 0x01, 0x55, 0xAD, 0x03, 0xEF,
  0x7B, 0x02, 0x00, 0x00, 0x00, 0x00, 0x00, 0x00, 0x00, 0x00, 0x00, 0x00, 0x00, 0x00, 0x00, 0x00,
  0x00, 0x00, 0x00, 0x00, 0xEF, 0x7B, 0x02, 0x55, 0xAD, 0x03, 0x00, 0x00, 0x00, 0x00, 0x00, 0x00,
  0x10, 0x84, 0x37, 0x10, 0x84, 0xE1, 0x30, 0x84, 0xFF, 0x30, 0x84, 0xFF, 0xEF, 0x7B, 0x50, 0x00,
  0x00, 0x00, 0xAA, 0x52, 0x03, 0x00, 0x00, 0x00, 0x00, 0x00, 0x00, 0x00, 0x00, 0x00, 0x00, 0x00,
  0x00, 0x00, 0x00, 0x00, 0x00, 0x00, 0x00, 0x00, 0x00, 0x00, 0x00, 0x00, 0x00, 0x00, 0x00, 0x00,
  0x00, 0x00, 0x00, 0x00, 0x00, 0x00, 0x00, 0x00, 0x00, 0x00, 0x00, 0x00, 0x00, 0x00, 0x00, 0x00,
  0x00, 0x00, 0x00, 0x00, 0x00, 0x00, 0x00, 0x00, 0x00, 0x00, 0x00, 0x00, 0x00, 0x00, 0x00, 0x00,
  0x00, 0x00, 0x00, 0x00, 0x00, 0x00, 0x00, 0x00, 0x00, 0x00, 0x00, 0x00, 0x00, 0x00, 0x00, 0x00,
  0x00, 0x00, 0x00, 0x00, 0x00, 0x00, 0x00, 0x00, 0x00, 0x00, 0x00, 0x00, 0x00, 0x00, 0x00, 0x00,
  0x00, 0x00, 0x55, 0xAD, 0x03, 0x00, 0x00, 0x00, 0x10, 0x84, 0x76, 0x30, 0x84, 0xFF, 0x30, 0x84,
  0xFF, 0x10, 0x84, 0xE9, 0x10, 0x84, 0x66, 0x00, 0x00, 0x01, 0x00, 0x00, 0x00, 0x00, 0x00, 0x00,
  0xEF, 0x7B, 0x02, 0xEF, 0x7B, 0x04, 0x55, 0xAD, 0x03, 0x55, 0xAD, 0x03, 0xEF, 0x7B, 0x04, 0xFF,
  0xFF, 0x01, 0x00, 0x00, 0x00, 0x00, 0x00, 0x00, 0xEF, 0x7B, 0x06, 0x10, 0x84, 0x74, 0x10, 0x84,
  0xF0, 0x30, 0x84, 0xFF, 0x30, 0x84, 0xFF, 0xEF, 0x7B, 0x6A, 0x00, 0x00, 0x00, 0xAA, 0x52, 0x03,
  0x00, 0x00, 0x00, 0x00, 0x00, 0x00, 0x00, 0x00, 0x00, 0x00, 0x00, 0x00, 0x00, 0x00, 0x00, 0x00,
  0x00, 0x00, 0x00, 0x00, 0x00, 0x00, 0x00, 0x00, 0x00, 0x00, 0x00, 0x00, 0x00, 0x00, 0x00, 0x00,
  0x00, 0x00, 0x00, 0x00, 0x00, 0x00, 0x00, 0x00, 0x00, 0x00, 0x00, 0x00, 0x00, 0x00, 0x00, 0x00,
  0x00, 0x00, 0x00, 0x00, 0x00, 0x00, 0x00, 0x00, 0x00, 0x00, 0x00, 0x00, 0x00, 0x00, 0x00, 0x00,
  0x00, 0x00, 0x00, 0x00, 0x00, 0x00, 0x00, 0x00, 0x00, 0x00, 0x00, 0x00, 0x00, 0x00, 0x00, 0x00,
  0x00, 0x00, 0x00, 0x00, 0x00, 0x00, 0x00, 0x00, 0x00, 0x00, 0x00, 0x00, 0x00, 0x00, 0x00, 0x00,
  0x00, 0x00, 0x00, 0x55, 0xAD, 0x03, 0x00, 0x00, 0x00, 0xEF, 0x7B, 0x6E, 0x30, 0x84, 0xFA, 0x51,
  0x8C, 0xFF, 0x30, 0x84, 0xFF, 0x10, 0x84, 0xC1, 0x10, 0x84, 0x59, 0xEF, 0x7B, 0x1C, 0x00, 0x00,
  0x00, 0x00, 0x00, 0x00, 0x00, 0x00, 0x00, 0x00, 0x00, 0x00, 0x00, 0x00, 0x00, 0x00, 0x00, 0x00,
  0x10, 0x84, 0x1D, 0x10, 0x84, 0x62, 0x10, 0x84, 0xCD, 0x30, 0x84, 0xFF, 0x51, 0x8C, 0xFF, 0x10,
  0x84, 0xF6, 0x10, 0x84, 0x66, 0x00, 0x00, 0x00, 0xAA, 0x52, 0x03, 0x00, 0x00, 0x00, 0x00, 0x00,
  0x00, 0x00, 0x00, 0x00, 0x00, 0x00, 0x00, 0x00, 0x00, 0x00, 0x00, 0x00, 0x00, 0x00, 0x00, 0x00,
  0x00, 0x00, 0x00, 0x00, 0x00, 0x00, 0x00, 0x00, 0x00, 0x00, 0x00, 0x00, 0x00, 0x00, 0x00, 0x00,
  0x00, 0x00, 0x00, 0x00, 0x00, 0x00, 0x00, 0x00, 0x00, 0x00, 0x00, 0x00, 0x00, 0x00, 0x00, 0x00,
  0x00, 0x00, 0x00, 0x00, 0x00, 0x00, 0x00, 0x00, 0x00, 0x00, 0x00, 0x00, 0x00, 0x00, 0x00, 0x00,
  0x00, 0x00, 0x00, 0x00, 0x00, 0x00, 0x00, 0x00, 0x00, 0x00, 0x00, 0x00, 0x00, 0x00, 0x00, 0x00,
  0x00, 0x00, 0x00, 0x00, 0x01, 0x55, 0xAD, 0x03, 0xEF, 0x7B, 0x02, 0x00, 0x00, 0x00, 0x00, 0x00,
  0x00, 0x00, 0x00, 0x01, 0xAA, 0x52, 0x03, 0x00, 0x00, 0x00, 0x10, 0x84, 0x45, 0x10, 0x84, 0xD1,
  0x51, 0x8C, 0xFF, 0x51, 0x8C, 0xFF, 0x30, 0x84, 0xFF, 0x10, 0x84, 0xE7, 0x10, 0x84, 0xB9, 0x10,
  0x84, 0x97, 0x10, 0x84, 0x83, 0x10, 0x84, 0x81, 0x10, 0x84, 0x97, 0x10, 0x84, 0xBE, 0x10, 0x84,
  0xE9, 0x30, 0x84, 0xFF, 0x51, 0x8C, 0xFF, 0x30, 0x84, 0xFF, 0x30, 0x84, 0xC5, 0xEF, 0x7B, 0x38,
  0x00, 0x00, 0x00, 0x55, 0xAD, 0x03, 0x00, 0x00, 0x00, 0x00, 0x00, 0x00, 0x00, 0x00, 0x00, 0xEF,
  0x7B, 0x02, 0x55, 0xAD, 0x03, 0x00, 0x00, 0x01, 0x00, 0x00, 0x00, 0x00, 0x00, 0x00, 0x00, 0x00,
  0x00, 0x00, 0x00, 0x00, 0x00, 0x00, 0x00, 0x00, 0x00, 0x00, 0x00, 0x00, 0x00, 0x00, 0x00, 0x00,
  0x00, 0x00, 0x00, 0x00, 0x00, 0x00, 0x00, 0x00, 0x00, 0x00, 0x00, 0x00, 0x00, 0x00, 0x00, 0x00,
  0x00, 0x00, 0x00, 0x00, 0x00, 0x00, 0x00, 0x00, 0x00, 0x00, 0x00, 0x00, 0x00, 0x00, 0x00, 0x00,
  0x00, 0x00, 0x00, 0x00, 0x00, 0x00, 0x00, 0x00, 0x00, 0x00, 0x00, 0x00, 0x00, 0x00, 0x00, 0x01,
  0x00, 0x00, 0x00, 0x00, 0x00, 0x00, 0x00, 0x00, 0x00, 0x00, 0x00, 0x00, 0x00, 0x00, 0x00, 0x00,
  0x00, 0x00, 0x00, 0x00, 0x00, 0xAA, 0x52, 0x03, 0x00, 0x00, 0x00, 0xAE, 0x73, 0x0D, 0x10, 0x84,
  0x6D, 0x10, 0x84, 0xD6, 0x30, 0x84, 0xFF, 0x51, 0x8C, 0xFF, 0x71, 0x8C, 0xFF, 0x71, 0x8C, 0xFF,
  0x71, 0x8C, 0xFF, 0x71, 0x8C, 0xFF, 0x71, 0x8C, 0xFF, 0x71, 0x8C, 0xFF, 0x51, 0x8C, 0xFF, 0x10,
  0x84, 0xFF, 0x10, 0x84, 0xCD, 0x10, 0x84, 0x67, 0xEF, 0x7B, 0x06, 0x00, 0x00, 0x00, 0x55, 0xAD,
  0x03, 0x00, 0x00, 0x00, 0x00, 0x00, 0x00, 0x00, 0x00, 0x00, 0x00, 0x00, 0x00, 0x00, 0x00, 0x00,
  0x00, 0x00, 0x00, 0x00, 0x00, 0x00, 0x00, 0x00, 0x01, 0x00, 0x00, 0x00, 0x00, 0x00, 0x00, 0x00,
  0x00, 0x00, 0x00, 0x00, 0x00, 0x00, 0x00, 0x00, 0x00, 0x00, 0x00, 0x00, 0x00, 0x00, 0x00, 0x00,
  0x00, 0x00, 0x00, 0x00, 0x00, 0x00, 0x00, 0x00, 0x00, 0x00, 0x00, 0x00, 0x00, 0x00, 0x00, 0x00,
  0x00, 0x00, 0x00, 0x00, 0x00, 0x00, 0x00, 0x00, 0x00, 0x00, 0x00, 0x00, 0x00, 0x00, 0x00, 0x00,
  0x00, 0x00, 0x00, 0x00, 0x00, 0x00, 0x00, 0x00, 0xEF, 0x7B, 0x02, 0x00, 0x00, 0x00, 0x92, 0x94,
  0x07, 0x51, 0x8C, 0x61, 0xEF, 0x7B, 0x22, 0x00, 0x00, 0x00, 0xFF, 0xFF, 0x01, 0x00, 0x00, 0x00,
  0x00, 0x00, 0x00, 0x00, 0x00, 0x00, 0xEF, 0x7B, 0x02, 0x00, 0x00, 0x00, 0x00, 0x00, 0x00, 0xEF,
  0x7B, 0x0A, 0xEF, 0x7B, 0x46, 0x10, 0x84, 0x89, 0x10, 0x84, 0xBD, 0x10, 0x84, 0xD3, 0x10, 0x84,
  0xDA, 0x10, 0x84, 0xDB, 0x10, 0x84, 0xD1, 0x10, 0x84, 0xB7, 0x10, 0x84, 0x81, 0xEF, 0x7B, 0x3E,
  0x2C, 0x63, 0x05, 0x00, 0x00, 0x00, 0x00, 0x00, 0x00, 0xEF, 0x7B, 0x02, 0x00, 0x00, 0x00, 0x00,
  0x00, 0x00, 0x00, 0x00, 0x00, 0xFF, 0xFF, 0x01, 0x00, 0x00, 0x00, 0xEF, 0x7B, 0x28, 0x51, 0x8C,
  0x5F, 0xEF, 0x7B, 0x06, 0x00, 0x00, 0x00, 0xFF, 0xFF, 0x01, 0x00, 0x00, 0x00, 0x00, 0x00, 0x00,
  0x00, 0x00, 0x00, 0x00, 0x00, 0x00, 0x00, 0x00, 0x00, 0x00, 0x00, 0x00, 0x00, 0x00, 0x00, 0x00,
  0x00, 0x00, 0x00, 0x00, 0x00, 0x00, 0x00, 0x00, 0x00, 0x00, 0x00, 0x00, 0x00, 0x00, 0x00, 0x00,
  0x00, 0x00, 0x00, 0x00, 0x00, 0x00, 0x00, 0x00, 0x00, 0x00, 0x00, 0x00, 0x00, 0x00, 0x00, 0x00,
  0x00, 0x00, 0x00, 0x00, 0x00, 0x01, 0x00, 0x00, 0x00, 0x8E, 0x73, 0x09, 0x10, 0x84, 0xB4, 0x92,
  0x94, 0xFF, 0x10, 0x84, 0xC0, 0x00, 0x00, 0x00, 0xEF, 0x7B, 0x02, 0x00, 0x00, 0x00, 0x00, 0x00,
  0x00, 0x00, 0x00, 0x00, 0x00, 0x00, 0x00, 0x00, 0x00, 0x01, 0x55, 0xAD, 0x03, 0x00, 0x00, 0x00,
  0x00, 0x00, 0x00, 0x00, 0x00, 0x00, 0x00, 0x00, 0x00, 0xEF, 0x7B, 0x08, 0xEF, 0x7B, 0x10, 0xEF,
  0x7B, 0x10, 0xEF, 0x7B, 0x06, 0x00, 0x00, 0x00, 0x00, 0x00, 0x00, 0x00, 0x00, 0x00, 0x00, 0x00,
  0x00, 0x55, 0xAD, 0x03, 0x00, 0x00, 0x01, 0x00, 0x00, 0x00, 0x00, 0x00, 0x00, 0x00, 0x00, 0x00,
  0x00, 0x00, 0x01, 0xFF, 0xFF, 0x01, 0xEF, 0x7B, 0x06, 0x10, 0x84, 0xD4, 0x92, 0x94, 0xFF, 0x10,
  0x84, 0xAA, 0x2C, 0x63, 0x05, 0x00, 0x00, 0x00, 0x00, 0x00, 0x01, 0x00, 0x00, 0x00, 0x00, 0x00,
  0x00, 0x00, 0x00, 0x00, 0x00, 0x00, 0x00, 0x00, 0x00, 0x00, 0x00, 0x00, 0x00, 0x00, 0x00, 0x00,
  0x00, 0x00, 0x00, 0x00, 0x00, 0x00, 0x00, 0x00, 0x00, 0x00, 0x00, 0x00, 0x00, 0x00, 0x00, 0x00,
  0x00, 0x00, 0x00, 0x00, 0x00, 0x00, 0x00, 0x00, 0x00, 0x00, 0x00, 0x00, 0x00, 0x00, 0x00, 0x00,
  0x00, 0x00, 0x00, 0x01, 0x51, 0x8C, 0x0F, 0x10, 0x84, 0xB3, 0x30, 0x84, 0xFF, 0x51, 0x8C, 0xFF,
  0x10, 0x84, 0x96, 0x00, 0x00, 0x00, 0xAA, 0x52, 0x03, 0x00, 0x00, 0x00, 0x00, 0x00, 0x00, 0x00,
  0x00, 0x00, 0x00, 0x00, 0x00, 0x00, 0x00, 0x00, 0x00, 0x00, 0x00, 0x00, 0x00, 0x01, 0x55, 0xAD,
  0x03, 0x55, 0xAD, 0x03, 0xEF, 0x7B, 0x02, 0x00, 0x00, 0x00, 0x00, 0x00, 0x00, 0x00, 0x00, 0x00,
  0x00, 0x00, 0x00, 0xEF, 0x7B, 0x02, 0x55, 0xAD, 0x03, 0xAA, 0x52, 0x03, 0x00, 0x00, 0x01, 0x00,
  0x00, 0x00, 0x00, 0x00, 0x00, 0x00, 0x00, 0x00, 0x00, 0x00, 0x00, 0x00, 0x00, 0x00, 0x00, 0x00,
  0x00, 0xEF, 0x7B, 0x02, 0xEF, 0x7B, 0x04, 0x10, 0x84, 0xA4, 0x51, 0x8C, 0xFF, 0x30, 0x84, 0xFF,
  0x10, 0x84, 0xA9, 0x51, 0x8C, 0x0B, 0xEF, 0x7B, 0x02, 0x00, 0x00, 0x01, 0x00, 0x00, 0x00, 0x00,
  0x00, 0x00, 0x00, 0x00, 0x00, 0x00, 0x00, 0x00, 0x00, 0x00, 0x00, 0x00, 0x00, 0x00, 0x00, 0x00,
  0x00, 0x00, 0x00, 0x00, 0x00, 0x00, 0x00, 0x00, 0x00, 0x00, 0x00, 0x00, 0x00, 0x00, 0x00, 0x00,
  0x00, 0x00, 0x00, 0x00, 0x00, 0x00, 0x00, 0x00, 0x00, 0x00, 0x00, 0x00, 0xAA, 0x52, 0x03, 0x00,
  0x00, 0x00, 0x10, 0x84, 0x4B, 0x92, 0x94, 0xFF, 0x51, 0x8C, 0xFF, 0x10, 0x84, 0xA2, 0x55, 0xAD,
  0x03, 0xEF, 0x7B, 0x02, 0x00, 0x00, 0x01, 0x00, 0x00, 0x00, 0x00, 0x00, 0x00, 0x00, 0x00, 0x00,
  0x00, 0x00, 0x00, 0x00, 0x00, 0x00, 0x00, 0x00, 0x00, 0x00, 0x00, 0x00, 0x00, 0x00, 0x00, 0x00,
  0x00, 0x00, 0x00, 0x00, 0x00, 0x00, 0x00, 0x01, 0xFF, 0xFF, 0x01, 0xFF, 0xFF, 0x01, 0x00, 0x00,
  0x01, 0x00, 0x00, 0x00, 0x00, 0x00, 0x00, 0x00, 0x00, 0x00, 0x00, 0x00, 0x00, 0x00, 0x00, 0x00,
  0x00, 0x00, 0x00, 0x00, 0x00, 0x00, 0x00, 0x00, 0x00, 0x00, 0x00, 0x00, 0x00, 0x00, 0x00, 0x00,
  0x00, 0x01, 0x00, 0x00, 0x01, 0xEF, 0x7B, 0x06, 0x10, 0x84, 0xAD, 0x51, 0x8C, 0xFF, 0x71, 0x8C,
  0xFF, 0x10, 0x84, 0x39, 0x00, 0x00, 0x00, 0xAA, 0x52, 0x03, 0x00, 0x00, 0x00, 0x00, 0x00, 0x00,
  0x00, 0x00, 0x00, 0x00, 0x00, 0x00, 0x00, 0x00, 0x00, 0x00, 0x00, 0x00, 0x00, 0x00, 0x00, 0x00,
  0x00, 0x00, 0x00, 0x00, 0x00, 0x00, 0x00, 0x00, 0x00, 0x00, 0x00, 0x00, 0x00, 0x00, 0x00, 0x00,
  0x00, 0x00, 0x00, 0x00, 0x00, 0x00, 0x00, 0x00, 0x00, 0x00, 0xFF, 0xFF, 0x01, 0x00, 0x00, 0x00,
  0x30, 0x84, 0x11, 0x10, 0x84, 0xAB, 0x10, 0x84, 0x90, 0xFF, 0xFF, 0x01, 0x00, 0x00, 0x00, 0x00,
  0x00, 0x01, 0x00, 0x00, 0x00, 0x00, 0x00, 0x00, 0x00, 0x00, 0x00, 0x00, 0x00, 0x00, 0x00, 0x00,
  0x00, 0x00, 0x00, 0x00, 0x00, 0x00, 0x00, 0x00, 0x00, 0x00, 0x00, 0x00, 0x00, 0x00, 0x00, 0x00,
  0x00, 0x00, 0x00, 0x00, 0x00, 0x00, 0xFF, 0xFF, 0x01, 0x00, 0x00, 0x01, 0x00, 0x00, 0x00, 0x00,
  0x00, 0x00, 0x00, 0x00, 0x00, 0x00, 0x00, 0x00, 0x00, 0x00, 0x00, 0x00, 0x00, 0x00, 0x00, 0x00,
  0x00, 0x00, 0x00, 0x00, 0x00, 0x00, 0x00, 0x00, 0x00, 0x00, 0x00, 0x00, 0x00, 0x00, 0x00, 0x00,
  0x00, 0x00, 0x01, 0x00, 0x00, 0x00, 0xEF, 0x7B, 0x04, 0x10, 0x84, 0x9B, 0x10, 0x84, 0x9B, 0xEF,
  0x7B, 0x08, 0x00, 0x00, 0x00, 0x00, 0x00, 0x01, 0x00, 0x00, 0x00, 0x00, 0x00, 0x00, 0x00, 0x00,
  0x00, 0x00, 0x00, 0x00, 0x00, 0x00, 0x00, 0x00, 0x00, 0x00, 0x00, 0x00, 0x00, 0x00, 0x00, 0x00,
  0x00, 0x00, 0x00, 0x00, 0x00, 0x00, 0x00, 0x00, 0x00, 0x00, 0x00, 0x00, 0x00, 0x00, 0x00, 0x00,
  0x00, 0x00, 0x00, 0x00, 0x00, 0x00, 0x00, 0x00, 0x00, 0x00, 0x00, 0x00, 0x00, 0x00, 0x00, 0x00,
  0x00, 0x00, 0x00, 0x00, 0x00, 0x00, 0x00, 0x00, 0x00, 0x00, 0x00, 0x00, 0x01, 0x00, 0x00, 0x00,
  0x00, 0x00, 0x00, 0x00, 0x00, 0x00, 0x00, 0x00, 0x00, 0x00, 0x00, 0x00, 0x00, 0x00, 0x00, 0x00,
  0x00, 0x00, 0x00, 0x00, 0x00, 0x00, 0x00, 0x00, 0x00, 0x00, 0x00, 0x00, 0x00, 0x00, 0x00, 0x00,
  0x00, 0x00, 0x00, 0x01, 0x00, 0x00, 0x00, 0x00, 0x00, 0x00, 0x00, 0x00, 0x01, 0x00, 0x00, 0x00,
  0x00, 0x00, 0x00, 0x00, 0x00, 0x00, 0x00, 0x00, 0x00, 0x00, 0x00, 0x00, 0x00, 0x00, 0x00, 0x00,
  0x00, 0x00, 0x00, 0x00, 0x00, 0x00, 0x00, 0x00, 0x00, 0x00, 0x00, 0x00, 0x00, 0x00, 0x00, 0x00,
  0x00, 0x00, 0x00, 0x01, 0x00, 0x00, 0x00, 0x00, 0x00, 0x00, 0x00, 0x00, 0x00, 0x00, 0x00, 0x00,
  0x00, 0x00, 0x00, 0x00, 0x00, 0x00, 0x00, 0x00, 0x00, 0x00, 0x00, 0x00, 0x00, 0x00, 0x00, 0x00,
  0x00, 0x00, 0x00, 0x00, 0x00, 0x00, 0x00, 0x00, 0x00, 0x00, 0x00, 0x00, 0x00, 0x00, 0x00, 0x00,
  0x00, 0x00, 0x00, 0x00, 0x00, 0x00, 0x00, 0x00, 0x00, 0x00, 0x00, 0x00, 0x00, 0x00, 0x00, 0x00,
  0x00, 0x00, 0x00, 0x00, 0x00, 0x00, 0x00, 0x00, 0x00, 0x00, 0x00, 0x00, 0x00, 0x00, 0x01, 0x55,
  0xAD, 0x03, 0x55, 0xAD, 0x03, 0x00, 0x00, 0x01, 0x00, 0x00, 0x00, 0x00, 0x00, 0x00, 0x00, 0x00,
  0x00, 0x00, 0x00, 0x00, 0x00, 0x00, 0x00, 0x00, 0x00, 0x00, 0x00, 0x00, 0x00, 0x00, 0x00, 0x00,
  0x00, 0x00, 0x00, 0x00, 0x00, 0x00, 0x00, 0x00, 0x00, 0x00, 0x00, 0x00, 0x00, 0x00, 0x00, 0x00,
  0x00, 0x00, 0x51, 0x8C, 0x0F, 0xEF, 0x7B, 0x0A, 0x00, 0x00, 0x00, 0x00, 0x00, 0x01, 0x00, 0x00,
  0x00, 0x00, 0x00, 0x00, 0x00, 0x00, 0x00, 0x00, 0x00, 0x00, 0x00, 0x00, 0x00, 0x00, 0x00, 0x00,
  0x00, 0x00, 0x00, 0x00, 0x00, 0x00, 0x00, 0x00, 0x00, 0x00, 0x00, 0x00, 0x00, 0x00, 0x00, 0x00,
  0x00, 0x00, 0x00, 0x00, 0x01, 0x55, 0xAD, 0x03, 0x55, 0xAD, 0x03, 0x00, 0x00, 0x00, 0x00, 0x00,
  0x00, 0x00, 0x00, 0x00, 0x00, 0x00, 0x00, 0x00, 0x00, 0x00, 0x00, 0x00, 0x00, 0x00, 0x00, 0x00,
  0x00, 0x00, 0x00, 0x00, 0x00, 0x00, 0x00, 0x00, 0x00, 0x00, 0x00, 0x00, 0x00, 0x00, 0x00, 0x00,
  0x00, 0x00, 0x00, 0x00, 0x00, 0x00, 0x00, 0x00, 0x00, 0x00, 0x00, 0x00, 0x00, 0x00, 0x00, 0x00,
  0x00, 0x00, 0x00, 0x00, 0x00, 0x00, 0x00, 0x00, 0x00, 0x00, 0x00, 0x00, 0x00, 0x00, 0x00, 0x00,
  0x00, 0x00, 0x00, 0x00, 0x00, 0x00, 0x00, 0x00, 0x00, 0x00, 0x00, 0x00, 0x00, 0x00, 0x00, 0x00,
  0x00, 0x00, 0x00, 0x00, 0x00, 0x00, 0x00, 0x00, 0x00, 0x00, 0x00, 0x00, 0x00, 0x00, 0x00, 0x00,
  0x00, 0x00, 0x00, 0x00, 0x00, 0x00, 0x00, 0xEF, 0x7B, 0x02, 0x00, 0x00, 0x00, 0xEF, 0x7B, 0x20,
  0x10, 0x84, 0xDB, 0x10, 0x84, 0xD0, 0xEF, 0x7B, 0x14, 0x00, 0x00, 0x00, 0x00, 0x00, 0x01, 0x00,
  0x00, 0x00, 0x00, 0x00, 0x00, 0x00, 0x00, 0x00, 0x00, 0x00, 0x00, 0x00, 0x00, 0x00, 0x00, 0x00,
  0x00, 0x00, 0x00, 0x00, 0x00, 0x00, 0x00, 0x00, 0x00, 0x00, 0x00, 0x00, 0x00, 0x00, 0x00, 0x00,
  0x00, 0x00, 0x00, 0x00, 0x00, 0x00, 0x00, 0x00, 0x00, 0x00, 0x00, 0x00, 0x00, 0x00, 0x00, 0x00,
  0x00, 0x00, 0x00, 0x00, 0x00, 0x00, 0x00, 0x00, 0x00, 0x00, 0x00, 0x00, 0x00, 0x00, 0x00, 0x00,
  0x00, 0x00, 0x00, 0x00, 0x00, 0x00, 0x00, 0x00, 0x00, 0x00, 0x00, 0x00, 0x00, 0x00, 0x00, 0x00,
  0x00, 0x00, 0x00, 0x00, 0x00, 0x00, 0x00, 0x00, 0x00, 0x00, 0x00, 0x00, 0x00, 0x00, 0x00, 0x00,
  0x00, 0x00, 0x00, 0x00, 0x00, 0x00, 0x00, 0x00, 0x00, 0x00, 0x00, 0x00, 0x00, 0x00, 0x00, 0x00,
  0x00, 0x00, 0x00, 0x00, 0x00, 0x00, 0x00, 0x00, 0x00, 0x00, 0x00, 0x00, 0x00, 0x00, 0x00, 0x00,
  0x00, 0x00, 0x00, 0x00, 0x00, 0x00, 0x00, 0x00, 0x00, 0x00, 0x00, 0x00, 0x00, 0x00, 0x00, 0x00,
  0x00, 0x00, 0x00, 0x00, 0x00, 0x55, 0xAD, 0x03, 0x00, 0x00, 0x00, 0x10, 0x84, 0x51, 0x51, 0x8C,
  0xFF, 0x10, 0x84, 0xFF, 0x30, 0x84, 0x38, 0x00, 0x00, 0x00, 0xEF, 0x7B, 0x02, 0x00, 0x00, 0x00,
  0x00, 0x00, 0x00, 0x00, 0x00, 0x00, 0x00, 0x00, 0x00, 0x00, 0x00, 0x00, 0x00, 0x00, 0x00, 0x00,
  0x00, 0x00, 0x00, 0x00, 0x00, 0x00, 0x00, 0x00, 0x00, 0x00, 0x00, 0x00, 0x00, 0x00, 0x00, 0x00,
  0x00, 0x00, 0x00, 0x00, 0x00, 0x00, 0x00, 0x00, 0x00, 0x00, 0x00, 0x00, 0x00, 0x00, 0x00, 0x00,
  0x00, 0x00, 0x00, 0x00, 0x00, 0x00, 0x00, 0x00, 0x00, 0x00, 0x00, 0x00, 0x00, 0x00, 0x00, 0x00,
  0x00, 0x00, 0x00, 0x00, 0x00, 0x00, 0x00, 0x00, 0x00, 0x00, 0x00, 0x00, 0x00, 0x00, 0x00, 0x00,
  0x00, 0x00, 0x00, 0x00, 0x00, 0x00, 0x00, 0x00, 0x00, 0x00, 0x00, 0x00, 0x00, 0x00, 0x00, 0x00,
  0x00, 0x00, 0x00, 0x00, 0x00, 0x00, 0x00, 0x00, 0x00, 0x00, 0x00, 0x00, 0x00, 0x00, 0x00, 0x00,
  0x00, 0x00, 0x00, 0x00, 0x00, 0x00, 0x00, 0x00, 0x00, 0x00, 0x00, 0x00, 0x00, 0x00, 0x00, 0x00,
  0x00, 0x00, 0x00, 0x00, 0x00, 0x00, 0x00, 0x00, 0x00, 0x00, 0x00, 0x00, 0x00, 0x00, 0x00, 0x00,
  0x00, 0x00, 0x00, 0x55, 0xAD, 0x03, 0x00, 0x00, 0x00, 0x10, 0x84, 0x4F, 0x30, 0x84, 0xFA, 0x10,
  0x84, 0xF6, 0x30, 0x84, 0x34, 0x00, 0x00, 0x00, 0xEF, 0x7B, 0x02, 0x00, 0x00, 0x00, 0x00, 0x00,
  0x00, 0x00, 0x00, 0x00, 0x00, 0x00, 0x00, 0x00, 0x00, 0x00, 0x00, 0x00, 0x00, 0x00, 0x00, 0x00,
  0x00, 0x00, 0x00, 0x00, 0x00, 0x00, 0x00, 0x00, 0x00, 0x00, 0x00, 0x00, 0x00, 0x00, 0x00, 0x00,
  0x00, 0x00, 0x00, 0x00, 0x00, 0x00, 0x00, 0x00, 0x00, 0x00, 0x00, 0x00, 0x00, 0x00, 0x00, 0x00,
  0x00, 0x00, 0x00, 0x00, 0x00, 0x00, 0x00, 0x00, 0x00, 0x00, 0x00, 0x00, 0x00, 0x00, 0x00, 0x00,
  0x00, 0x00, 0x00, 0x00, 0x00, 0x00, 0x00, 0x00, 0x00, 0x00, 0x00, 0x00, 0x00, 0x00, 0x00, 0x00,
  0x00, 0x00, 0x00, 0x00, 0x00, 0x00, 0x00, 0x00, 0x00, 0x00, 0x00, 0x00, 0x00, 0x00, 0x00, 0x00,
  0x00, 0x00, 0x00, 0x00, 0x00, 0x00, 0x00, 0x00, 0x00, 0x00, 0x00, 0x00, 0x00, 0x00, 0x00, 0x00,
  0x00, 0x00, 0x00, 0x00, 0x00, 0x00, 0x00, 0x00, 0x00, 0x00, 0x00, 0x00, 0x00, 0x00, 0x00, 0x00,
  0x00, 0x00, 0x00, 0x00, 0x00, 0x00, 0x00, 0x00, 0x00, 0x00, 0x00, 0x00, 0x00, 0x00, 0x00, 0x00,
  0x00, 0x55, 0xAD, 0x03, 0x00, 0x00, 0x00, 0x10, 0x84, 0x4D, 0x51, 0x8C, 0xFF, 0x30, 0x84, 0xFF,
  0x10, 0x84, 0x31, 0x00, 0x00, 0x00, 0xEF, 0x7B, 0x02, 0x00, 0x00, 0x00, 0x00, 0x00, 0x00, 0x00,
  0x00, 0x00, 0x00, 0x00, 0x00, 0x00, 0x00, 0x00, 0x00, 0x00, 0x00, 0x00, 0x00, 0x00, 0x00, 0x00,
  0x00, 0x00, 0x00, 0x00, 0x00, 0x00, 0x00, 0x00, 0x00, 0x00, 0x00, 0x00, 0x00, 0x00, 0x00, 0x00,
  0x00, 0x00, 0x00, 0x00, 0x00, 0x00, 0x00, 0x00, 0x00, 0x00, 0x00, 0x00, 0x00, 0x00, 0x00, 0x00,
  0x00, 0x00, 0x00, 0x00, 0x00, 0x00, 0x00, 0x00, 0x00, 0x00, 0x00, 0x00, 0x00, 0x00, 0x00, 0x00,
  0x00, 0x00, 0x00, 0x00, 0x00, 0x00, 0x00, 0x00, 0x00, 0x00, 0x00, 0x00, 0x00, 0x00, 0x00, 0x00,
  0x00, 0x00, 0x00, 0x00, 0x00, 0x00, 0x00, 0x00, 0x00, 0x00, 0x00, 0x00, 0x00, 0x00, 0x00, 0x00,
  0x00, 0x00, 0x00, 0x00, 0x00, 0x00, 0x00, 0x00, 0x00, 0x00, 0x00, 0x00, 0x00, 0x00, 0x00, 0x00,
  0x00, 0x00, 0x00, 0x00, 0x00, 0x00, 0x00, 0x00, 0x00, 0x00, 0x00, 0x00, 0x00, 0x00, 0x00, 0x00,
  0x00, 0x00, 0x00, 0x00, 0x00, 0x00, 0x00, 0x00, 0x00, 0x00, 0x00, 0x00, 0x00, 0x00, 0x00, 0xFF,
  0xFF, 0x01, 0x00, 0x00, 0x00, 0x71, 0x8C, 0x10, 0x10, 0x84, 0xA9, 0x10, 0x84, 0xA3, 0x92, 0x94,
  0x07, 0x00, 0x00, 0x01, 0x00, 0x00, 0x01, 0x00, 0x00, 0x00, 0x00, 0x00, 0x00, 0x00, 0x00, 0x00,
  0x00, 0x00, 0x00, 0x00, 0x00, 0x00, 0x00, 0x00, 0x00, 0x00, 0x00, 0x00, 0x00, 0x00, 0x00, 0x00,
  0x00, 0x00, 0x00, 0x00, 0x00, 0x00, 0x00, 0x00, 0x00, 0x00, 0x00, 0x00, 0x00, 0x00, 0x00, 0x00,
  0x00, 0x00, 0x00, 0x00, 0x00, 0x00, 0x00, 0x00, 0x00, 0x00, 0x00, 0x00, 0x00, 0x00, 0x00, 0x00,
  0x00, 0x00, 0x00, 0x00, 0x00, 0x00, 0x00, 0x00, 0x00, 0x00, 0x00, 0x00, 0x00, 0x00, 0x00, 0x00,
  0x00, 0x00, 0x00, 0x00, 0x00, 0x00, 0x00, 0x00, 0x00, 0x00, 0x00, 0x00, 0x00, 0x00, 0x00, 0x00,
  0x00, 0x00, 0x00, 0x00, 0x00, 0x00, 0x00, 0x00, 0x00, 0x00, 0x00, 0x00, 0x00, 0x00, 0x00, 0x00,
  0x00, 0x00, 0x00, 0x00, 0x00, 0x00, 0x00, 0x00, 0x00, 0x00, 0x00, 0x00, 0x00, 0x00, 0x00, 0x00,
  0x00, 0x00, 0x00, 0x00, 0x00, 0x00, 0x00, 0x00, 0x00, 0x00, 0x00, 0x00, 0x00, 0x00, 0x00, 0x00,
  0x00, 0x00, 0x00, 0x00, 0x00, 0x00, 0x00, 0x00, 0x00, 0x00, 0x00, 0x00, 0x00, 0x00, 0x00, 0x00,
  0x00, 0x00, 0x00, 0x00, 0x00, 0x00, 0x00, 0x00, 0x00, 0x00, 0x00, 0x00, 0x00, 0x00, 0x00, 0x00,
  0x00, 0x00, 0x00, 0x00, 0x00, 0x00, 0x00, 0x00, 0x00, 0x00, 0x00, 0x00, 0x00, 0x00, 0x00, 0x00,
  0x00, 0x00, 0x00, 0x00, 0x00, 0x00, 0x00, 0x00, 0x00, 0x00, 0x00, 0x00, 0x00, 0x00, 0x00, 0x00,
  0x00, 0x00, 0x00, 0x00, 0x00, 0x00, 0x00, 0x00, 0x00, 0x00, 0x00, 0x00, 0x00, 0x00, 0x00, 0x00,
  0x00, 0x00, 0x00, 0x00, 0x00, 0x00, 0x00, 0x00, 0x00, 0x00, 0x00, 0x00, 0x00, 0x00, 0x00, 0x00,
  0x00, 0x00, 0x00, 0x00, 0x00, 0x00, 0x00, 0x00, 0x00, 0x00, 0x00, 0x00, 0x00, 0x00, 0x00, 0x00,
  0x00, 0x00, 0x00, 0x00, 0x00, 0x00, 0x00, 0x00, 0x00, 0x00, 0x00, 0x00, 0x00, 0x00, 0x00, 0x00,
  0x00, 0x00, 0x00, 0x00, 0x00, 0x00, 0x00, 0x00, 0x00, 0x00, 0x00, 0x00, 0x00, 0x00, 0x00, 0x00,
  0x00, 0x00, 0x00, 0x00, 0x00, 0x00, 0x00, 0x00, 0x00, 0x00, 0x00, 0x00, 0x00, 0x00, 0x00, 0x00,
  0x00, 0x00, 0x00, 0x00, 0x00, 0x00, 0x00, 0x00, 0x00, 0x00, 0x00, 0x00, 0x00, 0x00, 0x00, 0x00,
  0x00, 0x00, 0x00, 0x00, 0x00, 0x00, 0x00, 0x00, 0x00, 0x00, 0x00, 0x00, 0x00, 0x00, 0x00, 0x00,
  0x00, 0x00, 0x00, 0x01, 0xFF, 0xFF, 0x01, 0xFF, 0xFF, 0x01, 0x00, 0x00, 0x00, 0x00, 0x00, 0x00,
  0x00, 0x00, 0x00, 0x00, 0x00, 0x00, 0x00, 0x00, 0x00, 0x00, 0x00, 0x00, 0x00, 0x00, 0x00, 0x00,
  0x00, 0x00, 0x00, 0x00, 0x00, 0x00, 0x00, 0x00, 0x00, 0x00, 0x00, 0x00, 0x00, 0x00, 0x00, 0x00,
  0x00, 0x00, 0x00, 0x00, 0x00, 0x00, 0x00, 0x00, 0x00, 0x00, 0x00, 0x00, 0x00, 0x00, 0x00, 0x00,
  0x00, 0x00, 0x00, 0x00, 0x00, 0x00, 0x00, 0x00, 0x00, 0x00, 0x00, 0x00, 0x00, 0x00, 0x00, 0x00,
  0x00, 0x00, 0x00, 0x00, 0x00, 0x00, 0x00, 0x00, 0x00, 0x00, 0x00, 0x00, 0x00, 0x00, 0x00, 0x00,
  0x00, 0x00, 0x00, 0x00, 0x00, 0x00, 0x00, 0x00, 0x00, 0x00, 0x00, 0x00, 0x00, 0x00, 0x00, 0x00,
  0x00, 0x00, 0x00, 0x00, 0x00, 0x00, 0x00, 0x00, 0x00, 0x00, 0x00, 0x00, 0x00, 0x00, 0x00, 0x00,
  0x00, 0x00, 0x00, 0x00, 0x00, 0x00, 0x00, 0x00, 0x00, 0x00, 0x00, 0x00, 0x00, 0x00, 0x00, 0x00,
  0x00, 0x00, 0x00, 0x00, 0x00, 0x00, 0x00, 0x00, 0x00, 0x00, 0x00, 0x00, 0x00, 0x00, 0x00, 0x00,
  0x00, 0x00, 0x00, 0x00, 0x00, 0x00, 0x00, 0x00, 0x00, 0x00, 0x00, 0x00, 0x00, 0x00, 0x00, 0x00,
  0x00, 0x00, 0x00, 0x00, 0x00, 0x00, 0x00, 0x00, 0x00, 0x00, 0x00, 0x00, 0x00, 0x00, 0x00, 0x00,
  0x00, 0x00, 0x00, 0x00, 0x00, 0x00, 0x00, 0x00, 0x00, 0x00, 0x00, 0x00, 0x00, 0x00, 0x00, 0x00,
  0x00, 0x00, 0x00, 0x00, 0x00, 0x00, 0x00, 0x00, 0x00, 0x00, 0x00, 0x00, 0x00, 0x00, 0x00, 0x00,
  0x00, 0x00, 0x00, 0x00, 0x00, 0x00, 0x00, 0x00, 0x00, 0x00, 0x00, 0x00, 0x00, 0x00, 0x00, 0x00,
  0x00, 0x00, 0x00, 0x00, 0x00, 0x00, 0x00, 0x00, 0x00, 0x00, 0x00, 0x00, 0x00, 0x00, 0x00, 0x00,
  0x00, 0x00, 0x00, 0x00, 0x00, 0x00, 0x00, 0x00, 0x00, 0x00, 0x00, 0x00, 0x00, 0x00, 0x00, 0x00,
  0x00, 0x00, 0x00, 0x00, 0x00, 0x00, 0x00, 0x00, 0x00, 0x00, 0x00, 0x00, 0x00, 0x00, 0x00, 0x00,
  0x00, 0x00, 0x00, 0x00, 0x00, 0x00, 0x00, 0x00, 0x00, 0x00, 0x00, 0x00, 0x00, 0x00, 0x00, 0x00,
  0x00, 0x00, 0x00, 0x00, 0x00, 0x00, 0x00, 0x00, 0x00, 0x00, 0x00, 0x00, 0x00, 0x00, 0x00, 0x00,
  0x00, 0x00, 0x00, 0x00, 0x00, 0x00, 0x00, 0x00, 0x00, 0x00, 0x00, 0x00, 0x00, 0x00, 0x00, 0x00,
  0x00, 0x00, 0x00, 0x00, 0x00, 0x00, 0x00, 0x00, 0x00, 0x00, 0x00, 0x00, 0x00, 0x00, 0x00, 0x00,
  0x00, 0x00, 0x00, 0x00, 0x00, 0x00, 0x00, 0x00, 0x00, 0x00, 0x00, 0x00, 0x00, 0x00, 0x00, 0x00,
  0x00, 0x00, 0x00, 0x00, 0x00, 0x00, 0x00, 0x00, 0x00, 0x00, 0x00, 0x00, 0x00, 0x00, 0x00, 0x00,
  0x00, 0x00, 0x00, 0x00, 0x00, 0x00, 0x00, 0x00, 0x00, 0x00, 0x00, 0x00, 0x00, 0x00, 0x00, 0x00,
  0x00, 0x00, 0x00, 0x00, 0x00, 0x00, 0x00, 0x00, 0x00, 0x00, 0x00, 0x00, 0x00, 0x00, 0x00, 0x00,
  0x00, 0x00, 0x00, 0x00, 0x00, 0x00, 0x00, 0x00, 0x00, 0x00, 0x00, 0x00, 0x00, 0x00, 0x00, 0x00,
  0x00, 0x00, 0x00, 0x00, 0x00, 0x00, 0x00, 0x00, 0x00, 0x00,
};
const lv_img_dsc_t ic_brightness_medium_normal = {
  .header.always_zero = 0,
  .header.w = 58,
  .header.h = 59,
  .data_size = 10266,
  .header.cf = LV_IMG_CF_TRUE_COLOR_ALPHA,
  .data = ic_brightness_medium_normal_data,
};

/* ic_brightness_off_active.png */
static const uint8_t ic_brightness_off_active_data[] = {
  0x00, 0x00, 0x00, 0x00, 0x00, 0x00, 0x00, 0x00, 0x00, 0x00, 0x00, 0x00, 0x00, 0x00, 0x00, 0x00,
  0x00, 0x00, 0x00, 0x00, 0x00, 0x00, 0x00, 0x00, 0x00, 0x00, 0x00, 0x00, 0x00, 0x00, 0x00, 0x00,
  0x00, 0x00, 0x00, 0x00, 0x00, 0x00, 0x00, 0x00, 0x00, 0x00, 0x00, 0x00, 0x00, 0x00, 0x00, 0x00,
  0x00, 0x00, 0x00, 0x00, 0x00, 0x00, 0x00, 0x00, 0x00, 0x00, 0x00, 0x00, 0x00, 0x00, 0x00, 0x00,
  0x00, 0x00, 0x00, 0x00, 0x00, 0x00, 0x00, 0x00, 0x00, 0x00, 0x00, 0x00, 0x00, 0x00, 0x00, 0x00,
  0x00, 0x00, 0x00, 0x00, 0x00, 0x00, 0x00, 0x00, 0x00, 0x00, 0x00, 0x00, 0x00, 0x00, 0x00, 0x00,
  0x00, 0x00, 0x00, 0x00, 0x00, 0x00, 0x00, 0x00, 0x00, 0x00, 0x00, 0x00, 0x00, 0x00, 0x00, 0x00,
  0x00, 0x00, 0x00, 0x00, 0x00, 0x00, 0x00, 0x00, 0x00, 0x00, 0x00, 0x00, 0x00, 0x00, 0x00, 0x00,
  0x00, 0x00, 0x00, 0x00, 0x00, 0x00, 0x00, 0x00, 0x00, 0x00, 0x00, 0x00, 0x00, 0x00, 0x00, 0x00,
  0x00, 0x00, 0x00, 0x00, 0x00, 0x00, 0x00, 0x00, 0x00, 0x00, 0x00, 0x00, 0x00, 0x00, 0x00, 0x00,
  0x00, 0x00, 0x00, 0x00, 0x00, 0x00, 0x00, 0x00, 0x00, 0x00, 0x00, 0x00, 0x00, 0x00, 0x00, 0x00,
  0x00, 0x00, 0x00, 0x00, 0x00, 0x00, 0x00, 0x00, 0x00, 0x00, 0x00, 0x00, 0x00, 0x00, 0x00, 0x00,
  0x00, 0x00, 0x00, 0x00, 0x00, 0x00, 0x00, 0x00, 0x00, 0x00, 0x00, 0x00, 0x00, 0x00, 0x00, 0x00,
  0x00, 0x00, 0x00, 0x00, 0x00, 0x00, 0x00, 0x00, 0x00, 0x00, 0x00, 0x00, 0x00, 0x00, 0x00, 0x00,
  0x00, 0x00, 0x00, 0x00, 0x00, 0x00, 0x00, 0x00, 0x00, 0x00, 0x00, 0x00, 0x00, 0x00, 0x00, 0x00,
  0x00, 0x00, 0x00, 0x00, 0x00, 0x00, 0x00, 0x00, 0x00, 0x00, 0x00, 0x00, 0x00, 0x00, 0x00, 0x00,
  0x00, 0x00, 0x00, 0x00, 0x00, 0x00, 0x00, 0x00, 0x00, 0x00, 0x00, 0x00, 0x00, 0x00, 0x00, 0x00,
  0x00, 0x00, 0x00, 0x00, 0x00, 0x00, 0x00, 0x00, 0x00, 0x00, 0x00, 0x00, 0x00, 0x00, 0x00, 0x00,
  0x00, 0x00, 0x00, 0x00, 0x00, 0x00, 0x00, 0x00, 0x00, 0x00, 0x00, 0x00, 0x00, 0x00, 0x00, 0x00,
  0x00, 0x00, 0x00, 0x00, 0x00, 0x00, 0x00, 0x00, 0x00, 0x00, 0x00, 0x00, 0x00, 0x00, 0x00, 0x00,
  0x00, 0x00, 0x00, 0x00, 0x00, 0x00, 0x00, 0x00, 0x00, 0x00, 0x00, 0x00, 0x00, 0x00, 0x00, 0x00,
  0x00, 0x00, 0x00, 0x00, 0x00, 0x00, 0x00, 0x00, 0x00, 0x00, 0x00, 0x00, 0x00, 0x00, 0x00, 0x00,
  0x00, 0x00, 0x00, 0x00, 0x00, 0x00, 0x00, 0x00, 0x00, 0x00, 0x00, 0x00, 0x00, 0x00, 0x00, 0x00,
  0x00, 0x00, 0x00, 0x00, 0x00, 0x00, 0x00, 0x00, 0x00, 0x00, 0x00, 0x00, 0x00, 0x00, 0x00, 0x00,
  0x00, 0x00, 0x00, 0x00, 0x00, 0x00, 0x00, 0x00, 0x00, 0x00, 0x00, 0x00, 0x00, 0x00, 0x00, 0x00,
  0x00, 0x00, 0x00, 0x00, 0x00, 0x00, 0x00, 0x00, 0x00, 0x00, 0x00, 0x00, 0x00, 0x00, 0x00, 0x00,
  0x00, 0x00, 0x00, 0x00, 0x00, 0x00, 0x00, 0x00, 0x00, 0x00, 0x00, 0x00, 0x00, 0x00, 0x00, 0x00,
  0x00, 0x00, 0x00, 0x00, 0x00, 0x00, 0x00, 0x00, 0x00, 0x00, 0x00, 0x00, 0x00, 0x00, 0x00, 0x00,
  0x00, 0x00, 0x00, 0x00, 0x00, 0x00, 0x00, 0x00, 0x00, 0x00, 0x00, 0x00, 0x00, 0x00, 0x00, 0x00,
  0x00, 0x00, 0x00, 0x00, 0x00, 0x00, 0x00, 0x00, 0x00, 0x00, 0x00, 0x00, 0x00, 0x00, 0x00, 0x00,
  0x00, 0x00, 0x00, 0x00, 0x00, 0x00, 0x00, 0x00, 0x00, 0x00, 0x00, 0x00, 0x00, 0x00, 0x00, 0x00,
  0x00, 0x00, 0x00, 0x00, 0x00, 0x00, 0x00, 0x00, 0x00, 0x00, 0x00, 0x00, 0x00, 0x00, 0x00, 0x00,
  0x00, 0x00, 0x00, 0x00, 0x00, 0x00, 0x00, 0x00, 0x00, 0x00, 0x00, 0x00, 0x00, 0x00, 0x00, 0x00,
  0x00, 0x00, 0x00, 0x00, 0x00, 0x00, 0x00, 0x00, 0x00, 0x00, 0x00, 0x00, 0x00, 0x00, 0x00, 0x00,
  0x00, 0x00, 0x00, 0x00, 0x00, 0x00, 0x00, 0x00, 0x00, 0x00, 0x00, 0x00, 0x00, 0x00, 0x00, 0x00,
  0x00, 0x00, 0x00, 0x00, 0x00, 0x00, 0x00, 0x00, 0x00, 0x00, 0x00, 0x00, 0x00, 0x00, 0x00, 0x00,
  0x00, 0x00, 0x00, 0x00, 0x00, 0x00, 0x00, 0x00, 0x00, 0x00, 0x00, 0x00, 0x00, 0x00, 0x00, 0x00,
  0x00, 0x00, 0x00, 0x00, 0x00, 0x00, 0x00, 0x00, 0x00, 0x00, 0x00, 0x00, 0x00, 0x00, 0x00, 0x00,
  0x00, 0x00, 0x00, 0x00, 0x00, 0x00, 0x00, 0x00, 0x00, 0x00, 0x00, 0x00, 0x00, 0x00, 0x00, 0x00,
  0x00, 0x00, 0x00, 0x00, 0x00, 0x00, 0x00, 0x00, 0x00, 0x00, 0x00, 0x00, 0x00, 0x00, 0x00, 0x00,
  0x00, 0x00, 0x00, 0x00, 0x00, 0x00, 0x00, 0x00, 0x00, 0x00, 0x00, 0x00, 0x00, 0x00, 0x00, 0x00,
  0x00, 0x00, 0x00, 0x00, 0x00, 0x00, 0x00, 0x00, 0x00, 0x00, 0x00, 0x00, 0x00, 0x00, 0x00, 0x00,
  0x00, 0x00, 0x00, 0x00, 0x00, 0x00, 0x00, 0x00, 0x00, 0x00, 0x00, 0x00, 0x00, 0x00, 0x00, 0x00,
  0x00, 0x00, 0x00, 0x00, 0x00, 0x00, 0x00, 0x00, 0x00, 0x00, 0x00, 0x00, 0x00, 0x00, 0x00, 0x00,
  0x00, 0x00, 0x00, 0x00, 0x00, 0x00, 0x00, 0x00, 0x00, 0x00, 0x00, 0x00, 0x00, 0x00, 0x00, 0x00,
  0x00, 0x00, 0x00, 0x00, 0x00, 0x00, 0x00, 0x00, 0x00, 0x00, 0x00, 0x00, 0x00, 0x00, 0x00, 0x00,
  0x00, 0x00, 0x00, 0x00, 0x00, 0x00, 0x00, 0x00, 0x00, 0x00, 0x00, 0x00, 0x00, 0x00, 0x00, 0x00,
  0x00, 0x00, 0x00, 0x00, 0x00, 0x00, 0x00, 0x00, 0x00, 0x00, 0x00, 0x00, 0x00, 0x00, 0x00, 0x00,
  0x00, 0x00, 0x00, 0x00, 0x00, 0x00, 0x00, 0x00, 0x00, 0x00, 0x00, 0x00, 0x00, 0x00, 0x00, 0x00,
  0x00, 0x00, 0x00, 0x00, 0x00, 0x00, 0x00, 0x00, 0x00, 0x00, 0x00, 0x00, 0x00, 0x00, 0x00, 0x00,
  0x00, 0x00, 0x00, 0x00, 0x00, 0x00, 0x00, 0x00, 0x00, 0x00, 0x00, 0x00, 0x00, 0x00, 0x00, 0x00,
  0x00, 0x00, 0x00, 0x00, 0x00, 0x00, 0x00, 0x00, 0x00, 0x00, 0x00, 0x00, 0x00, 0x00, 0x00, 0x00,
  0x00, 0x00, 0x00, 0x00, 0x00, 0x00, 0x00, 0x00, 0x00, 0x00, 0x00, 0x00, 0x00, 0x00, 0x00, 0x00,
  0x00, 0x00, 0x00, 0x00, 0x00, 0x00, 0x00, 0x00, 0x00, 0x00, 0x00, 0x00, 0x00, 0x00, 0x00, 0x00,
  0x00, 0x00, 0x00, 0x00, 0x00, 0x00, 0x00, 0x00, 0x00, 0x00, 0x00, 0x00, 0x00, 0x00, 0x00, 0x00,
  0x00, 0x00, 0x00, 0x00, 0x00, 0x00, 0x00, 0x00, 0x00, 0x00, 0x00, 0x00, 0x00, 0x00, 0x00, 0x00,
  0x00, 0x00, 0x00, 0x00, 0x00, 0x00, 0x00, 0x00, 0x00, 0x00, 0x00, 0x00, 0x00, 0x00, 0x00, 0x00,
  0x00, 0x00, 0x00, 0x00, 0x00, 0x00, 0x00, 0x00, 0x00, 0x00, 0x00, 0x00, 0x00, 0x00, 0x00, 0x00,
  0x00, 0x00, 0x00, 0x00, 0x00, 0x00, 0x00, 0x00, 0x00, 0x00, 0x00, 0x00, 0x00, 0x00, 0x00, 0x00,
  0x00, 0x00, 0x00, 0x00, 0x00, 0x00, 0x00, 0x00, 0x00, 0x00, 0x00, 0x00, 0x00, 0x00, 0x00, 0x00,
  0x00, 0x00, 0x00, 0x00, 0x00, 0x00, 0x00, 0x00, 0x00, 0x00, 0x00, 0x00, 0x00, 0x00, 0x00, 0x00,
  0x00, 0x00, 0x00, 0x00, 0x00, 0x00, 0x00, 0x00, 0x00, 0x00, 0x00, 0x00, 0x00, 0x00, 0x00, 0x00,
  0x00, 0x00, 0x00, 0x00, 0x00, 0x00, 0x00, 0x00, 0x00, 0x00, 0x00, 0x00, 0x00, 0x00, 0x00, 0x00,
  0x00, 0x00, 0x00, 0x00, 0x00, 0x00, 0x00, 0x00, 0x00, 0x00, 0x00, 0x00, 0x00, 0x00, 0x00, 0x00,
  0x00, 0x00, 0x00, 0x00, 0x00, 0x00, 0x00, 0x00, 0x00, 0x00, 0x00, 0x00, 0x00, 0x00, 0x00, 0x00,
  0x00, 0x00, 0x00, 0x00, 0x00, 0x00, 0x00, 0x00, 0x00, 0x00, 0x00, 0x00, 0x00, 0x00, 0x00, 0x00,
  0x00, 0x00, 0x00, 0x00, 0x00, 0x00, 0x00, 0x00, 0x00, 0x00, 0x00, 0x00, 0x00, 0x00, 0x00, 0x00,
  0x00, 0x00, 0x00, 0x00, 0x00, 0x00, 0x00, 0x00, 0x00, 0x00, 0x00, 0x00, 0x00, 0x00, 0x00, 0x00,
  0x00, 0x00, 0x00, 0x00, 0x00, 0x00, 0x00, 0x00, 0x00, 0x00, 0x00, 0x00, 0x00, 0x00, 0x00, 0x00,
  0x00, 0x00, 0x00, 0x00, 0x00, 0x00, 0x00, 0x00, 0x00, 0x00, 0x00, 0x00, 0x00, 0x00, 0x00, 0x00,
  0x00, 0x00, 0x00, 0x00, 0x00, 0x00, 0x00, 0x00, 0xFF, 0xFF, 0x01, 0xFF, 0xFF, 0x02, 0xFF, 0xFF,
  0x01, 0x00, 0x00, 0x00, 0x00, 0x00, 0x00, 0x00, 0x00, 0x00, 0x00, 0x00, 0x00, 0x00, 0x00, 0x00,
  0x00, 0x00, 0x00, 0x00, 0x00, 0x00, 0x00, 0x00, 0x00, 0x00, 0x00, 0x00, 0x00, 0x00, 0x00, 0x00,
  0x00, 0x00, 0x00, 0x00, 0x00, 0x00, 0x00, 0x00, 0x00, 0x00, 0x00, 0x00, 0x00, 0x00, 0x00, 0x00,
  0x00, 0x00, 0x00, 0x00, 0x00, 0x00, 0x00, 0x00, 0x00, 0x00, 0x00, 0x00, 0x00, 0x00, 0x00, 0x00,
  0x00, 0x00, 0x00, 0x00, 0x00, 0x00, 0x00, 0x00, 0x00, 0x00, 0x00, 0x00, 0x00, 0x00, 0x00, 0x00,
  0x00, 0x00, 0x00, 0x00, 0x00, 0x00, 0x00, 0x00, 0x00, 0x00, 0x00, 0x00, 0x00, 0x00, 0x00, 0x00,
  0x00, 0x00, 0x00, 0x00, 0x00, 0x00, 0x00, 0x00, 0x00, 0x00, 0x00, 0x00, 0x00, 0x00, 0x00, 0x00,
  0x00, 0x00, 0x00, 0x00, 0x00, 0x00, 0x00, 0x00, 0x00, 0x00, 0x00, 0x00, 0x00, 0x00, 0x00, 0x00,
  0x00, 0x00, 0x00, 0x00, 0x00, 0x00, 0x00, 0x00, 0x00, 0x00, 0x00, 0x00, 0x00, 0x00, 0x00, 0x00,
  0x00, 0x00, 0x00, 0x00, 0x00, 0x00, 0x00, 0x00, 0x00, 0x00, 0xFF, 0xFF, 0x01, 0x55, 0xAD, 0x03,
  0xF7, 0xBD, 0x04, 0xFF, 0xFF, 0x02, 0x00, 0x00, 0x00, 0x00, 0x00, 0x00, 0x00, 0x00, 0x00, 0x00,
  0x00, 0x00, 0x00, 0x00, 0x00, 0x00, 0x00, 0x00, 0x00, 0x00, 0x00, 0x00, 0x00, 0x00, 0x00, 0x00,
  0x00, 0x00, 0x00, 0x00, 0x00, 0x00, 0x00, 0x00, 0x00, 0x00, 0x00, 0x00, 0x00, 0x00, 0x00, 0x00,
  0x00, 0x00, 0x00, 0x00, 0x00, 0x00, 0x00, 0x00, 0x00, 0x00, 0x00, 0x00, 0x00, 0x00, 0x00, 0x00,
  0x00, 0x00, 0x00, 0x00, 0x00, 0x00, 0x00, 0x00, 0x00, 0x00, 0x00, 0x00, 0x00, 0x00, 0x00, 0x00,
  0x00, 0x00, 0x00, 0x00, 0x00, 0x00, 0x00, 0x00, 0x00, 0x00, 0x00, 0x00, 0x00, 0x00, 0x00, 0x00,
  0x00, 0x00, 0x00, 0x00, 0x00, 0x00, 0x00, 0x00, 0x00, 0x00, 0x00, 0x00, 0x00, 0x00, 0x00, 0x00,
  0x00, 0x00, 0x00, 0x00, 0x00, 0x00, 0x00, 0x00, 0x00, 0x00, 0x00, 0x00, 0x00, 0x00, 0x00, 0x00,
  0x00, 0x00, 0x00, 0x00, 0x00, 0x00, 0x00, 0x00, 0x00, 0x00, 0x00, 0x00, 0x00, 0x00, 0x00, 0x00,
  0x00, 0x00, 0x00, 0x00, 0x00, 0x00, 0x00, 0x00, 0x00, 0x00, 0x00, 0x00, 0x00, 0x00, 0x00, 0x00,
  0x00, 0x00, 0xFF, 0xFF, 0x01, 0xF7, 0xBD, 0x04, 0x00, 0x00, 0x00, 0x00, 0x00, 0x00, 0x00, 0x00,
  0x00, 0x00, 0x00, 0x00, 0xDB, 0xDE, 0x0E, 0xFB, 0xDE, 0x1F, 0xFF, 0xFF, 0x03, 0x00, 0x00, 0x00,
  0xFF, 0xFF, 0x01, 0x00, 0x00, 0x00, 0x00, 0x00, 0x00, 0x00, 0x00, 0x00, 0x00, 0x00, 0x00, 0x00,
  0x00, 0x00, 0x00, 0x00, 0x00, 0x00, 0x00, 0x00, 0x00, 0x00, 0x00, 0x00, 0x00, 0x00, 0x00, 0x00,
  0x00, 0x00, 0x00, 0x00, 0x00, 0x00, 0x00, 0x00, 0x00, 0x00, 0x00, 0x00, 0x00, 0x00, 0x00, 0x00,
  0x00, 0x00, 0x00, 0x00, 0x00, 0x00, 0x00, 0x00, 0x00, 0x00, 0x00, 0x00, 0x00, 0x00, 0x00, 0x00,
  0x00, 0x00, 0x00, 0x00, 0x00, 0x00, 0x00, 0x00, 0x00, 0x00, 0x00, 0x00, 0x00, 0x00, 0x00, 0x00,
  0x00, 0x00, 0x00, 0x00, 0x00, 0x00, 0x00, 0x00, 0x00, 0x00, 0x00, 0x00, 0x00, 0x00, 0x00, 0x00,
  0x00, 0x00, 0x00, 0x00, 0x00, 0x00, 0x00, 0x00, 0x00, 0x00, 0x00, 0x00, 0x00, 0x00, 0x00, 0x00,
  0x00, 0x00, 0x00, 0x00, 0x00, 0x00, 0x00, 0x00, 0x00, 0x00, 0x00, 0x00, 0x00, 0x00, 0x00, 0x00,
  0x00, 0x00, 0x00, 0x00, 0x00, 0x00, 0x00, 0x00, 0x00, 0x00, 0xFF, 0xFF, 0x01, 0xFF, 0xFF, 0x03,
  0x00, 0x00, 0x00, 0x00, 0x00, 0x00, 0xFB, 0xDE, 0x08, 0x3C, 0xE7, 0x3B, 0x1C, 0xE7, 0x82, 0x3C,
  0xE7, 0xB7, 0x3C, 0xE7, 0xD8, 0x5D, 0xEF, 0xF4, 0x3C, 0xE7, 0xAB, 0xEF, 0x7B, 0x02, 0xFF, 0xFF,
  0x01, 0x00, 0x00, 0x00, 0x00, 0x00, 0x00, 0x00, 0x00, 0x00, 0x00, 0x00, 0x00, 0x00, 0x00, 0x00,
  0x00, 0x00, 0x00, 0x00, 0x00, 0x00, 0x00, 0x00, 0x00, 0x00, 0x00, 0x00, 0x00, 0x00, 0x00, 0x00,
  0x00, 0x00, 0x00, 0x00, 0x00, 0x00, 0x00, 0x00, 0x00, 0x00, 0x00, 0x00, 0x00, 0x00, 0x00, 0x00,
  0x00, 0x00, 0x00, 0x00, 0x00, 0x00, 0x00, 0x00, 0x00, 0x00, 0x00, 0x00, 0x00, 0x00, 0x00, 0x00,
  0x00, 0x00, 0x00, 0x00, 0x00, 0x00, 0x00, 0x00, 0x00, 0x00, 0x00, 0x00, 0x00, 0x00, 0x00, 0x00,
  0x00, 0x00, 0x00, 0x00, 0x00, 0x00, 0x00, 0x00, 0x00, 0x00, 0x00, 0x00, 0x00, 0x00, 0x00, 0x00,
  0x00, 0x00, 0x00, 0x00, 0x00, 0x00, 0x00, 0x00, 0x00, 0x00, 0x00, 0x00, 0x00, 0x00, 0x00, 0x00,
  0x00, 0x00, 0x00, 0x00, 0x00, 0x00, 0x00, 0x00, 0x00, 0x00, 0x00, 0x00, 0x00, 0x00, 0x00, 0x00,
  0x00, 0x00, 0x00, 0x00, 0x00, 0xFF, 0xFF, 0x02, 0x00, 0x00, 0x00, 0x00, 0x00, 0x00, 0xFB, 0xDE,
  0x18, 0x5D, 0xEF, 0x7E, 0x5D, 0xEF, 0xCE, 0x3C, 0xE7, 0xFF, 0xBE, 0xF7, 0xFF, 0xBE, 0xF7, 0xFF,
  0x5D, 0xEF, 0xFF, 0x9E, 0xF7, 0xFF, 0x3C, 0xE7, 0xDA, 0xFF, 0xFF, 0x04, 0xFF, 0xFF, 0x01, 0xFF,
  0xFF, 0x01, 0x00, 0x00, 0x00, 0x00, 0x00, 0x00, 0x00, 0x00, 0x00, 0x00, 0x00, 0x00, 0x00, 0x00,
  0x00, 0x00, 0x00, 0x00, 0x00, 0x00, 0x00, 0x00, 0x00, 0x00, 0x00, 0x00, 0x00, 0x00, 0x00, 0x00,
  0x00, 0x00, 0x00, 0x00, 0x00, 0x00, 0x00, 0x00, 0x00, 0x00, 0x00, 0x00, 0x00, 0x00, 0x00, 0x00,
  0x00, 0x00, 0x00, 0x00, 0x00, 0x00, 0x00, 0x00, 0x00, 0x00, 0x00, 0x00, 0x00, 0x00, 0x00, 0x00,
  0x00, 0x00, 0x00, 0x00, 0x00, 0x00, 0x00, 0x00, 0x00, 0x00, 0x00, 0x00, 0x00, 0x00, 0x00, 0x00,
  0x00, 0x00, 0x00, 0x00, 0x00, 0x00, 0x00, 0x00, 0x00, 0x00, 0x00, 0x00, 0x00, 0x00, 0x00, 0x00,
  0x00, 0x00, 0x00, 0x00, 0x00, 0x00, 0x00, 0x00, 0x00, 0x00, 0x00, 0x00, 0x00, 0x00, 0x00, 0x00,
  0x00, 0x00, 0x00, 0x00, 0x00, 0x00, 0x00, 0x00, 0x00, 0x00, 0x00, 0x00, 0x00, 0x00, 0x00, 0x00,
  0xFF, 0xFF, 0x03, 0x00, 0x00, 0x00, 0xBA, 0xD6, 0x0C, 0x3C, 0xE7, 0x7A, 0x5D, 0xEF, 0xE4, 0x9E,
  0xF7, 0xFF, 0xBE, 0xF7, 0xFF, 0x9E, 0xF7, 0xFF, 0x1C, 0xE7, 0xE5, 0x1C, 0xE7, 0xEC, 0x3C, 0xE7,
  0xFB, 0x5D, 0xEF, 0xFE, 0x3C, 0xE7, 0x4D, 0x00, 0x00, 0x00, 0xFF, 0xFF, 0x03, 0x00, 0x00, 0x00,
  0x00, 0x00, 0x00, 0x00, 0x00, 0x00, 0x00, 0x00, 0x00, 0x00, 0x00, 0x00, 0x00, 0x00, 0x00, 0x00,
  0x00, 0x00, 0x00, 0x00, 0x00, 0x00, 0x00, 0x00, 0x00, 0x00, 0x00, 0x00, 0x00, 0x00, 0x00, 0x00,
  0x00, 0x00, 0x00, 0x00, 0x00, 0x00, 0x00, 0x00, 0x00, 0x00, 0x00, 0x00, 0x00, 0x00, 0x00, 0x00,
  0x00, 0x00, 0x00, 0x00, 0x00, 0x00, 0x00, 0x00, 0x00, 0x00, 0x00, 0x00, 0x00, 0x00, 0x00, 0x00,
  0x00, 0x00, 0x00, 0x00, 0x00, 0x00, 0x00, 0x00, 0x00, 0x00, 0x00, 0x00, 0x00, 0x00, 0x00, 0x00,
  0x00, 0x00, 0x00, 0x00, 0x00, 0x00, 0x00, 0x00, 0x00, 0x00, 0x00, 0x00, 0x00, 0x00, 0x00, 0x00,
  0x00, 0x00, 0x00, 0x00, 0x00, 0x00, 0x00, 0x00, 0x00, 0x00, 0x00, 0x00, 0x00, 0x00, 0x00, 0x00,
  0x00, 0x00, 0x00, 0x00, 0x00, 0x00, 0x00, 0x00, 0x00, 0x00, 0x01, 0xFF, 0xFF, 0x02, 0x00, 0x00,
  0x00, 0x1C, 0xE7, 0x3B, 0x3C, 0xE7, 0xD2, 0x9E, 0xF7, 0xFF, 0x9E, 0xF7, 0xFF, 0x3C, 0xE7, 0xFB,
  0x3C, 0xE7, 0xBE, 0x1C, 0xE7, 0x5B, 0x3C, 0xE7, 0x31, 0x3C, 0xE7, 0xE4, 0xBE, 0xF7, 0xFF, 0x1C,
  0xE7, 0xB0, 0xFF, 0xFF, 0x01, 0xFF, 0xFF, 0x02, 0x00, 0x00, 0x00, 0x00, 0x00, 0x00, 0x00, 0x00,
  0x00, 0x00, 0x00, 0x00, 0x00, 0x00, 0x00, 0x00, 0x00, 0x00, 0x00, 0x00, 0x00, 0x00, 0x00, 0x00,
  0x00, 0x00, 0x00, 0x00, 0x00, 0x00, 0x00, 0x00, 0x00, 0x00, 0x00, 0x00, 0x00, 0x00, 0x00, 0x00,
  0x00, 0x00, 0x00, 0x00, 0x00, 0x00, 0x00, 0x00, 0x00, 0x00, 0x00, 0x00, 0x00, 0x00, 0x00, 0x00,
  0x00, 0x00, 0x00, 0x00, 0x00, 0x00, 0x00, 0x00, 0x00, 0x00, 0x00, 0x00, 0x00, 0x00, 0x00, 0x00,
  0x00, 0x00, 0x00, 0x00, 0x00, 0x00, 0x00, 0x00, 0x00, 0x00, 0x00, 0x00, 0x00, 0x00, 0x00, 0x00,
  0x00, 0x00, 0x00, 0x00, 0x00, 0x00, 0x00, 0x00, 0x00, 0x00, 0x00, 0x00, 0x00, 0x00, 0x00, 0x00,
  0x00, 0x00, 0x00, 0x00, 0x00, 0x00, 0x00, 0x00, 0x00, 0x00, 0x00, 0x00, 0x00, 0x00, 0x00, 0x00,
  0x00, 0x00, 0x00, 0x00, 0x00, 0x00, 0xFF, 0xFF, 0x02, 0x00, 0x00, 0x00, 0x3C, 0xE7, 0x60, 0x5D,
  0xEF, 0xF4, 0x9E, 0xF7, 0xFF, 0x7D, 0xEF, 0xFF, 0x3C, 0xE7, 0xC0, 0x3C, 0xE7, 0x3D, 0x00, 0x00,
  0x00, 0x00, 0x00, 0x00, 0x1C, 0xE7, 0x6A, 0xBE, 0xF7, 0xFF, 0x3C, 0xE7, 0xFB, 0x3C, 0xE7, 0x39,
  0x00, 0x00, 0x00, 0xFF, 0xFF, 0x03, 0x00, 0x00, 0x00, 0x00, 0x00, 0x00, 0x00, 0x00, 0x00, 0x00,
  0x00, 0x00, 0x00, 0x00, 0x00, 0x00, 0x00, 0x00, 0x00, 0x00, 0x00, 0x00, 0x00, 0x00, 0x00, 0x00,
  0x00, 0x00, 0x00, 0x00, 0x00, 0x00, 0x00, 0x00, 0x00, 0x00, 0x00, 0x00, 0x00, 0x00, 0x00, 0x00,
  0x00, 0x00, 0x00, 0x00, 0x00, 0x00, 0x00, 0x00, 0x00, 0x00, 0x00, 0x00, 0x00, 0x00, 0x00, 0x00,
  0x00, 0x00, 0x00, 0x00, 0x00, 0x00, 0x00, 0x00, 0x00, 0x00, 0x00, 0x00, 0x00, 0x00, 0x00, 0x00,
  0x00, 0x00, 0x00, 0x00, 0x00, 0x00, 0x00, 0x00, 0x00, 0x00, 0x00, 0x00, 0x00, 0x00, 0x00, 0x00,
  0x00, 0x00, 0x00, 0x00, 0x00, 0x00, 0x00, 0x00, 0x00, 0x00, 0x00, 0x00, 0x00, 0x00, 0x00, 0x00,
  0x00, 0x00, 0x00, 0x00, 0x00, 0x00, 0x00, 0x00, 0x00, 0x00, 0x00, 0x00, 0x00, 0x00, 0xFF, 0xFF,
  0x01, 0xF7, 0xBD, 0x04, 0x00, 0x00, 0x00, 0x1C, 0xE7, 0x82, 0x7D, 0xEF, 0xFF, 0x7D, 0xEF, 0xFF,
  0x5D, 0xEF, 0xF2, 0x3C, 0xE7, 0x6F, 0xF7, 0xBD, 0x04, 0x00, 0x00, 0x00, 0xFF, 0xFF, 0x03, 0xFF,
  0xFF, 0x02, 0x1C, 0xE7, 0xC6, 0xBE, 0xF7, 0xFE, 0x1C, 0xE7, 0xC6, 0xEF, 0x7B, 0x02, 0xFF, 0xFF,
  0x01, 0xFF, 0xFF, 0x01, 0x00, 0x00, 0x00, 0x00, 0x00, 0x00, 0x00, 0x00, 0x00, 0x00, 0x00, 0x00,
  0x00, 0x00, 0x00, 0x00, 0x00, 0x00, 0x00, 0x00, 0x00, 0x00, 0x00, 0x00, 0x00, 0x00, 0x00, 0x00,
  0x00, 0x00, 0x00, 0x00, 0x00, 0x00, 0x00, 0x00, 0x00, 0x00, 0x00, 0x00, 0x00, 0x00, 0x00, 0x00,
  0x00, 0x00, 0x00, 0x00, 0x00, 0x00, 0x00, 0x00, 0x00, 0x00, 0x00, 0x00, 0x00, 0x00, 0x00, 0x00,
  0x00, 0x00, 0x00, 0x00, 0x00, 0x00, 0x00, 0x00, 0x00, 0x00, 0x00, 0x00, 0x00, 0x00, 0x00, 0x00,
  0x00, 0x00, 0x00, 0x00, 0x00, 0x00, 0x00, 0x00, 0x00, 0x00, 0x00, 0x00, 0x00, 0x00, 0x00, 0x00,
  0x00, 0x00, 0x00, 0x00, 0x00, 0x00, 0x00, 0x00, 0x00, 0x00, 0x00, 0x00, 0x00, 0x00, 0x00, 0x00,
  0x00, 0x00, 0x00, 0x00, 0x00, 0x00, 0x00, 0x00, 0x00, 0x00, 0x00, 0x00, 0xFF, 0xFF, 0x03, 0x00,
  0x00, 0x00, 0x1C, 0xE7, 0x7A, 0x9E, 0xF7, 0xFF, 0x5D, 0xEF, 0xFF, 0x3C, 0xE7, 0xDE, 0x3C, 0xE7,
  0x3C, 0x00, 0x00, 0x00, 0x00, 0x00, 0x00, 0x79, 0xCE, 0x05, 0x00, 0x00, 0x00, 0x1C, 0xE7, 0x22,
  0x1C, 0xE7, 0xF4, 0xBE, 0xF7, 0xFF, 0x1C, 0xE7, 0x74, 0x00, 0x00, 0x00, 0xF7, 0xBD, 0x04, 0x00,
  0x00, 0x00, 0x00, 0x00, 0x00, 0x00, 0x00, 0x00, 0x00, 0x00, 0x00, 0x00, 0x00, 0x00, 0x00, 0x00,
  0x00, 0x00, 0x00, 0x00, 0x00, 0x00, 0x00, 0x00, 0x00, 0x00, 0x00, 0x00, 0x00, 0x00, 0x00, 0x00,
  0x00, 0x00, 0x00, 0x00, 0x00, 0x00, 0x00, 0x00, 0x00, 0x00, 0x00, 0x00, 0x00, 0x00, 0x00, 0x00,
  0x00, 0x00, 0x00, 0x00, 0x00, 0x00, 0x00, 0x00, 0x00, 0x00, 0x00, 0x00, 0x00, 0x00, 0x00, 0x00,
  0x00, 0x00, 0x00, 0x00, 0x00, 0x00, 0x00, 0x00, 0x00, 0x00, 0x00, 0x00, 0x00, 0x00, 0x00, 0x00,
  0x00, 0x00, 0x00, 0x00, 0x00, 0x00, 0x00, 0x00, 0x00, 0x00, 0x00, 0x00, 0x00, 0x00, 0x00, 0x00,
  0x00, 0x00, 0x00, 0x00, 0x00, 0x00, 0x00, 0x00, 0x00, 0x00, 0x00, 0x00, 0x00, 0x00, 0x00, 0x00,
  0x00, 0x00, 0x00, 0x00, 0x00, 0x00, 0x00, 0xFF, 0xFF, 0x03, 0x00, 0x00, 0x00, 0x1C, 0xE7, 0x54,
  0x5D, 0xEF, 0xFF, 0x7D, 0xEF, 0xFF, 0x3C, 0xE7, 0xD4, 0x1C, 0xE7, 0x21, 0x00, 0x00, 0x00, 0x79,
  0xCE, 0x05, 0xFF, 0xFF, 0x01, 0xF7, 0xBD, 0x04, 0x00, 0x00, 0x00, 0x3C, 0xE7, 0x58, 0x7D, 0xEF,
  0xFF, 0x3C, 0xE7, 0xFE, 0x3C, 0xE7, 0x3A, 0x00, 0x00, 0x00, 0xFF, 0xFF, 0x02, 0x00, 0x00, 0x00,
  0x00, 0x00, 0x00, 0x00, 0x00, 0x00, 0x00, 0x00, 0x00, 0x00, 0x00, 0x00, 0x00, 0x00, 0x00, 0x00,
  0x00, 0x00, 0x00, 0x00, 0x00, 0x00, 0x00, 0x00, 0x00, 0x00, 0x00, 0x00, 0x00, 0x00, 0x00, 0x00,
  0x00, 0x00, 0x00, 0x00, 0x00, 0x00, 0x00, 0x00, 0x00, 0x00, 0x00, 0x00, 0x00, 0x00, 0x00, 0x00,
  0x00, 0x00, 0x00, 0x00, 0x00, 0x00, 0x00, 0x00, 0x00, 0x00, 0x00, 0x00, 0x00, 0x00, 0x00, 0x00,
  0x00, 0x00, 0x00, 0x00, 0x00, 0x00, 0x00, 0x00, 0x00, 0x00, 0x00, 0x00, 0x00, 0x00, 0x00, 0x00,
  0x00, 0x00, 0x00, 0x00, 0x00, 0x00, 0x00, 0x00, 0x00, 0x00, 0x00, 0x00, 0x00, 0x00, 0x00, 0x00,
  0x00, 0x00, 0x00, 0x00, 0x00, 0x00, 0x00, 0x00, 0x00, 0x00, 0x00, 0x00, 0x00, 0x00, 0x00, 0x00,
  0x00, 0x00, 0xFF, 0xFF, 0x02, 0x00, 0x00, 0x00, 0x1C, 0xE7, 0x23, 0x3C, 0xE7, 0xED, 0x7D, 0xEF,
  0xFF, 0x3C, 0xE7, 0xEA, 0x1C, 0xE7, 0x25, 0x00, 0x00, 0x00, 0xFF, 0xFF, 0x04, 0x00, 0x00, 0x00,
  0x00, 0x00, 0x00, 0xF7, 0xBD, 0x04, 0x00, 0x00, 0x00, 0x3C, 0xE7, 0x7D, 0xDF, 0xFF, 0xFF, 0x3C,
  0xE7, 0xE6, 0xFB, 0xDE, 0x10, 0x00, 0x00, 0x00, 0xFF, 0xFF, 0x01, 0x00, 0x00, 0x00, 0x00, 0x00,
  0x00, 0x00, 0x00, 0x00, 0x00, 0x00, 0x00, 0x00, 0x00, 0x00, 0x00, 0x00, 0x00, 0x00, 0x00, 0x00,
  0x00, 0x00, 0x00, 0x00, 0x00, 0x00, 0x00, 0x00, 0x00, 0x00, 0x00, 0x00, 0x00, 0x00, 0x00, 0x00,
  0x00, 0x00, 0x00, 0x00, 0x00, 0x00, 0x00, 0x00, 0x00, 0x00, 0x00, 0x00, 0x00, 0x00, 0x00, 0x00,
  0x00, 0x00, 0x00, 0x00, 0x00, 0x00, 0x00, 0x00, 0x00, 0x00, 0x00, 0x00, 0x00, 0x00, 0x00, 0x00,
  0x00, 0x00, 0x00, 0x00, 0x00, 0x00, 0x00, 0x00, 0x00, 0x00, 0x00, 0x00, 0x00, 0x00, 0x00, 0x00,
  0x00, 0x00, 0x00, 0x00, 0x00, 0x00, 0x00, 0x00, 0x00, 0x00, 0x00, 0x00, 0x00, 0x00, 0x00, 0x00,
  0x00, 0x00, 0x00, 0x00, 0x00, 0x00, 0x00, 0x00, 0x00, 0x00, 0x00, 0x00, 0x00, 0x00, 0x00, 0x00,
  0xFF, 0xFF, 0x03, 0xFF, 0xFF, 0x02, 0x1C, 0xE7, 0xB5, 0x9E, 0xF7, 0xFF, 0x5D, 0xEF, 0xFC, 0x1C,
  0xE7, 0x45, 0x00, 0x00, 0x00, 0xFF, 0xFF, 0x04, 0x00, 0x00, 0x00, 0x00, 0x00, 0x00, 0x00, 0x00,
  0x00, 0xFF, 0xFF, 0x02, 0x00, 0x00, 0x00, 0x3C, 0xE7, 0x9C, 0xDF, 0xFF, 0xFF, 0x3C, 0xE7, 0xC8,
  0x55, 0xAD, 0x03, 0x00, 0x00, 0x00, 0xFF, 0xFF, 0x01, 0x00, 0x00, 0x00, 0x00, 0x00, 0x00, 0x00,
  0x00, 0x00, 0x00, 0x00, 0x00, 0x00, 0x00, 0x00, 0x00, 0x00, 0x00, 0x00, 0x00, 0x00, 0x00, 0x00,
  0x00, 0x00, 0x00, 0x00, 0x00, 0x00, 0x00, 0x00, 0x00, 0x00, 0x00, 0x00, 0x00, 0x00, 0x00, 0x00,
  0x00, 0x00, 0x00, 0x00, 0x00, 0x00, 0x00, 0x00, 0x00, 0x00, 0x00, 0x00, 0x00, 0x00, 0x00, 0x00,
  0x00, 0x00, 0x00, 0x00, 0x00, 0x00, 0x00, 0x00, 0x00, 0x00, 0x00, 0x00, 0x00, 0x00, 0x00, 0x00,
  0x00, 0x00, 0x00, 0x00, 0x00, 0x00, 0x00, 0x00, 0x00, 0x00, 0x00, 0x00, 0x00, 0x00, 0x00, 0x00,
  0x00, 0x00, 0x00, 0x00, 0x00, 0x00, 0x00, 0x00, 0x00, 0x00, 0x00, 0x00, 0x00, 0x00, 0x00, 0x00,
  0x00, 0x00, 0x00, 0x00, 0x00, 0x00, 0x00, 0x00, 0x00, 0x00, 0x00, 0xFF, 0xFF, 0x03, 0x00, 0x00,
  0x00, 0x3C, 0xE7, 0x55, 0x7D, 0xEF, 0xFF, 0x9E, 0xF7, 0xFF, 0x1C, 0xE7, 0x8B, 0x00, 0x00, 0x00,
  0xFF, 0xFF, 0x04, 0x00, 0x00, 0x00, 0x00, 0x00, 0x00, 0x00, 0x00, 0x00, 0x00, 0x00, 0x00, 0xFF,
  0xFF, 0x01, 0x00, 0x00, 0x00, 0x1C, 0xE7, 0xAE, 0xDF, 0xFF, 0xFF, 0x1C, 0xE7, 0xB5, 0x00, 0x00,
  0x00, 0x00, 0x00, 0x00, 0x00, 0x00, 0x01, 0x00, 0x00, 0x00, 0x00, 0x00, 0x00, 0x00, 0x00, 0x00,
  0x00, 0x00, 0x00, 0x00, 0x00, 0x00, 0x00, 0x00, 0x00, 0x00, 0x00, 0x00, 0x00, 0x00, 0x00, 0x00,
  0x00, 0x00, 0x00, 0x00, 0x00, 0x00, 0x00, 0x00, 0x00, 0x00, 0x00, 0x00, 0x00, 0x00, 0x00, 0x00,
  0x00, 0x00, 0x00, 0x00, 0x00, 0x00, 0x00, 0x00, 0x00, 0x00, 0x00, 0x00, 0x00, 0x00, 0x00, 0x00,
  0x00, 0x00, 0x00, 0x00, 0x00, 0x00, 0x00, 0x00, 0x00, 0x00, 0x00, 0x00, 0x00, 0x00, 0x00, 0x00,
  0x00, 0x00, 0x00, 0x00, 0x00, 0x00, 0x00, 0x00, 0x00, 0x00, 0x00, 0x00, 0x00, 0x00, 0x00, 0x00,
  0x00, 0x00, 0x00, 0x00, 0x00, 0x00, 0x00, 0x00, 0x00, 0x00, 0x00, 0x00, 0x00, 0x00, 0x00, 0x00,
  0x00, 0x00, 0x00, 0x00, 0x00, 0x00, 0xFF, 0xFF, 0x01, 0xFF, 0xFF, 0x01, 0xFB, 0xDE, 0x08, 0x1C,
  0xE7, 0xCD, 0xBE, 0xF7, 0xFE, 0x3C, 0xE7, 0xD9, 0x7D, 0xEF, 0x0E, 0xFF, 0xFF, 0x01, 0xFF, 0xFF,
  0x01, 0x00, 0x00, 0x00, 0x00, 0x00, 0x00, 0x00, 0x00, 0x00, 0x00, 0x00, 0x00, 0xFF, 0xFF, 0x01,
  0x00, 0x00, 0x00, 0x3C, 0xE7, 0xB7, 0xDF, 0xFF, 0xFF, 0x3C, 0xE7, 0xAD, 0x00, 0x00, 0x00, 0xFF,
  0xFF, 0x01, 0x00, 0x00, 0x00, 0x00, 0x00, 0x00, 0x00, 0x00, 0x00, 0x00, 0x00, 0x00, 0x00, 0x00,
  0x00, 0x00, 0x00, 0x00, 0x00, 0x00, 0x00, 0x00, 0x00, 0x00, 0x00, 0x00, 0x00, 0x00, 0x00, 0x00,
  0x00, 0x00, 0x00, 0x00, 0x00, 0x00, 0x00, 0x00, 0x00, 0x00, 0x00, 0x00, 0x00, 0x00, 0x00, 0x00,
  0x00, 0x00, 0x00, 0x00, 0x00, 0x00, 0x00, 0x00, 0x00, 0x00, 0x00, 0x00, 0x00, 0x00, 0x00, 0x00,
  0x00, 0x00, 0x00, 0x00, 0x00, 0x00, 0x00, 0x00, 0x00, 0x00, 0x00, 0x00, 0x00, 0x00, 0x00, 0x00,
  0x00, 0x00, 0x00, 0x00, 0x00, 0x00, 0x00, 0x00, 0x00, 0x00, 0x00, 0x00, 0x00, 0x00, 0x00, 0x00,
  0x00, 0x00, 0x00, 0x00, 0x00, 0x00, 0x00, 0x00, 0x00, 0x00, 0x00, 0x00, 0x00, 0x00, 0x00, 0x00,
  0x00, 0x00, 0x00, 0x00, 0xFF, 0xFF, 0x03, 0x00, 0x00, 0x00, 0x3C, 0xE7, 0x4D, 0x5D, 0xEF, 0xFF,
  0x7D, 0xEF, 0xFF, 0x3C, 0xE7, 0x66, 0x00, 0x00, 0x00, 0xFF, 0xFF, 0x03, 0x00, 0x00, 0x00, 0x00,
  0x00, 0x00, 0x00, 0x00, 0x00, 0x00, 0x00, 0x00, 0x00, 0x00, 0x00, 0xFF, 0xFF, 0x01, 0x00, 0x00,
  0x00, 0x3C, 0xE7, 0xAE, 0xDF, 0xFF, 0xFF, 0x1C, 0xE7, 0xB7, 0x00, 0x00, 0x00, 0x00, 0x00, 0x00,
  0x00, 0x00, 0x01, 0x00, 0x00, 0x00, 0x00, 0x00, 0x00, 0x00, 0x00, 0x00, 0x00, 0x00, 0x00, 0x00,
  0x00, 0x00, 0x00, 0x00, 0x00, 0x00, 0x00, 0x00, 0x00, 0x00, 0x00, 0x00, 0x00, 0x00, 0x00, 0x00,
  0x00, 0x00, 0x00, 0x00, 0x00, 0x00, 0x00, 0x00, 0x00, 0x00, 0x00, 0x00, 0x00, 0x00, 0x00, 0x00,
  0x00, 0x00, 0x00, 0x00, 0x00, 0x00, 0x00, 0x00, 0x00, 0x00, 0x00, 0x00, 0x00, 0x00, 0x00, 0x00,
  0x00, 0x00, 0x00, 0x00, 0x00, 0x00, 0x00, 0x00, 0x00, 0x00, 0x00, 0x00, 0x00, 0x00, 0x00, 0x00,
  0x00, 0x00, 0x00, 0x00, 0x00, 0x00, 0x00, 0x00, 0x00, 0x00, 0x00, 0x00, 0x00, 0x00, 0x00, 0x00,
  0x00, 0x00, 0x00, 0x00, 0x00, 0x00, 0x00, 0x00, 0x00, 0x00, 0x00, 0x00, 0x00, 0x00, 0x00, 0x00,
  0x00, 0x00, 0x55, 0xAD, 0x03, 0x00, 0x00, 0x00, 0x3C, 0xE7, 0xA3, 0xBE, 0xF7, 0xFF, 0x1C, 0xE7,
  0xE3, 0x3C, 0xE7, 0x14, 0xFF, 0xFF, 0x01, 0xFF, 0xFF, 0x01, 0x00, 0x00, 0x00, 0x00, 0x00, 0x00,
  0x00, 0x00, 0x00, 0x00, 0x00, 0x00, 0x00, 0x00, 0x00, 0xFF, 0xFF, 0x02, 0x00, 0x00, 0x00, 0x1C,
  0xE7, 0x9A, 0xDF, 0xFF, 0xFF, 0x1C, 0xE7, 0xCD, 0xFF, 0xFF, 0x04, 0x00, 0x00, 0x00, 0xFF, 0xFF,
  0x01, 0x00, 0x00, 0x00, 0x00, 0x00, 0x00, 0x00, 0x00, 0x00, 0x00, 0x00, 0x00, 0x00, 0x00, 0x00,
  0x00, 0x00, 0x00, 0x00, 0x00, 0x00, 0x00, 0x00, 0x00, 0x00, 0x00, 0x00, 0x00, 0x00, 0x00, 0x00,
  0x00, 0x00, 0x00, 0x00, 0x00, 0x00, 0x00, 0x00, 0x00, 0x00, 0x00, 0x00, 0x00, 0x00, 0x00, 0x00,
  0x00, 0x00, 0x00, 0x00, 0x00, 0x00, 0x00, 0x00, 0x00, 0x00, 0x00, 0x00, 0x00, 0x00, 0x00, 0x00,
  0x00, 0x00, 0x00, 0x00, 0x00, 0x00, 0x00, 0x00, 0x00, 0x00, 0x00, 0x00, 0x00, 0x00, 0x00, 0x00,
  0x00, 0x00, 0x00, 0x00, 0x00, 0x00, 0x00, 0x00, 0x00, 0x00, 0x00, 0x00, 0x00, 0x00, 0x00, 0x00,
  0x00, 0x00, 0x00, 0x00, 0x00, 0x00, 0x00, 0x00, 0x00, 0x00, 0x00, 0x00, 0x00, 0xFF, 0xFF, 0x01,
  0x00, 0x00, 0x00, 0x9E, 0xF7, 0x13, 0x1C, 0xE7, 0xE2, 0xBE, 0xF7, 0xFF, 0x3C, 0xE7, 0x91, 0x00,
  0x00, 0x00, 0xFF, 0xFF, 0x03, 0x00, 0x00, 0x00, 0x00, 0x00, 0x00, 0x00, 0x00, 0x00, 0x00, 0x00,
  0x00, 0x00, 0x00, 0x00, 0x00, 0x00, 0x00, 0xF7, 0xBD, 0x04, 0x00, 0x00, 0x00, 0x1C, 0xE7, 0x78,
  0xDF, 0xFF, 0xFF, 0x1C, 0xE7, 0xEC, 0x1C, 0xE7, 0x11, 0x00, 0x00, 0x00, 0xFF, 0xFF, 0x01, 0x00,
  0x00, 0x00, 0x00, 0x00, 0x00, 0x00, 0x00, 0x00, 0x00, 0x00, 0x00, 0x00, 0x00, 0x00, 0x00, 0x00,
  0x00, 0x00, 0x00, 0x00, 0x00, 0x00, 0x00, 0x00, 0x00, 0x00, 0x00, 0x00, 0x00, 0x00, 0x00, 0x00,
  0x00, 0x00, 0x00, 0x00, 0x00, 0x00, 0x00, 0x00, 0x00, 0x00, 0x00, 0x00, 0x00, 0x00, 0x00, 0x00,
  0x00, 0x00, 0x00, 0x00, 0x00, 0x00, 0x00, 0x00, 0x00, 0x00, 0x00, 0x00, 0x00, 0x00, 0x00, 0x00,
  0x00, 0x00, 0x00, 0x00, 0x00, 0x00, 0x00, 0x00, 0x00, 0x00, 0x00, 0x00, 0x00, 0x00, 0x00, 0x00,
  0x00, 0x00, 0x00, 0x00, 0x00, 0x00, 0x00, 0x00, 0x00, 0x00, 0x00, 0x00, 0x00, 0x00, 0x00, 0x00,
  0x00, 0x00, 0x00, 0x00, 0x00, 0x00, 0x00, 0x00, 0x00, 0x00, 0x00, 0xFF, 0xFF, 0x03, 0x00, 0x00,
  0x00, 0x1C, 0xE7, 0x45, 0x5D, 0xEF, 0xFF, 0x7D, 0xEF, 0xFF, 0x1C, 0xE7, 0x48, 0xFF, 0xFF, 0x01,
  0xFF, 0xFF, 0x03, 0x00, 0x00, 0x00, 0x00, 0x00, 0x00, 0x00, 0x00, 0x00, 0x00, 0x00, 0x00, 0x00,
  0x00, 0x00, 0x00, 0x00, 0x00, 0xF7, 0xBD, 0x04, 0x00, 0x00, 0x00, 0x3C, 0xE7, 0x52, 0x7D, 0xEF,
  0xFF, 0x3C, 0xE7, 0xFC, 0x1C, 0xE7, 0x3B, 0x00, 0x00, 0x00, 0xFF, 0xFF, 0x02, 0x00, 0x00, 0x00,
  0x00, 0x00, 0x00, 0x00, 0x00, 0x00, 0x00, 0x00, 0x00, 0x00, 0x00, 0x00, 0x00, 0x00, 0x00, 0x00,
  0x00, 0x00, 0x00, 0x00, 0x00, 0x00, 0x00, 0x00, 0x00, 0x00, 0x00, 0x00, 0x00, 0x00, 0x00, 0x00,
  0x00, 0x00, 0x00, 0x00, 0x00, 0x00, 0x00, 0x00, 0x00, 0x00, 0x00, 0x00, 0x00, 0x00, 0x00, 0x00,
  0x00, 0x00, 0x00, 0x00, 0x00, 0x00, 0x00, 0x00, 0x00, 0x00, 0x00, 0x00, 0x00, 0x00, 0x00, 0x00,
  0x00, 0x00, 0x00, 0x00, 0x00, 0x00, 0x00, 0x00, 0x00, 0x00, 0x00, 0x00, 0x00, 0x00, 0x00, 0x00,
  0x00, 0x00, 0x00, 0x00, 0x00, 0x00, 0x00, 0x00, 0x00, 0x00, 0x00, 0x00, 0x00, 0x00, 0x00, 0x00,
  0x00, 0x00, 0x00, 0x00, 0x00, 0x00, 0x00, 0x00, 0x00, 0xFF, 0xFF, 0x03, 0x00, 0x00, 0x00, 0x1C,
  0xE7, 0x7A, 0xBE, 0xF7, 0xFF, 0x1C, 0xE7, 0xEA, 0x3C, 0xE7, 0x1D, 0x00, 0x00, 0x00, 0xFF, 0xFF,
  0x02, 0x00, 0x00, 0x00, 0x00, 0x00, 0x00, 0x00, 0x00, 0x00, 0x00, 0x00, 0x00, 0x00, 0x00, 0x00,
  0x00, 0x00, 0x00, 0xFF, 0xFF, 0x02, 0x00, 0x00, 0x00, 0xFB, 0xDE, 0x20, 0x1C, 0xE7, 0xF2, 0xBE,
  0xF7, 0xFF, 0x3C, 0xE7, 0x80, 0x00, 0x00, 0x00, 0xF7, 0xBD, 0x04, 0x00, 0x00, 0x00, 0x00, 0x00,
  0x00, 0x00, 0x00, 0x00, 0x00, 0x00, 0x00, 0x00, 0x00, 0x00, 0x00, 0x00, 0x00, 0x00, 0x00, 0x00,
  0x00, 0x00, 0x00, 0x00, 0x00, 0x00, 0x00, 0x00, 0x00, 0x00, 0x00, 0x00, 0x00, 0x00, 0x00, 0x00,
  0x00, 0x00, 0x00, 0x00, 0x00, 0x00, 0x00, 0x00, 0x00, 0x00, 0x00, 0x00, 0x00, 0x00, 0x00, 0x00,
  0x00, 0x00, 0x00, 0x00, 0x00, 0x00, 0x00, 0x00, 0x00, 0x00, 0x00, 0x00, 0x00, 0x00, 0x00, 0x00,
  0x00, 0x00, 0x00, 0x00, 0x00, 0x00, 0x00, 0x00, 0x00, 0x00, 0x00, 0x00, 0x00, 0x00, 0x00, 0x00,
  0x00, 0x00, 0x00, 0x00, 0x00, 0x00, 0x00, 0x00, 0x00, 0x00, 0x00, 0x00, 0x00, 0x00, 0x00, 0x00,
  0x00, 0x00, 0x00, 0x00, 0x00, 0x00, 0x00, 0xF7, 0xBD, 0x04, 0x00, 0x00, 0x00, 0x3C, 0xE7, 0xA2,
  0xFF, 0xFF, 0xFF, 0x3C, 0xE7, 0xCC, 0xFF, 0xFF, 0x04, 0xFF, 0xFF, 0x01, 0x00, 0x00, 0x00, 0x00,
  0x00, 0x00, 0x00, 0x00, 0x00, 0x00, 0x00, 0x00, 0x00, 0x00, 0x00, 0x00, 0x00, 0x00, 0x00, 0x00,
  0x00, 0x00, 0x00, 0x00, 0xFF, 0xFF, 0x01, 0x00, 0x00, 0x00, 0x1C, 0xE7, 0xBC, 0xBE, 0xF7, 0xFE,
  0x1C, 0xE7, 0xCE, 0xF7, 0xBD, 0x04, 0x00, 0x00, 0x01, 0x00, 0x00, 0x00, 0x00, 0x00, 0x00, 0x00,
  0x00, 0x00, 0x00, 0x00, 0x00, 0x00, 0x00, 0x00, 0x00, 0x00, 0x00, 0x00, 0x00, 0x00, 0x00, 0x00,
  0x00, 0x00, 0x00, 0x00, 0x00, 0x00, 0x00, 0x00, 0x00, 0x00, 0x00, 0x00, 0x00, 0x00, 0x00, 0x00,
  0x00, 0x00, 0x00, 0x00, 0x00, 0x00, 0x00, 0x00, 0x00, 0x00, 0x00, 0x00, 0x00, 0x00, 0x00, 0x00,
  0x00, 0x00, 0x00, 0x00, 0x00, 0x00, 0x00, 0x00, 0x00, 0x00, 0x00, 0x00, 0x00, 0x00, 0x00, 0x00,
  0x00, 0x00, 0x00, 0x00, 0x00, 0x00, 0x00, 0x00, 0x00, 0x00, 0x00, 0x00, 0x00, 0x00, 0x00, 0x00,
  0x00, 0x00, 0x00, 0x00, 0x00, 0x00, 0x00, 0x00, 0x00, 0x00, 0x00, 0x00, 0x00, 0x00, 0x00, 0x00,
  0x00, 0x00, 0x00, 0x00, 0x00, 0xFF, 0xFF, 0x01, 0x00, 0x00, 0x00, 0x1C, 0xE7, 0xC0, 0xFF, 0xFF,
  0xFF, 0x1C, 0xE7, 0xB0, 0x00, 0x00, 0x00, 0xFF, 0xFF, 0x03, 0x00, 0x00, 0x00, 0x00, 0x00, 0x00,
  0x00, 0x00, 0x00, 0x00, 0x00, 0x00, 0x00, 0x00, 0x00, 0x00, 0x00, 0x00, 0x00, 0x00, 0x00, 0x00,
  0x00, 0x00, 0xF7, 0xBD, 0x04, 0x00, 0x00, 0x00, 0x3C, 0xE7, 0x66, 0x9E, 0xF7, 0xFF, 0x5D, 0xEF,
  0xFE, 0x3C, 0xE7, 0x46, 0x00, 0x00, 0x00, 0xFF, 0xFF, 0x03, 0x00, 0x00, 0x00, 0x00, 0x00, 0x00,
  0x00, 0x00, 0x00, 0x00, 0x00, 0x00, 0x00, 0x00, 0x00, 0x00, 0x00, 0x00, 0x00, 0x00, 0x00, 0x00,
  0x00, 0x00, 0x00, 0x00, 0x00, 0x00, 0x00, 0x00, 0x00, 0x00, 0x00, 0x00, 0x00, 0x00, 0x00, 0x00,
  0x00, 0x00, 0x00, 0x00, 0x00, 0x00, 0x00, 0x00, 0x00, 0x00, 0x00, 0x00, 0x00, 0x00, 0x00, 0x00,
  0x00, 0x00, 0x00, 0x00, 0x00, 0x00, 0x00, 0x00, 0x00, 0x00, 0x00, 0x00, 0x00, 0x00, 0x00, 0x00,
  0x00, 0x00, 0x00, 0x00, 0x00, 0x00, 0x00, 0x00, 0x00, 0x00, 0x00, 0x00, 0x00, 0x00, 0x00, 0x00,
  0x00, 0x00, 0x00, 0x00, 0x00, 0x00, 0x00, 0x00, 0x00, 0x00, 0x00, 0x00, 0x00, 0x00, 0x00, 0x00,
  0xFF, 0xFF, 0x01, 0x00, 0x00, 0x00, 0x00, 0x00, 0x00, 0x1C, 0xE7, 0xC6, 0xDF, 0xFF, 0xFF, 0x1C,
  0xE7, 0x9F, 0x00, 0x00, 0x00, 0xFF, 0xFF, 0x03, 0x00, 0x00, 0x00, 0x00, 0x00, 0x00, 0x00, 0x00,
  0x00, 0x00, 0x00, 0x00, 0x00, 0x00, 0x00, 0x00, 0x00, 0x00, 0x00, 0x00, 0x00, 0x00, 0x00, 0x00,
  0xFF, 0xFF, 0x01, 0x00, 0x00, 0x00, 0x3C, 0xE7, 0x13, 0x3C, 0xE7, 0xE4, 0x9E, 0xF7, 0xFE, 0x1C,
  0xE7, 0xC3, 0xFF, 0xFF, 0x02, 0xFF, 0xFF, 0x03, 0x00, 0x00, 0x01, 0x00, 0x00, 0x00, 0x00, 0x00,
  0x00, 0x00, 0x00, 0x00, 0x00, 0x00, 0x00, 0x00, 0x00, 0x00, 0x00, 0x00, 0x00, 0x00, 0x00, 0x00,
  0x00, 0x00, 0x00, 0x00, 0x00, 0x00, 0x00, 0x00, 0x00, 0x00, 0x00, 0x00, 0x00, 0x00, 0x00, 0x00,
  0x00, 0x00, 0x00, 0x00, 0x00, 0x00, 0x00, 0x00, 0x00, 0x00, 0x00, 0x00, 0x00, 0x00, 0x00, 0x00,
  0x00, 0x00, 0x00, 0x00, 0x00, 0x00, 0x00, 0x00, 0x00, 0x00, 0x00, 0x00, 0x00, 0x00, 0x00, 0x00,
  0x00, 0x00, 0x00, 0x00, 0x00, 0x00, 0x00, 0x00, 0x00, 0x00, 0x00, 0x00, 0x00, 0x00, 0x00, 0x00,
  0x00, 0x00, 0x00, 0x00, 0x00, 0x00, 0x00, 0x00, 0x00, 0x00, 0x00, 0x00, 0x00, 0x00, 0xFF, 0xFF,
  0x01, 0x00, 0x00, 0x00, 0xFB, 0xDE, 0x08, 0x1C, 0xE7, 0xCE, 0xDF, 0xFF, 0xFF, 0x1C, 0xE7, 0x92,
  0x00, 0x00, 0x00, 0xFF, 0xFF, 0x03, 0x00, 0x00, 0x00, 0x00, 0x00, 0x00, 0x00, 0x00, 0x00, 0x00,
  0x00, 0x00, 0x00, 0x00, 0x00, 0x00, 0x00, 0x00, 0x00, 0x00, 0x00, 0x00, 0x00, 0x00, 0x00, 0x00,
  0x00, 0xFF, 0xFF, 0x03, 0x00, 0x00, 0x00, 0x1C, 0xE7, 0x77, 0x9E, 0xF7, 0xFF, 0x5D, 0xEF, 0xFF,
  0x1C, 0xE7, 0x6B, 0x00, 0x00, 0x00, 0xFF, 0xFF, 0x04, 0x00, 0x00, 0x00, 0x00, 0x00, 0x00, 0x00,
  0x00, 0x00, 0x00, 0x00, 0x00, 0x00, 0x00, 0x00, 0x00, 0x00, 0x00, 0x00, 0x00, 0x00, 0x00, 0x00,
  0x00, 0x00, 0x00, 0x00, 0x00, 0x00, 0x00, 0x00, 0x00, 0x00, 0x00, 0x00, 0x00, 0x00, 0x00, 0x00,
  0x00, 0x00, 0x00, 0x00, 0x00, 0x00, 0x00, 0x00, 0x00, 0x00, 0x00, 0x00, 0x00, 0x00, 0x00, 0x00,
  0x00, 0x00, 0x00, 0x00, 0x00, 0x00, 0x00, 0x00, 0x00, 0x00, 0x00, 0x00, 0x00, 0x00, 0x00, 0x00,
  0x00, 0x00, 0x00, 0x00, 0x00, 0x00, 0x00, 0x00, 0x00, 0x00, 0x00, 0x00, 0x00, 0x00, 0x00, 0x00,
  0x00, 0x00, 0x00, 0x00, 0x00, 0x00, 0x00, 0x00, 0x00, 0x00, 0x00, 0x00, 0xFF, 0xFF, 0x01, 0x00,
  0x00, 0x00, 0xFF, 0xFF, 0x02, 0x1C, 0xE7, 0xC8, 0xDF, 0xFF, 0xFF, 0x1C, 0xE7, 0x9D, 0x00, 0x00,
  0x00, 0xFF, 0xFF, 0x03, 0x00, 0x00, 0x00, 0x00, 0x00, 0x00, 0x00, 0x00, 0x00, 0x00, 0x00, 0x00,
  0x00, 0x00, 0x00, 0x00, 0x00, 0x00, 0x00, 0x00, 0x00, 0x00, 0x00, 0x00, 0x00, 0x00, 0x00, 0xFF,
  0xFF, 0x01, 0xFF, 0xFF, 0x02, 0x3C, 0xE7, 0x0A, 0x1C, 0xE7, 0xD2, 0x9E, 0xF7, 0xFF, 0x3C, 0xE7,
  0xF3, 0xFB, 0xDE, 0x30, 0x00, 0x00, 0x00, 0xFF, 0xFF, 0x04, 0x00, 0x00, 0x00, 0x00, 0x00, 0x00,
  0x00, 0x00, 0x00, 0x00, 0x00, 0x00, 0x00, 0x00, 0x00, 0x00, 0x00, 0x00, 0x00, 0x00, 0x00, 0x00,
  0x00, 0x00, 0x00, 0x00, 0x00, 0x00, 0x00, 0x00, 0x00, 0x00, 0x00, 0x00, 0x00, 0x00, 0x00, 0x00,
  0x00, 0x00, 0x00, 0x00, 0x00, 0x00, 0x00, 0x00, 0x00, 0x00, 0x00, 0x00, 0x00, 0x00, 0x00, 0x00,
  0x00, 0x00, 0x00, 0x00, 0x00, 0x00, 0x00, 0x00, 0x00, 0x00, 0x00, 0x00, 0x00, 0x00, 0x00, 0x00,
  0x00, 0x00, 0x00, 0x00, 0x00, 0x00, 0x00, 0x00, 0x00, 0x00, 0x00, 0x00, 0x00, 0x00, 0x00, 0x00,
  0x00, 0x00, 0x00, 0x00, 0x00, 0x00, 0x00, 0x00, 0x00, 0x00, 0x00, 0x00, 0x00, 0xFF, 0xFF, 0x02,
  0x00, 0x00, 0x00, 0x1C, 0xE7, 0xBB, 0xFF, 0xFF, 0xFF, 0x3C, 0xE7, 0xB4, 0x00, 0x00, 0x00, 0xFF,
  0xFF, 0x03, 0x00, 0x00, 0x00, 0x00, 0x00, 0x00, 0x00, 0x00, 0x00, 0x00, 0x00, 0x00, 0x00, 0x00,
  0x00, 0x00, 0x00, 0x00, 0x00, 0x00, 0x00, 0x00, 0x00, 0x00, 0x00, 0x00, 0x00, 0x00, 0x00, 0x00,
  0xFF, 0xFF, 0x02, 0x00, 0x00, 0x00, 0x1C, 0xE7, 0x3B, 0x5D, 0xEF, 0xF9, 0x7D, 0xEF, 0xFF, 0x3C,
  0xE7, 0xDA, 0x1C, 0xE7, 0x22, 0x00, 0x00, 0x00, 0x79, 0xCE, 0x05, 0x00, 0x00, 0x00, 0x00, 0x00,
  0x00, 0x00, 0x00, 0x00, 0x00, 0x00, 0x00, 0x00, 0x00, 0x00, 0x00, 0x00, 0x00, 0x00, 0x00, 0x00,
  0x00, 0x00, 0x00, 0x00, 0x00, 0x00, 0x00, 0x00, 0x00, 0x00, 0x00, 0x00, 0x00, 0x00, 0x00, 0x00,
  0x00, 0x00, 0x00, 0x00, 0x00, 0x00, 0x00, 0x00, 0x00, 0x00, 0x00, 0x00, 0x00, 0x00, 0x00, 0x00,
  0x00, 0x00, 0x00, 0x00, 0x00, 0x00, 0x00, 0x00, 0x00, 0x00, 0x00, 0x00, 0x00, 0x00, 0x00, 0x00,
  0x00, 0x00, 0x00, 0x00, 0x00, 0x00, 0x00, 0x00, 0x00, 0x00, 0x00, 0x00, 0x00, 0x00, 0x00, 0x00,
  0x00, 0x00, 0x00, 0x00, 0x00, 0x00, 0x00, 0x00, 0x00, 0x00, 0x00, 0xF7, 0xBD, 0x04, 0x00, 0x00,
  0x00, 0x3C, 0xE7, 0xA2, 0xFF, 0xFF, 0xFF, 0x1C, 0xE7, 0xCC, 0xFF, 0xFF, 0x04, 0xFF, 0xFF, 0x01,
  0x00, 0x00, 0x00, 0x00, 0x00, 0x00, 0x00, 0x00, 0x00, 0x00, 0x00, 0x00, 0x00, 0x00, 0x00, 0x00,
  0x00, 0x00, 0x00, 0x00, 0x00, 0x00, 0x00, 0x00, 0x00, 0x00, 0x00, 0x00, 0x00, 0x00, 0x00, 0x00,
  0x00, 0xFF, 0xFF, 0x03, 0x00, 0x00, 0x00, 0x1C, 0xE7, 0x6C, 0x7D, 0xEF, 0xFF, 0x7D, 0xEF, 0xFF,
  0x3C, 0xE7, 0xD8, 0x3C, 0xE7, 0x29, 0x00, 0x00, 0x00, 0xFF, 0xFF, 0x02, 0xFF, 0xFF, 0x02, 0x00,
  0x00, 0x00, 0x00, 0x00, 0x00, 0x00, 0x00, 0x00, 0x00, 0x00, 0x00, 0x00, 0x00, 0x00, 0x00, 0x00,
  0x00, 0x00, 0x00, 0x00, 0x00, 0x00, 0x00, 0x00, 0x00, 0x00, 0x00, 0x00, 0x00, 0x00, 0x00, 0x00,
  0x00, 0x00, 0x00, 0x00, 0x00, 0x00, 0x00, 0x00, 0x00, 0x00, 0x00, 0x00, 0x00, 0x00, 0x00, 0x00,
  0x00, 0x00, 0x00, 0x00, 0x00, 0x00, 0x00, 0x00, 0x00, 0x00, 0x00, 0x00, 0x00, 0x00, 0x00, 0x00,
  0x00, 0x00, 0x00, 0x00, 0x00, 0x00, 0x00, 0x00, 0x00, 0x00, 0x00, 0x00, 0x00, 0x00, 0x00, 0x00,
  0x00, 0x00, 0x00, 0x00, 0x00, 0x00, 0x00, 0x00, 0x00, 0xFF, 0xFF, 0x03, 0x00, 0x00, 0x00, 0x1C,
  0xE7, 0x75, 0xBE, 0xF7, 0xFF, 0x1C, 0xE7, 0xEB, 0x7D, 0xEF, 0x1D, 0x00, 0x00, 0x00, 0xFF, 0xFF,
  0x02, 0x00, 0x00, 0x00, 0x00, 0x00, 0x00, 0x00, 0x00, 0x00, 0x00, 0x00, 0x00, 0x00, 0x00, 0x00,
  0x00, 0x00, 0x00, 0x00, 0x00, 0x00, 0x00, 0x00, 0x00, 0x00, 0x00, 0x00, 0x00, 0x00, 0x00, 0x00,
  0x00, 0x01, 0xFF, 0xFF, 0x03, 0x00, 0x00, 0x00, 0x3C, 0xE7, 0x76, 0x7D, 0xEF, 0xFF, 0x7D, 0xEF,
  0xFF, 0x3C, 0xE7, 0xEB, 0x3C, 0xE7, 0x5D, 0x00, 0x00, 0x00, 0x00, 0x00, 0x00, 0xFF, 0xFF, 0x02,
  0xFF, 0xFF, 0x03, 0xEF, 0x7B, 0x02, 0xFF, 0xFF, 0x01, 0x00, 0x00, 0x00, 0x00, 0x00, 0x00, 0x00,
  0x00, 0x00, 0x00, 0x00, 0x00, 0x00, 0x00, 0x00, 0xFF, 0xFF, 0x01, 0xFF, 0xFF, 0x02, 0xF7, 0xBD,
  0x04, 0xFF, 0xFF, 0x03, 0x00, 0x00, 0x00, 0x00, 0x00, 0x00, 0x00, 0x00, 0x00, 0x00, 0x00, 0x00,
  0x00, 0x00, 0x00, 0x00, 0x00, 0x00, 0x00, 0x00, 0x00, 0x00, 0x00, 0x00, 0x00, 0x00, 0x00, 0x00,
  0x00, 0x00, 0x00, 0x00, 0x00, 0x00, 0x00, 0x00, 0x00, 0x00, 0x00, 0x00, 0x00, 0x00, 0x00, 0x00,
  0x00, 0x00, 0x00, 0x00, 0x00, 0x00, 0x00, 0xFF, 0xFF, 0x03, 0x00, 0x00, 0x00, 0x1C, 0xE7, 0x42,
  0x5D, 0xEF, 0xFF, 0x7D, 0xEF, 0xFF, 0x3C, 0xE7, 0x4E, 0xFF, 0xFF, 0x01, 0xFF, 0xFF, 0x03, 0x00,
  0x00, 0x00, 0x00, 0x00, 0x00, 0x00, 0x00, 0x00, 0x00, 0x00, 0x00, 0x00, 0x00, 0x00, 0x00, 0x00,
  0x00, 0x00, 0x00, 0x00, 0x00, 0x00, 0x00, 0x00, 0x00, 0x00, 0x00, 0x00, 0x00, 0x00, 0x00, 0x00,
  0xFF, 0xFF, 0x01, 0xFF, 0xFF, 0x03, 0x00, 0x00, 0x00, 0x1C, 0xE7, 0x76, 0x5D, 0xEF, 0xFB, 0x7D,
  0xEF, 0xFF, 0x5D, 0xEF, 0xFF, 0x3C, 0xE7, 0xAF, 0x3C, 0xE7, 0x3A, 0x00, 0x00, 0x00, 0x00, 0x00,
  0x00, 0x00, 0x00, 0x00, 0x00, 0x00, 0x00, 0xFF, 0xFF, 0x02, 0x79, 0xCE, 0x05, 0x79, 0xCE, 0x05,
  0xFF, 0xFF, 0x04, 0xFF, 0xFF, 0x02, 0x00, 0x00, 0x00, 0x00, 0x00, 0x00, 0x00, 0x00, 0x00, 0x00,
  0x00, 0x00, 0x00, 0x00, 0x00, 0x00, 0x00, 0x00, 0x00, 0x00, 0x00, 0x00, 0x00, 0x00, 0x00, 0x00,
  0x00, 0x00, 0x00, 0x00, 0x00, 0x00, 0x00, 0x00, 0x00, 0x00, 0x00, 0x00, 0x00, 0x00, 0x00, 0x00,
  0x00, 0x00, 0x00, 0x00, 0x00, 0x00, 0x00, 0x00, 0x00, 0x00, 0x00, 0x00, 0x00, 0x00, 0x00, 0x00,
  0x00, 0x00, 0x00, 0x00, 0x00, 0xFF, 0xFF, 0x01, 0x00, 0x00, 0x00, 0x3C, 0xE7, 0x13, 0x1C, 0xE7,
  0xE1, 0xBE, 0xF7, 0xFF, 0x1C, 0xE7, 0x97, 0x00, 0x00, 0x00, 0xFF, 0xFF, 0x03, 0x00, 0x00, 0x00,
  0x00, 0x00, 0x00, 0x00, 0x00, 0x00, 0x00, 0x00, 0x00, 0x00, 0x00, 0x00, 0x00, 0x00, 0x00, 0x00,
  0x00, 0x00, 0x00, 0x00, 0x00, 0x00, 0x00, 0x00, 0x00, 0x00, 0x00, 0x00, 0x00, 0x00, 0x00, 0x00,
  0x00, 0x00, 0x00, 0x00, 0xFF, 0xFF, 0x03, 0x00, 0x00, 0x00, 0x1C, 0xE7, 0x46, 0x5D, 0xEF, 0xD8,
  0x9E, 0xF7, 0xFF, 0x9E, 0xF7, 0xFF, 0x1C, 0xE7, 0xFE, 0x3C, 0xE7, 0xB3, 0x3C, 0xE7, 0x61, 0xFB,
  0xDE, 0x20, 0xFB, 0xDE, 0x08, 0x00, 0x00, 0x00, 0x00, 0x00, 0x00, 0x00, 0x00, 0x00, 0x00, 0x00,
  0x00, 0x00, 0x00, 0x00, 0x3C, 0xE7, 0x0B, 0x5D, 0xEF, 0x23, 0x3C, 0xE7, 0x69, 0x1C, 0xE7, 0x58,
  0xFF, 0xFF, 0x01, 0x00, 0x00, 0x00, 0x00, 0x00, 0x00, 0x00, 0x00, 0x00, 0x00, 0x00, 0x00, 0x00,
  0x00, 0x00, 0x00, 0x00, 0x00, 0x00, 0x00, 0x00, 0x00, 0x00, 0x00, 0x00, 0x00, 0x00, 0x00, 0x00,
  0x00, 0x00, 0x00, 0x00, 0x00, 0x00, 0x00, 0x00, 0x00, 0x00, 0x00, 0x00, 0x00, 0x00, 0x00, 0x00,
  0x00, 0x00, 0x00, 0x00, 0x00, 0x00, 0xFF, 0xFF, 0x03, 0x00, 0x00, 0x00, 0x3C, 0xE7, 0xA0, 0xBE,
  0xF7, 0xFF, 0x3C, 0xE7, 0xE3, 0x9E, 0xF7, 0x12, 0xFF, 0xFF, 0x01, 0xFF, 0xFF, 0x02, 0x00, 0x00,
  0x00, 0x00, 0x00, 0x00, 0x00, 0x00, 0x00, 0x00, 0x00, 0x00, 0x00, 0x00, 0x00, 0x00, 0x00, 0x00,
  0x00, 0x00, 0x00, 0x00, 0x00, 0x00, 0x00, 0x00, 0x00, 0x00, 0x00, 0x00, 0x00, 0x00, 0x00, 0x00,
  0x00, 0x00, 0x00, 0x00, 0x00, 0x55, 0xAD, 0x03, 0x00, 0x00, 0x00, 0xFB, 0xDE, 0x16, 0x3C, 0xE7,
  0x91, 0x3C, 0xE7, 0xF1, 0x9E, 0xF7, 0xFF, 0xDF, 0xFF, 0xFF, 0x7D, 0xEF, 0xFF, 0x1C, 0xE7, 0xF3,
  0x1C, 0xE7, 0xCE, 0x1C, 0xE7, 0xAE, 0x1C, 0xE7, 0x9D, 0x1C, 0xE7, 0x9C, 0x3C, 0xE7, 0x9E, 0x1C,
  0xE7, 0xB1, 0x1C, 0xE7, 0xD6, 0x1C, 0xE7, 0xFB, 0x9E, 0xF7, 0xFF, 0x5D, 0xEF, 0xFF, 0x3C, 0xE7,
  0x26, 0x00, 0x00, 0x00, 0xFF, 0xFF, 0x02, 0x00, 0x00, 0x00, 0x00, 0x00, 0x00, 0x00, 0x00, 0x00,
  0x00, 0x00, 0x00, 0x00, 0x00, 0x00, 0x00, 0x00, 0x00, 0x00, 0x00, 0x00, 0x00, 0x00, 0x00, 0x00,
  0x00, 0x00, 0x00, 0x00, 0x00, 0x00, 0x00, 0x00, 0x00, 0x00, 0x00, 0x00, 0x00, 0x00, 0x00, 0x00,
  0x00, 0x00, 0x00, 0x00, 0x55, 0xAD, 0x03, 0x00, 0x00, 0x00, 0x1C, 0xE7, 0x48, 0x5D, 0xEF, 0xFE,
  0x7D, 0xEF, 0xFF, 0x1C, 0xE7, 0x6D, 0x00, 0x00, 0x00, 0xFF, 0xFF, 0x03, 0x00, 0x00, 0x00, 0x00,
  0x00, 0x00, 0x00, 0x00, 0x00, 0x00, 0x00, 0x00, 0x00, 0x00, 0x00, 0x00, 0x00, 0x00, 0x00, 0x00,
  0x00, 0x00, 0x00, 0x00, 0x00, 0x00, 0x00, 0x00, 0x00, 0x00, 0x00, 0x00, 0x00, 0x00, 0x00, 0x00,
  0x00, 0x00, 0x00, 0x00, 0x00, 0x00, 0xFF, 0xFF, 0x02, 0x00, 0x00, 0x00, 0x00, 0x00, 0x00, 0x3C,
  0xE7, 0x29, 0x3C, 0xE7, 0x85, 0x3C, 0xE7, 0xD5, 0x3C, 0xE7, 0xFE, 0xBE, 0xF7, 0xFF, 0xDF, 0xFF,
  0xFF, 0xFF, 0xFF, 0xFF, 0xFF, 0xFF, 0xFF, 0xFF, 0xFF, 0xFF, 0xFF, 0xFF, 0xFF, 0xFF, 0xFF, 0xFF,
  0x9E, 0xF7, 0xFF, 0x1C, 0xE7, 0xFF, 0x5D, 0xEF, 0xFB, 0x3C, 0xE7, 0xE9, 0x3C, 0xE7, 0x16, 0x00,
  0x00, 0x00, 0xFF, 0xFF, 0x01, 0x00, 0x00, 0x00, 0x00, 0x00, 0x00, 0x00, 0x00, 0x00, 0x00, 0x00,
  0x00, 0x00, 0x00, 0x00, 0x00, 0x00, 0x00, 0x00, 0x00, 0x00, 0x00, 0x00, 0x00, 0x00, 0x00, 0x00,
  0x00, 0x00, 0x00, 0x00, 0x00, 0x00, 0x00, 0x00, 0x00, 0x00, 0x00, 0x00, 0x00, 0x00, 0x00, 0x00,
  0x00, 0x00, 0x00, 0x00, 0x00, 0xFF, 0xFF, 0x02, 0xFF, 0xFF, 0x03, 0x1C, 0xE7, 0xC0, 0xBE, 0xF7,
  0xFE, 0x3C, 0xE7, 0xDE, 0x3C, 0xE7, 0x13, 0xFF, 0xFF, 0x02, 0xEF, 0x7B, 0x02, 0x00, 0x00, 0x00,
  0x00, 0x00, 0x00, 0x00, 0x00, 0x00, 0x00, 0x00, 0x00, 0x00, 0x00, 0x00, 0x00, 0x00, 0x00, 0x00,
  0x00, 0x00, 0x00, 0x00, 0x00, 0x00, 0x00, 0x00, 0x00, 0x00, 0x00, 0x00, 0x00, 0x00, 0x00, 0x00,
  0x00, 0x00, 0x00, 0x00, 0x00, 0x00, 0x00, 0xFF, 0xFF, 0x01, 0xFF, 0xFF, 0x02, 0x00, 0x00, 0x00,
  0x00, 0x00, 0x00, 0x79, 0xCE, 0x05, 0x1C, 0xE7, 0x3D, 0x5D, 0xEF, 0x6F, 0x3C, 0xE7, 0x9D, 0x1C,
  0xE7, 0xBB, 0x1C, 0xE7, 0xCE, 0x3C, 0xE7, 0xCF, 0x1C, 0xE7, 0xCE, 0x1C, 0xE7, 0xB1, 0x1C, 0xE7,
  0xCA, 0x3C, 0xE7, 0xFD, 0x9E, 0xF7, 0xFF, 0x1C, 0xE7, 0x81, 0x00, 0x00, 0x00, 0xF7, 0xBD, 0x04,
  0x00, 0x00, 0x00, 0x00, 0x00, 0x00, 0x00, 0x00, 0x00, 0x00, 0x00, 0x00, 0x00, 0x00, 0x00, 0x00,
  0x00, 0x00, 0x00, 0x00, 0x00, 0x00, 0x00, 0x00, 0x00, 0x00, 0x00, 0x00, 0x00, 0x00, 0x00, 0x00,
  0x00, 0x00, 0x00, 0x00, 0x00, 0x00, 0x00, 0x00, 0x00, 0x00, 0x00, 0x00, 0x00, 0x00, 0x00, 0x00,
  0x00, 0x00, 0x00, 0xFF, 0xFF, 0x03, 0x00, 0x00, 0x00, 0x3C, 0xE7, 0x48, 0x5D, 0xEF, 0xFF, 0x9E,
  0xF7, 0xFF, 0x1C, 0xE7, 0x95, 0x00, 0x00, 0x00, 0x79, 0xCE, 0x05, 0x00, 0x00, 0x00, 0x00, 0x00,
  0x00, 0x00, 0x00, 0x00, 0x00, 0x00, 0x00, 0x00, 0x00, 0x00, 0x00, 0x00, 0x00, 0x00, 0x00, 0x00,
  0x00, 0x00, 0x00, 0x00, 0x00, 0x00, 0x00, 0x00, 0x00, 0x00, 0x00, 0x00, 0x00, 0x00, 0x00, 0x00,
  0x00, 0x00, 0x00, 0x00, 0x00, 0x00, 0x00, 0x00, 0x00, 0x00, 0x00, 0xFF, 0xFF, 0x02, 0xFF, 0xFF,
  0x03, 0x00, 0x00, 0x00, 0x00, 0x00, 0x00, 0x00, 0x00, 0x00, 0x00, 0x00, 0x00, 0x00, 0x00, 0x00,
  0x00, 0x00, 0x00, 0x00, 0x00, 0x00, 0x00, 0x00, 0x00, 0xDB, 0xDE, 0x07, 0x3C, 0xE7, 0xCB, 0x7D,
  0xEF, 0xFE, 0x3C, 0xE7, 0xE8, 0x5D, 0xEF, 0x17, 0xFF, 0xFF, 0x01, 0xEF, 0x7B, 0x02, 0x00, 0x00,
  0x00, 0x00, 0x00, 0x00, 0x00, 0x00, 0x00, 0x00, 0x00, 0x00, 0x00, 0x00, 0x00, 0x00, 0x00, 0x00,
  0x00, 0x00, 0x00, 0x00, 0x00, 0x00, 0x00, 0x00, 0x00, 0x00, 0x00, 0x00, 0x00, 0x00, 0x00, 0x00,
  0x00, 0x00, 0x00, 0x00, 0x00, 0x00, 0x00, 0x00, 0x00, 0x00, 0x00, 0x00, 0x00, 0x00, 0x00, 0x00,
  0x00, 0x00, 0x00, 0x00, 0xFF, 0xFF, 0x03, 0xFF, 0xFF, 0x01, 0x1C, 0xE7, 0xAD, 0x9E, 0xF7, 0xFF,
  0x5D, 0xEF, 0xFC, 0x1C, 0xE7, 0x50, 0x00, 0x00, 0x00, 0x79, 0xCE, 0x05, 0x00, 0x00, 0x00, 0x00,
  0x00, 0x00, 0x00, 0x00, 0x00, 0x00, 0x00, 0x00, 0x00, 0x00, 0x00, 0x00, 0x00, 0x00, 0x00, 0x00,
  0x00, 0x00, 0x00, 0x00, 0x00, 0x00, 0x00, 0x00, 0x00, 0x00, 0x00, 0x00, 0x00, 0x00, 0x00, 0x00,
  0x00, 0x00, 0x00, 0x00, 0x00, 0x00, 0x00, 0x00, 0x00, 0x00, 0x00, 0x00, 0x00, 0x00, 0x00, 0x00,
  0x00, 0x01, 0xFF, 0xFF, 0x03, 0xFF, 0xFF, 0x03, 0xFF, 0xFF, 0x02, 0xEF, 0x7B, 0x02, 0xEF, 0x7B,
  0x02, 0xFF, 0xFF, 0x05, 0x00, 0x00, 0x00, 0x1C, 0xE7, 0x98, 0x9E, 0xF7, 0xFF, 0x7D, 0xEF, 0xFF,
  0x1C, 0xE7, 0x64, 0x00, 0x00, 0x00, 0x55, 0xAD, 0x03, 0x00, 0x00, 0x00, 0x00, 0x00, 0x00, 0x00,
  0x00, 0x00, 0x00, 0x00, 0x00, 0x00, 0x00, 0x00, 0x00, 0x00, 0x00, 0x00, 0x00, 0x00, 0x00, 0x00,
  0x00, 0x00, 0x00, 0x00, 0x00, 0x00, 0x00, 0x00, 0x00, 0x00, 0x00, 0x00, 0x00, 0x00, 0x00, 0x00,
  0x00, 0x00, 0x00, 0x00, 0x00, 0x00, 0x00, 0x00, 0x00, 0x00, 0x00, 0x00, 0x00, 0x00, 0x00, 0x00,
  0x00, 0x00, 0xFF, 0xFF, 0x02, 0xFF, 0xFF, 0x01, 0x3C, 0xE7, 0x1E, 0x3C, 0xE7, 0xE7, 0x7D, 0xEF,
  0xFF, 0x3C, 0xE7, 0xEF, 0x1C, 0xE7, 0x33, 0x00, 0x00, 0x00, 0xFF, 0xFF, 0x04, 0x00, 0x00, 0x00,
  0x00, 0x00, 0x00, 0x00, 0x00, 0x00, 0x00, 0x00, 0x00, 0x00, 0x00, 0x00, 0x00, 0x00, 0x00, 0x00,
  0x00, 0x00, 0x00, 0x00, 0x00, 0x00, 0x00, 0x00, 0x00, 0x00, 0x00, 0x00, 0x00, 0x00, 0x00, 0x00,
  0x00, 0x00, 0x00, 0x00, 0x00, 0x00, 0x00, 0x00, 0x00, 0x00, 0x00, 0x00, 0x00, 0x00, 0x00, 0x00,
  0x00, 0x00, 0x00, 0x00, 0x00, 0x00, 0x00, 0x00, 0x00, 0xFF, 0xFF, 0x01, 0xFF, 0xFF, 0x04, 0x00,
  0x00, 0x00, 0x3C, 0xE7, 0x73, 0x5D, 0xEF, 0xFF, 0x9E, 0xF7, 0xFF, 0x3C, 0xE7, 0xAF, 0xFF, 0xFF,
  0x01, 0x55, 0xAD, 0x03, 0x00, 0x00, 0x01, 0x00, 0x00, 0x00, 0x00, 0x00, 0x00, 0x00, 0x00, 0x00,
  0x00, 0x00, 0x00, 0x00, 0x00, 0x00, 0x00, 0x00, 0x00, 0x00, 0x00, 0x00, 0x00, 0x00, 0x00, 0x00,
  0x00, 0x00, 0x00, 0x00, 0x00, 0x00, 0x00, 0x00, 0x00, 0x00, 0x00, 0x00, 0x00, 0x00, 0x00, 0x00,
  0x00, 0x00, 0x00, 0x00, 0x00, 0x00, 0x00, 0x00, 0x00, 0x00, 0x00, 0x00, 0x00, 0x00, 0x00, 0x00,
  0x00, 0x00, 0x00, 0xFF, 0xFF, 0x03, 0x00, 0x00, 0x00, 0xFB, 0xDE, 0x4A, 0x5D, 0xEF, 0xFC, 0x5D,
  0xEF, 0xFF, 0x3C, 0xE7, 0xE6, 0x3C, 0xE7, 0x32, 0x00, 0x00, 0x00, 0xFF, 0xFF, 0x04, 0xFF, 0xFF,
  0x01, 0x00, 0x00, 0x00, 0x00, 0x00, 0x00, 0x00, 0x00, 0x00, 0x00, 0x00, 0x00, 0x00, 0x00, 0x00,
  0x00, 0x00, 0x00, 0x00, 0x00, 0x00, 0x00, 0x00, 0x00, 0x00, 0x00, 0x00, 0x00, 0x00, 0x00, 0x00,
  0x00, 0x00, 0x00, 0x00, 0x00, 0x00, 0x00, 0x00, 0x00, 0x00, 0x00, 0x00, 0x00, 0x00, 0x00, 0x00,
  0x00, 0x00, 0x00, 0x00, 0xFF, 0xFF, 0x02, 0xFF, 0xFF, 0x02, 0x00, 0x00, 0x00, 0x3C, 0xE7, 0x6B,
  0x5D, 0xEF, 0xFE, 0x7D, 0xEF, 0xFF, 0x3C, 0xE7, 0xD8, 0x1C, 0xE7, 0x19, 0xFF, 0xFF, 0x01, 0xFF,
  0xFF, 0x02, 0x00, 0x00, 0x00, 0x00, 0x00, 0x00, 0x00, 0x00, 0x00, 0x00, 0x00, 0x00, 0x00, 0x00,
  0x00, 0x00, 0x00, 0x00, 0x00, 0x00, 0x00, 0x00, 0x00, 0x00, 0x00, 0x00, 0x00, 0x00, 0x00, 0x00,
  0x00, 0x00, 0x00, 0x00, 0x00, 0x00, 0x00, 0x00, 0x00, 0x00, 0x00, 0x00, 0x00, 0x00, 0x00, 0x00,
  0x00, 0x00, 0x00, 0x00, 0x00, 0x00, 0x00, 0x00, 0x00, 0x00, 0x00, 0x00, 0x00, 0x00, 0x00, 0x00,
  0x00, 0x00, 0x00, 0x00, 0xFF, 0xFF, 0x03, 0x00, 0x00, 0x00, 0x1C, 0xE7, 0x6C, 0x9E, 0xF7, 0xFF,
  0x7D, 0xEF, 0xFF, 0x3C, 0xE7, 0xEA, 0x3C, 0xE7, 0x41, 0x00, 0x00, 0x00, 0x00, 0x00, 0x00, 0xFF,
  0xFF, 0x03, 0x00, 0x00, 0x00, 0x00, 0x00, 0x00, 0x00, 0x00, 0x00, 0x00, 0x00, 0x00, 0x00, 0x00,
  0x00, 0x00, 0x00, 0x00, 0x00, 0x00, 0x00, 0x00, 0x00, 0x00, 0x00, 0x00, 0x00, 0x00, 0x00, 0x00,
  0x00, 0x00, 0x00, 0x00, 0x00, 0x00, 0x00, 0x00, 0x00, 0x00, 0x00, 0x00, 0xFF, 0xFF, 0x01, 0xF7,
  0xBD, 0x04, 0x00, 0x00, 0x00, 0x00, 0x00, 0x00, 0x3C, 0xE7, 0x7B, 0x5D, 0xEF, 0xFE, 0x7D, 0xEF,
  0xFF, 0x3C, 0xE7, 0xED, 0xFB, 0xDE, 0x2C, 0x00, 0x00, 0x00, 0xFF, 0xFF, 0x02, 0x00, 0x00, 0x00,
  0x00, 0x00, 0x00, 0x00, 0x00, 0x00, 0x00, 0x00, 0x00, 0x00, 0x00, 0x00, 0x00, 0x00, 0x00, 0x00,
  0x00, 0x00, 0x00, 0x00, 0x00, 0x00, 0x00, 0x00, 0x00, 0x00, 0x00, 0x00, 0x00, 0x00, 0x00, 0x00,
  0x00, 0x00, 0x00, 0x00, 0x00, 0x00, 0x00, 0x00, 0x00, 0x00, 0x00, 0x00, 0x00, 0x00, 0x00, 0x00,
  0x00, 0x00, 0x00, 0x00, 0x00, 0x00, 0x00, 0x00, 0x00, 0x00, 0x00, 0x00, 0x00, 0x00, 0x00, 0x00,
  0x00, 0x00, 0x00, 0x00, 0x00, 0xFF, 0xFF, 0x04, 0x00, 0x00, 0x00, 0x3C, 0xE7, 0x76, 0x5D, 0xEF,
  0xFB, 0x7D, 0xEF, 0xFF, 0x5D, 0xEF, 0xF5, 0x1C, 0xE7, 0x7A, 0x79, 0xCE, 0x0A, 0x00, 0x00, 0x00,
  0xFF, 0xFF, 0x01, 0xFF, 0xFF, 0x03, 0xFF, 0xFF, 0x02, 0x00, 0x00, 0x00, 0x00, 0x00, 0x00, 0x00,
  0x00, 0x00, 0x00, 0x00, 0x00, 0x00, 0x00, 0x00, 0x00, 0x00, 0x00, 0x00, 0x00, 0x00, 0x00, 0x00,
  0x00, 0xFF, 0xFF, 0x01, 0x55, 0xAD, 0x03, 0xFF, 0xFF, 0x03, 0x00, 0x00, 0x00, 0x00, 0x00, 0x00,
  0xDB, 0xDE, 0x1C, 0x5D, 0xEF, 0xAA, 0x7D, 0xEF, 0xFF, 0x7D, 0xEF, 0xFF, 0x5D, 0xEF, 0xE4, 0x1C,
  0xE7, 0x3B, 0x00, 0x00, 0x00, 0xFF, 0xFF, 0x03, 0x00, 0x00, 0x00, 0x00, 0x00, 0x00, 0x00, 0x00,
  0x00, 0x00, 0x00, 0x00, 0x00, 0x00, 0x00, 0x00, 0x00, 0x00, 0x00, 0x00, 0x00, 0x00, 0x00, 0x00,
  0x00, 0x00, 0x00, 0x00, 0x00, 0x00, 0x00, 0x00, 0x00, 0x00, 0x00, 0x00, 0x00, 0x00, 0x00, 0x00,
  0x00, 0x00, 0x00, 0x00, 0x00, 0x00, 0x00, 0x00, 0x00, 0x00, 0x00, 0x00, 0x00, 0x00, 0x00, 0x00,
  0x00, 0x00, 0x00, 0x00, 0x00, 0x00, 0x00, 0x00, 0x00, 0x00, 0x00, 0x00, 0x00, 0x00, 0x00, 0x00,
  0x00, 0x00, 0x00, 0x00, 0x00, 0x00, 0x55, 0xAD, 0x03, 0x00, 0x00, 0x00, 0x1C, 0xE7, 0x57, 0x5D,
  0xEF, 0xEF, 0x9E, 0xF7, 0xFF, 0x7D, 0xEF, 0xFF, 0x3C, 0xE7, 0xC6, 0x3C, 0xE7, 0x47, 0x00, 0x00,
  0x00, 0x00, 0x00, 0x00, 0x00, 0x00, 0x00, 0xFF, 0xFF, 0x01, 0x55, 0xAD, 0x03, 0xFF, 0xFF, 0x03,
  0xFF, 0xFF, 0x03, 0xFF, 0xFF, 0x03, 0xFF, 0xFF, 0x03, 0xFF, 0xFF, 0x03, 0xFF, 0xFF, 0x02, 0x00,
  0x00, 0x00, 0x00, 0x00, 0x00, 0x00, 0x00, 0x00, 0xFB, 0xDE, 0x18, 0x3C, 0xE7, 0x7D, 0x3C, 0xE7,
  0xE6, 0x7D, 0xEF, 0xFF, 0x9E, 0xF7, 0xFF, 0x5D, 0xEF, 0xCC, 0xFB, 0xDE, 0x26, 0x00, 0x00, 0x00,
  0xFF, 0xFF, 0x03, 0x00, 0x00, 0x00, 0x00, 0x00, 0x00, 0x00, 0x00, 0x00, 0x00, 0x00, 0x00, 0x00,
  0x00, 0x00, 0x00, 0x00, 0x00, 0x00, 0x00, 0x00, 0x00, 0x00, 0x00, 0x00, 0x00, 0x00, 0x00, 0x00,
  0x00, 0x00, 0x00, 0x00, 0x00, 0x00, 0x00, 0x00, 0x00, 0x00, 0x00, 0x00, 0x00, 0x00, 0x00, 0x00,
  0x00, 0x00, 0x00, 0x00, 0x00, 0x00, 0x00, 0x00, 0x00, 0x00, 0x00, 0x00, 0x00, 0x00, 0x00, 0x00,
  0x00, 0x00, 0x00, 0x00, 0x00, 0x00, 0x00, 0x00, 0x00, 0x00, 0x00, 0x00, 0x00, 0x00, 0x00, 0x00,
  0x00, 0x00, 0x00, 0x00, 0x00, 0x00, 0x01, 0xFF, 0xFF, 0x03, 0x00, 0x00, 0x00, 0xFB, 0xDE, 0x31,
  0x5D, 0xEF, 0xC2, 0x7D, 0xEF, 0xFF, 0x9E, 0xF7, 0xFF, 0x3C, 0xE7, 0xFF, 0x1C, 0xE7, 0xC3, 0x5D,
  0xEF, 0x69, 0x1C, 0xE7, 0x2A, 0x00, 0x00, 0x00, 0x00, 0x00, 0x00, 0x00, 0x00, 0x00, 0x00, 0x00,
  0x00, 0x00, 0x00, 0x00, 0x00, 0x00, 0x00, 0x00, 0x00, 0x00, 0x00, 0x00, 0x00, 0xBA, 0xD6, 0x06,
  0x3C, 0xE7, 0x39, 0x3C, 0xE7, 0x89, 0x3C, 0xE7, 0xE2, 0x9E, 0xF7, 0xFF, 0x9E, 0xF7, 0xFF, 0x5D,
  0xEF, 0xFD, 0x5D, 0xEF, 0x94, 0xBA, 0xD6, 0x0C, 0x00, 0x00, 0x00, 0xFF, 0xFF, 0x03, 0x00, 0x00,
  0x00, 0x00, 0x00, 0x00, 0x00, 0x00, 0x00, 0x00, 0x00, 0x00, 0x00, 0x00, 0x00, 0x00, 0x00, 0x00,
  0x00, 0x00, 0x00, 0x00, 0x00, 0x00, 0x00, 0x00, 0x00, 0x00, 0x00, 0x00, 0x00, 0x00, 0x00, 0x00,
  0x00, 0x00, 0x00, 0x00, 0x00, 0x00, 0x00, 0x00, 0x00, 0x00, 0x00, 0x00, 0x00, 0x00, 0x00, 0x00,
  0x00, 0x00, 0x00, 0x00, 0x00, 0x00, 0x00, 0x00, 0x00, 0x00, 0x00, 0x00, 0x00, 0x00, 0x00, 0x00,
  0x00, 0x00, 0x00, 0x00, 0x00, 0x00, 0x00, 0x00, 0x00, 0x00, 0x00, 0x00, 0x00, 0x00, 0x00, 0x00,
  0x00, 0x00, 0x00, 0x00, 0x00, 0x00, 0x00, 0x00, 0xFF, 0xFF, 0x03, 0x00, 0x00, 0x00, 0x79, 0xCE,
  0x05, 0x3C, 0xE7, 0x73, 0x3C, 0xE7, 0xDC, 0x9E, 0xF7, 0xFF, 0xBE, 0xF7, 0xFF, 0x9E, 0xF7, 0xFF,
  0x1C, 0xE7, 0xF2, 0x3C, 0xE7, 0xCA, 0x1C, 0xE7, 0x9F, 0x1C, 0xE7, 0x7A, 0x3C, 0xE7, 0x6A, 0x3C,
  0xE7, 0x5F, 0x3C, 0xE7, 0x6C, 0x1C, 0xE7, 0x84, 0x3C, 0xE7, 0xAB, 0x3C, 0xE7, 0xD5, 0x1C, 0xE7,
  0xFE, 0xBE, 0xF7, 0xFF, 0xBE, 0xF7, 0xFF, 0x5D, 0xEF, 0xFF, 0x3C, 0xE7, 0xC8, 0x3C, 0xE7, 0x44,
  0x00, 0x00, 0x00, 0x00, 0x00, 0x00, 0xFF, 0xFF, 0x02, 0x00, 0x00, 0x00, 0x00, 0x00, 0x00, 0x00,
  0x00, 0x00, 0x00, 0x00, 0x00, 0x00, 0x00, 0x00, 0x00, 0x00, 0x00, 0x00, 0x00, 0x00, 0x00, 0x00,
  0x00, 0x00, 0x00, 0x00, 0x00, 0x00, 0x00, 0x00, 0x00, 0x00, 0x00, 0x00, 0x00, 0x00, 0x00, 0x00,
  0x00, 0x00, 0x00, 0x00, 0x00, 0x00, 0x00, 0x00, 0x00, 0x00, 0x00, 0x00, 0x00, 0x00, 0x00, 0x00,
  0x00, 0x00, 0x00, 0x00, 0x00, 0x00, 0x00, 0x00, 0x00, 0x00, 0x00, 0x00, 0x00, 0x00, 0x00, 0x00,
  0x00, 0x00, 0x00, 0x00, 0x00, 0x00, 0x00, 0x00, 0x00, 0x00, 0x00, 0x00, 0x00, 0x00, 0x00, 0x00,
  0x00, 0x00, 0x00, 0x00, 0x00, 0x00, 0x00, 0x00, 0x00, 0xFF, 0xFF, 0x02, 0x00, 0x00, 0x00, 0x00,
  0x00, 0x00, 0x9E, 0xF7, 0x11, 0x5D, 0xEF, 0x6F, 0x5D, 0xEF, 0xC9, 0x1C, 0xE7, 0xFE, 0x9E, 0xF7,
  0xFF, 0xFF, 0xFF, 0xFF, 0xDF, 0xFF, 0xFF, 0xBE, 0xF7, 0xFF, 0xBE, 0xF7, 0xFF, 0xBE, 0xF7, 0xFF,
  0xBE, 0xF7, 0xFF, 0xBE, 0xF7, 0xFF, 0xDF, 0xFF, 0xFF, 0xDF, 0xFF, 0xFF, 0x7D, 0xEF, 0xFF, 0x3C,
  0xE7, 0xF2, 0x1C, 0xE7, 0xB0, 0x3C, 0xE7, 0x50, 0xBA, 0xD6, 0x06, 0x00, 0x00, 0x00, 0x55, 0xAD,
  0x03, 0xFF, 0xFF, 0x01, 0x00, 0x00, 0x00, 0x00, 0x00, 0x00, 0x00, 0x00, 0x00, 0x00, 0x00, 0x00,
  0x00, 0x00, 0x00, 0x00, 0x00, 0x00, 0x00, 0x00, 0x00, 0x00, 0x00, 0x00, 0x00, 0x00, 0x00, 0x00,
  0x00, 0x00, 0x00, 0x00, 0x00, 0x00, 0x00, 0x00, 0x00, 0x00, 0x00, 0x00, 0x00, 0x00, 0x00, 0x00,
  0x00, 0x00, 0x00, 0x00, 0x00, 0x00, 0x00, 0x00, 0x00, 0x00, 0x00, 0x00, 0x00, 0x00, 0x00, 0x00,
  0x00, 0x00, 0x00, 0x00, 0x00, 0x00, 0x00, 0x00, 0x00, 0x00, 0x00, 0x00, 0x00, 0x00, 0x00, 0x00,
  0x00, 0x00, 0x00, 0x00, 0x00, 0x00, 0x00, 0x00, 0x00, 0x00, 0x00, 0x00, 0x00, 0x00, 0x00, 0x00,
  0x00, 0x00, 0x00, 0x00, 0x00, 0x00, 0x00, 0x00, 0x00, 0x00, 0xFF, 0xFF, 0x01, 0xFF, 0xFF, 0x03,
  0x00, 0x00, 0x00, 0x00, 0x00, 0x00, 0xF7, 0xBD, 0x04, 0x1C, 0xE7, 0x36, 0x3C, 0xE7, 0x78, 0x3C,
  0xE7, 0xAA, 0x1C, 0xE7, 0xCC, 0x3C, 0xE7, 0xE4, 0x3C, 0xE7, 0xEE, 0x1C, 0xE7, 0xF5, 0x1C, 0xE7,
  0xEC, 0x3C, 0xE7, 0xDB, 0x3C, 0xE7, 0xC5, 0x1C, 0xE7, 0x9E, 0x5D, 0xEF, 0x5F, 0x3C, 0xE7, 0x21,
  0x00, 0x00, 0x00, 0x00, 0x00, 0x00, 0x00, 0x00, 0x00, 0x55, 0xAD, 0x03, 0x00, 0x00, 0x00, 0x00,
  0x00, 0x00, 0x00, 0x00, 0x00, 0x00, 0x00, 0x00, 0x00, 0x00, 0x00, 0x00, 0x00, 0x00, 0x00, 0x00,
  0x00, 0x00, 0x00, 0x00, 0x00, 0x00, 0x00, 0x00, 0x00, 0x00, 0x00, 0x00, 0x00, 0x00, 0x00, 0x00,
  0x00, 0x00, 0x00, 0x00, 0x00, 0x00, 0x00, 0x00, 0x00, 0x00, 0x00, 0x00, 0x00, 0x00, 0x00, 0x00,
  0x00, 0x00, 0x00, 0x00, 0x00, 0x00, 0x00, 0x00, 0x00, 0x00, 0x00, 0x00, 0x00, 0x00, 0x00, 0x00,
  0x00, 0x00, 0x00, 0x00, 0x00, 0x00, 0x00, 0x00, 0x00, 0x00, 0x00, 0x00, 0x00, 0x00, 0x00, 0x00,
  0x00, 0x00, 0x00, 0x00, 0x00, 0x00, 0x00, 0x00, 0x00, 0x00, 0x00, 0x00, 0x00, 0x00, 0x00, 0x00,
  0x00, 0x00, 0x00, 0x00, 0x00, 0x00, 0x00, 0x00, 0x00, 0x00, 0x00, 0x00, 0x00, 0x00, 0xFF, 0xFF,
  0x01, 0xFF, 0xFF, 0x03, 0x00, 0x00, 0x00, 0x00, 0x00, 0x00, 0x00, 0x00, 0x00, 0x00, 0x00, 0x00,
  0xBA, 0xD6, 0x06, 0xFB, 0xDE, 0x17, 0x3C, 0xE7, 0x1D, 0x1C, 0xE7, 0x22, 0x1C, 0xE7, 0x1C, 0x1C,
  0xE7, 0x11, 0xFF, 0xFF, 0x01, 0x00, 0x00, 0x00, 0x00, 0x00, 0x00, 0x00, 0x00, 0x00, 0xFF, 0xFF,
  0x02, 0xFF, 0xFF, 0x03, 0xFF, 0xFF, 0x01, 0x00, 0x00, 0x00, 0x00, 0x00, 0x00, 0x00, 0x00, 0x00,
  0x00, 0x00, 0x00, 0x00, 0x00, 0x00, 0x00, 0x00, 0x00, 0x00, 0x00, 0x00, 0x00, 0x00, 0x00, 0x00,
  0x00, 0x00, 0x00, 0x00, 0x00, 0x00, 0x00, 0x00, 0x00, 0x00, 0x00, 0x00, 0x00, 0x00, 0x00, 0x00,
  0x00, 0x00, 0x00, 0x00, 0x00, 0x00, 0x00, 0x00, 0x00, 0x00, 0x00, 0x00, 0x00, 0x00, 0x00, 0x00,
  0x00, 0x00, 0x00, 0x00, 0x00, 0x00, 0x00, 0x00, 0x00, 0x00, 0x00, 0x00, 0x00, 0x00, 0x00, 0x00,
  0x00, 0x00, 0x00, 0x00, 0x00, 0x00, 0x00, 0x00, 0x00, 0x00, 0x00, 0x00, 0x00, 0x00, 0x00, 0x00,
  0x00, 0x00, 0x00, 0x00, 0x00, 0x00, 0x00, 0x00, 0x00, 0x00, 0x00, 0x00, 0x00, 0x00, 0x00, 0x00,
  0x00, 0x00, 0x00, 0x00, 0x00, 0x00, 0x00, 0x00, 0x00, 0x00, 0x00, 0x00, 0x00, 0x00, 0x00, 0x00,
  0x00, 0x00, 0xFF, 0xFF, 0x01, 0xFF, 0xFF, 0x02, 0xF7, 0xBD, 0x04, 0xFF, 0xFF, 0x03, 0x00, 0x00,
  0x00, 0x00, 0x00, 0x00, 0x00, 0x00, 0x00, 0x00, 0x00, 0x00, 0x00, 0x00, 0x00, 0x00, 0x00, 0x00,
  0x00, 0x00, 0x00, 0xFF, 0xFF, 0x04, 0xFF, 0xFF, 0x03, 0xFF, 0xFF, 0x02, 0x00, 0x00, 0x00, 0x00,
  0x00, 0x00, 0x00, 0x00, 0x00, 0x00, 0x00, 0x00, 0x00, 0x00, 0x00, 0x00, 0x00, 0x00, 0x00, 0x00,
  0x00, 0x00, 0x00, 0x00, 0x00, 0x00, 0x00, 0x00, 0x00, 0x00, 0x00, 0x00, 0x00, 0x00, 0x00, 0x00,
  0x00, 0x00, 0x00, 0x00, 0x00, 0x00, 0x00, 0x00, 0x00, 0x00, 0x00, 0x00, 0x00, 0x00, 0x00, 0x00,
  0x00, 0x00, 0x00, 0x00, 0x00, 0x00, 0x00, 0x00, 0x00, 0x00, 0x00, 0x00, 0x00, 0x00, 0x00, 0x00,
  0x00, 0x00, 0x00, 0x00, 0x00, 0x00, 0x00, 0x00, 0x00, 0x00, 0x00, 0x00, 0x00, 0x00, 0x00, 0x00,
  0x00, 0x00, 0x00, 0x00, 0x00, 0x00, 0x00, 0x00, 0x00, 0x00, 0x00, 0x00, 0x00, 0x00, 0x00, 0x00,
  0x00, 0x00, 0x00, 0x00, 0x00, 0x00, 0x00, 0x00, 0x00, 0x00, 0x00, 0x00, 0x00, 0x00, 0x00, 0x00,
  0x00, 0x00, 0x00, 0x00, 0x00, 0x00, 0x00, 0x00, 0x00, 0x00, 0x00, 0x00, 0x00, 0x00, 0x00, 0x00,
  0x00, 0x00, 0x00, 0x00, 0x00, 0x00, 0x00, 0x00, 0x00, 0x00, 0x00, 0x00, 0xFF, 0xFF, 0x01, 0xEF,
  0x7B, 0x02, 0xFF, 0xFF, 0x02, 0xFF, 0xFF, 0x02, 0xFF, 0xFF, 0x02, 0xFF, 0xFF, 0x01, 0xFF, 0xFF,
  0x01, 0x00, 0x00, 0x00, 0x00, 0x00, 0x00, 0x00, 0x00, 0x00, 0x00, 0x00, 0x00, 0x00, 0x00, 0x00,
  0x00, 0x00, 0x00, 0x00, 0x00, 0x00, 0x00, 0x00, 0x00, 0x00, 0x00, 0x00, 0x00, 0x00, 0x00, 0x00,
  0x00, 0x00, 0x00, 0x00, 0x00, 0x00, 0x00, 0x00, 0x00, 0x00, 0x00, 0x00, 0x00, 0x00, 0x00, 0x00,
  0x00, 0x00, 0x00, 0x00, 0x00, 0x00, 0x00, 0x00, 0x00, 0x00, 0x00, 0x00, 0x00, 0x00, 0x00, 0x00,
  0x00, 0x00, 0x00, 0x00, 0x00, 0x00, 0x00, 0x00, 0x00, 0x00, 0x00, 0x00, 0x00, 0x00, 0x00, 0x00,
  0x00, 0x00, 0x00, 0x00, 0x00, 0x00, 0x00, 0x00, 0x00, 0x00, 0x00, 0x00, 0x00, 0x00, 0x00, 0x00,
  0x00, 0x00, 0x00, 0x00, 0x00, 0x00, 0x00, 0x00, 0x00, 0x00, 0x00, 0x00, 0x00, 0x00, 0x00, 0x00,
  0x00, 0x00, 0x00, 0x00, 0x00, 0x00, 0x00, 0x00, 0x00, 0x00, 0x00, 0x00, 0x00, 0x00, 0x00, 0x00,
  0x00, 0x00, 0x00, 0x00, 0x00, 0x00, 0x00, 0x00, 0x00, 0x00, 0x00, 0x00, 0x00, 0x00, 0x00, 0x00,
  0x00, 0x00, 0x00, 0x00, 0x00, 0x00, 0x00, 0x00, 0x00, 0x00, 0x00, 0x00, 0x00, 0x00, 0x00, 0x00,
  0x00, 0x00, 0x00, 0x00, 0x00, 0x00, 0x00, 0x00, 0x00, 0x00, 0x00, 0x00, 0x00, 0x00, 0x00, 0x00,
  0x00, 0x00, 0x00, 0x00, 0x00, 0x00, 0x00, 0x00, 0x00, 0x00, 0x00, 0x00, 0x00, 0x00, 0x00, 0x00,
  0x00, 0x00, 0x00, 0x00, 0x00, 0x00, 0x00, 0x00, 0x00, 0x00, 0x00, 0x00, 0x00, 0x00, 0x00, 0x00,
  0x00, 0x00, 0x00, 0x00, 0x00, 0x00, 0x00, 0x00, 0x00, 0x00, 0x00, 0x00, 0x00, 0x00, 0x00, 0x00,
  0x00, 0x00, 0x00, 0x00, 0x00, 0x00, 0x00, 0x00, 0x00, 0x00, 0x00, 0x00, 0x00, 0x00, 0x00, 0x00,
  0x00, 0x00, 0x00, 0x00, 0x00, 0x00, 0x00, 0x00, 0x00, 0x00, 0x00, 0x00, 0x00, 0x00, 0x00, 0x00,
  0x00, 0x00, 0x00, 0x00, 0x00, 0x00, 0x00, 0x00, 0x00, 0x00, 0x00, 0x00, 0x00, 0x00, 0x00, 0x00,
  0x00, 0x00, 0x00, 0x00, 0x00, 0x00, 0x00, 0x00, 0x00, 0x00, 0x00, 0x00, 0x00, 0x00, 0x00, 0x00,
  0x00, 0x00, 0x00, 0x00, 0x00, 0x00, 0x00, 0x00, 0x00, 0x00, 0x00, 0x00, 0x00, 0x00, 0x00, 0x00,
  0x00, 0x00, 0x00, 0x00, 0x00, 0x00, 0x00, 0x00, 0x00, 0x00, 0x00, 0x00, 0x00, 0x00, 0x00, 0x00,
  0x00, 0x00, 0x00, 0x00, 0x00, 0x00, 0x00, 0x00, 0x00, 0x00, 0x00, 0x00, 0x00, 0x00, 0x00, 0x00,
  0x00, 0x00, 0x00, 0x00, 0x00, 0x00, 0x00, 0x00, 0x00, 0x00, 0x00, 0x00, 0x00, 0x00, 0x00, 0x00,
  0x00, 0x00, 0x00, 0x00, 0x00, 0x00, 0x00, 0x00, 0x00, 0x00, 0x00, 0x00, 0x00, 0x00, 0x00, 0x00,
  0x00, 0x00, 0x00, 0x00, 0x00, 0x00, 0x00, 0x00, 0x00, 0x00, 0x00, 0x00, 0x00, 0x00, 0x00, 0x00,
  0x00, 0x00, 0x00, 0x00, 0x00, 0x00, 0x00, 0x00, 0x00, 0x00, 0x00, 0x00, 0x00, 0x00, 0x00, 0x00,
  0x00, 0x00, 0x00, 0x00, 0x00, 0x00, 0x00, 0x00, 0x00, 0x00, 0x00, 0x00, 0x00, 0x00, 0x00, 0x00,
  0x00, 0x00, 0x00, 0x00, 0x00, 0x00, 0x00, 0x00, 0x00, 0x00, 0x00, 0x00, 0x00, 0x00, 0x00, 0x00,
  0x00, 0x00, 0x00, 0x00, 0x00, 0x00, 0x00, 0x00, 0x00, 0x00, 0x00, 0x00, 0x00, 0x00, 0x00, 0x00,
  0x00, 0x00, 0x00, 0x00, 0x00, 0x00, 0x00, 0x00, 0x00, 0x00, 0x00, 0x00, 0x00, 0x00, 0x00, 0x00,
  0x00, 0x00, 0x00, 0x00, 0x00, 0x00, 0x00, 0x00, 0x00, 0x00, 0x00, 0x00, 0x00, 0x00, 0x00, 0x00,
  0x00, 0x00, 0x00, 0x00, 0x00, 0x00, 0x00, 0x00, 0x00, 0x00, 0x00, 0x00, 0x00, 0x00, 0x00, 0x00,
  0x00, 0x00, 0x00, 0x00, 0x00, 0x00, 0x00, 0x00, 0x00, 0x00, 0x00, 0x00, 0x00, 0x00, 0x00, 0x00,
  0x00, 0x00, 0x00, 0x00, 0x00, 0x00, 0x00, 0x00, 0x00, 0x00, 0x00, 0x00, 0x00, 0x00, 0x00, 0x00,
  0x00, 0x00, 0x00, 0x00, 0x00, 0x00, 0x00, 0x00, 0x00, 0x00, 0x00, 0x00, 0x00, 0x00, 0x00, 0x00,
  0x00, 0x00, 0x00, 0x00, 0x00, 0x00, 0x00, 0x00, 0x00, 0x00, 0x00, 0x00, 0x00, 0x00, 0x00, 0x00,
  0x00, 0x00, 0x00, 0x00, 0x00, 0x00, 0x00, 0x00, 0x00, 0x00, 0x00, 0x00, 0x00, 0x00, 0x00, 0x00,
  0x00, 0x00, 0x00, 0x00, 0x00, 0x00, 0x00, 0x00, 0x00, 0x00, 0x00, 0x00, 0x00, 0x00, 0x00, 0x00,
  0x00, 0x00, 0x00, 0x00, 0x00, 0x00, 0x00, 0x00, 0x00, 0x00, 0x00, 0x00, 0x00, 0x00, 0x00, 0x00,
  0x00, 0x00, 0x00, 0x00, 0x00, 0x00, 0x00, 0x00, 0x00, 0x00, 0x00, 0x00, 0x00, 0x00, 0x00, 0x00,
  0x00, 0x00, 0x00, 0x00, 0x00, 0x00, 0x00, 0x00, 0x00, 0x00, 0x00, 0x00, 0x00, 0x00, 0x00, 0x00,
  0x00, 0x00, 0x00, 0x00, 0x00, 0x00, 0x00, 0x00, 0x00, 0x00, 0x00, 0x00, 0x00, 0x00, 0x00, 0x00,
  0x00, 0x00, 0x00, 0x00, 0x00, 0x00, 0x00, 0x00, 0x00, 0x00, 0x00, 0x00, 0x00, 0x00, 0x00, 0x00,
  0x00, 0x00, 0x00, 0x00, 0x00, 0x00, 0x00, 0x00, 0x00, 0x00, 0x00, 0x00, 0x00, 0x00, 0x00, 0x00,
  0x00, 0x00, 0x00, 0x00, 0x00, 0x00, 0x00, 0x00, 0x00, 0x00, 0x00, 0x00, 0x00, 0x00, 0x00, 0x00,
  0x00, 0x00, 0x00, 0x00, 0x00, 0x00, 0x00, 0x00, 0x00, 0x00, 0x00, 0x00, 0x00, 0x00, 0x00, 0x00,
  0x00, 0x00, 0x00, 0x00, 0x00, 0x00, 0x00, 0x00, 0x00, 0x00, 0x00, 0x00, 0x00, 0x00, 0x00, 0x00,
  0x00, 0x00, 0x00, 0x00, 0x00, 0x00, 0x00, 0x00, 0x00, 0x00, 0x00, 0x00, 0x00, 0x00, 0x00, 0x00,
  0x00, 0x00, 0x00, 0x00, 0x00, 0x00, 0x00, 0x00, 0x00, 0x00, 0x00, 0x00, 0x00, 0x00, 0x00, 0x00,
  0x00, 0x00, 0x00, 0x00, 0x00, 0x00, 0x00, 0x00, 0x00, 0x00, 0x00, 0x00, 0x00, 0x00, 0x00, 0x00,
  0x00, 0x00, 0x00, 0x00, 0x00, 0x00, 0x00, 0x00, 0x00, 0x00, 0x00, 0x00, 0x00, 0x00, 0x00, 0x00,
  0x00, 0x00, 0x00, 0x00, 0x00, 0x00, 0x00, 0x00, 0x00, 0x00, 0x00, 0x00, 0x00, 0x00, 0x00, 0x00,
  0x00, 0x00, 0x00, 0x00, 0x00, 0x00, 0x00, 0x00, 0x00, 0x00, 0x00, 0x00, 0x00, 0x00, 0x00, 0x00,
  0x00, 0x00, 0x00, 0x00, 0x00, 0x00, 0x00, 0x00, 0x00, 0x00, 0x00, 0x00, 0x00, 0x00, 0x00, 0x00,
  0x00, 0x00, 0x00, 0x00, 0x00, 0x00, 0x00, 0x00, 0x00, 0x00, 0x00, 0x00, 0x00, 0x00, 0x00, 0x00,
  0x00, 0x00, 0x00, 0x00, 0x00, 0x00, 0x00, 0x00, 0x00, 0x00, 0x00, 0x00, 0x00, 0x00, 0x00, 0x00,
  0x00, 0x00, 0x00, 0x00, 0x00, 0x00, 0x00, 0x00, 0x00, 0x00, 0x00, 0x00, 0x00, 0x00, 0x00, 0x00,
  0x00, 0x00, 0x00, 0x00, 0x00, 0x00, 0x00, 0x00, 0x00, 0x00, 0x00, 0x00, 0x00, 0x00, 0x00, 0x00,
  0x00, 0x00, 0x00, 0x00, 0x00, 0x00, 0x00, 0x00, 0x00, 0x00, 0x00, 0x00, 0x00, 0x00, 0x00, 0x00,
  0x00, 0x00, 0x00, 0x00, 0x00, 0x00, 0x00, 0x00, 0x00, 0x00, 0x00, 0x00, 0x00, 0x00, 0x00, 0x00,
  0x00, 0x00, 0x00, 0x00, 0x00, 0x00, 0x00, 0x00, 0x00, 0x00, 0x00, 0x00, 0x00, 0x00, 0x00, 0x00,
  0x00, 0x00, 0x00, 0x00, 0x00, 0x00, 0x00, 0x00, 0x00, 0x00, 0x00, 0x00, 0x00, 0x00, 0x00, 0x00,
  0x00, 0x00, 0x00, 0x00, 0x00, 0x00, 0x00, 0x00, 0x00, 0x00, 0x00, 0x00, 0x00, 0x00, 0x00, 0x00,
  0x00, 0x00, 0x00, 0x00, 0x00, 0x00, 0x00, 0x00, 0x00, 0x00, 0x00, 0x00, 0x00, 0x00, 0x00, 0x00,
  0x00, 0x00, 0x00, 0x00, 0x00, 0x00, 0x00, 0x00, 0x00, 0x00, 0x00, 0x00, 0x00, 0x00, 0x00, 0x00,
  0x00, 0x00, 0x00, 0x00, 0x00, 0x00, 0x00, 0x00, 0x00, 0x00, 0x00, 0x00, 0x00, 0x00, 0x00, 0x00,
  0x00, 0x00, 0x00, 0x00, 0x00, 0x00, 0x00, 0x00, 0x00, 0x00, 0x00, 0x00, 0x00, 0x00, 0x00, 0x00,
  0x00, 0x00, 0x00, 0x00, 0x00, 0x00, 0x00, 0x00, 0x00, 0x00, 0x00, 0x00, 0x00, 0x00, 0x00, 0x00,
  0x00, 0x00, 0x00, 0x00, 0x00, 0x00, 0x00, 0x00, 0x00, 0x00, 0x00, 0x00, 0x00, 0x00, 0x00, 0x00,
  0x00, 0x00, 0x00, 0x00, 0x00, 0x00, 0x00, 0x00, 0x00, 0x00, 0x00, 0x00, 0x00, 0x00, 0x00, 0x00,
  0x00, 0x00, 0x00, 0x00, 0x00, 0x00, 0x00, 0x00, 0x00, 0x00,
};
const lv_img_dsc_t ic_brightness_off_active = {
  .header.always_zero = 0,
  .header.w = 58,
  .header.h = 59,
  .data_size = 10266,
  .header.cf = LV_IMG_CF_TRUE_COLOR_ALPHA,
  .data = ic_brightness_off_active_data,
};

/* ic_brightness_off_normal.png */
static const uint8_t ic_brightness_off_normal_data[] = {
  0x00, 0x00, 0x00, 0x00, 0x00, 0x00, 0x00, 0x00, 0x00, 0x00, 0x00, 0x00, 0x00, 0x00, 0x00, 0x00,
  0x00, 0x00, 0x00, 0x00, 0x00, 0x00, 0x00, 0x00, 0x00, 0x00, 0x00, 0x00, 0x00, 0x00, 0x00, 0x00,
  0x00, 0x00, 0x00, 0x00, 0x00, 0x00, 0x00, 0x00, 0x00, 0x00, 0x00, 0x00, 0x00, 0x00, 0x00, 0x00,
  0x00, 0x00, 0x00, 0x00, 0x00, 0x00, 0x00, 0x00, 0x00, 0x00, 0x00, 0x00, 0x00, 0x00, 0x00, 0x00,
  0x00, 0x00, 0x00, 0x00, 0x00, 0x00, 0x00, 0x00, 0x00, 0x00, 0x00, 0x00, 0x00, 0x00, 0x00, 0x00,
  0x00, 0x00, 0x00, 0x00, 0x00, 0x00, 0x00, 0x00, 0x00, 0x00, 0x00, 0x00, 0x00, 0x00, 0x00, 0x00,
  0x00, 0x00, 0x00, 0x00, 0x00, 0x00, 0x00, 0x00, 0x00, 0x00, 0x00, 0x00, 0x00, 0x00, 0x00, 0x00,
  0x00, 0x00, 0x00, 0x00, 0x00, 0x00, 0x00, 0x00, 0x00, 0x00, 0x00, 0x00, 0x00, 0x00, 0x00, 0x00,
  0x00, 0x00, 0x00, 0x00, 0x00, 0x00, 0x00, 0x00, 0x00, 0x00, 0x00, 0x00, 0x00, 0x00, 0x00, 0x00,
  0x00, 0x00, 0x00, 0x00, 0x00, 0x00, 0x00, 0x00, 0x00, 0x00, 0x00, 0x00, 0x00, 0x00, 0x00, 0x00,
  0x00, 0x00, 0x00, 0x00, 0x00, 0x00, 0x00, 0x00, 0x00, 0x00, 0x00, 0x00, 0x00, 0x00, 0x00, 0x00,
  0x00, 0x00, 0x00, 0x00, 0x00, 0x00, 0x00, 0x00, 0x00, 0x00, 0x00, 0x00, 0x00, 0x00, 0x00, 0x00,
  0x00, 0x00, 0x00, 0x00, 0x00, 0x00, 0x00, 0x00, 0x00, 0x00, 0x00, 0x00, 0x00, 0x00, 0x00, 0x00,
  0x00, 0x00, 0x00, 0x00, 0x00, 0x00, 0x00, 0x00, 0x00, 0x00, 0x00, 0x00, 0x00, 0x00, 0x00, 0x00,
  0x00, 0x00, 0x00, 0x00, 0x00, 0x00, 0x00, 0x00, 0x00, 0x00, 0x00, 0x00, 0x00, 0x00, 0x00, 0x00,
  0x00, 0x00, 0x00, 0x00, 0x00, 0x00, 0x00, 0x00, 0x00, 0x00, 0x00, 0x00, 0x00, 0x00, 0x00, 0x00,
  0x00, 0x00, 0x00, 0x00, 0x00, 0x00, 0x00, 0x00, 0x00, 0x00, 0x00, 0x00, 0x00, 0x00, 0x00, 0x00,
  0x00, 0x00, 0x00, 0x00, 0x00, 0x00, 0x00, 0x00, 0x00, 0x00, 0x00, 0x00, 0x00, 0x00, 0x00, 0x00,
  0x00, 0x00, 0x00, 0x00, 0x00, 0x00, 0x00, 0x00, 0x00, 0x00, 0x00, 0x00, 0x00, 0x00, 0x00, 0x00,
  0x00, 0x00, 0x00, 0x00, 0x00, 0x00, 0x00, 0x00, 0x00, 0x00, 0x00, 0x00, 0x00, 0x00, 0x00, 0x00,
  0x00, 0x00, 0x00, 0x00, 0x00, 0x00, 0x00, 0x00, 0x00, 0x00, 0x00, 0x00, 0x00, 0x00, 0x00, 0x00,
  0x00, 0x00, 0x00, 0x00, 0x00, 0x00, 0x00, 0x00, 0x00, 0x00, 0x00, 0x00, 0x00, 0x00, 0x00, 0x00,
  0x00, 0x00, 0x00, 0x00, 0x00, 0x00, 0x00, 0x00, 0x00, 0x00, 0x00, 0x00, 0x00, 0x00, 0x00, 0x00,
  0x00, 0x00, 0x00, 0x00, 0x00, 0x00, 0x00, 0x00, 0x00, 0x00, 0x00, 0x00, 0x00, 0x00, 0x00, 0x00,
  0x00, 0x00, 0x00, 0x00, 0x00, 0x00, 0x00, 0x00, 0x00, 0x00, 0x00, 0x00, 0x00, 0x00, 0x00, 0x00,
  0x00, 0x00, 0x00, 0x00, 0x00, 0x00, 0x00, 0x00, 0x00, 0x00, 0x00, 0x00, 0x00, 0x00, 0x00, 0x00,
  0x00, 0x00, 0x00, 0x00, 0x00, 0x00, 0x00, 0x00, 0x00, 0x00, 0x00, 0x00, 0x00, 0x00, 0x00, 0x00,
  0x00, 0x00, 0x00, 0x00, 0x00, 0x00, 0x00, 0x00, 0x00, 0x00, 0x00, 0x00, 0x00, 0x00, 0x00, 0x00,
  0x00, 0x00, 0x00, 0x00, 0x00, 0x00, 0x00, 0x00, 0x00, 0x00, 0x00, 0x00, 0x00, 0x00, 0x00, 0x00,
  0x00, 0x00, 0x00, 0x00, 0x00, 0x00, 0x00, 0x00, 0x00, 0x00, 0x00, 0x00, 0x00, 0x00, 0x00, 0x00,
  0x00, 0x00, 0x00, 0x00, 0x00, 0x00, 0x00, 0x00, 0x00, 0x00, 0x00, 0x00, 0x00, 0x00, 0x00, 0x00,
  0x00, 0x00, 0x00, 0x00, 0x00, 0x00, 0x00, 0x00, 0x00, 0x00, 0x00, 0x00, 0x00, 0x00, 0x00, 0x00,
  0x00, 0x00, 0x00, 0x00, 0x00, 0x00, 0x00, 0x00, 0x00, 0x00, 0x00, 0x00, 0x00, 0x00, 0x00, 0x00,
  0x00, 0x00, 0x00, 0x00, 0x00, 0x00, 0x00, 0x00, 0x00, 0x00, 0x00, 0x00, 0x00, 0x00, 0x00, 0x00,
  0x00, 0x00, 0x00, 0x00, 0x00, 0x00, 0x00, 0x00, 0x00, 0x00, 0x00, 0x00, 0x00, 0x00, 0x00, 0x00,
  0x00, 0x00, 0x00, 0x00, 0x00, 0x00, 0x00, 0x00, 0x00, 0x00, 0x00, 0x00, 0x00, 0x00, 0x00, 0x00,
  0x00, 0x00, 0x00, 0x00, 0x00, 0x00, 0x00, 0x00, 0x00, 0x00, 0x00, 0x00, 0x00, 0x00, 0x00, 0x00,
  0x00, 0x00, 0x00, 0x00, 0x00, 0x00, 0x00, 0x00, 0x00, 0x00, 0x00, 0x00, 0x00, 0x00, 0x00, 0x00,
  0x00, 0x00, 0x00, 0x00, 0x00, 0x00, 0x00, 0x00, 0x00, 0x00, 0x00, 0x00, 0x00, 0x00, 0x00, 0x00,
  0x00, 0x00, 0x00, 0x00, 0x00, 0x00, 0x00, 0x00, 0x00, 0x00, 0x00, 0x00, 0x00, 0x00, 0x00, 0x00,
  0x00, 0x00, 0x00, 0x00, 0x00, 0x00, 0x00, 0x00, 0x00, 0x00, 0x00, 0x00, 0x00, 0x00, 0x00, 0x00,
  0x00, 0x00, 0x00, 0x00, 0x00, 0x00, 0x00, 0x00, 0x00, 0x00, 0x00, 0x00, 0x00, 0x00, 0x00, 0x00,
  0x00, 0x00, 0x00, 0x00, 0x00, 0x00, 0x00, 0x00, 0x00, 0x00, 0x00, 0x00, 0x00, 0x00, 0x00, 0x00,
  0x00, 0x00, 0x00, 0x00, 0x00, 0x00, 0x00, 0x00, 0x00, 0x00, 0x00, 0x00, 0x00, 0x00, 0x00, 0x00,
  0x00, 0x00, 0x00, 0x00, 0x00, 0x00, 0x00, 0x00, 0x00, 0x00, 0x00, 0x00, 0x00, 0x00, 0x00, 0x00,
  0x00, 0x00, 0x00, 0x00, 0x00, 0x00, 0x00, 0x00, 0x00, 0x00, 0x00, 0x00, 0x00, 0x00, 0x00, 0x00,
  0x00, 0x00, 0x00, 0x00, 0x00, 0x00, 0x00, 0x00, 0x00, 0x00, 0x00, 0x00, 0x00, 0x00, 0x00, 0x00,
  0x00, 0x00, 0x00, 0x00, 0x00, 0x00, 0x00, 0x00, 0x00, 0x00, 0x00, 0x00, 0x00, 0x00, 0x00, 0x00,
  0x00, 0x00, 0x00, 0x00, 0x00, 0x00, 0x00, 0x00, 0x00, 0x00, 0x00, 0x00, 0x00, 0x00, 0x00, 0x00,
  0x00, 0x00, 0x00, 0x00, 0x00, 0x00, 0x00, 0x00, 0x00, 0x00, 0x00, 0x00, 0x00, 0x00, 0x00, 0x00,
  0x00, 0x00, 0x00, 0x00, 0x00, 0x00, 0x00, 0x00, 0x00, 0x00, 0x00, 0x00, 0x00, 0x00, 0x00, 0x00,
  0x00, 0x00, 0x00, 0x00, 0x00, 0x00, 0x00, 0x00, 0x00, 0x00, 0x00, 0x00, 0x00, 0x00, 0x00, 0x00,
  0x00, 0x00, 0x00, 0x00, 0x00, 0x00, 0x00, 0x00, 0x00, 0x00, 0x00, 0x00, 0x00, 0x00, 0x00, 0x00,
  0x00, 0x00, 0x00, 0x00, 0x00, 0x00, 0x00, 0x00, 0x00, 0x00, 0x00, 0x00, 0x00, 0x00, 0x00, 0x00,
  0x00, 0x00, 0x00, 0x00, 0x00, 0x00, 0x00, 0x00, 0x00, 0x00, 0x00, 0x00, 0x00, 0x00, 0x00, 0x00,
  0x00, 0x00, 0x00, 0x00, 0x00, 0x00, 0x00, 0x00, 0x00, 0x00, 0x00, 0x00, 0x00, 0x00, 0x00, 0x00,
  0x00, 0x00, 0x00, 0x00, 0x00, 0x00, 0x00, 0x00, 0x00, 0x00, 0x00, 0x00, 0x00, 0x00, 0x00, 0x00,
  0x00, 0x00, 0x00, 0x00, 0x00, 0x00, 0x00, 0x00, 0x00, 0x00, 0x00, 0x00, 0x00, 0x00, 0x00, 0x00,
  0x00, 0x00, 0x00, 0x00, 0x00, 0x00, 0x00, 0x00, 0x00, 0x00, 0x00, 0x00, 0x00, 0x00, 0x00, 0x00,
  0x00, 0x00, 0x00, 0x00, 0x00, 0x00, 0x00, 0x00, 0x00, 0x00, 0x00, 0x00, 0x00, 0x00, 0x00, 0x00,
  0x00, 0x00, 0x00, 0x00, 0x00, 0x00, 0x00, 0x00, 0x00, 0x00, 0x00, 0x00, 0x00, 0x00, 0x00, 0x00,
  0x00, 0x00, 0x00, 0x00, 0x00, 0x00, 0x00, 0x00, 0x00, 0x00, 0x00, 0x00, 0x00, 0x00, 0x00, 0x00,
  0x00, 0x00, 0x00, 0x00, 0x00, 0x00, 0x00, 0x00, 0x00, 0x00, 0x00, 0x00, 0x00, 0x00, 0x00, 0x00,
  0x00, 0x00, 0x00, 0x00, 0x00, 0x00, 0x00, 0x00, 0x00, 0x00, 0x00, 0x00, 0x00, 0x00, 0x00, 0x00,
  0x00, 0x00, 0x00, 0x00, 0x00, 0x00, 0x00, 0x00, 0x00, 0x00, 0x00, 0x00, 0x00, 0x00, 0x00, 0x00,
  0x00, 0x00, 0x00, 0x00, 0x00, 0x00, 0x00, 0x00, 0x00, 0x00, 0x00, 0x00, 0x00, 0x00, 0x00, 0x00,
  0x00, 0x00, 0x00, 0x00, 0x00, 0x00, 0x00, 0x00, 0x00, 0x00, 0x00, 0x00, 0x00, 0x00, 0x00, 0x00,
  0x00, 0x00, 0x00, 0x00, 0x00, 0x00, 0x00, 0x00, 0x00, 0x00, 0x00, 0x00, 0x00, 0x00, 0x00, 0x00,
  0x00, 0x00, 0x00, 0x00, 0x00, 0x00, 0x00, 0x00, 0x00, 0x00, 0x00, 0x00, 0x00, 0x00, 0x00, 0x00,
  0x00, 0x00, 0x00, 0x00, 0x00, 0x00, 0x00, 0x00, 0x00, 0x00, 0x00, 0x00, 0x00, 0x00, 0x00, 0x00,
  0x00, 0x00, 0x00, 0x00, 0x00, 0x00, 0x00, 0x00, 0xFF, 0xFF, 0x01, 0xEF, 0x7B, 0x02, 0x00, 0x00,
  0x01, 0x00, 0x00, 0x00, 0x00, 0x00, 0x00, 0x00, 0x00, 0x00, 0x00, 0x00, 0x00, 0x00, 0x00, 0x00,
  0x00, 0x00, 0x00, 0x00, 0x00, 0x00, 0x00, 0x00, 0x00, 0x00, 0x00, 0x00, 0x00, 0x00, 0x00, 0x00,
  0x00, 0x00, 0x00, 0x00, 0x00, 0x00, 0x00, 0x00, 0x00, 0x00, 0x00, 0x00, 0x00, 0x00, 0x00, 0x00,
  0x00, 0x00, 0x00, 0x00, 0x00, 0x00, 0x00, 0x00, 0x00, 0x00, 0x00, 0x00, 0x00, 0x00, 0x00, 0x00,
  0x00, 0x00, 0x00, 0x00, 0x00, 0x00, 0x00, 0x00, 0x00, 0x00, 0x00, 0x00, 0x00, 0x00, 0x00, 0x00,
  0x00, 0x00, 0x00, 0x00, 0x00, 0x00, 0x00, 0x00, 0x00, 0x00, 0x00, 0x00, 0x00, 0x00, 0x00, 0x00,
  0x00, 0x00, 0x00, 0x00, 0x00, 0x00, 0x00, 0x00, 0x00, 0x00, 0x00, 0x00, 0x00, 0x00, 0x00, 0x00,
  0x00, 0x00, 0x00, 0x00, 0x00, 0x00, 0x00, 0x00, 0x00, 0x00, 0x00, 0x00, 0x00, 0x00, 0x00, 0x00,
  0x00, 0x00, 0x00, 0x00, 0x00, 0x00, 0x00, 0x00, 0x00, 0x00, 0x00, 0x00, 0x00, 0x00, 0x00, 0x00,
  0x00, 0x00, 0x00, 0x00, 0x00, 0x00, 0x00, 0x00, 0x00, 0x00, 0xFF, 0xFF, 0x01, 0xAA, 0x52, 0x03,
  0xEF, 0x7B, 0x04, 0xEF, 0x7B, 0x02, 0x00, 0x00, 0x00, 0x00, 0x00, 0x00, 0x00, 0x00, 0x00, 0x00,
  0x00, 0x00, 0x00, 0x00, 0x00, 0x00, 0x00, 0x00, 0x00, 0x00, 0x00, 0x00, 0x00, 0x00, 0x00, 0x00,
  0x00, 0x00, 0x00, 0x00, 0x00, 0x00, 0x00, 0x00, 0x00, 0x00, 0x00, 0x00, 0x00, 0x00, 0x00, 0x00,
  0x00, 0x00, 0x00, 0x00, 0x00, 0x00, 0x00, 0x00, 0x00, 0x00, 0x00, 0x00, 0x00, 0x00, 0x00, 0x00,
  0x00, 0x00, 0x00, 0x00, 0x00, 0x00, 0x00, 0x00, 0x00, 0x00, 0x00, 0x00, 0x00, 0x00, 0x00, 0x00,
  0x00, 0x00, 0x00, 0x00, 0x00, 0x00, 0x00, 0x00, 0x00, 0x00, 0x00, 0x00, 0x00, 0x00, 0x00, 0x00,
  0x00, 0x00, 0x00, 0x00, 0x00, 0x00, 0x00, 0x00, 0x00, 0x00, 0x00, 0x00, 0x00, 0x00, 0x00, 0x00,
  0x00, 0x00, 0x00, 0x00, 0x00, 0x00, 0x00, 0x00, 0x00, 0x00, 0x00, 0x00, 0x00, 0x00, 0x00, 0x00,
  0x00, 0x00, 0x00, 0x00, 0x00, 0x00, 0x00, 0x00, 0x00, 0x00, 0x00, 0x00, 0x00, 0x00, 0x00, 0x00,
  0x00, 0x00, 0x00, 0x00, 0x00, 0x00, 0x00, 0x00, 0x00, 0x00, 0x00, 0x00, 0x00, 0x00, 0x00, 0x00,
  0x00, 0x00, 0xEF, 0x7B, 0x02, 0xEF, 0x7B, 0x04, 0x00, 0x00, 0x00, 0x00, 0x00, 0x00, 0x00, 0x00,
  0x00, 0x00, 0x00, 0x00, 0xEF, 0x7B, 0x0E, 0xCF, 0x7B, 0x1F, 0x55, 0xAD, 0x03, 0x00, 0x00, 0x00,
  0x00, 0x00, 0x01, 0x00, 0x00, 0x00, 0x00, 0x00, 0x00, 0x00, 0x00, 0x00, 0x00, 0x00, 0x00, 0x00,
  0x00, 0x00, 0x00, 0x00, 0x00, 0x00, 0x00, 0x00, 0x00, 0x00, 0x00, 0x00, 0x00, 0x00, 0x00, 0x00,
  0x00, 0x00, 0x00, 0x00, 0x00, 0x00, 0x00, 0x00, 0x00, 0x00, 0x00, 0x00, 0x00, 0x00, 0x00, 0x00,
  0x00, 0x00, 0x00, 0x00, 0x00, 0x00, 0x00, 0x00, 0x00, 0x00, 0x00, 0x00, 0x00, 0x00, 0x00, 0x00,
  0x00, 0x00, 0x00, 0x00, 0x00, 0x00, 0x00, 0x00, 0x00, 0x00, 0x00, 0x00, 0x00, 0x00, 0x00, 0x00,
  0x00, 0x00, 0x00, 0x00, 0x00, 0x00, 0x00, 0x00, 0x00, 0x00, 0x00, 0x00, 0x00, 0x00, 0x00, 0x00,
  0x00, 0x00, 0x00, 0x00, 0x00, 0x00, 0x00, 0x00, 0x00, 0x00, 0x00, 0x00, 0x00, 0x00, 0x00, 0x00,
  0x00, 0x00, 0x00, 0x00, 0x00, 0x00, 0x00, 0x00, 0x00, 0x00, 0x00, 0x00, 0x00, 0x00, 0x00, 0x00,
  0x00, 0x00, 0x00, 0x00, 0x00, 0x00, 0x00, 0x00, 0x00, 0x00, 0xFF, 0xFF, 0x01, 0x55, 0xAD, 0x03,
  0x00, 0x00, 0x00, 0x00, 0x00, 0x00, 0xEF, 0x7B, 0x0C, 0x10, 0x84, 0x44, 0x10, 0x84, 0x88, 0x10,
  0x84, 0xB7, 0x10, 0x84, 0xD9, 0x10, 0x84, 0xF4, 0x10, 0x84, 0xAE, 0xEF, 0x7B, 0x02, 0x00, 0x00,
  0x01, 0x00, 0x00, 0x01, 0x00, 0x00, 0x00, 0x00, 0x00, 0x00, 0x00, 0x00, 0x00, 0x00, 0x00, 0x00,
  0x00, 0x00, 0x00, 0x00, 0x00, 0x00, 0x00, 0x00, 0x00, 0x00, 0x00, 0x00, 0x00, 0x00, 0x00, 0x00,
  0x00, 0x00, 0x00, 0x00, 0x00, 0x00, 0x00, 0x00, 0x00, 0x00, 0x00, 0x00, 0x00, 0x00, 0x00, 0x00,
  0x00, 0x00, 0x00, 0x00, 0x00, 0x00, 0x00, 0x00, 0x00, 0x00, 0x00, 0x00, 0x00, 0x00, 0x00, 0x00,
  0x00, 0x00, 0x00, 0x00, 0x00, 0x00, 0x00, 0x00, 0x00, 0x00, 0x00, 0x00, 0x00, 0x00, 0x00, 0x00,
  0x00, 0x00, 0x00, 0x00, 0x00, 0x00, 0x00, 0x00, 0x00, 0x00, 0x00, 0x00, 0x00, 0x00, 0x00, 0x00,
  0x00, 0x00, 0x00, 0x00, 0x00, 0x00, 0x00, 0x00, 0x00, 0x00, 0x00, 0x00, 0x00, 0x00, 0x00, 0x00,
  0x00, 0x00, 0x00, 0x00, 0x00, 0x00, 0x00, 0x00, 0x00, 0x00, 0x00, 0x00, 0x00, 0x00, 0x00, 0x00,
  0x00, 0x00, 0x00, 0x00, 0x00, 0xAA, 0x52, 0x03, 0x00, 0x00, 0x00, 0x00, 0x00, 0x00, 0xEF, 0x7B,
  0x1E, 0x10, 0x84, 0x7E, 0x30, 0x84, 0xD4, 0x30, 0x84, 0xFF, 0x71, 0x8C, 0xFF, 0x51, 0x8C, 0xFF,
  0x10, 0x84, 0xFF, 0x51, 0x8C, 0xFF, 0x10, 0x84, 0xDE, 0xEF, 0x7B, 0x04, 0x00, 0x00, 0x00, 0x00,
  0x00, 0x01, 0x00, 0x00, 0x00, 0x00, 0x00, 0x00, 0x00, 0x00, 0x00, 0x00, 0x00, 0x00, 0x00, 0x00,
  0x00, 0x00, 0x00, 0x00, 0x00, 0x00, 0x00, 0x00, 0x00, 0x00, 0x00, 0x00, 0x00, 0x00, 0x00, 0x00,
  0x00, 0x00, 0x00, 0x00, 0x00, 0x00, 0x00, 0x00, 0x00, 0x00, 0x00, 0x00, 0x00, 0x00, 0x00, 0x00,
  0x00, 0x00, 0x00, 0x00, 0x00, 0x00, 0x00, 0x00, 0x00, 0x00, 0x00, 0x00, 0x00, 0x00, 0x00, 0x00,
  0x00, 0x00, 0x00, 0x00, 0x00, 0x00, 0x00, 0x00, 0x00, 0x00, 0x00, 0x00, 0x00, 0x00, 0x00, 0x00,
  0x00, 0x00, 0x00, 0x00, 0x00, 0x00, 0x00, 0x00, 0x00, 0x00, 0x00, 0x00, 0x00, 0x00, 0x00, 0x00,
  0x00, 0x00, 0x00, 0x00, 0x00, 0x00, 0x00, 0x00, 0x00, 0x00, 0x00, 0x00, 0x00, 0x00, 0x00, 0x00,
  0x00, 0x00, 0x00, 0x00, 0x00, 0x00, 0x00, 0x00, 0x00, 0x00, 0x00, 0x00, 0x00, 0x00, 0x00, 0x00,
  0xAA, 0x52, 0x03, 0x00, 0x00, 0x00, 0xEF, 0x7B, 0x14, 0x30, 0x84, 0x83, 0x30, 0x84, 0xEB, 0x51,
  0x8C, 0xFF, 0x51, 0x8C, 0xFF, 0x51, 0x8C, 0xFF, 0x10, 0x84, 0xE3, 0x10, 0x84, 0xEC, 0x10, 0x84,
  0xFB, 0x30, 0x84, 0xFE, 0xEF, 0x7B, 0x52, 0x00, 0x00, 0x00, 0x55, 0xAD, 0x03, 0x00, 0x00, 0x00,
  0x00, 0x00, 0x00, 0x00, 0x00, 0x00, 0x00, 0x00, 0x00, 0x00, 0x00, 0x00, 0x00, 0x00, 0x00, 0x00,
  0x00, 0x00, 0x00, 0x00, 0x00, 0x00, 0x00, 0x00, 0x00, 0x00, 0x00, 0x00, 0x00, 0x00, 0x00, 0x00,
  0x00, 0x00, 0x00, 0x00, 0x00, 0x00, 0x00, 0x00, 0x00, 0x00, 0x00, 0x00, 0x00, 0x00, 0x00, 0x00,
  0x00, 0x00, 0x00, 0x00, 0x00, 0x00, 0x00, 0x00, 0x00, 0x00, 0x00, 0x00, 0x00, 0x00, 0x00, 0x00,
  0x00, 0x00, 0x00, 0x00, 0x00, 0x00, 0x00, 0x00, 0x00, 0x00, 0x00, 0x00, 0x00, 0x00, 0x00, 0x00,
  0x00, 0x00, 0x00, 0x00, 0x00, 0x00, 0x00, 0x00, 0x00, 0x00, 0x00, 0x00, 0x00, 0x00, 0x00, 0x00,
  0x00, 0x00, 0x00, 0x00, 0x00, 0x00, 0x00, 0x00, 0x00, 0x00, 0x00, 0x00, 0x00, 0x00, 0x00, 0x00,
  0x00, 0x00, 0x00, 0x00, 0x00, 0x00, 0x00, 0x00, 0xFF, 0xFF, 0x01, 0xEF, 0x7B, 0x02, 0x00, 0x00,
  0x00, 0x10, 0x84, 0x54, 0x10, 0x84, 0xE1, 0x51, 0x8C, 0xFF, 0x51, 0x8C, 0xFF, 0x10, 0x84, 0xFB,
  0x10, 0x84, 0xB1, 0x10, 0x84, 0x58, 0xEF, 0x7B, 0x30, 0x10, 0x84, 0xE3, 0x51, 0x8C, 0xFF, 0x10,
  0x84, 0xB1, 0x00, 0x00, 0x00, 0xEF, 0x7B, 0x02, 0x00, 0x00, 0x00, 0x00, 0x00, 0x00, 0x00, 0x00,
  0x00, 0x00, 0x00, 0x00, 0x00, 0x00, 0x00, 0x00, 0x00, 0x00, 0x00, 0x00, 0x00, 0x00, 0x00, 0x00,
  0x00, 0x00, 0x00, 0x00, 0x00, 0x00, 0x00, 0x00, 0x00, 0x00, 0x00, 0x00, 0x00, 0x00, 0x00, 0x00,
  0x00, 0x00, 0x00, 0x00, 0x00, 0x00, 0x00, 0x00, 0x00, 0x00, 0x00, 0x00, 0x00, 0x00, 0x00, 0x00,
  0x00, 0x00, 0x00, 0x00, 0x00, 0x00, 0x00, 0x00, 0x00, 0x00, 0x00, 0x00, 0x00, 0x00, 0x00, 0x00,
  0x00, 0x00, 0x00, 0x00, 0x00, 0x00, 0x00, 0x00, 0x00, 0x00, 0x00, 0x00, 0x00, 0x00, 0x00, 0x00,
  0x00, 0x00, 0x00, 0x00, 0x00, 0x00, 0x00, 0x00, 0x00, 0x00, 0x00, 0x00, 0x00, 0x00, 0x00, 0x00,
  0x00, 0x00, 0x00, 0x00, 0x00, 0x00, 0x00, 0x00, 0x00, 0x00, 0x00, 0x00, 0x00, 0x00, 0x00, 0x00,
  0x00, 0x00, 0x00, 0xFF, 0xFF, 0x01, 0x00, 0x00, 0x00, 0x00, 0x00, 0x00, 0x10, 0x84, 0x84, 0x30,
  0x84, 0xFE, 0x30, 0x84, 0xFF, 0x10, 0x84, 0xFF, 0x10, 0x84, 0xAD, 0xEF, 0x7B, 0x3A, 0x00, 0x00,
  0x00, 0x00, 0x00, 0x00, 0x10, 0x84, 0x74, 0x51, 0x8C, 0xFF, 0x10, 0x84, 0xF9, 0x30, 0x84, 0x36,
  0x00, 0x00, 0x00, 0xAA, 0x52, 0x03, 0x00, 0x00, 0x00, 0x00, 0x00, 0x00, 0x00, 0x00, 0x00, 0x00,
  0x00, 0x00, 0x00, 0x00, 0x00, 0x00, 0x00, 0x00, 0x00, 0x00, 0x00, 0x00, 0x00, 0x00, 0x00, 0x00,
  0x00, 0x00, 0x00, 0x00, 0x00, 0x00, 0x00, 0x00, 0x00, 0x00, 0x00, 0x00, 0x00, 0x00, 0x00, 0x00,
  0x00, 0x00, 0x00, 0x00, 0x00, 0x00, 0x00, 0x00, 0x00, 0x00, 0x00, 0x00, 0x00, 0x00, 0x00, 0x00,
  0x00, 0x00, 0x00, 0x00, 0x00, 0x00, 0x00, 0x00, 0x00, 0x00, 0x00, 0x00, 0x00, 0x00, 0x00, 0x00,
  0x00, 0x00, 0x00, 0x00, 0x00, 0x00, 0x00, 0x00, 0x00, 0x00, 0x00, 0x00, 0x00, 0x00, 0x00, 0x00,
  0x00, 0x00, 0x00, 0x00, 0x00, 0x00, 0x00, 0x00, 0x00, 0x00, 0x00, 0x00, 0x00, 0x00, 0x00, 0x00,
  0x00, 0x00, 0x00, 0x00, 0x00, 0x00, 0x00, 0x00, 0x00, 0x00, 0x00, 0x00, 0x00, 0x00, 0x00, 0x00,
  0x01, 0xFF, 0xFF, 0x01, 0x6D, 0x6B, 0x07, 0x10, 0x84, 0xA3, 0x51, 0x8C, 0xFF, 0x30, 0x84, 0xFF,
  0x10, 0x84, 0xE6, 0x10, 0x84, 0x56, 0x00, 0x00, 0x00, 0x00, 0x00, 0x00, 0xEF, 0x7B, 0x02, 0xD3,
  0x9C, 0x05, 0x10, 0x84, 0xCB, 0x71, 0x8C, 0xFE, 0x10, 0x84, 0xC2, 0x00, 0x00, 0x00, 0xFF, 0xFF,
  0x01, 0x00, 0x00, 0x01, 0x00, 0x00, 0x00, 0x00, 0x00, 0x00, 0x00, 0x00, 0x00, 0x00, 0x00, 0x00,
  0x00, 0x00, 0x00, 0x00, 0x00, 0x00, 0x00, 0x00, 0x00, 0x00, 0x00, 0x00, 0x00, 0x00, 0x00, 0x00,
  0x00, 0x00, 0x00, 0x00, 0x00, 0x00, 0x00, 0x00, 0x00, 0x00, 0x00, 0x00, 0x00, 0x00, 0x00, 0x00,
  0x00, 0x00, 0x00, 0x00, 0x00, 0x00, 0x00, 0x00, 0x00, 0x00, 0x00, 0x00, 0x00, 0x00, 0x00, 0x00,
  0x00, 0x00, 0x00, 0x00, 0x00, 0x00, 0x00, 0x00, 0x00, 0x00, 0x00, 0x00, 0x00, 0x00, 0x00, 0x00,
  0x00, 0x00, 0x00, 0x00, 0x00, 0x00, 0x00, 0x00, 0x00, 0x00, 0x00, 0x00, 0x00, 0x00, 0x00, 0x00,
  0x00, 0x00, 0x00, 0x00, 0x00, 0x00, 0x00, 0x00, 0x00, 0x00, 0x00, 0x00, 0x00, 0x00, 0x00, 0x00,
  0x00, 0x00, 0x00, 0x00, 0x00, 0x00, 0x00, 0x00, 0x00, 0x00, 0x00, 0x01, 0xAA, 0x52, 0x03, 0x00,
  0x00, 0x00, 0x10, 0x84, 0xA0, 0x51, 0x8C, 0xFF, 0x30, 0x84, 0xFF, 0x10, 0x84, 0xC7, 0x10, 0x84,
  0x21, 0x00, 0x00, 0x00, 0x55, 0xAD, 0x03, 0xF7, 0xBD, 0x04, 0x00, 0x00, 0x00, 0xEF, 0x7B, 0x2A,
  0x10, 0x84, 0xF7, 0x51, 0x8C, 0xFF, 0x10, 0x84, 0x71, 0x00, 0x00, 0x01, 0xEF, 0x7B, 0x04, 0x00,
  0x00, 0x00, 0x00, 0x00, 0x00, 0x00, 0x00, 0x00, 0x00, 0x00, 0x00, 0x00, 0x00, 0x00, 0x00, 0x00,
  0x00, 0x00, 0x00, 0x00, 0x00, 0x00, 0x00, 0x00, 0x00, 0x00, 0x00, 0x00, 0x00, 0x00, 0x00, 0x00,
  0x00, 0x00, 0x00, 0x00, 0x00, 0x00, 0x00, 0x00, 0x00, 0x00, 0x00, 0x00, 0x00, 0x00, 0x00, 0x00,
  0x00, 0x00, 0x00, 0x00, 0x00, 0x00, 0x00, 0x00, 0x00, 0x00, 0x00, 0x00, 0x00, 0x00, 0x00, 0x00,
  0x00, 0x00, 0x00, 0x00, 0x00, 0x00, 0x00, 0x00, 0x00, 0x00, 0x00, 0x00, 0x00, 0x00, 0x00, 0x00,
  0x00, 0x00, 0x00, 0x00, 0x00, 0x00, 0x00, 0x00, 0x00, 0x00, 0x00, 0x00, 0x00, 0x00, 0x00, 0x00,
  0x00, 0x00, 0x00, 0x00, 0x00, 0x00, 0x00, 0x00, 0x00, 0x00, 0x00, 0x00, 0x00, 0x00, 0x00, 0x00,
  0x00, 0x00, 0x00, 0x00, 0x00, 0x00, 0x00, 0x55, 0xAD, 0x03, 0x00, 0x00, 0x00, 0x10, 0x84, 0x86,
  0x30, 0x84, 0xFF, 0x30, 0x84, 0xFF, 0x10, 0x84, 0xBF, 0xEF, 0x7B, 0x10, 0x00, 0x00, 0x00, 0xEF,
  0x7B, 0x04, 0x00, 0x00, 0x00, 0xEF, 0x7B, 0x04, 0x00, 0x00, 0x00, 0xEF, 0x7B, 0x5E, 0x51, 0x8C,
  0xFF, 0x10, 0x84, 0xFA, 0xEF, 0x7B, 0x30, 0x00, 0x00, 0x00, 0xEF, 0x7B, 0x02, 0x00, 0x00, 0x00,
  0x00, 0x00, 0x00, 0x00, 0x00, 0x00, 0x00, 0x00, 0x00, 0x00, 0x00, 0x00, 0x00, 0x00, 0x00, 0x00,
  0x00, 0x00, 0x00, 0x00, 0x00, 0x00, 0x00, 0x00, 0x00, 0x00, 0x00, 0x00, 0x00, 0x00, 0x00, 0x00,
  0x00, 0x00, 0x00, 0x00, 0x00, 0x00, 0x00, 0x00, 0x00, 0x00, 0x00, 0x00, 0x00, 0x00, 0x00, 0x00,
  0x00, 0x00, 0x00, 0x00, 0x00, 0x00, 0x00, 0x00, 0x00, 0x00, 0x00, 0x00, 0x00, 0x00, 0x00, 0x00,
  0x00, 0x00, 0x00, 0x00, 0x00, 0x00, 0x00, 0x00, 0x00, 0x00, 0x00, 0x00, 0x00, 0x00, 0x00, 0x00,
  0x00, 0x00, 0x00, 0x00, 0x00, 0x00, 0x00, 0x00, 0x00, 0x00, 0x00, 0x00, 0x00, 0x00, 0x00, 0x00,
  0x00, 0x00, 0x00, 0x00, 0x00, 0x00, 0x00, 0x00, 0x00, 0x00, 0x00, 0x00, 0x00, 0x00, 0x00, 0x00,
  0x00, 0x00, 0xAA, 0x52, 0x03, 0x00, 0x00, 0x00, 0x10, 0x84, 0x4E, 0x30, 0x84, 0xFF, 0x30, 0x84,
  0xFF, 0x10, 0x84, 0xC8, 0xCF, 0x7B, 0x11, 0x00, 0x00, 0x00, 0x55, 0xAD, 0x03, 0x00, 0x00, 0x00,
  0x00, 0x00, 0x00, 0xEF, 0x7B, 0x04, 0x00, 0x00, 0x00, 0x10, 0x84, 0x88, 0x71, 0x8C, 0xFF, 0x10,
  0x84, 0xDE, 0xEF, 0x7B, 0x0A, 0x00, 0x00, 0x00, 0x00, 0x00, 0x01, 0x00, 0x00, 0x00, 0x00, 0x00,
  0x00, 0x00, 0x00, 0x00, 0x00, 0x00, 0x00, 0x00, 0x00, 0x00, 0x00, 0x00, 0x00, 0x00, 0x00, 0x00,
  0x00, 0x00, 0x00, 0x00, 0x00, 0x00, 0x00, 0x00, 0x00, 0x00, 0x00, 0x00, 0x00, 0x00, 0x00, 0x00,
  0x00, 0x00, 0x00, 0x00, 0x00, 0x00, 0x00, 0x00, 0x00, 0x00, 0x00, 0x00, 0x00, 0x00, 0x00, 0x00,
  0x00, 0x00, 0x00, 0x00, 0x00, 0x00, 0x00, 0x00, 0x00, 0x00, 0x00, 0x00, 0x00, 0x00, 0x00, 0x00,
  0x00, 0x00, 0x00, 0x00, 0x00, 0x00, 0x00, 0x00, 0x00, 0x00, 0x00, 0x00, 0x00, 0x00, 0x00, 0x00,
  0x00, 0x00, 0x00, 0x00, 0x00, 0x00, 0x00, 0x00, 0x00, 0x00, 0x00, 0x00, 0x00, 0x00, 0x00, 0x00,
  0x00, 0x00, 0x00, 0x00, 0x00, 0x00, 0x00, 0x00, 0x00, 0x00, 0x00, 0x00, 0x00, 0xEF, 0x7B, 0x02,
  0xEF, 0x7B, 0x02, 0xEF, 0x7B, 0x16, 0x10, 0x84, 0xE1, 0x51, 0x8C, 0xFF, 0x10, 0x84, 0xE5, 0xEF,
  0x7B, 0x1E, 0x00, 0x00, 0x00, 0x55, 0xAD, 0x03, 0x00, 0x00, 0x00, 0x00, 0x00, 0x00, 0x00, 0x00,
  0x00, 0xFF, 0xFF, 0x01, 0x00, 0x00, 0x00, 0x10, 0x84, 0xA8, 0x71, 0x8C, 0xFF, 0x10, 0x84, 0xC2,
  0xFF, 0xFF, 0x01, 0x00, 0x00, 0x00, 0x00, 0x00, 0x01, 0x00, 0x00, 0x00, 0x00, 0x00, 0x00, 0x00,
  0x00, 0x00, 0x00, 0x00, 0x00, 0x00, 0x00, 0x00, 0x00, 0x00, 0x00, 0x00, 0x00, 0x00, 0x00, 0x00,
  0x00, 0x00, 0x00, 0x00, 0x00, 0x00, 0x00, 0x00, 0x00, 0x00, 0x00, 0x00, 0x00, 0x00, 0x00, 0x00,
  0x00, 0x00, 0x00, 0x00, 0x00, 0x00, 0x00, 0x00, 0x00, 0x00, 0x00, 0x00, 0x00, 0x00, 0x00, 0x00,
  0x00, 0x00, 0x00, 0x00, 0x00, 0x00, 0x00, 0x00, 0x00, 0x00, 0x00, 0x00, 0x00, 0x00, 0x00, 0x00,
  0x00, 0x00, 0x00, 0x00, 0x00, 0x00, 0x00, 0x00, 0x00, 0x00, 0x00, 0x00, 0x00, 0x00, 0x00, 0x00,
  0x00, 0x00, 0x00, 0x00, 0x00, 0x00, 0x00, 0x00, 0x00, 0x00, 0x00, 0x00, 0x00, 0x00, 0x00, 0x00,
  0x00, 0x00, 0x00, 0x00, 0x00, 0x00, 0x00, 0x00, 0x00, 0x00, 0x00, 0x55, 0xAD, 0x03, 0x00, 0x00,
  0x00, 0x10, 0x84, 0x92, 0x51, 0x8C, 0xFF, 0x30, 0x84, 0xFC, 0x10, 0x84, 0x59, 0x00, 0x00, 0x00,
  0xEF, 0x7B, 0x04, 0x00, 0x00, 0x00, 0x00, 0x00, 0x00, 0x00, 0x00, 0x00, 0x00, 0x00, 0x00, 0x00,
  0x00, 0x01, 0x00, 0x00, 0x00, 0x10, 0x84, 0xB6, 0x71, 0x8C, 0xFF, 0x10, 0x84, 0xAE, 0x00, 0x00,
  0x00, 0xFF, 0xFF, 0x01, 0x00, 0x00, 0x00, 0x00, 0x00, 0x00, 0x00, 0x00, 0x00, 0x00, 0x00, 0x00,
  0x00, 0x00, 0x00, 0x00, 0x00, 0x00, 0x00, 0x00, 0x00, 0x00, 0x00, 0x00, 0x00, 0x00, 0x00, 0x00,
  0x00, 0x00, 0x00, 0x00, 0x00, 0x00, 0x00, 0x00, 0x00, 0x00, 0x00, 0x00, 0x00, 0x00, 0x00, 0x00,
  0x00, 0x00, 0x00, 0x00, 0x00, 0x00, 0x00, 0x00, 0x00, 0x00, 0x00, 0x00, 0x00, 0x00, 0x00, 0x00,
  0x00, 0x00, 0x00, 0x00, 0x00, 0x00, 0x00, 0x00, 0x00, 0x00, 0x00, 0x00, 0x00, 0x00, 0x00, 0x00,
  0x00, 0x00, 0x00, 0x00, 0x00, 0x00, 0x00, 0x00, 0x00, 0x00, 0x00, 0x00, 0x00, 0x00, 0x00, 0x00,
  0x00, 0x00, 0x00, 0x00, 0x00, 0x00, 0x00, 0x00, 0x00, 0x00, 0x00, 0x00, 0x00, 0x00, 0x00, 0x00,
  0x00, 0x00, 0x00, 0x00, 0x00, 0x00, 0xEF, 0x7B, 0x02, 0x00, 0x00, 0x00, 0x10, 0x84, 0x25, 0x10,
  0x84, 0xF1, 0x51, 0x8C, 0xFF, 0xEF, 0x7B, 0xAC, 0x00, 0x00, 0x00, 0x55, 0xAD, 0x03, 0x00, 0x00,
  0x00, 0x00, 0x00, 0x00, 0x00, 0x00, 0x00, 0x00, 0x00, 0x00, 0x00, 0x00, 0x00, 0x00, 0x00, 0x01,
  0x00, 0x00, 0x00, 0x10, 0x84, 0xB6, 0x71, 0x8C, 0xFF, 0x10, 0x84, 0xAC, 0x00, 0x00, 0x00, 0xFF,
  0xFF, 0x01, 0x00, 0x00, 0x00, 0x00, 0x00, 0x00, 0x00, 0x00, 0x00, 0x00, 0x00, 0x00, 0x00, 0x00,
  0x00, 0x00, 0x00, 0x00, 0x00, 0x00, 0x00, 0x00, 0x00, 0x00, 0x00, 0x00, 0x00, 0x00, 0x00, 0x00,
  0x00, 0x00, 0x00, 0x00, 0x00, 0x00, 0x00, 0x00, 0x00, 0x00, 0x00, 0x00, 0x00, 0x00, 0x00, 0x00,
  0x00, 0x00, 0x00, 0x00, 0x00, 0x00, 0x00, 0x00, 0x00, 0x00, 0x00, 0x00, 0x00, 0x00, 0x00, 0x00,
  0x00, 0x00, 0x00, 0x00, 0x00, 0x00, 0x00, 0x00, 0x00, 0x00, 0x00, 0x00, 0x00, 0x00, 0x00, 0x00,
  0x00, 0x00, 0x00, 0x00, 0x00, 0x00, 0x00, 0x00, 0x00, 0x00, 0x00, 0x00, 0x00, 0x00, 0x00, 0x00,
  0x00, 0x00, 0x00, 0x00, 0x00, 0x00, 0x00, 0x00, 0x00, 0x00, 0x00, 0x00, 0x00, 0x00, 0x00, 0x00,
  0x00, 0x00, 0x00, 0x00, 0xEF, 0x7B, 0x04, 0x00, 0x00, 0x00, 0x10, 0x84, 0x8A, 0x51, 0x8C, 0xFF,
  0x10, 0x84, 0xF5, 0x10, 0x84, 0x2B, 0x00, 0x00, 0x01, 0xEF, 0x7B, 0x02, 0x00, 0x00, 0x00, 0x00,
  0x00, 0x00, 0x00, 0x00, 0x00, 0x00, 0x00, 0x00, 0x00, 0x00, 0x00, 0x00, 0x00, 0x01, 0x00, 0x00,
  0x00, 0x10, 0x84, 0xB7, 0x71, 0x8C, 0xFF, 0x10, 0x84, 0xAF, 0x00, 0x00, 0x00, 0xFF, 0xFF, 0x01,
  0x00, 0x00, 0x00, 0x00, 0x00, 0x00, 0x00, 0x00, 0x00, 0x00, 0x00, 0x00, 0x00, 0x00, 0x00, 0x00,
  0x00, 0x00, 0x00, 0x00, 0x00, 0x00, 0x00, 0x00, 0x00, 0x00, 0x00, 0x00, 0x00, 0x00, 0x00, 0x00,
  0x00, 0x00, 0x00, 0x00, 0x00, 0x00, 0x00, 0x00, 0x00, 0x00, 0x00, 0x00, 0x00, 0x00, 0x00, 0x00,
  0x00, 0x00, 0x00, 0x00, 0x00, 0x00, 0x00, 0x00, 0x00, 0x00, 0x00, 0x00, 0x00, 0x00, 0x00, 0x00,
  0x00, 0x00, 0x00, 0x00, 0x00, 0x00, 0x00, 0x00, 0x00, 0x00, 0x00, 0x00, 0x00, 0x00, 0x00, 0x00,
  0x00, 0x00, 0x00, 0x00, 0x00, 0x00, 0x00, 0x00, 0x00, 0x00, 0x00, 0x00, 0x00, 0x00, 0x00, 0x00,
  0x00, 0x00, 0x00, 0x00, 0x00, 0x00, 0x00, 0x00, 0x00, 0x00, 0x00, 0x00, 0x00, 0x00, 0x00, 0xFF,
  0xFF, 0x01, 0x00, 0x00, 0x01, 0xEF, 0x7B, 0x0E, 0x10, 0x84, 0xD9, 0x71, 0x8C, 0xFE, 0x10, 0x84,
  0xB3, 0x00, 0x00, 0x00, 0xEF, 0x7B, 0x02, 0x00, 0x00, 0x00, 0x00, 0x00, 0x00, 0x00, 0x00, 0x00,
  0x00, 0x00, 0x00, 0x00, 0x00, 0x00, 0x00, 0x00, 0x00, 0xFF, 0xFF, 0x01, 0x00, 0x00, 0x00, 0x10,
  0x84, 0xA6, 0x71, 0x8C, 0xFF, 0x10, 0x84, 0xC1, 0x00, 0x00, 0x00, 0x00, 0x00, 0x00, 0x00, 0x00,
  0x01, 0x00, 0x00, 0x00, 0x00, 0x00, 0x00, 0x00, 0x00, 0x00, 0x00, 0x00, 0x00, 0x00, 0x00, 0x00,
  0x00, 0x00, 0x00, 0x00, 0x00, 0x00, 0x00, 0x00, 0x00, 0x00, 0x00, 0x00, 0x00, 0x00, 0x00, 0x00,
  0x00, 0x00, 0x00, 0x00, 0x00, 0x00, 0x00, 0x00, 0x00, 0x00, 0x00, 0x00, 0x00, 0x00, 0x00, 0x00,
  0x00, 0x00, 0x00, 0x00, 0x00, 0x00, 0x00, 0x00, 0x00, 0x00, 0x00, 0x00, 0x00, 0x00, 0x00, 0x00,
  0x00, 0x00, 0x00, 0x00, 0x00, 0x00, 0x00, 0x00, 0x00, 0x00, 0x00, 0x00, 0x00, 0x00, 0x00, 0x00,
  0x00, 0x00, 0x00, 0x00, 0x00, 0x00, 0x00, 0x00, 0x00, 0x00, 0x00, 0x00, 0x00, 0x00, 0x00, 0x00,
  0x00, 0x00, 0x00, 0x00, 0x00, 0x00, 0x00, 0x00, 0x00, 0x00, 0x00, 0x00, 0x00, 0xAA, 0x52, 0x03,
  0x00, 0x00, 0x00, 0x10, 0x84, 0x46, 0x30, 0x84, 0xFF, 0x30, 0x84, 0xFF, 0x10, 0x84, 0x53, 0x00,
  0x00, 0x01, 0x55, 0xAD, 0x03, 0x00, 0x00, 0x00, 0x00, 0x00, 0x00, 0x00, 0x00, 0x00, 0x00, 0x00,
  0x00, 0x00, 0x00, 0x00, 0x00, 0x00, 0x00, 0x55, 0xAD, 0x03, 0x00, 0x00, 0x00, 0x10, 0x84, 0x82,
  0x71, 0x8C, 0xFF, 0x10, 0x84, 0xE5, 0xEF, 0x7B, 0x0E, 0x00, 0x00, 0x00, 0x00, 0x00, 0x01, 0x00,
  0x00, 0x00, 0x00, 0x00, 0x00, 0x00, 0x00, 0x00, 0x00, 0x00, 0x00, 0x00, 0x00, 0x00, 0x00, 0x00,
  0x00, 0x00, 0x00, 0x00, 0x00, 0x00, 0x00, 0x00, 0x00, 0x00, 0x00, 0x00, 0x00, 0x00, 0x00, 0x00,
  0x00, 0x00, 0x00, 0x00, 0x00, 0x00, 0x00, 0x00, 0x00, 0x00, 0x00, 0x00, 0x00, 0x00, 0x00, 0x00,
  0x00, 0x00, 0x00, 0x00, 0x00, 0x00, 0x00, 0x00, 0x00, 0x00, 0x00, 0x00, 0x00, 0x00, 0x00, 0x00,
  0x00, 0x00, 0x00, 0x00, 0x00, 0x00, 0x00, 0x00, 0x00, 0x00, 0x00, 0x00, 0x00, 0x00, 0x00, 0x00,
  0x00, 0x00, 0x00, 0x00, 0x00, 0x00, 0x00, 0x00, 0x00, 0x00, 0x00, 0x00, 0x00, 0x00, 0x00, 0x00,
  0x00, 0x00, 0x00, 0x00, 0x00, 0x00, 0x00, 0x00, 0x00, 0x00, 0x00, 0xEF, 0x7B, 0x04, 0x00, 0x00,
  0x00, 0x10, 0x84, 0x89, 0x51, 0x8C, 0xFF, 0x10, 0x84, 0xE8, 0xEF, 0x7B, 0x18, 0x00, 0x00, 0x00,
  0xEF, 0x7B, 0x02, 0x00, 0x00, 0x00, 0x00, 0x00, 0x00, 0x00, 0x00, 0x00, 0x00, 0x00, 0x00, 0x00,
  0x00, 0x00, 0x00, 0x00, 0x00, 0xEF, 0x7B, 0x04, 0x00, 0x00, 0x00, 0x10, 0x84, 0x5B, 0x30, 0x84,
  0xFF, 0x10, 0x84, 0xFC, 0x10, 0x84, 0x35, 0x00, 0x00, 0x00, 0xEF, 0x7B, 0x02, 0x00, 0x00, 0x00,
  0x00, 0x00, 0x00, 0x00, 0x00, 0x00, 0x00, 0x00, 0x00, 0x00, 0x00, 0x00, 0x00, 0x00, 0x00, 0x00,
  0x00, 0x00, 0x00, 0x00, 0x00, 0x00, 0x00, 0x00, 0x00, 0x00, 0x00, 0x00, 0x00, 0x00, 0x00, 0x00,
  0x00, 0x00, 0x00, 0x00, 0x00, 0x00, 0x00, 0x00, 0x00, 0x00, 0x00, 0x00, 0x00, 0x00, 0x00, 0x00,
  0x00, 0x00, 0x00, 0x00, 0x00, 0x00, 0x00, 0x00, 0x00, 0x00, 0x00, 0x00, 0x00, 0x00, 0x00, 0x00,
  0x00, 0x00, 0x00, 0x00, 0x00, 0x00, 0x00, 0x00, 0x00, 0x00, 0x00, 0x00, 0x00, 0x00, 0x00, 0x00,
  0x00, 0x00, 0x00, 0x00, 0x00, 0x00, 0x00, 0x00, 0x00, 0x00, 0x00, 0x00, 0x00, 0x00, 0x00, 0x00,
  0x00, 0x00, 0x00, 0x00, 0x00, 0x00, 0x00, 0x00, 0x00, 0xEF, 0x7B, 0x02, 0x00, 0x00, 0x00, 0x10,
  0x84, 0xBA, 0x71, 0x8C, 0xFF, 0x10, 0x84, 0xB9, 0x00, 0x00, 0x00, 0xEF, 0x7B, 0x02, 0x00, 0x00,
  0x00, 0x00, 0x00, 0x00, 0x00, 0x00, 0x00, 0x00, 0x00, 0x00, 0x00, 0x00, 0x00, 0x00, 0x00, 0x00,
  0x00, 0x00, 0x00, 0xEF, 0x7B, 0x02, 0x00, 0x00, 0x00, 0x10, 0x84, 0x25, 0x10, 0x84, 0xF4, 0x51,
  0x8C, 0xFF, 0x10, 0x84, 0x71, 0x00, 0x00, 0x00, 0xEF, 0x7B, 0x04, 0x00, 0x00, 0x00, 0x00, 0x00,
  0x00, 0x00, 0x00, 0x00, 0x00, 0x00, 0x00, 0x00, 0x00, 0x00, 0x00, 0x00, 0x00, 0x00, 0x00, 0x00,
  0x00, 0x00, 0x00, 0x00, 0x00, 0x00, 0x00, 0x00, 0x00, 0x00, 0x00, 0x00, 0x00, 0x00, 0x00, 0x00,
  0x00, 0x00, 0x00, 0x00, 0x00, 0x00, 0x00, 0x00, 0x00, 0x00, 0x00, 0x00, 0x00, 0x00, 0x00, 0x00,
  0x00, 0x00, 0x00, 0x00, 0x00, 0x00, 0x00, 0x00, 0x00, 0x00, 0x00, 0x00, 0x00, 0x00, 0x00, 0x00,
  0x00, 0x00, 0x00, 0x00, 0x00, 0x00, 0x00, 0x00, 0x00, 0x00, 0x00, 0x00, 0x00, 0x00, 0x00, 0x00,
  0x00, 0x00, 0x00, 0x00, 0x00, 0x00, 0x00, 0x00, 0x00, 0x00, 0x00, 0x00, 0x00, 0x00, 0x00, 0x00,
  0x00, 0x00, 0x00, 0x00, 0xFF, 0xFF, 0x01, 0x00, 0x00, 0x00, 0xEF, 0x7B, 0x0E, 0x10, 0x84, 0xDA,
  0x71, 0x8C, 0xFF, 0x10, 0x84, 0x8E, 0x00, 0x00, 0x00, 0xAA, 0x52, 0x03, 0x00, 0x00, 0x00, 0x00,
  0x00, 0x00, 0x00, 0x00, 0x00, 0x00, 0x00, 0x00, 0x00, 0x00, 0x00, 0x00, 0x00, 0x00, 0x00, 0x00,
  0x00, 0x00, 0x00, 0x00, 0x00, 0x00, 0x01, 0x00, 0x00, 0x00, 0x10, 0x84, 0xBF, 0x71, 0x8C, 0xFE,
  0x10, 0x84, 0xCB, 0xEF, 0x7B, 0x02, 0x00, 0x00, 0x01, 0x00, 0x00, 0x00, 0x00, 0x00, 0x00, 0x00,
  0x00, 0x00, 0x00, 0x00, 0x00, 0x00, 0x00, 0x00, 0x00, 0x00, 0x00, 0x00, 0x00, 0x00, 0x00, 0x00,
  0x00, 0x00, 0x00, 0x00, 0x00, 0x00, 0x00, 0x00, 0x00, 0x00, 0x00, 0x00, 0x00, 0x00, 0x00, 0x00,
  0x00, 0x00, 0x00, 0x00, 0x00, 0x00, 0x00, 0x00, 0x00, 0x00, 0x00, 0x00, 0x00, 0x00, 0x00, 0x00,
  0x00, 0x00, 0x00, 0x00, 0x00, 0x00, 0x00, 0x00, 0x00, 0x00, 0x00, 0x00, 0x00, 0x00, 0x00, 0x00,
  0x00, 0x00, 0x00, 0x00, 0x00, 0x00, 0x00, 0x00, 0x00, 0x00, 0x00, 0x00, 0x00, 0x00, 0x00, 0x00,
  0x00, 0x00, 0x00, 0x00, 0x00, 0x00, 0x00, 0x00, 0x00, 0x00, 0x00, 0x00, 0x00, 0x00, 0x00, 0x00,
  0x00, 0x00, 0xEF, 0x7B, 0x02, 0x00, 0x00, 0x00, 0x10, 0x84, 0x1F, 0x10, 0x84, 0xED, 0x51, 0x8C,
  0xFF, 0xEF, 0x7B, 0x68, 0x00, 0x00, 0x00, 0x55, 0xAD, 0x03, 0x00, 0x00, 0x00, 0x00, 0x00, 0x00,
  0x00, 0x00, 0x00, 0x00, 0x00, 0x00, 0x00, 0x00, 0x00, 0x00, 0x00, 0x00, 0x00, 0x00, 0x00, 0x00,
  0x00, 0x00, 0xEF, 0x7B, 0x04, 0x00, 0x00, 0x00, 0x10, 0x84, 0x6D, 0x51, 0x8C, 0xFF, 0x10, 0x84,
  0xFD, 0x10, 0x84, 0x3F, 0x00, 0x00, 0x00, 0xAA, 0x52, 0x03, 0x00, 0x00, 0x00, 0x00, 0x00, 0x00,
  0x00, 0x00, 0x00, 0x00, 0x00, 0x00, 0x00, 0x00, 0x00, 0x00, 0x00, 0x00, 0x00, 0x00, 0x00, 0x00,
  0x00, 0x00, 0x00, 0x00, 0x00, 0x00, 0x00, 0x00, 0x00, 0x00, 0x00, 0x00, 0x00, 0x00, 0x00, 0x00,
  0x00, 0x00, 0x00, 0x00, 0x00, 0x00, 0x00, 0x00, 0x00, 0x00, 0x00, 0x00, 0x00, 0x00, 0x00, 0x00,
  0x00, 0x00, 0x00, 0x00, 0x00, 0x00, 0x00, 0x00, 0x00, 0x00, 0x00, 0x00, 0x00, 0x00, 0x00, 0x00,
  0x00, 0x00, 0x00, 0x00, 0x00, 0x00, 0x00, 0x00, 0x00, 0x00, 0x00, 0x00, 0x00, 0x00, 0x00, 0x00,
  0x00, 0x00, 0x00, 0x00, 0x00, 0x00, 0x00, 0x00, 0x00, 0x00, 0x00, 0x00, 0x00, 0x00, 0x00, 0x00,
  0xEF, 0x7B, 0x02, 0x00, 0x00, 0x00, 0x10, 0x84, 0x29, 0x10, 0x84, 0xFA, 0x51, 0x8C, 0xFF, 0x10,
  0x84, 0x58, 0x00, 0x00, 0x00, 0x55, 0xAD, 0x03, 0x00, 0x00, 0x00, 0x00, 0x00, 0x00, 0x00, 0x00,
  0x00, 0x00, 0x00, 0x00, 0x00, 0x00, 0x00, 0x00, 0x00, 0x00, 0x00, 0x00, 0x00, 0x00, 0x00, 0x00,
  0xEF, 0x7B, 0x02, 0x00, 0x00, 0x00, 0xEF, 0x7B, 0x14, 0x10, 0x84, 0xE4, 0x51, 0x8C, 0xFE, 0x10,
  0x84, 0xC1, 0x55, 0xAD, 0x03, 0x55, 0xAD, 0x03, 0x00, 0x00, 0x01, 0x00, 0x00, 0x00, 0x00, 0x00,
  0x00, 0x00, 0x00, 0x00, 0x00, 0x00, 0x00, 0x00, 0x00, 0x00, 0x00, 0x00, 0x00, 0x00, 0x00, 0x00,
  0x00, 0x00, 0x00, 0x00, 0x00, 0x00, 0x00, 0x00, 0x00, 0x00, 0x00, 0x00, 0x00, 0x00, 0x00, 0x00,
  0x00, 0x00, 0x00, 0x00, 0x00, 0x00, 0x00, 0x00, 0x00, 0x00, 0x00, 0x00, 0x00, 0x00, 0x00, 0x00,
  0x00, 0x00, 0x00, 0x00, 0x00, 0x00, 0x00, 0x00, 0x00, 0x00, 0x00, 0x00, 0x00, 0x00, 0x00, 0x00,
  0x00, 0x00, 0x00, 0x00, 0x00, 0x00, 0x00, 0x00, 0x00, 0x00, 0x00, 0x00, 0x00, 0x00, 0x00, 0x00,
  0x00, 0x00, 0x00, 0x00, 0x00, 0x00, 0x00, 0x00, 0x00, 0x00, 0x00, 0x00, 0x00, 0x00, 0xEF, 0x7B,
  0x02, 0x00, 0x00, 0x00, 0x10, 0x84, 0x29, 0x10, 0x84, 0xFA, 0x51, 0x8C, 0xFF, 0x10, 0x84, 0x54,
  0x00, 0x00, 0x00, 0x55, 0xAD, 0x03, 0x00, 0x00, 0x00, 0x00, 0x00, 0x00, 0x00, 0x00, 0x00, 0x00,
  0x00, 0x00, 0x00, 0x00, 0x00, 0x00, 0x00, 0x00, 0x00, 0x00, 0x00, 0x00, 0x00, 0x00, 0x00, 0x00,
  0x00, 0xAA, 0x52, 0x03, 0x00, 0x00, 0x00, 0x10, 0x84, 0x77, 0x51, 0x8C, 0xFF, 0x30, 0x84, 0xFF,
  0xEF, 0x7B, 0x6E, 0x00, 0x00, 0x00, 0xEF, 0x7B, 0x04, 0x00, 0x00, 0x00, 0x00, 0x00, 0x00, 0x00,
  0x00, 0x00, 0x00, 0x00, 0x00, 0x00, 0x00, 0x00, 0x00, 0x00, 0x00, 0x00, 0x00, 0x00, 0x00, 0x00,
  0x00, 0x00, 0x00, 0x00, 0x00, 0x00, 0x00, 0x00, 0x00, 0x00, 0x00, 0x00, 0x00, 0x00, 0x00, 0x00,
  0x00, 0x00, 0x00, 0x00, 0x00, 0x00, 0x00, 0x00, 0x00, 0x00, 0x00, 0x00, 0x00, 0x00, 0x00, 0x00,
  0x00, 0x00, 0x00, 0x00, 0x00, 0x00, 0x00, 0x00, 0x00, 0x00, 0x00, 0x00, 0x00, 0x00, 0x00, 0x00,
  0x00, 0x00, 0x00, 0x00, 0x00, 0x00, 0x00, 0x00, 0x00, 0x00, 0x00, 0x00, 0x00, 0x00, 0x00, 0x00,
  0x00, 0x00, 0x00, 0x00, 0x00, 0x00, 0x00, 0x00, 0x00, 0x00, 0x00, 0x00, 0xEF, 0x7B, 0x02, 0x00,
  0x00, 0x00, 0x10, 0x84, 0x29, 0x10, 0x84, 0xFA, 0x51, 0x8C, 0xFF, 0x10, 0x84, 0x54, 0x00, 0x00,
  0x00, 0x55, 0xAD, 0x03, 0x00, 0x00, 0x00, 0x00, 0x00, 0x00, 0x00, 0x00, 0x00, 0x00, 0x00, 0x00,
  0x00, 0x00, 0x00, 0x00, 0x00, 0x00, 0x00, 0x00, 0x00, 0x00, 0x00, 0x00, 0x00, 0x00, 0x00, 0xFF,
  0xFF, 0x01, 0xEF, 0x7B, 0x02, 0xEF, 0x7B, 0x0A, 0x10, 0x84, 0xCD, 0x51, 0x8C, 0xFF, 0x10, 0x84,
  0xF2, 0xEF, 0x7B, 0x34, 0x00, 0x00, 0x00, 0x2C, 0x63, 0x05, 0x00, 0x00, 0x00, 0x00, 0x00, 0x00,
  0x00, 0x00, 0x00, 0x00, 0x00, 0x00, 0x00, 0x00, 0x00, 0x00, 0x00, 0x00, 0x00, 0x00, 0x00, 0x00,
  0x00, 0x00, 0x00, 0x00, 0x00, 0x00, 0x00, 0x00, 0x00, 0x00, 0x00, 0x00, 0x00, 0x00, 0x00, 0x00,
  0x00, 0x00, 0x00, 0x00, 0x00, 0x00, 0x00, 0x00, 0x00, 0x00, 0x00, 0x00, 0x00, 0x00, 0x00, 0x00,
  0x00, 0x00, 0x00, 0x00, 0x00, 0x00, 0x00, 0x00, 0x00, 0x00, 0x00, 0x00, 0x00, 0x00, 0x00, 0x00,
  0x00, 0x00, 0x00, 0x00, 0x00, 0x00, 0x00, 0x00, 0x00, 0x00, 0x00, 0x00, 0x00, 0x00, 0x00, 0x00,
  0x00, 0x00, 0x00, 0x00, 0x00, 0x00, 0x00, 0x00, 0x00, 0x00, 0xEF, 0x7B, 0x02, 0x00, 0x00, 0x00,
  0xEF, 0x7B, 0x1E, 0x10, 0x84, 0xEA, 0x51, 0x8C, 0xFF, 0x10, 0x84, 0x6B, 0x00, 0x00, 0x00, 0x55,
  0xAD, 0x03, 0x00, 0x00, 0x00, 0x00, 0x00, 0x00, 0x00, 0x00, 0x00, 0x00, 0x00, 0x00, 0x00, 0x00,
  0x00, 0x00, 0x00, 0x00, 0x00, 0x00, 0x00, 0x00, 0x00, 0x00, 0x00, 0x00, 0x00, 0x00, 0x00, 0x00,
  0xEF, 0x7B, 0x02, 0x00, 0x00, 0x00, 0x10, 0x84, 0x37, 0x10, 0x84, 0xF8, 0x30, 0x84, 0xFF, 0x10,
  0x84, 0xDE, 0xEF, 0x7B, 0x22, 0x00, 0x00, 0x00, 0x2C, 0x63, 0x05, 0x00, 0x00, 0x00, 0x00, 0x00,
  0x00, 0x00, 0x00, 0x00, 0x00, 0x00, 0x00, 0x00, 0x00, 0x00, 0x00, 0x00, 0x00, 0x00, 0x00, 0x00,
  0x00, 0x00, 0x00, 0x00, 0x00, 0x00, 0x00, 0x00, 0x00, 0x00, 0x00, 0x00, 0x00, 0x00, 0x00, 0x00,
  0x00, 0x00, 0x00, 0x00, 0x00, 0x00, 0x00, 0x00, 0x00, 0x00, 0x00, 0x00, 0x00, 0x00, 0x00, 0x00,
  0x00, 0x00, 0x00, 0x00, 0x00, 0x00, 0x00, 0x00, 0x00, 0x00, 0x00, 0x00, 0x00, 0x00, 0x00, 0x00,
  0x00, 0x00, 0x00, 0x00, 0x00, 0x00, 0x00, 0x00, 0x00, 0x00, 0x00, 0x00, 0x00, 0x00, 0x00, 0x00,
  0x00, 0x00, 0x00, 0x00, 0x00, 0x00, 0x00, 0x00, 0xFF, 0xFF, 0x01, 0x00, 0x00, 0x00, 0xEF, 0x7B,
  0x0E, 0x10, 0x84, 0xD9, 0x71, 0x8C, 0xFF, 0x10, 0x84, 0x8C, 0x00, 0x00, 0x00, 0x55, 0xAD, 0x03,
  0x00, 0x00, 0x00, 0x00, 0x00, 0x00, 0x00, 0x00, 0x00, 0x00, 0x00, 0x00, 0x00, 0x00, 0x00, 0x00,
  0x00, 0x00, 0x00, 0x00, 0x00, 0x00, 0x00, 0x00, 0x00, 0x00, 0x00, 0x00, 0x00, 0x00, 0x00, 0x00,
  0x00, 0xAA, 0x52, 0x03, 0x00, 0x00, 0x00, 0xEF, 0x7B, 0x66, 0x30, 0x84, 0xFF, 0x30, 0x84, 0xFF,
  0x10, 0x84, 0xDA, 0x10, 0x84, 0x37, 0x00, 0x00, 0x00, 0xEF, 0x7B, 0x02, 0xAA, 0x52, 0x03, 0x00,
  0x00, 0x00, 0x00, 0x00, 0x00, 0x00, 0x00, 0x00, 0x00, 0x00, 0x00, 0x00, 0x00, 0x00, 0x00, 0x00,
  0x00, 0x00, 0x00, 0x00, 0x00, 0x00, 0x00, 0x00, 0x00, 0x00, 0x00, 0x00, 0x00, 0x00, 0x00, 0x00,
  0x00, 0x00, 0x00, 0x00, 0x00, 0x00, 0x00, 0x00, 0x00, 0x00, 0x00, 0x00, 0x00, 0x00, 0x00, 0x00,
  0x00, 0x00, 0x00, 0x00, 0x00, 0x00, 0x00, 0x00, 0x00, 0x00, 0x00, 0x00, 0x00, 0x00, 0x00, 0x00,
  0x00, 0x00, 0x00, 0x00, 0x00, 0x00, 0x00, 0x00, 0x00, 0x00, 0x00, 0x00, 0x00, 0x00, 0x00, 0x00,
  0x00, 0x00, 0x00, 0x00, 0x00, 0x00, 0x00, 0x00, 0x00, 0xEF, 0x7B, 0x02, 0x00, 0x00, 0x00, 0x10,
  0x84, 0xBB, 0x71, 0x8C, 0xFF, 0x10, 0x84, 0xBC, 0x00, 0x00, 0x01, 0xEF, 0x7B, 0x02, 0x00, 0x00,
  0x00, 0x00, 0x00, 0x00, 0x00, 0x00, 0x00, 0x00, 0x00, 0x00, 0x00, 0x00, 0x00, 0x00, 0x00, 0x00,
  0x00, 0x00, 0x00, 0x00, 0x00, 0x00, 0x00, 0x00, 0x00, 0x00, 0x00, 0x00, 0x00, 0x00, 0x00, 0x00,
  0x00, 0x00, 0x55, 0xAD, 0x03, 0x00, 0x00, 0x00, 0xEF, 0x7B, 0x76, 0x30, 0x84, 0xFF, 0x30, 0x84,
  0xFF, 0x10, 0x84, 0xF0, 0x10, 0x84, 0x65, 0x00, 0x00, 0x00, 0x00, 0x00, 0x00, 0xFF, 0xFF, 0x01,
  0xEF, 0x7B, 0x04, 0xEF, 0x7B, 0x02, 0xFF, 0xFF, 0x01, 0x00, 0x00, 0x00, 0x00, 0x00, 0x00, 0x00,
  0x00, 0x00, 0x00, 0x00, 0x00, 0x00, 0x00, 0x00, 0x00, 0x00, 0x01, 0xEF, 0x7B, 0x02, 0xAA, 0x52,
  0x03, 0xEF, 0x7B, 0x04, 0x00, 0x00, 0x01, 0x00, 0x00, 0x00, 0x00, 0x00, 0x00, 0x00, 0x00, 0x00,
  0x00, 0x00, 0x00, 0x00, 0x00, 0x00, 0x00, 0x00, 0x00, 0x00, 0x00, 0x00, 0x00, 0x00, 0x00, 0x00,
  0x00, 0x00, 0x00, 0x00, 0x00, 0x00, 0x00, 0x00, 0x00, 0x00, 0x00, 0x00, 0x00, 0x00, 0x00, 0x00,
  0x00, 0x00, 0x00, 0x00, 0x00, 0x00, 0x00, 0xEF, 0x7B, 0x04, 0x00, 0x00, 0x00, 0xEF, 0x7B, 0x84,
  0x51, 0x8C, 0xFE, 0x10, 0x84, 0xE9, 0xEF, 0x7B, 0x1A, 0x00, 0x00, 0x00, 0xEF, 0x7B, 0x02, 0x00,
  0x00, 0x00, 0x00, 0x00, 0x00, 0x00, 0x00, 0x00, 0x00, 0x00, 0x00, 0x00, 0x00, 0x00, 0x00, 0x00,
  0x00, 0x00, 0x00, 0x00, 0x00, 0x00, 0x00, 0x00, 0x00, 0x00, 0x00, 0x00, 0x00, 0x00, 0x00, 0x00,
  0x00, 0x00, 0x01, 0xEF, 0x7B, 0x02, 0x00, 0x00, 0x00, 0x10, 0x84, 0x6B, 0x10, 0x84, 0xF8, 0x30,
  0x84, 0xFF, 0x30, 0x84, 0xFF, 0x10, 0x84, 0xBC, 0xEF, 0x7B, 0x40, 0x00, 0x00, 0x00, 0x00, 0x00,
  0x00, 0x00, 0x00, 0x00, 0x00, 0x00, 0x00, 0xFF, 0xFF, 0x01, 0xEF, 0x7B, 0x04, 0x2C, 0x63, 0x05,
  0x2C, 0x63, 0x05, 0xAA, 0x52, 0x03, 0x00, 0x00, 0x00, 0x00, 0x00, 0x00, 0x00, 0x00, 0x00, 0x00,
  0x00, 0x00, 0x00, 0x00, 0x00, 0x00, 0x00, 0x00, 0x00, 0x00, 0x00, 0x00, 0x00, 0x00, 0x00, 0x00,
  0x00, 0x00, 0x00, 0x00, 0x00, 0x00, 0x00, 0x00, 0x00, 0x00, 0x00, 0x00, 0x00, 0x00, 0x00, 0x00,
  0x00, 0x00, 0x00, 0x00, 0x00, 0x00, 0x00, 0x00, 0x00, 0x00, 0x00, 0x00, 0x00, 0x00, 0x00, 0x00,
  0x00, 0x00, 0x00, 0x00, 0x00, 0xAA, 0x52, 0x03, 0x00, 0x00, 0x00, 0x10, 0x84, 0x41, 0x30, 0x84,
  0xFF, 0x30, 0x84, 0xFF, 0xEF, 0x7B, 0x58, 0x00, 0x00, 0x00, 0x55, 0xAD, 0x03, 0x00, 0x00, 0x00,
  0x00, 0x00, 0x00, 0x00, 0x00, 0x00, 0x00, 0x00, 0x00, 0x00, 0x00, 0x00, 0x00, 0x00, 0x00, 0x00,
  0x00, 0x00, 0x00, 0x00, 0x00, 0x00, 0x00, 0x00, 0x00, 0x00, 0x00, 0x00, 0x00, 0x00, 0x00, 0x00,
  0x00, 0x00, 0x00, 0x00, 0x55, 0xAD, 0x03, 0x00, 0x00, 0x00, 0xEF, 0x7B, 0x3E, 0x30, 0x84, 0xD2,
  0x51, 0x8C, 0xFF, 0x51, 0x8C, 0xFF, 0x10, 0x84, 0xFF, 0x10, 0x84, 0xBB, 0x10, 0x84, 0x70, 0x30,
  0x84, 0x26, 0x51, 0x8C, 0x0B, 0x00, 0x00, 0x00, 0x00, 0x00, 0x00, 0x00, 0x00, 0x00, 0x00, 0x00,
  0x00, 0x00, 0x00, 0x00, 0x2C, 0x63, 0x05, 0x30, 0x84, 0x19, 0x10, 0x84, 0x4F, 0x10, 0x84, 0x6C,
  0xEF, 0x7B, 0x0C, 0x00, 0x00, 0x00, 0x00, 0x00, 0x01, 0x00, 0x00, 0x00, 0x00, 0x00, 0x00, 0x00,
  0x00, 0x00, 0x00, 0x00, 0x00, 0x00, 0x00, 0x00, 0x00, 0x00, 0x00, 0x00, 0x00, 0x00, 0x00, 0x00,
  0x00, 0x00, 0x00, 0x00, 0x00, 0x00, 0x00, 0x00, 0x00, 0x00, 0x00, 0x00, 0x00, 0x00, 0x00, 0x00,
  0x00, 0x00, 0x00, 0x00, 0x00, 0x01, 0x00, 0x00, 0x01, 0xEF, 0x7B, 0x0C, 0x10, 0x84, 0xD9, 0x51,
  0x8C, 0xFE, 0x10, 0x84, 0xB9, 0x00, 0x00, 0x00, 0xEF, 0x7B, 0x02, 0x00, 0x00, 0x00, 0x00, 0x00,
  0x00, 0x00, 0x00, 0x00, 0x00, 0x00, 0x00, 0x00, 0x00, 0x00, 0x00, 0x00, 0x00, 0x00, 0x00, 0x00,
  0x00, 0x00, 0x00, 0x00, 0x00, 0x00, 0x00, 0x00, 0x00, 0x00, 0x00, 0x00, 0x00, 0x00, 0x00, 0x00,
  0x00, 0x00, 0x00, 0x00, 0x00, 0x55, 0xAD, 0x03, 0x00, 0x00, 0x00, 0x6D, 0x6B, 0x10, 0x10, 0x84,
  0x7F, 0x10, 0x84, 0xE5, 0x51, 0x8C, 0xFF, 0x71, 0x8C, 0xFF, 0x51, 0x8C, 0xFF, 0x10, 0x84, 0xFA,
  0x10, 0x84, 0xD4, 0x10, 0x84, 0xB4, 0x10, 0x84, 0x9E, 0x10, 0x84, 0x9C, 0x10, 0x84, 0x9D, 0x10,
  0x84, 0xAB, 0x10, 0x84, 0xC9, 0x10, 0x84, 0xF2, 0x30, 0x84, 0xFF, 0x71, 0x8C, 0xFF, 0x10, 0x84,
  0x79, 0x00, 0x00, 0x00, 0xEF, 0x7B, 0x04, 0x00, 0x00, 0x00, 0x00, 0x00, 0x00, 0x00, 0x00, 0x00,
  0x00, 0x00, 0x00, 0x00, 0x00, 0x00, 0x00, 0x00, 0x00, 0x00, 0x00, 0x00, 0x00, 0x00, 0x00, 0x00,
  0x00, 0x00, 0x00, 0x00, 0x00, 0x00, 0x00, 0x00, 0x00, 0x00, 0x00, 0x00, 0x00, 0x00, 0x00, 0x00,
  0x00, 0x00, 0x00, 0x00, 0xEF, 0x7B, 0x04, 0x00, 0x00, 0x00, 0x10, 0x84, 0x82, 0x51, 0x8C, 0xFF,
  0x10, 0x84, 0xF7, 0xEF, 0x7B, 0x34, 0x00, 0x00, 0x00, 0xAA, 0x52, 0x03, 0x00, 0x00, 0x00, 0x00,
  0x00, 0x00, 0x00, 0x00, 0x00, 0x00, 0x00, 0x00, 0x00, 0x00, 0x00, 0x00, 0x00, 0x00, 0x00, 0x00,
  0x00, 0x00, 0x00, 0x00, 0x00, 0x00, 0x00, 0x00, 0x00, 0x00, 0x00, 0x00, 0x00, 0x00, 0x00, 0x00,
  0x00, 0x00, 0x00, 0x00, 0x00, 0x00, 0xAA, 0x52, 0x03, 0x00, 0x00, 0x00, 0x00, 0x00, 0x00, 0xCF,
  0x7B, 0x19, 0xEF, 0x7B, 0x78, 0x10, 0x84, 0xCE, 0x10, 0x84, 0xF9, 0x51, 0x8C, 0xFF, 0x71, 0x8C,
  0xFF, 0x71, 0x8C, 0xFF, 0x92, 0x94, 0xFF, 0x92, 0x94, 0xFF, 0x92, 0x94, 0xFF, 0x71, 0x8C, 0xFF,
  0x71, 0x8C, 0xFF, 0x10, 0x84, 0xFF, 0x10, 0x84, 0xFB, 0x30, 0x84, 0xFF, 0xEF, 0x7B, 0x58, 0x00,
  0x00, 0x00, 0xAA, 0x52, 0x03, 0x00, 0x00, 0x00, 0x00, 0x00, 0x00, 0x00, 0x00, 0x00, 0x00, 0x00,
  0x00, 0x00, 0x00, 0x00, 0x00, 0x00, 0x00, 0x00, 0x00, 0x00, 0x00, 0x00, 0x00, 0x00, 0x00, 0x00,
  0x00, 0x00, 0x00, 0x00, 0x00, 0x00, 0x00, 0x00, 0x00, 0x00, 0x00, 0x00, 0x00, 0x00, 0x00, 0x00,
  0x00, 0x00, 0xFF, 0xFF, 0x01, 0x00, 0x00, 0x01, 0x30, 0x84, 0x1B, 0x10, 0x84, 0xEA, 0x51, 0x8C,
  0xFF, 0x10, 0x84, 0xB2, 0x00, 0x00, 0x00, 0x55, 0xAD, 0x03, 0x00, 0x00, 0x00, 0x00, 0x00, 0x00,
  0x00, 0x00, 0x00, 0x00, 0x00, 0x00, 0x00, 0x00, 0x00, 0x00, 0x00, 0x00, 0x00, 0x00, 0x00, 0x00,
  0x00, 0x00, 0x00, 0x00, 0x00, 0x00, 0x00, 0x00, 0x00, 0x00, 0x00, 0x00, 0x00, 0x00, 0x00, 0x00,
  0x00, 0x00, 0x00, 0x00, 0x00, 0x00, 0x00, 0x00, 0x00, 0x01, 0x55, 0xAD, 0x03, 0x00, 0x00, 0x00,
  0x00, 0x00, 0x00, 0x00, 0x00, 0x00, 0x10, 0x84, 0x35, 0x10, 0x84, 0x67, 0x10, 0x84, 0x93, 0x10,
  0x84, 0xB4, 0x10, 0x84, 0xCC, 0x10, 0x84, 0xD0, 0x10, 0x84, 0xCF, 0x10, 0x84, 0xC1, 0x10, 0x84,
  0xB1, 0x10, 0x84, 0xF6, 0x30, 0x84, 0xFF, 0x10, 0x84, 0xD7, 0x6D, 0x6B, 0x07, 0x00, 0x00, 0x01,
  0x00, 0x00, 0x01, 0x00, 0x00, 0x00, 0x00, 0x00, 0x00, 0x00, 0x00, 0x00, 0x00, 0x00, 0x00, 0x00,
  0x00, 0x00, 0x00, 0x00, 0x00, 0x00, 0x00, 0x00, 0x00, 0x00, 0x00, 0x00, 0x00, 0x00, 0x00, 0x00,
  0x00, 0x00, 0x00, 0x00, 0x00, 0x00, 0x00, 0x00, 0x00, 0x00, 0x00, 0x00, 0x00, 0x00, 0x00, 0x00,
  0x00, 0x00, 0x00, 0x55, 0xAD, 0x03, 0x00, 0x00, 0x00, 0x10, 0x84, 0x84, 0x51, 0x8C, 0xFF, 0x30,
  0x84, 0xFF, 0x10, 0x84, 0x61, 0x00, 0x00, 0x00, 0xEF, 0x7B, 0x04, 0x00, 0x00, 0x00, 0x00, 0x00,
  0x00, 0x00, 0x00, 0x00, 0x00, 0x00, 0x00, 0x00, 0x00, 0x00, 0x00, 0x00, 0x00, 0x00, 0x00, 0x00,
  0x00, 0x00, 0x00, 0x00, 0x00, 0x00, 0x00, 0x00, 0x00, 0x00, 0x00, 0x00, 0x00, 0x00, 0x00, 0x00,
  0x00, 0x00, 0x00, 0x00, 0x00, 0x00, 0x00, 0x00, 0x00, 0x00, 0x00, 0xFF, 0xFF, 0x01, 0x55, 0xAD,
  0x03, 0x00, 0x00, 0x00, 0x00, 0x00, 0x00, 0x00, 0x00, 0x00, 0x00, 0x00, 0x00, 0x00, 0x00, 0x00,
  0x00, 0x00, 0x00, 0x00, 0x00, 0x00, 0x00, 0x00, 0x00, 0x00, 0x00, 0x00, 0x10, 0x84, 0x86, 0x30,
  0x84, 0xFD, 0x30, 0x84, 0xFF, 0x10, 0x84, 0x55, 0x00, 0x00, 0x00, 0xAA, 0x52, 0x03, 0x00, 0x00,
  0x00, 0x00, 0x00, 0x00, 0x00, 0x00, 0x00, 0x00, 0x00, 0x00, 0x00, 0x00, 0x00, 0x00, 0x00, 0x00,
  0x00, 0x00, 0x00, 0x00, 0x00, 0x00, 0x00, 0x00, 0x00, 0x00, 0x00, 0x00, 0x00, 0x00, 0x00, 0x00,
  0x00, 0x00, 0x00, 0x00, 0x00, 0x00, 0x00, 0x00, 0x00, 0x00, 0x00, 0x00, 0x00, 0x00, 0x00, 0x00,
  0x00, 0x00, 0x00, 0x01, 0xFF, 0xFF, 0x01, 0x51, 0x8C, 0x0F, 0x10, 0x84, 0xDB, 0x51, 0x8C, 0xFF,
  0x10, 0x84, 0xEC, 0xEF, 0x7B, 0x24, 0x00, 0x00, 0x00, 0x55, 0xAD, 0x03, 0x00, 0x00, 0x00, 0x00,
  0x00, 0x00, 0x00, 0x00, 0x00, 0x00, 0x00, 0x00, 0x00, 0x00, 0x00, 0x00, 0x00, 0x00, 0x00, 0x00,
  0x00, 0x00, 0x00, 0x00, 0x00, 0x00, 0x00, 0x00, 0x00, 0x00, 0x00, 0x00, 0x00, 0x00, 0x00, 0x00,
  0x00, 0x00, 0x00, 0x00, 0x00, 0x00, 0x00, 0x00, 0x00, 0x00, 0x00, 0x00, 0x00, 0x00, 0x00, 0x00,
  0x00, 0x00, 0xEF, 0x7B, 0x02, 0x55, 0xAD, 0x03, 0xAA, 0x52, 0x03, 0xEF, 0x7B, 0x02, 0x00, 0x00,
  0x01, 0xD3, 0x9C, 0x05, 0x00, 0x00, 0x00, 0xEF, 0x7B, 0x53, 0x10, 0x84, 0xFE, 0x51, 0x8C, 0xFF,
  0x10, 0x84, 0xAE, 0x00, 0x00, 0x00, 0xEF, 0x7B, 0x02, 0x00, 0x00, 0x00, 0x00, 0x00, 0x00, 0x00,
  0x00, 0x00, 0x00, 0x00, 0x00, 0x00, 0x00, 0x00, 0x00, 0x00, 0x00, 0x00, 0x00, 0x00, 0x00, 0x00,
  0x00, 0x00, 0x00, 0x00, 0x00, 0x00, 0x00, 0x00, 0x00, 0x00, 0x00, 0x00, 0x00, 0x00, 0x00, 0x00,
  0x00, 0x00, 0x00, 0x00, 0x00, 0x00, 0x00, 0x00, 0x00, 0x00, 0x00, 0x00, 0x00, 0x00, 0x00, 0x00,
  0x00, 0x00, 0xAA, 0x52, 0x03, 0x00, 0x00, 0x00, 0x10, 0x84, 0x44, 0x10, 0x84, 0xFF, 0x30, 0x84,
  0xFF, 0x10, 0x84, 0xCD, 0xCF, 0x7B, 0x17, 0x00, 0x00, 0x00, 0x55, 0xAD, 0x03, 0x00, 0x00, 0x00,
  0x00, 0x00, 0x00, 0x00, 0x00, 0x00, 0x00, 0x00, 0x00, 0x00, 0x00, 0x00, 0x00, 0x00, 0x00, 0x00,
  0x00, 0x00, 0x00, 0x00, 0x00, 0x00, 0x00, 0x00, 0x00, 0x00, 0x00, 0x00, 0x00, 0x00, 0x00, 0x00,
  0x00, 0x00, 0x00, 0x00, 0x00, 0x00, 0x00, 0x00, 0x00, 0x00, 0x00, 0x00, 0x00, 0x00, 0x00, 0x00,
  0x00, 0x00, 0x00, 0x00, 0x00, 0x00, 0x00, 0x00, 0x00, 0x00, 0x00, 0x00, 0x2C, 0x63, 0x05, 0x00,
  0x00, 0x00, 0x10, 0x84, 0x37, 0x10, 0x84, 0xF4, 0x30, 0x84, 0xFF, 0x10, 0x84, 0xE9, 0xEF, 0x7B,
  0x20, 0xFF, 0xFF, 0x01, 0xEF, 0x7B, 0x02, 0x00, 0x00, 0x00, 0x00, 0x00, 0x00, 0x00, 0x00, 0x00,
  0x00, 0x00, 0x00, 0x00, 0x00, 0x00, 0x00, 0x00, 0x00, 0x00, 0x00, 0x00, 0x00, 0x00, 0x00, 0x00,
  0x00, 0x00, 0x00, 0x00, 0x00, 0x00, 0x00, 0x00, 0x00, 0x00, 0x00, 0x00, 0x00, 0x00, 0x00, 0x00,
  0x00, 0x00, 0x00, 0x00, 0x00, 0x00, 0x00, 0x00, 0x00, 0x00, 0x00, 0x00, 0x00, 0x00, 0x00, 0x00,
  0x00, 0x00, 0x00, 0x55, 0xAD, 0x03, 0x00, 0x00, 0x00, 0x10, 0x84, 0x7D, 0x30, 0x84, 0xFF, 0x30,
  0x84, 0xFF, 0x10, 0x84, 0xC9, 0xEF, 0x7B, 0x16, 0x00, 0x00, 0x00, 0xF7, 0xBD, 0x04, 0x00, 0x00,
  0x00, 0x00, 0x00, 0x00, 0x00, 0x00, 0x00, 0x00, 0x00, 0x00, 0x00, 0x00, 0x00, 0x00, 0x00, 0x00,
  0x00, 0x00, 0x00, 0x00, 0x00, 0x00, 0x00, 0x00, 0x00, 0x00, 0x00, 0x00, 0x00, 0x00, 0x00, 0x00,
  0x00, 0x00, 0x00, 0x00, 0x00, 0x00, 0x00, 0x00, 0x00, 0x00, 0x00, 0x00, 0x00, 0x00, 0x00, 0x00,
  0x00, 0x00, 0x00, 0x00, 0xFF, 0xFF, 0x01, 0xEF, 0x7B, 0x04, 0x00, 0x00, 0x00, 0x10, 0x84, 0x37,
  0x10, 0x84, 0xE1, 0x30, 0x84, 0xFF, 0x10, 0x84, 0xFA, 0xEF, 0x7B, 0x46, 0x00, 0x00, 0x00, 0xEF,
  0x7B, 0x02, 0x00, 0x00, 0x00, 0x00, 0x00, 0x00, 0x00, 0x00, 0x00, 0x00, 0x00, 0x00, 0x00, 0x00,
  0x00, 0x00, 0x00, 0x00, 0x00, 0x00, 0x00, 0x00, 0x00, 0x00, 0x00, 0x00, 0x00, 0x00, 0x00, 0x00,
  0x00, 0x00, 0x00, 0x00, 0x00, 0x00, 0x00, 0x00, 0x00, 0x00, 0x00, 0x00, 0x00, 0x00, 0x00, 0x00,
  0x00, 0x00, 0x00, 0x00, 0x00, 0x00, 0x00, 0x00, 0x00, 0x00, 0x00, 0x00, 0x00, 0x00, 0x00, 0x00,
  0x00, 0x00, 0x00, 0x01, 0xEF, 0x7B, 0x04, 0x00, 0x00, 0x00, 0xEF, 0x7B, 0x94, 0x51, 0x8C, 0xFF,
  0x30, 0x84, 0xFF, 0x10, 0x84, 0xCC, 0x10, 0x84, 0x29, 0x00, 0x00, 0x00, 0xFF, 0xFF, 0x01, 0xAA,
  0x52, 0x03, 0x00, 0x00, 0x00, 0x00, 0x00, 0x00, 0x00, 0x00, 0x00, 0x00, 0x00, 0x00, 0x00, 0x00,
  0x00, 0x00, 0x00, 0x00, 0x00, 0x00, 0x00, 0x00, 0x00, 0x00, 0x00, 0x00, 0x00, 0x00, 0x00, 0x00,
  0x00, 0x00, 0x00, 0x00, 0x00, 0x00, 0x00, 0x00, 0x00, 0x00, 0x00, 0x00, 0x00, 0x00, 0x01, 0x55,
  0xAD, 0x03, 0x00, 0x00, 0x00, 0x00, 0x00, 0x00, 0x10, 0x84, 0x51, 0x10, 0x84, 0xF0, 0x30, 0x84,
  0xFF, 0x30, 0x84, 0xFF, 0xEF, 0x7B, 0x65, 0x00, 0x00, 0x00, 0x55, 0xAD, 0x03, 0x00, 0x00, 0x00,
  0x00, 0x00, 0x00, 0x00, 0x00, 0x00, 0x00, 0x00, 0x00, 0x00, 0x00, 0x00, 0x00, 0x00, 0x00, 0x00,
  0x00, 0x00, 0x00, 0x00, 0x00, 0x00, 0x00, 0x00, 0x00, 0x00, 0x00, 0x00, 0x00, 0x00, 0x00, 0x00,
  0x00, 0x00, 0x00, 0x00, 0x00, 0x00, 0x00, 0x00, 0x00, 0x00, 0x00, 0x00, 0x00, 0x00, 0x00, 0x00,
  0x00, 0x00, 0x00, 0x00, 0x00, 0x00, 0x00, 0x00, 0x00, 0x00, 0x00, 0x00, 0x00, 0x00, 0x00, 0x00,
  0x00, 0x00, 0x00, 0x00, 0x01, 0xAA, 0x52, 0x03, 0x00, 0x00, 0x00, 0x10, 0x84, 0x90, 0x51, 0x8C,
  0xFF, 0x30, 0x84, 0xFF, 0x10, 0x84, 0xEF, 0x10, 0x84, 0x63, 0x00, 0x00, 0x00, 0x00, 0x00, 0x00,
  0xFF, 0xFF, 0x01, 0x55, 0xAD, 0x03, 0xEF, 0x7B, 0x02, 0x00, 0x00, 0x00, 0x00, 0x00, 0x00, 0x00,
  0x00, 0x00, 0x00, 0x00, 0x00, 0x00, 0x00, 0x00, 0x00, 0x00, 0x00, 0x00, 0x00, 0x00, 0x00, 0x00,
  0x00, 0x00, 0x00, 0x01, 0xEF, 0x7B, 0x02, 0x55, 0xAD, 0x03, 0x00, 0x00, 0x00, 0x00, 0x00, 0x00,
  0xEF, 0x7B, 0x0E, 0x10, 0x84, 0x86, 0x30, 0x84, 0xFB, 0x30, 0x84, 0xFF, 0x30, 0x84, 0xFA, 0xEF,
  0x7B, 0x67, 0x00, 0x00, 0x00, 0xEF, 0x7B, 0x04, 0x00, 0x00, 0x00, 0x00, 0x00, 0x00, 0x00, 0x00,
  0x00, 0x00, 0x00, 0x00, 0x00, 0x00, 0x00, 0x00, 0x00, 0x00, 0x00, 0x00, 0x00, 0x00, 0x00, 0x00,
  0x00, 0x00, 0x00, 0x00, 0x00, 0x00, 0x00, 0x00, 0x00, 0x00, 0x00, 0x00, 0x00, 0x00, 0x00, 0x00,
  0x00, 0x00, 0x00, 0x00, 0x00, 0x00, 0x00, 0x00, 0x00, 0x00, 0x00, 0x00, 0x00, 0x00, 0x00, 0x00,
  0x00, 0x00, 0x00, 0x00, 0x00, 0x00, 0x00, 0x00, 0x00, 0x00, 0x00, 0x00, 0x00, 0x00, 0x00, 0x00,
  0x00, 0x00, 0x00, 0x00, 0x00, 0x01, 0x00, 0x00, 0x02, 0x00, 0x00, 0x00, 0x10, 0x84, 0x7B, 0x30,
  0x84, 0xF9, 0x30, 0x84, 0xFF, 0x30, 0x84, 0xFF, 0x10, 0x84, 0xBC, 0x10, 0x84, 0x47, 0x00, 0x00,
  0x00, 0x00, 0x00, 0x00, 0x00, 0x00, 0x00, 0x00, 0x00, 0x01, 0xAA, 0x52, 0x03, 0xAA, 0x52, 0x03,
  0x55, 0xAD, 0x03, 0x55, 0xAD, 0x03, 0x55, 0xAD, 0x03, 0xAA, 0x52, 0x03, 0xEF, 0x7B, 0x02, 0x00,
  0x00, 0x00, 0x00, 0x00, 0x00, 0x00, 0x00, 0x00, 0x8E, 0x73, 0x09, 0x10, 0x84, 0x61, 0x10, 0x84,
  0xD6, 0x51, 0x8C, 0xFF, 0x51, 0x8C, 0xFF, 0x10, 0x84, 0xE8, 0xEF, 0x7B, 0x4C, 0x00, 0x00, 0x00,
  0xAA, 0x52, 0x03, 0x00, 0x00, 0x00, 0x00, 0x00, 0x00, 0x00, 0x00, 0x00, 0x00, 0x00, 0x00, 0x00,
  0x00, 0x00, 0x00, 0x00, 0x00, 0x00, 0x00, 0x00, 0x00, 0x00, 0x00, 0x00, 0x00, 0x00, 0x00, 0x00,
  0x00, 0x00, 0x00, 0x00, 0x00, 0x00, 0x00, 0x00, 0x00, 0x00, 0x00, 0x00, 0x00, 0x00, 0x00, 0x00,
  0x00, 0x00, 0x00, 0x00, 0x00, 0x00, 0x00, 0x00, 0x00, 0x00, 0x00, 0x00, 0x00, 0x00, 0x00, 0x00,
  0x00, 0x00, 0x00, 0x00, 0x00, 0x00, 0x00, 0x00, 0x00, 0x00, 0x00, 0x00, 0x00, 0x00, 0x00, 0x00,
  0x00, 0x00, 0x00, 0x00, 0x00, 0x00, 0x01, 0xEF, 0x7B, 0x02, 0x00, 0x00, 0x00, 0xEF, 0x7B, 0x46,
  0x10, 0x84, 0xDB, 0x51, 0x8C, 0xFF, 0x51, 0x8C, 0xFF, 0x10, 0x84, 0xFF, 0x10, 0x84, 0xBE, 0x10,
  0x84, 0x63, 0xEF, 0x7B, 0x26, 0x00, 0x00, 0x00, 0x00, 0x00, 0x00, 0x00, 0x00, 0x00, 0x00, 0x00,
  0x00, 0x00, 0x00, 0x00, 0x00, 0x00, 0x00, 0x00, 0x00, 0x00, 0x00, 0x00, 0x00, 0xEF, 0x7B, 0x04,
  0x30, 0x84, 0x32, 0x10, 0x84, 0x79, 0x10, 0x84, 0xD2, 0x30, 0x84, 0xFF, 0x51, 0x8C, 0xFF, 0x30,
  0x84, 0xFF, 0x10, 0x84, 0xB8, 0xEF, 0x7B, 0x24, 0x00, 0x00, 0x00, 0x55, 0xAD, 0x03, 0x00, 0x00,
  0x00, 0x00, 0x00, 0x00, 0x00, 0x00, 0x00, 0x00, 0x00, 0x00, 0x00, 0x00, 0x00, 0x00, 0x00, 0x00,
  0x00, 0x00, 0x00, 0x00, 0x00, 0x00, 0x00, 0x00, 0x00, 0x00, 0x00, 0x00, 0x00, 0x00, 0x00, 0x00,
  0x00, 0x00, 0x00, 0x00, 0x00, 0x00, 0x00, 0x00, 0x00, 0x00, 0x00, 0x00, 0x00, 0x00, 0x00, 0x00,
  0x00, 0x00, 0x00, 0x00, 0x00, 0x00, 0x00, 0x00, 0x00, 0x00, 0x00, 0x00, 0x00, 0x00, 0x00, 0x00,
  0x00, 0x00, 0x00, 0x00, 0x00, 0x00, 0x00, 0x00, 0x00, 0x00, 0x00, 0x00, 0x00, 0x00, 0x00, 0x00,
  0x00, 0x00, 0x00, 0x00, 0x00, 0x00, 0x00, 0x00, 0x55, 0xAD, 0x03, 0x00, 0x00, 0x00, 0xCF, 0x7B,
  0x11, 0x10, 0x84, 0x7C, 0x10, 0x84, 0xE8, 0x30, 0x84, 0xFF, 0x71, 0x8C, 0xFF, 0x51, 0x8C, 0xFF,
  0x10, 0x84, 0xEF, 0x10, 0x84, 0xCA, 0x10, 0x84, 0x9F, 0x10, 0x84, 0x7A, 0x10, 0x84, 0x6A, 0x10,
  0x84, 0x5D, 0x10, 0x84, 0x69, 0x10, 0x84, 0x81, 0x10, 0x84, 0xA9, 0x10, 0x84, 0xD1, 0x10, 0x84,
  0xF9, 0x51, 0x8C, 0xFF, 0x71, 0x8C, 0xFF, 0x30, 0x84, 0xFF, 0x10, 0x84, 0xD6, 0x10, 0x84, 0x5F,
  0x00, 0x00, 0x02, 0x00, 0x00, 0x00, 0xAA, 0x52, 0x03, 0x00, 0x00, 0x00, 0x00, 0x00, 0x00, 0x00,
  0x00, 0x00, 0x00, 0x00, 0x00, 0x00, 0x00, 0x00, 0x00, 0x00, 0x00, 0x00, 0x00, 0x00, 0x00, 0x00,
  0x00, 0x00, 0x00, 0x00, 0x00, 0x00, 0x00, 0x00, 0x00, 0x00, 0x00, 0x00, 0x00, 0x00, 0x00, 0x00,
  0x00, 0x00, 0x00, 0x00, 0x00, 0x00, 0x00, 0x00, 0x00, 0x00, 0x00, 0x00, 0x00, 0x00, 0x00, 0x00,
  0x00, 0x00, 0x00, 0x00, 0x00, 0x00, 0x00, 0x00, 0x00, 0x00, 0x00, 0x00, 0x00, 0x00, 0x00, 0x00,
  0x00, 0x00, 0x00, 0x00, 0x00, 0x00, 0x00, 0x00, 0x00, 0x00, 0x00, 0x00, 0x00, 0x00, 0x00, 0x00,
  0x00, 0x00, 0x00, 0x00, 0x00, 0x00, 0x00, 0x00, 0x00, 0xAA, 0x52, 0x03, 0x00, 0x00, 0x00, 0x00,
  0x00, 0x00, 0xEF, 0x7B, 0x1C, 0x10, 0x84, 0x76, 0x10, 0x84, 0xCC, 0x10, 0x84, 0xFE, 0x51, 0x8C,
  0xFF, 0x71, 0x8C, 0xFF, 0x71, 0x8C, 0xFF, 0x51, 0x8C, 0xFF, 0x51, 0x8C, 0xFF, 0x51, 0x8C, 0xFF,
  0x51, 0x8C, 0xFF, 0x71, 0x8C, 0xFF, 0x71, 0x8C, 0xFF, 0x71, 0x8C, 0xFF, 0x51, 0x8C, 0xFF, 0x10,
  0x84, 0xF9, 0x10, 0x84, 0xBD, 0x30, 0x84, 0x5C, 0x51, 0x8C, 0x0D, 0x00, 0x00, 0x00, 0x00, 0x00,
  0x00, 0xEF, 0x7B, 0x02, 0x00, 0x00, 0x00, 0x00, 0x00, 0x00, 0x00, 0x00, 0x00, 0x00, 0x00, 0x00,
  0x00, 0x00, 0x00, 0x00, 0x00, 0x00, 0x00, 0x00, 0x00, 0x00, 0x00, 0x00, 0x00, 0x00, 0x00, 0x00,
  0x00, 0x00, 0x00, 0x00, 0x00, 0x00, 0x00, 0x00, 0x00, 0x00, 0x00, 0x00, 0x00, 0x00, 0x00, 0x00,
  0x00, 0x00, 0x00, 0x00, 0x00, 0x00, 0x00, 0x00, 0x00, 0x00, 0x00, 0x00, 0x00, 0x00, 0x00, 0x00,
  0x00, 0x00, 0x00, 0x00, 0x00, 0x00, 0x00, 0x00, 0x00, 0x00, 0x00, 0x00, 0x00, 0x00, 0x00, 0x00,
  0x00, 0x00, 0x00, 0x00, 0x00, 0x00, 0x00, 0x00, 0x00, 0x00, 0x00, 0x00, 0x00, 0x00, 0x00, 0x00,
  0x00, 0x00, 0x00, 0x00, 0x00, 0x00, 0x00, 0x00, 0x00, 0x00, 0xFF, 0xFF, 0x01, 0x55, 0xAD, 0x03,
  0x00, 0x00, 0x00, 0x00, 0x00, 0x00, 0xEF, 0x7B, 0x06, 0x10, 0x84, 0x35, 0x10, 0x84, 0x79, 0x10,
  0x84, 0xAD, 0x10, 0x84, 0xCC, 0x10, 0x84, 0xE5, 0x10, 0x84, 0xEB, 0x10, 0x84, 0xF5, 0x10, 0x84,
  0xEC, 0x10, 0x84, 0xDB, 0x10, 0x84, 0xC6, 0x10, 0x84, 0xA5, 0x10, 0x84, 0x69, 0x10, 0x84, 0x29,
  0x00, 0x00, 0x00, 0x00, 0x00, 0x00, 0x00, 0x00, 0x00, 0x55, 0xAD, 0x03, 0x00, 0x00, 0x00, 0x00,
  0x00, 0x00, 0x00, 0x00, 0x00, 0x00, 0x00, 0x00, 0x00, 0x00, 0x00, 0x00, 0x00, 0x00, 0x00, 0x00,
  0x00, 0x00, 0x00, 0x00, 0x00, 0x00, 0x00, 0x00, 0x00, 0x00, 0x00, 0x00, 0x00, 0x00, 0x00, 0x00,
  0x00, 0x00, 0x00, 0x00, 0x00, 0x00, 0x00, 0x00, 0x00, 0x00, 0x00, 0x00, 0x00, 0x00, 0x00, 0x00,
  0x00, 0x00, 0x00, 0x00, 0x00, 0x00, 0x00, 0x00, 0x00, 0x00, 0x00, 0x00, 0x00, 0x00, 0x00, 0x00,
  0x00, 0x00, 0x00, 0x00, 0x00, 0x00, 0x00, 0x00, 0x00, 0x00, 0x00, 0x00, 0x00, 0x00, 0x00, 0x00,
  0x00, 0x00, 0x00, 0x00, 0x00, 0x00, 0x00, 0x00, 0x00, 0x00, 0x00, 0x00, 0x00, 0x00, 0x00, 0x00,
  0x00, 0x00, 0x00, 0x00, 0x00, 0x00, 0x00, 0x00, 0x00, 0x00, 0x00, 0x00, 0x00, 0x00, 0xEF, 0x7B,
  0x02, 0x55, 0xAD, 0x03, 0x00, 0x00, 0x00, 0x00, 0x00, 0x00, 0x00, 0x00, 0x00, 0x00, 0x00, 0x00,
  0xEF, 0x7B, 0x06, 0x30, 0x84, 0x17, 0x30, 0x84, 0x1B, 0x10, 0x84, 0x21, 0xEF, 0x7B, 0x1C, 0xCF,
  0x7B, 0x11, 0xEF, 0x7B, 0x02, 0x00, 0x00, 0x00, 0x00, 0x00, 0x00, 0x00, 0x00, 0x00, 0xFF, 0xFF,
  0x01, 0x55, 0xAD, 0x03, 0xFF, 0xFF, 0x01, 0x00, 0x00, 0x00, 0x00, 0x00, 0x00, 0x00, 0x00, 0x00,
  0x00, 0x00, 0x00, 0x00, 0x00, 0x00, 0x00, 0x00, 0x00, 0x00, 0x00, 0x00, 0x00, 0x00, 0x00, 0x00,
  0x00, 0x00, 0x00, 0x00, 0x00, 0x00, 0x00, 0x00, 0x00, 0x00, 0x00, 0x00, 0x00, 0x00, 0x00, 0x00,
  0x00, 0x00, 0x00, 0x00, 0x00, 0x00, 0x00, 0x00, 0x00, 0x00, 0x00, 0x00, 0x00, 0x00, 0x00, 0x00,
  0x00, 0x00, 0x00, 0x00, 0x00, 0x00, 0x00, 0x00, 0x00, 0x00, 0x00, 0x00, 0x00, 0x00, 0x00, 0x00,
  0x00, 0x00, 0x00, 0x00, 0x00, 0x00, 0x00, 0x00, 0x00, 0x00, 0x00, 0x00, 0x00, 0x00, 0x00, 0x00,
  0x00, 0x00, 0x00, 0x00, 0x00, 0x00, 0x00, 0x00, 0x00, 0x00, 0x00, 0x00, 0x00, 0x00, 0x00, 0x00,
  0x00, 0x00, 0x00, 0x00, 0x00, 0x00, 0x00, 0x00, 0x00, 0x00, 0x00, 0x00, 0x00, 0x00, 0x00, 0x00,
  0x00, 0x00, 0x00, 0x00, 0x01, 0xEF, 0x7B, 0x02, 0xEF, 0x7B, 0x04, 0x55, 0xAD, 0x03, 0x00, 0x00,
  0x00, 0x00, 0x00, 0x00, 0x00, 0x00, 0x00, 0x00, 0x00, 0x00, 0x00, 0x00, 0x00, 0x00, 0x00, 0x00,
  0x00, 0x00, 0x00, 0xEF, 0x7B, 0x04, 0x55, 0xAD, 0x03, 0xEF, 0x7B, 0x02, 0x00, 0x00, 0x01, 0x00,
  0x00, 0x00, 0x00, 0x00, 0x00, 0x00, 0x00, 0x00, 0x00, 0x00, 0x00, 0x00, 0x00, 0x00, 0x00, 0x00,
  0x00, 0x00, 0x00, 0x00, 0x00, 0x00, 0x00, 0x00, 0x00, 0x00, 0x00, 0x00, 0x00, 0x00, 0x00, 0x00,
  0x00, 0x00, 0x00, 0x00, 0x00, 0x00, 0x00, 0x00, 0x00, 0x00, 0x00, 0x00, 0x00, 0x00, 0x00, 0x00,
  0x00, 0x00, 0x00, 0x00, 0x00, 0x00, 0x00, 0x00, 0x00, 0x00, 0x00, 0x00, 0x00, 0x00, 0x00, 0x00,
  0x00, 0x00, 0x00, 0x00, 0x00, 0x00, 0x00, 0x00, 0x00, 0x00, 0x00, 0x00, 0x00, 0x00, 0x00, 0x00,
  0x00, 0x00, 0x00, 0x00, 0x00, 0x00, 0x00, 0x00, 0x00, 0x00, 0x00, 0x00, 0x00, 0x00, 0x00, 0x00,
  0x00, 0x00, 0x00, 0x00, 0x00, 0x00, 0x00, 0x00, 0x00, 0x00, 0x00, 0x00, 0x00, 0x00, 0x00, 0x00,
  0x00, 0x00, 0x00, 0x00, 0x00, 0x00, 0x00, 0x00, 0x00, 0x00, 0x00, 0x00, 0x00, 0x00, 0x00, 0x00,
  0x00, 0x00, 0x00, 0x00, 0x00, 0x00, 0x00, 0x00, 0x00, 0x00, 0x00, 0x00, 0x00, 0x00, 0x01, 0xEF,
  0x7B, 0x02, 0xEF, 0x7B, 0x02, 0xEF, 0x7B, 0x02, 0xEF, 0x7B, 0x02, 0xFF, 0xFF, 0x01, 0x00, 0x00,
  0x01, 0x00, 0x00, 0x00, 0x00, 0x00, 0x00, 0x00, 0x00, 0x00, 0x00, 0x00, 0x00, 0x00, 0x00, 0x00,
  0x00, 0x00, 0x00, 0x00, 0x00, 0x00, 0x00, 0x00, 0x00, 0x00, 0x00, 0x00, 0x00, 0x00, 0x00, 0x00,
  0x00, 0x00, 0x00, 0x00, 0x00, 0x00, 0x00, 0x00, 0x00, 0x00, 0x00, 0x00, 0x00, 0x00, 0x00, 0x00,
  0x00, 0x00, 0x00, 0x00, 0x00, 0x00, 0x00, 0x00, 0x00, 0x00, 0x00, 0x00, 0x00, 0x00, 0x00, 0x00,
  0x00, 0x00, 0x00, 0x00, 0x00, 0x00, 0x00, 0x00, 0x00, 0x00, 0x00, 0x00, 0x00, 0x00, 0x00, 0x00,
  0x00, 0x00, 0x00, 0x00, 0x00, 0x00, 0x00, 0x00, 0x00, 0x00, 0x00, 0x00, 0x00, 0x00, 0x00, 0x00,
  0x00, 0x00, 0x00, 0x00, 0x00, 0x00, 0x00, 0x00, 0x00, 0x00, 0x00, 0x00, 0x00, 0x00, 0x00, 0x00,
  0x00, 0x00, 0x00, 0x00, 0x00, 0x00, 0x00, 0x00, 0x00, 0x00, 0x00, 0x00, 0x00, 0x00, 0x00, 0x00,
  0x00, 0x00, 0x00, 0x00, 0x00, 0x00, 0x00, 0x00, 0x00, 0x00, 0x00, 0x00, 0x00, 0x00, 0x00, 0x00,
  0x00, 0x00, 0x00, 0x00, 0x00, 0x00, 0x00, 0x00, 0x00, 0x00, 0x00, 0x00, 0x00, 0x00, 0x00, 0x00,
  0x00, 0x00, 0x00, 0x00, 0x00, 0x00, 0x00, 0x00, 0x00, 0x00, 0x00, 0x00, 0x00, 0x00, 0x00, 0x00,
  0x00, 0x00, 0x00, 0x00, 0x00, 0x00, 0x00, 0x00, 0x00, 0x00, 0x00, 0x00, 0x00, 0x00, 0x00, 0x00,
  0x00, 0x00, 0x00, 0x00, 0x00, 0x00, 0x00, 0x00, 0x00, 0x00, 0x00, 0x00, 0x00, 0x00, 0x00, 0x00,
  0x00, 0x00, 0x00, 0x00, 0x00, 0x00, 0x00, 0x00, 0x00, 0x00, 0x00, 0x00, 0x00, 0x00, 0x00, 0x00,
  0x00, 0x00, 0x00, 0x00, 0x00, 0x00, 0x00, 0x00, 0x00, 0x00, 0x00, 0x00, 0x00, 0x00, 0x00, 0x00,
  0x00, 0x00, 0x00, 0x00, 0x00, 0x00, 0x00, 0x00, 0x00, 0x00, 0x00, 0x00, 0x00, 0x00, 0x00, 0x00,
  0x00, 0x00, 0x00, 0x00, 0x00, 0x00, 0x00, 0x00, 0x00, 0x00, 0x00, 0x00, 0x00, 0x00, 0x00, 0x00,
  0x00, 0x00, 0x00, 0x00, 0x00, 0x00, 0x00, 0x00, 0x00, 0x00, 0x00, 0x00, 0x00, 0x00, 0x00, 0x00,
  0x00, 0x00, 0x00, 0x00, 0x00, 0x00, 0x00, 0x00, 0x00, 0x00, 0x00, 0x00, 0x00, 0x00, 0x00, 0x00,
  0x00, 0x00, 0x00, 0x00, 0x00, 0x00, 0x00, 0x00, 0x00, 0x00, 0x00, 0x00, 0x00, 0x00, 0x00, 0x00,
  0x00, 0x00, 0x00, 0x00, 0x00, 0x00, 0x00, 0x00, 0x00, 0x00, 0x00, 0x00, 0x00, 0x00, 0x00, 0x00,
  0x00, 0x00, 0x00, 0x00, 0x00, 0x00, 0x00, 0x00, 0x00, 0x00, 0x00, 0x00, 0x00, 0x00, 0x00, 0x00,
  0x00, 0x00, 0x00, 0x00, 0x00, 0x00, 0x00, 0x00, 0x00, 0x00, 0x00, 0x00, 0x00, 0x00, 0x00, 0x00,
  0x00, 0x00, 0x00, 0x00, 0x00, 0x00, 0x00, 0x00, 0x00, 0x00, 0x00, 0x00, 0x00, 0x00, 0x00, 0x00,
  0x00, 0x00, 0x00, 0x00, 0x00, 0x00, 0x00, 0x00, 0x00, 0x00, 0x00, 0x00, 0x00, 0x00, 0x00, 0x00,
  0x00, 0x00, 0x00, 0x00, 0x00, 0x00, 0x00, 0x00, 0x00, 0x00, 0x00, 0x00, 0x00, 0x00, 0x00, 0x00,
  0x00, 0x00, 0x00, 0x00, 0x00, 0x00, 0x00, 0x00, 0x00, 0x00, 0x00, 0x00, 0x00, 0x00, 0x00, 0x00,
  0x00, 0x00, 0x00, 0x00, 0x00, 0x00, 0x00, 0x00, 0x00, 0x00, 0x00, 0x00, 0x00, 0x00, 0x00, 0x00,
  0x00, 0x00, 0x00, 0x00, 0x00, 0x00, 0x00, 0x00, 0x00, 0x00, 0x00, 0x00, 0x00, 0x00, 0x00, 0x00,
  0x00, 0x00, 0x00, 0x00, 0x00, 0x00, 0x00, 0x00, 0x00, 0x00, 0x00, 0x00, 0x00, 0x00, 0x00, 0x00,
  0x00, 0x00, 0x00, 0x00, 0x00, 0x00, 0x00, 0x00, 0x00, 0x00, 0x00, 0x00, 0x00, 0x00, 0x00, 0x00,
  0x00, 0x00, 0x00, 0x00, 0x00, 0x00, 0x00, 0x00, 0x00, 0x00, 0x00, 0x00, 0x00, 0x00, 0x00, 0x00,
  0x00, 0x00, 0x00, 0x00, 0x00, 0x00, 0x00, 0x00, 0x00, 0x00, 0x00, 0x00, 0x00, 0x00, 0x00, 0x00,
  0x00, 0x00, 0x00, 0x00, 0x00, 0x00, 0x00, 0x00, 0x00, 0x00, 0x00, 0x00, 0x00, 0x00, 0x00, 0x00,
  0x00, 0x00, 0x00, 0x00, 0x00, 0x00, 0x00, 0x00, 0x00, 0x00, 0x00, 0x00, 0x00, 0x00, 0x00, 0x00,
  0x00, 0x00, 0x00, 0x00, 0x00, 0x00, 0x00, 0x00, 0x00, 0x00, 0x00, 0x00, 0x00, 0x00, 0x00, 0x00,
  0x00, 0x00, 0x00, 0x00, 0x00, 0x00, 0x00, 0x00, 0x00, 0x00, 0x00, 0x00, 0x00, 0x00, 0x00, 0x00,
  0x00, 0x00, 0x00, 0x00, 0x00, 0x00, 0x00, 0x00, 0x00, 0x00, 0x00, 0x00, 0x00, 0x00, 0x00, 0x00,
  0x00, 0x00, 0x00, 0x00, 0x00, 0x00, 0x00, 0x00, 0x00, 0x00, 0x00, 0x00, 0x00, 0x00, 0x00, 0x00,
  0x00, 0x00, 0x00, 0x00, 0x00, 0x00, 0x00, 0x00, 0x00, 0x00, 0x00, 0x00, 0x00, 0x00, 0x00, 0x00,
  0x00, 0x00, 0x00, 0x00, 0x00, 0x00, 0x00, 0x00, 0x00, 0x00, 0x00, 0x00, 0x00, 0x00, 0x00, 0x00,
  0x00, 0x00, 0x00, 0x00, 0x00, 0x00, 0x00, 0x00, 0x00, 0x00, 0x00, 0x00, 0x00, 0x00, 0x00, 0x00,
  0x00, 0x00, 0x00, 0x00, 0x00, 0x00, 0x00, 0x00, 0x00, 0x00, 0x00, 0x00, 0x00, 0x00, 0x00, 0x00,
  0x00, 0x00, 0x00, 0x00, 0x00, 0x00, 0x00, 0x00, 0x00, 0x00, 0x00, 0x00, 0x00, 0x00, 0x00, 0x00,
  0x00, 0x00, 0x00, 0x00, 0x00, 0x00, 0x00, 0x00, 0x00, 0x00, 0x00, 0x00, 0x00, 0x00, 0x00, 0x00,
  0x00, 0x00, 0x00, 0x00, 0x00, 0x00, 0x00, 0x00, 0x00, 0x00, 0x00, 0x00, 0x00, 0x00, 0x00, 0x00,
  0x00, 0x00, 0x00, 0x00, 0x00, 0x00, 0x00, 0x00, 0x00, 0x00, 0x00, 0x00, 0x00, 0x00, 0x00, 0x00,
  0x00, 0x00, 0x00, 0x00, 0x00, 0x00, 0x00, 0x00, 0x00, 0x00, 0x00, 0x00, 0x00, 0x00, 0x00, 0x00,
  0x00, 0x00, 0x00, 0x00, 0x00, 0x00, 0x00, 0x00, 0x00, 0x00, 0x00, 0x00, 0x00, 0x00, 0x00, 0x00,
  0x00, 0x00, 0x00, 0x00, 0x00, 0x00, 0x00, 0x00, 0x00, 0x00, 0x00, 0x00, 0x00, 0x00, 0x00, 0x00,
  0x00, 0x00, 0x00, 0x00, 0x00, 0x00, 0x00, 0x00, 0x00, 0x00, 0x00, 0x00, 0x00, 0x00, 0x00, 0x00,
  0x00, 0x00, 0x00, 0x00, 0x00, 0x00, 0x00, 0x00, 0x00, 0x00, 0x00, 0x00, 0x00, 0x00, 0x00, 0x00,
  0x00, 0x00, 0x00, 0x00, 0x00, 0x00, 0x00, 0x00, 0x00, 0x00, 0x00, 0x00, 0x00, 0x00, 0x00, 0x00,
  0x00, 0x00, 0x00, 0x00, 0x00, 0x00, 0x00, 0x00, 0x00, 0x00, 0x00, 0x00, 0x00, 0x00, 0x00, 0x00,
  0x00, 0x00, 0x00, 0x00, 0x00, 0x00, 0x00, 0x00, 0x00, 0x00, 0x00, 0x00, 0x00, 0x00, 0x00, 0x00,
  0x00, 0x00, 0x00, 0x00, 0x00, 0x00, 0x00, 0x00, 0x00, 0x00, 0x00, 0x00, 0x00, 0x00, 0x00, 0x00,
  0x00, 0x00, 0x00, 0x00, 0x00, 0x00, 0x00, 0x00, 0x00, 0x00, 0x00, 0x00, 0x00, 0x00, 0x00, 0x00,
  0x00, 0x00, 0x00, 0x00, 0x00, 0x00, 0x00, 0x00, 0x00, 0x00, 0x00, 0x00, 0x00, 0x00, 0x00, 0x00,
  0x00, 0x00, 0x00, 0x00, 0x00, 0x00, 0x00, 0x00, 0x00, 0x00, 0x00, 0x00, 0x00, 0x00, 0x00, 0x00,
  0x00, 0x00, 0x00, 0x00, 0x00, 0x00, 0x00, 0x00, 0x00, 0x00, 0x00, 0x00, 0x00, 0x00, 0x00, 0x00,
  0x00, 0x00, 0x00, 0x00, 0x00, 0x00, 0x00, 0x00, 0x00, 0x00, 0x00, 0x00, 0x00, 0x00, 0x00, 0x00,
  0x00, 0x00, 0x00, 0x00, 0x00, 0x00, 0x00, 0x00, 0x00, 0x00, 0x00, 0x00, 0x00, 0x00, 0x00, 0x00,
  0x00, 0x00, 0x00, 0x00, 0x00, 0x00, 0x00, 0x00, 0x00, 0x00, 0x00, 0x00, 0x00, 0x00, 0x00, 0x00,
  0x00, 0x00, 0x00, 0x00, 0x00, 0x00, 0x00, 0x00, 0x00, 0x00, 0x00, 0x00, 0x00, 0x00, 0x00, 0x00,
  0x00, 0x00, 0x00, 0x00, 0x00, 0x00, 0x00, 0x00, 0x00, 0x00, 0x00, 0x00, 0x00, 0x00, 0x00, 0x00,
  0x00, 0x00, 0x00, 0x00, 0x00, 0x00, 0x00, 0x00, 0x00, 0x00, 0x00, 0x00, 0x00, 0x00, 0x00, 0x00,
  0x00, 0x00, 0x00, 0x00, 0x00, 0x00, 0x00, 0x00, 0x00, 0x00, 0x00, 0x00, 0x00, 0x00, 0x00, 0x00,
  0x00, 0x00, 0x00, 0x00, 0x00, 0x00, 0x00, 0x00, 0x00, 0x00, 0x00, 0x00, 0x00, 0x00, 0x00, 0x00,
  0x00, 0x00, 0x00, 0x00, 0x00, 0x00, 0x00, 0x00, 0x00, 0x00, 0x00, 0x00, 0x00, 0x00, 0x00, 0x00,
  0x00, 0x00, 0x00, 0x00, 0x00, 0x00, 0x00, 0x00, 0x00, 0x00,
};
const lv_img_dsc_t ic_brightness_off_normal = {
  .header.always_zero = 0,
  .header.w = 58,
  .header.h = 59,
  .data_size = 10266,
  .header.cf = LV_IMG_CF_TRUE_COLOR_ALPHA,
  .data = ic_brightness_off_normal_data,
};

/* txt_brightness_high_active.png */
static const uint8_t txt_brightness_high_active_data[] = {
  0x00, 0x00, 0x00, 0x00, 0x00, 0x00, 0x00, 0x00, 0x00, 0x00, 0x00, 0x00, 0x00, 0x00, 0x00, 0x00,
  0x00, 0x00, 0x00, 0x00, 0x00, 0x00, 0x00, 0x00, 0x00, 0x00, 0x00, 0x00, 0x00, 0x00, 0x00, 0x00,
  0x00, 0x00, 0x00, 0x00, 0x00, 0x00, 0x00, 0x00, 0x00, 0x00, 0x00, 0x00, 0x00, 0x00, 0x00, 0x00,
  0x00, 0x00, 0x00, 0x00, 0x00, 0x00, 0x00, 0x00, 0x00, 0x00, 0x00, 0x00, 0x00, 0x00, 0x00, 0x00,
  0x00, 0x00, 0x00, 0x00, 0x00, 0x00, 0x00, 0x00, 0x00, 0x00, 0x00, 0x00, 0x00, 0x00, 0x00, 0x00,
  0x00, 0x00, 0x00, 0x00, 0x00, 0x00, 0x00, 0x00, 0x00, 0x00, 0x00, 0x00, 0x00, 0x00, 0x00, 0x00,
  0x00, 0x00, 0x00, 0x00, 0x00, 0x00, 0x00, 0x00, 0x00, 0xFF, 0xFF, 0x2A, 0xFF, 0xFF, 0xAF, 0xFF,
  0xFF, 0xF8, 0xFF, 0xFF, 0xF7, 0xFF, 0xFF, 0xB9, 0xFF, 0xFF, 0x31, 0x00, 0x00, 0x00, 0xFF, 0xFF,
  0x01, 0x00, 0x00, 0x00, 0x00, 0x00, 0x00, 0x00, 0x00, 0x00, 0x00, 0x00, 0x00, 0x00, 0x00, 0x00,
  0x00, 0x00, 0x00, 0x00, 0x00, 0x00, 0x00, 0x00, 0x00, 0x00, 0x00, 0x00, 0x00, 0x00, 0x00, 0x00,
  0x00, 0x00, 0x00, 0x00, 0x00, 0x00, 0x00, 0x00, 0x00, 0x00, 0x00, 0x00, 0x00, 0x00, 0x00, 0x00,
  0x00, 0x00, 0x00, 0x00, 0x00, 0x00, 0x00, 0x00, 0x00, 0x00, 0x00, 0x00, 0x00, 0x00, 0x00, 0x00,
  0x00, 0x00, 0x00, 0x00, 0x00, 0x00, 0x00, 0x00, 0x00, 0x00, 0x00, 0x00, 0x00, 0x00, 0x00, 0x00,
  0x00, 0x00, 0x00, 0x00, 0x00, 0x00, 0x00, 0x00, 0x00, 0x00, 0x00, 0x00, 0x00, 0x00, 0x00, 0x00,
  0x00, 0x00, 0x00, 0x00, 0x00, 0x00, 0x00, 0x00, 0x00, 0x00, 0x00, 0x00, 0x00, 0x00, 0x00, 0x00,
  0x00, 0x00, 0x00, 0x00, 0x00, 0x00, 0x00, 0x00, 0x00, 0x00, 0x00, 0x00, 0x00, 0x00, 0x00, 0x00,
  0x00, 0x00, 0x00, 0x00, 0x00, 0x00, 0x00, 0x00, 0x00, 0x00, 0x00, 0x00, 0x00, 0x00, 0x00, 0x00,
  0x00, 0x00, 0x00, 0x00, 0x00, 0x00, 0x00, 0x00, 0x00, 0x00, 0x00, 0x00, 0x00, 0x00, 0x00, 0x00,
  0x00, 0x00, 0x00, 0x00, 0x00, 0x00, 0x00, 0x00, 0x00, 0x00, 0x00, 0x00, 0xFF, 0xFF, 0x11, 0xFF,
  0xFF, 0x2A, 0xFF, 0xFF, 0x26, 0xFF, 0xFF, 0x27, 0xFF, 0xFF, 0x27, 0xFF, 0xFF, 0x26, 0xFF, 0xFF,
  0x2A, 0xFF, 0xFF, 0x15, 0x00, 0x00, 0x00, 0xFF, 0xFF, 0x01, 0x00, 0x00, 0x00, 0x00, 0x00, 0x00,
  0x00, 0x00, 0x00, 0x00, 0x00, 0x00, 0x00, 0x00, 0x00, 0x00, 0x00, 0x00, 0x00, 0x00, 0x00, 0x00,
  0x00, 0x00, 0x00, 0x00, 0x00, 0x00, 0x00, 0x00, 0x00, 0x00, 0x00, 0xFF, 0xFF, 0x09, 0xFF, 0xFF,
  0x26, 0xFF, 0xFF, 0x27, 0xFF, 0xFF, 0x27, 0xFF, 0xFF, 0x27, 0xFF, 0xFF, 0x26, 0xFF, 0xFF, 0x28,
  0xFF, 0xFF, 0x1E, 0xFF, 0xFF, 0x02, 0x00, 0x00, 0x00, 0x00, 0x00, 0x00, 0xFF, 0xFF, 0x01, 0x00,
  0x00, 0x00, 0xFF, 0xFF, 0x27, 0xFF, 0xFF, 0xD7, 0xFF, 0xFF, 0xFF, 0xFF, 0xFF, 0xFF, 0xFF, 0xFF,
  0xFF, 0xFF, 0xFF, 0xFF, 0xFF, 0xFF, 0xDD, 0xFF, 0xFF, 0x30, 0x00, 0x00, 0x00, 0xFF, 0xFF, 0x02,
  0x00, 0x00, 0x00, 0x00, 0x00, 0x00, 0x00, 0x00, 0x00, 0x00, 0x00, 0x00, 0x00, 0x00, 0x00, 0x00,
  0x00, 0x00, 0x00, 0x00, 0x00, 0x00, 0x00, 0x00, 0x00, 0x00, 0x00, 0x00, 0x00, 0x00, 0x00, 0x00,
  0x00, 0x00, 0x00, 0x00, 0x00, 0x00, 0x00, 0x00, 0x00, 0x00, 0x00, 0x00, 0x00, 0x00, 0x00, 0x00,
  0x00, 0x00, 0x00, 0x00, 0x00, 0x00, 0x00, 0x00, 0x00, 0x00, 0x00, 0x00, 0x00, 0x00, 0x00, 0x00,
  0x00, 0x00, 0x00, 0x00, 0x00, 0x00, 0x00, 0x00, 0x00, 0x00, 0x00, 0x00, 0x00, 0x00, 0x00, 0x00,
  0x00, 0x00, 0x00, 0x00, 0x00, 0x00, 0x00, 0x00, 0x00, 0x00, 0x00, 0x00, 0x00, 0xFF, 0xFF, 0x06,
  0xFF, 0xFF, 0x24, 0xFF, 0xFF, 0x27, 0xFF, 0xFF, 0x26, 0xFF, 0xFF, 0x27, 0xFF, 0xFF, 0x26, 0xFF,
  0xFF, 0x29, 0xFF, 0xFF, 0x17, 0x00, 0x00, 0x00, 0x00, 0x00, 0x00, 0x00, 0x00, 0x00, 0x00, 0x00,
  0x00, 0x00, 0x00, 0x00, 0x00, 0x00, 0x00, 0x00, 0x00, 0x00, 0x00, 0x00, 0x00, 0x00, 0x00, 0x00,
  0x00, 0x00, 0x00, 0x00, 0x00, 0x00, 0x00, 0x00, 0x00, 0x00, 0x00, 0x00, 0x00, 0x00, 0x00, 0x00,
  0x00, 0x00, 0x00, 0x00, 0x00, 0x00, 0x00, 0x00, 0xFF, 0xFF, 0x6A, 0xFF, 0xFF, 0xF3, 0xFF, 0xFF,
  0xEB, 0xFF, 0xFF, 0xEF, 0xFF, 0xFF, 0xEF, 0xFF, 0xFF, 0xEC, 0xFF, 0xFF, 0xF2, 0xFF, 0xFF, 0x85,
  0x00, 0x00, 0x00, 0xFF, 0xFF, 0x02, 0x00, 0x00, 0x00, 0x00, 0x00, 0x00, 0x00, 0x00, 0x00, 0x00,
  0x00, 0x00, 0x00, 0x00, 0x00, 0x00, 0x00, 0x00, 0x00, 0x00, 0x00, 0x00, 0x00, 0x00, 0x00, 0x00,
  0x00, 0xFF, 0xFF, 0x02, 0x00, 0x00, 0x00, 0xFF, 0xFF, 0x32, 0xFF, 0xFF, 0xE3, 0xFF, 0xFF, 0xEF,
  0xFF, 0xFF, 0xEE, 0xFF, 0xFF, 0xEF, 0xFF, 0xFF, 0xED, 0xFF, 0xFF, 0xF0, 0xFF, 0xFF, 0xB9, 0xFF,
  0xFF, 0x11, 0x00, 0x00, 0x00, 0xFF, 0xFF, 0x02, 0xFF, 0xFF, 0x01, 0x00, 0x00, 0x00, 0xFF, 0xFF,
  0x8B, 0xFF, 0xFF, 0xFF, 0xFF, 0xFF, 0xFB, 0xFF, 0xFF, 0xFF, 0xFF, 0xFF, 0xFE, 0xFF, 0xFF, 0xFB,
  0xFF, 0xFF, 0xFF, 0xFF, 0xFF, 0x9E, 0x00, 0x00, 0x00, 0xFF, 0xFF, 0x01, 0x00, 0x00, 0x00, 0x00,
  0x00, 0x00, 0x00, 0x00, 0x00, 0x00, 0x00, 0x00, 0x00, 0x00, 0x00, 0x00, 0x00, 0x00, 0x00, 0x00,
  0x00, 0x00, 0x00, 0x00, 0x00, 0x00, 0x00, 0x00, 0x00, 0x00, 0x00, 0x00, 0x00, 0x00, 0x00, 0x00,
  0x00, 0x00, 0x00, 0x00, 0x00, 0x00, 0x00, 0x00, 0x00, 0x00, 0x00, 0x00, 0x00, 0x00, 0x00, 0x00,
  0x00, 0x00, 0x00, 0x00, 0x00, 0x00, 0x00, 0x00, 0x00, 0x00, 0x00, 0x00, 0x00, 0x00, 0x00, 0x00,
  0x00, 0x00, 0x00, 0x00, 0x00, 0x00, 0x00, 0x00, 0x00, 0x00, 0x00, 0x00, 0x00, 0x00, 0x00, 0x00,
  0x00, 0x00, 0x00, 0xFF, 0xFF, 0x02, 0x00, 0x00, 0x00, 0xFF, 0xFF, 0x24, 0xFF, 0xFF, 0xDF, 0xFF,
  0xFF, 0xEF, 0xFF, 0xFF, 0xED, 0xFF, 0xFF, 0xEF, 0xFF, 0xFF, 0xEC, 0xFF, 0xFF, 0xF1, 0xFF, 0xFF,
  0x92, 0x00, 0x00, 0x00, 0xFF, 0xFF, 0x01, 0x00, 0x00, 0x00, 0x00, 0x00, 0x00, 0x00, 0x00, 0x00,
  0x00, 0x00, 0x00, 0x00, 0x00, 0x00, 0x00, 0x00, 0x00, 0x00, 0x00, 0x00, 0x00, 0x00, 0x00, 0x00,
  0x00, 0x00, 0x00, 0x00, 0x00, 0x00, 0x00, 0x00, 0x00, 0x00, 0x00, 0x00, 0x00, 0x00, 0x00, 0x00,
  0x00, 0x00, 0x00, 0x00, 0xFF, 0xFF, 0x73, 0xFF, 0xFF, 0xFF, 0xFF, 0xFF, 0xFF, 0xFF, 0xFF, 0xFF,
  0xFF, 0xFF, 0xFF, 0xFF, 0xFF, 0xFF, 0xFF, 0xFF, 0xFF, 0xFF, 0xFF, 0x92, 0x00, 0x00, 0x00, 0xFF,
  0xFF, 0x02, 0x00, 0x00, 0x00, 0x00, 0x00, 0x00, 0x00, 0x00, 0x00, 0x00, 0x00, 0x00, 0x00, 0x00,
  0x00, 0x00, 0x00, 0x00, 0x00, 0x00, 0x00, 0x00, 0x00, 0x00, 0x00, 0x00, 0x00, 0xFF, 0xFF, 0x02,
  0x00, 0x00, 0x00, 0xFF, 0xFF, 0x36, 0xFF, 0xFF, 0xF5, 0xFF, 0xFF, 0xFF, 0xFF, 0xFF, 0xFF, 0xFF,
  0xFF, 0xFF, 0xFF, 0xFF, 0xFF, 0xFF, 0xFF, 0xFF, 0xFF, 0xFF, 0xC9, 0xFF, 0xFF, 0x12, 0x00, 0x00,
  0x00, 0xFF, 0xFF, 0x02, 0xFF, 0xFF, 0x01, 0x00, 0x00, 0x00, 0xFF, 0xFF, 0xB2, 0xFF, 0xFF, 0xFC,
  0xFF, 0xFF, 0xFC, 0xFF, 0xFF, 0xFF, 0xFF, 0xFF, 0xFF, 0xFF, 0xFF, 0xFC, 0xFF, 0xFF, 0xFC, 0xFF,
  0xFF, 0xB8, 0xFF, 0xFF, 0x01, 0x00, 0x00, 0x00, 0x00, 0x00, 0x00, 0x00, 0x00, 0x00, 0x00, 0x00,
  0x00, 0x00, 0x00, 0x00, 0x00, 0x00, 0x00, 0x00, 0x00, 0x00, 0x00, 0x00, 0x00, 0x00, 0x00, 0x00,
  0x00, 0x00, 0x00, 0x00, 0x00, 0x00, 0x00, 0x00, 0x00, 0x00, 0x00, 0x00, 0x00, 0x00, 0x00, 0x00,
  0x00, 0x00, 0x00, 0x00, 0x00, 0x00, 0x00, 0x00, 0x00, 0x00, 0x00, 0x00, 0x00, 0x00, 0x00, 0x00,
  0x00, 0x00, 0x00, 0x00, 0x00, 0x00, 0x00, 0x00, 0x00, 0x00, 0x00, 0x00, 0x00, 0x00, 0x00, 0x00,
  0x00, 0x00, 0x00, 0x00, 0x00, 0x00, 0x00, 0x00, 0x00, 0x00, 0x00, 0x00, 0x00, 0x00, 0x00, 0xFF,
  0xFF, 0x02, 0x00, 0x00, 0x00, 0xFF, 0xFF, 0x28, 0xFF, 0xFF, 0xF1, 0xFF, 0xFF, 0xFF, 0xFF, 0xFF,
  0xFF, 0xFF, 0xFF, 0xFF, 0xFF, 0xFF, 0xFF, 0xFF, 0xFF, 0xFF, 0xFF, 0xFF, 0x9E, 0x00, 0x00, 0x00,
  0xFF, 0xFF, 0x01, 0x00, 0x00, 0x00, 0x00, 0x00, 0x00, 0x00, 0x00, 0x00, 0x00, 0x00, 0x00, 0x00,
  0x00, 0x00, 0x00, 0x00, 0x00, 0x00, 0x00, 0x00, 0x00, 0x00, 0x00, 0x00, 0x00, 0x00, 0x00, 0x00,
  0x00, 0x00, 0x00, 0x00, 0x00, 0x00, 0x00, 0x00, 0x00, 0x00, 0x00, 0x00, 0x00, 0x00, 0x00, 0x00,
  0xFF, 0xFF, 0x70, 0xFF, 0xFF, 0xFE, 0xFF, 0xFF, 0xFA, 0xFF, 0xFF, 0xFE, 0xFF, 0xFF, 0xFE, 0xFF,
  0xFF, 0xFB, 0xFF, 0xFF, 0xFE, 0xFF, 0xFF, 0x8F, 0x00, 0x00, 0x00, 0xFF, 0xFF, 0x02, 0x00, 0x00,
  0x00, 0x00, 0x00, 0x00, 0x00, 0x00, 0x00, 0x00, 0x00, 0x00, 0x00, 0x00, 0x00, 0x00, 0x00, 0x00,
  0x00, 0x00, 0x00, 0x00, 0x00, 0x00, 0x00, 0x00, 0x00, 0xFF, 0xFF, 0x02, 0x00, 0x00, 0x00, 0xFF,
  0xFF, 0x35, 0xFF, 0xFF, 0xF1, 0xFF, 0xFF, 0xFE, 0xFF, 0xFF, 0xFD, 0xFF, 0xFF, 0xFE, 0xFF, 0xFF,
  0xFC, 0xFF, 0xFF, 0xFE, 0xFF, 0xFF, 0xC5, 0xFF, 0xFF, 0x12, 0x00, 0x00, 0x00, 0xFF, 0xFF, 0x02,
  0xFF, 0xFF, 0x01, 0x00, 0x00, 0x00, 0xFF, 0xFF, 0x8D, 0xFF, 0xFF, 0xFF, 0xFF, 0xFF, 0xFB, 0xFF,
  0xFF, 0xFE, 0xFF, 0xFF, 0xFD, 0xFF, 0xFF, 0xFB, 0xFF, 0xFF, 0xFF, 0xFF, 0xFF, 0x97, 0x00, 0x00,
  0x00, 0xFF, 0xFF, 0x01, 0x00, 0x00, 0x00, 0x00, 0x00, 0x00, 0x00, 0x00, 0x00, 0x00, 0x00, 0x00,
  0x00, 0x00, 0x00, 0x00, 0x00, 0x00, 0x00, 0x00, 0x00, 0x00, 0x00, 0x00, 0x00, 0x00, 0x00, 0x00,
  0x00, 0x00, 0x00, 0x00, 0x00, 0x00, 0x00, 0x00, 0x00, 0x00, 0x00, 0x00, 0x00, 0x00, 0x00, 0x00,
  0x00, 0x00, 0x00, 0x00, 0x00, 0x00, 0x00, 0x00, 0x00, 0x00, 0x00, 0x00, 0x00, 0x00, 0x00, 0x00,
  0x00, 0x00, 0x00, 0x00, 0x00, 0x00, 0x00, 0x00, 0x00, 0x00, 0x00, 0x00, 0x00, 0x00, 0x00, 0x00,
  0x00, 0x00, 0x00, 0x00, 0x00, 0x00, 0x00, 0x00, 0x00, 0x00, 0x00, 0xFF, 0xFF, 0x02, 0x00, 0x00,
  0x00, 0xFF, 0xFF, 0x27, 0xFF, 0xFF, 0xED, 0xFF, 0xFF, 0xFE, 0xFF, 0xFF, 0xFD, 0xFF, 0xFF, 0xFE,
  0xFF, 0xFF, 0xFB, 0xFF, 0xFF, 0xFE, 0xFF, 0xFF, 0x9B, 0x00, 0x00, 0x00, 0xFF, 0xFF, 0x01, 0x00,
  0x00, 0x00, 0x00, 0x00, 0x00, 0x00, 0x00, 0x00, 0x00, 0x00, 0x00, 0x00, 0x00, 0x00, 0x00, 0x00,
  0x00, 0x00, 0x00, 0x00, 0x00, 0x00, 0x00, 0x00, 0x00, 0x00, 0x00, 0x00, 0x00, 0x00, 0x00, 0x00,
  0x00, 0x00, 0x00, 0x00, 0x00, 0x00, 0x00, 0x00, 0x00, 0x00, 0x00, 0x00, 0xFF, 0xFF, 0x71, 0xFF,
  0xFF, 0xFF, 0xFF, 0xFF, 0xFB, 0xFF, 0xFF, 0xFF, 0xFF, 0xFF, 0xFF, 0xFF, 0xFF, 0xFC, 0xFF, 0xFF,
  0xFF, 0xFF, 0xFF, 0x90, 0x00, 0x00, 0x00, 0xFF, 0xFF, 0x02, 0x00, 0x00, 0x00, 0x00, 0x00, 0x00,
  0x00, 0x00, 0x00, 0x00, 0x00, 0x00, 0x00, 0x00, 0x00, 0x00, 0x00, 0x00, 0x00, 0x00, 0x00, 0x00,
  0x00, 0x00, 0x00, 0x00, 0x00, 0xFF, 0xFF, 0x02, 0x00, 0x00, 0x00, 0xFF, 0xFF, 0x35, 0xFF, 0xFF,
  0xF2, 0xFF, 0xFF, 0xFF, 0xFF, 0xFF, 0xFE, 0xFF, 0xFF, 0xFF, 0xFF, 0xFF, 0xFD, 0xFF, 0xFF, 0xFF,
  0xFF, 0xFF, 0xC6, 0xFF, 0xFF, 0x12, 0x00, 0x00, 0x00, 0xFF, 0xFF, 0x01, 0xFF, 0xFF, 0x01, 0x00,
  0x00, 0x00, 0xFF, 0xFF, 0x29, 0xFF, 0xFF, 0xD8, 0xFF, 0xFF, 0xFF, 0xFF, 0xFF, 0xFF, 0xFF, 0xFF,
  0xFF, 0xFF, 0xFF, 0xFF, 0xFF, 0xFF, 0xDA, 0xFF, 0xFF, 0x32, 0x00, 0x00, 0x00, 0xFF, 0xFF, 0x01,
  0x00, 0x00, 0x00, 0x00, 0x00, 0x00, 0x00, 0x00, 0x00, 0x00, 0x00, 0x00, 0x00, 0x00, 0x00, 0x00,
  0x00, 0x00, 0x00, 0x00, 0x00, 0x00, 0x00, 0x00, 0x00, 0x00, 0x00, 0x00, 0x00, 0x00, 0x00, 0x00,
  0x00, 0x00, 0x00, 0x00, 0x00, 0x00, 0x00, 0x00, 0x00, 0x00, 0x00, 0x00, 0x00, 0x00, 0x00, 0x00,
  0x00, 0x00, 0x00, 0x00, 0x00, 0x00, 0x00, 0x00, 0x00, 0x00, 0x00, 0x00, 0x00, 0x00, 0x00, 0x00,
  0x00, 0x00, 0x00, 0x00, 0x00, 0x00, 0x00, 0x00, 0x00, 0x00, 0x00, 0x00, 0x00, 0x00, 0x00, 0x00,
  0x00, 0x00, 0x00, 0x00, 0x00, 0x00, 0x00, 0xFF, 0xFF, 0x02, 0x00, 0x00, 0x00, 0xFF, 0xFF, 0x27,
  0xFF, 0xFF, 0xEE, 0xFF, 0xFF, 0xFF, 0xFF, 0xFF, 0xFE, 0xFF, 0xFF, 0xFF, 0xFF, 0xFF, 0xFC, 0xFF,
  0xFF, 0xFF, 0xFF, 0xFF, 0x9C, 0x00, 0x00, 0x00, 0xFF, 0xFF, 0x01, 0x00, 0x00, 0x00, 0x00, 0x00,
  0x00, 0x00, 0x00, 0x00, 0x00, 0x00, 0x00, 0x00, 0x00, 0x00, 0x00, 0x00, 0x00, 0x00, 0x00, 0x00,
  0x00, 0x00, 0x00, 0x00, 0x00, 0x00, 0x00, 0x00, 0x00, 0x00, 0x00, 0x00, 0x00, 0x00, 0x00, 0x00,
  0x00, 0x00, 0x00, 0x00, 0x00, 0x00, 0x00, 0x00, 0xFF, 0xFF, 0x71, 0xFF, 0xFF, 0xFF, 0xFF, 0xFF,
  0xFB, 0xFF, 0xFF, 0xFF, 0xFF, 0xFF, 0xFF, 0xFF, 0xFF, 0xFC, 0xFF, 0xFF, 0xFF, 0xFF, 0xFF, 0x90,
  0x00, 0x00, 0x00, 0xFF, 0xFF, 0x02, 0x00, 0x00, 0x00, 0x00, 0x00, 0x00, 0x00, 0x00, 0x00, 0x00,
  0x00, 0x00, 0x00, 0x00, 0x00, 0x00, 0x00, 0x00, 0x00, 0x00, 0x00, 0x00, 0x00, 0x00, 0x00, 0x00,
  0x00, 0xFF, 0xFF, 0x02, 0x00, 0x00, 0x00, 0xFF, 0xFF, 0x35, 0xFF, 0xFF, 0xF2, 0xFF, 0xFF, 0xFF,
  0xFF, 0xFF, 0xFE, 0xFF, 0xFF, 0xFF, 0xFF, 0xFF, 0xFD, 0xFF, 0xFF, 0xFF, 0xFF, 0xFF, 0xC6, 0xFF,
  0xFF, 0x12, 0x00, 0x00, 0x00, 0xFF, 0xFF, 0x01, 0x00, 0x00, 0x00, 0xFF, 0xFF, 0x01, 0x00, 0x00,
  0x00, 0xFF, 0xFF, 0x31, 0xFF, 0xFF, 0xA9, 0xFF, 0xFF, 0xDA, 0xFF, 0xFF, 0xDC, 0xFF, 0xFF, 0xA4,
  0xFF, 0xFF, 0x2B, 0x00, 0x00, 0x00, 0xFF, 0xFF, 0x01, 0x00, 0x00, 0x00, 0x00, 0x00, 0x00, 0x00,
  0x00, 0x00, 0x00, 0x00, 0x00, 0x00, 0x00, 0x00, 0x00, 0x00, 0x00, 0x00, 0x00, 0x00, 0x00, 0x00,
  0x00, 0x00, 0x00, 0x00, 0x00, 0x00, 0x00, 0x00, 0x00, 0x00, 0x00, 0x00, 0x00, 0x00, 0x00, 0x00,
  0x00, 0x00, 0x00, 0x00, 0x00, 0x00, 0x00, 0x00, 0x00, 0x00, 0x00, 0x00, 0x00, 0x00, 0x00, 0x00,
  0x00, 0x00, 0x00, 0x00, 0x00, 0x00, 0x00, 0x00, 0x00, 0x00, 0x00, 0x00, 0x00, 0x00, 0x00, 0x00,
  0x00, 0x00, 0x00, 0x00, 0x00, 0x00, 0x00, 0x00, 0x00, 0x00, 0x00, 0x00, 0x00, 0x00, 0x00, 0x00,
  0x00, 0x00, 0x00, 0xFF, 0xFF, 0x02, 0x00, 0x00, 0x00, 0xFF, 0xFF, 0x27, 0xFF, 0xFF, 0xEE, 0xFF,
  0xFF, 0xFF, 0xFF, 0xFF, 0xFE, 0xFF, 0xFF, 0xFF, 0xFF, 0xFF, 0xFC, 0xFF, 0xFF, 0xFF, 0xFF, 0xFF,
  0x9C, 0x00, 0x00, 0x00, 0xFF, 0xFF, 0x01, 0x00, 0x00, 0x00, 0x00, 0x00, 0x00, 0x00, 0x00, 0x00,
  0x00, 0x00, 0x00, 0x00, 0x00, 0x00, 0x00, 0x00, 0x00, 0x00, 0x00, 0x00, 0x00, 0x00, 0x00, 0x00,
  0x00, 0x00, 0x00, 0x00, 0x00, 0x00, 0x00, 0x00, 0x00, 0x00, 0x00, 0x00, 0x00, 0x00, 0x00, 0x00,
  0x00, 0x00, 0x00, 0x00, 0xFF, 0xFF, 0x71, 0xFF, 0xFF, 0xFF, 0xFF, 0xFF, 0xFB, 0xFF, 0xFF, 0xFF,
  0xFF, 0xFF, 0xFF, 0xFF, 0xFF, 0xFC, 0xFF, 0xFF, 0xFF, 0xFF, 0xFF, 0x90, 0x00, 0x00, 0x00, 0xFF,
  0xFF, 0x02, 0x00, 0x00, 0x00, 0x00, 0x00, 0x00, 0x00, 0x00, 0x00, 0x00, 0x00, 0x00, 0x00, 0x00,
  0x00, 0x00, 0x00, 0x00, 0x00, 0x00, 0x00, 0x00, 0x00, 0x00, 0x00, 0x00, 0x00, 0xFF, 0xFF, 0x02,
  0x00, 0x00, 0x00, 0xFF, 0xFF, 0x35, 0xFF, 0xFF, 0xF2, 0xFF, 0xFF, 0xFF, 0xFF, 0xFF, 0xFE, 0xFF,
  0xFF, 0xFF, 0xFF, 0xFF, 0xFD, 0xFF, 0xFF, 0xFF, 0xFF, 0xFF, 0xC6, 0xFF, 0xFF, 0x12, 0x00, 0x00,
  0x00, 0xFF, 0xFF, 0x01, 0x00, 0x00, 0x00, 0x00, 0x00, 0x00, 0xFF, 0xFF, 0x02, 0x00, 0x00, 0x00,
  0x00, 0x00, 0x00, 0xFF, 0xFF, 0x13, 0xFF, 0xFF, 0x13, 0x00, 0x00, 0x00, 0x00, 0x00, 0x00, 0xFF,
  0xFF, 0x02, 0x00, 0x00, 0x00, 0x00, 0x00, 0x00, 0x00, 0x00, 0x00, 0x00, 0x00, 0x00, 0x00, 0x00,
  0x00, 0x00, 0x00, 0x00, 0x00, 0x00, 0x00, 0x00, 0x00, 0x00, 0x00, 0x00, 0x00, 0x00, 0x00, 0x00,
  0x00, 0x00, 0x00, 0xFF, 0xFF, 0x01, 0xFF, 0xFF, 0x01, 0xFF, 0xFF, 0x02, 0xFF, 0xFF, 0x02, 0xFF,
  0xFF, 0x02, 0xFF, 0xFF, 0x01, 0x00, 0x00, 0x00, 0x00, 0x00, 0x00, 0x00, 0x00, 0x00, 0x00, 0x00,
  0x00, 0x00, 0x00, 0x00, 0xFF, 0xFF, 0x01, 0xFF, 0xFF, 0x01, 0xFF, 0xFF, 0x01, 0xFF, 0xFF, 0x01,
  0xFF, 0xFF, 0x01, 0xFF, 0xFF, 0x01, 0x00, 0x00, 0x00, 0x00, 0x00, 0x00, 0x00, 0x00, 0x00, 0xFF,
  0xFF, 0x02, 0x00, 0x00, 0x00, 0xFF, 0xFF, 0x27, 0xFF, 0xFF, 0xEE, 0xFF, 0xFF, 0xFF, 0xFF, 0xFF,
  0xFE, 0xFF, 0xFF, 0xFF, 0xFF, 0xFF, 0xFC, 0xFF, 0xFF, 0xFF, 0xFF, 0xFF, 0x9C, 0x00, 0x00, 0x00,
  0xFF, 0xFF, 0x01, 0x00, 0x00, 0x00, 0x00, 0x00, 0x00, 0xFF, 0xFF, 0x01, 0xFF, 0xFF, 0x01, 0xFF,
  0xFF, 0x02, 0xFF, 0xFF, 0x02, 0xFF, 0xFF, 0x02, 0xFF, 0xFF, 0x01, 0xFF, 0xFF, 0x01, 0x00, 0x00,
  0x00, 0x00, 0x00, 0x00, 0x00, 0x00, 0x00, 0x00, 0x00, 0x00, 0x00, 0x00, 0x00, 0x00, 0x00, 0x00,
  0xFF, 0xFF, 0x71, 0xFF, 0xFF, 0xFF, 0xFF, 0xFF, 0xFB, 0xFF, 0xFF, 0xFF, 0xFF, 0xFF, 0xFF, 0xFF,
  0xFF, 0xFC, 0xFF, 0xFF, 0xFF, 0xFF, 0xFF, 0x90, 0x00, 0x00, 0x00, 0xFF, 0xFF, 0x02, 0x00, 0x00,
  0x00, 0x00, 0x00, 0x00, 0x00, 0x00, 0x00, 0x00, 0x00, 0x00, 0x00, 0x00, 0x00, 0x00, 0x00, 0x00,
  0x00, 0x00, 0x00, 0x00, 0x00, 0x00, 0x00, 0x00, 0x00, 0xFF, 0xFF, 0x02, 0x00, 0x00, 0x00, 0xFF,
  0xFF, 0x35, 0xFF, 0xFF, 0xF2, 0xFF, 0xFF, 0xFF, 0xFF, 0xFF, 0xFE, 0xFF, 0xFF, 0xFF, 0xFF, 0xFF,
  0xFD, 0xFF, 0xFF, 0xFF, 0xFF, 0xFF, 0xC6, 0xFF, 0xFF, 0x12, 0x00, 0x00, 0x00, 0xFF, 0xFF, 0x01,
  0x00, 0x00, 0x00, 0x00, 0x00, 0x00, 0x00, 0x00, 0x00, 0xFF, 0xFF, 0x01, 0xFF, 0xFF, 0x01, 0x00,
  0x00, 0x00, 0x00, 0x00, 0x00, 0xFF, 0xFF, 0x01, 0xFF, 0xFF, 0x01, 0x00, 0x00, 0x00, 0x00, 0x00,
  0x00, 0x00, 0x00, 0x00, 0x00, 0x00, 0x00, 0x00, 0x00, 0x00, 0x00, 0x00, 0x00, 0x00, 0x00, 0x00,
  0x00, 0x00, 0x00, 0x00, 0x00, 0x00, 0x00, 0x00, 0x00, 0xFF, 0xFF, 0x01, 0xFF, 0xFF, 0x02, 0x00,
  0x00, 0x00, 0x00, 0x00, 0x00, 0x00, 0x00, 0x00, 0x00, 0x00, 0x00, 0x00, 0x00, 0x00, 0x00, 0x00,
  0x00, 0xFF, 0xFF, 0x02, 0xFF, 0xFF, 0x01, 0x00, 0x00, 0x00, 0x00, 0x00, 0x00, 0x00, 0x00, 0x00,
  0x00, 0x00, 0x00, 0x00, 0x00, 0x00, 0x00, 0x00, 0x00, 0x00, 0x00, 0x00, 0x00, 0x00, 0x00, 0x00,
  0x00, 0x00, 0x00, 0x00, 0x00, 0x00, 0x00, 0x00, 0x00, 0x00, 0x00, 0xFF, 0xFF, 0x02, 0x00, 0x00,
  0x00, 0xFF, 0xFF, 0x27, 0xFF, 0xFF, 0xEE, 0xFF, 0xFF, 0xFF, 0xFF, 0xFF, 0xFE, 0xFF, 0xFF, 0xFF,
  0xFF, 0xFF, 0xFC, 0xFF, 0xFF, 0xFF, 0xFF, 0xFF, 0x9C, 0x00, 0x00, 0x00, 0xFF, 0xFF, 0x01, 0xFF,
  0xFF, 0x01, 0xFF, 0xFF, 0x02, 0x00, 0x00, 0x00, 0x00, 0x00, 0x00, 0x00, 0x00, 0x00, 0x00, 0x00,
  0x00, 0x00, 0x00, 0x00, 0x00, 0x00, 0x00, 0xFF, 0xFF, 0x01, 0xFF, 0xFF, 0x02, 0x00, 0x00, 0x00,
  0x00, 0x00, 0x00, 0x00, 0x00, 0x00, 0x00, 0x00, 0x00, 0x00, 0x00, 0x00, 0xFF, 0xFF, 0x71, 0xFF,
  0xFF, 0xFF, 0xFF, 0xFF, 0xFB, 0xFF, 0xFF, 0xFF, 0xFF, 0xFF, 0xFF, 0xFF, 0xFF, 0xFC, 0xFF, 0xFF,
  0xFF, 0xFF, 0xFF, 0x90, 0x00, 0x00, 0x00, 0xFF, 0xFF, 0x02, 0x00, 0x00, 0x00, 0x00, 0x00, 0x00,
  0x00, 0x00, 0x00, 0x00, 0x00, 0x00, 0x00, 0x00, 0x00, 0x00, 0x00, 0x00, 0x00, 0x00, 0x00, 0x00,
  0x00, 0x00, 0x00, 0x00, 0x00, 0xFF, 0xFF, 0x02, 0x00, 0x00, 0x00, 0xFF, 0xFF, 0x35, 0xFF, 0xFF,
  0xF2, 0xFF, 0xFF, 0xFF, 0xFF, 0xFF, 0xFE, 0xFF, 0xFF, 0xFF, 0xFF, 0xFF, 0xFD, 0xFF, 0xFF, 0xFF,
  0xFF, 0xFF, 0xC6, 0xFF, 0xFF, 0x12, 0x00, 0x00, 0x00, 0xFF, 0xFF, 0x01, 0x00, 0x00, 0x00, 0x00,
  0x00, 0x00, 0xFF, 0xFF, 0x02, 0xFF, 0xFF, 0x06, 0xFF, 0xFF, 0x06, 0xFF, 0xFF, 0x07, 0xFF, 0xFF,
  0x07, 0xFF, 0xFF, 0x06, 0xFF, 0xFF, 0x06, 0xFF, 0xFF, 0x02, 0x00, 0x00, 0x00, 0x00, 0x00, 0x00,
  0x00, 0x00, 0x00, 0x00, 0x00, 0x00, 0x00, 0x00, 0x00, 0x00, 0x00, 0x00, 0x00, 0x00, 0x00, 0x00,
  0x00, 0x00, 0xFF, 0xFF, 0x01, 0x00, 0x00, 0x00, 0x00, 0x00, 0x00, 0xFF, 0xFF, 0x03, 0xFF, 0xFF,
  0x1F, 0xFF, 0xFF, 0x32, 0xFF, 0xFF, 0x35, 0xFF, 0xFF, 0x29, 0xFF, 0xFF, 0x0E, 0x00, 0x00, 0x00,
  0x00, 0x00, 0x00, 0xFF, 0xFF, 0x02, 0x00, 0x00, 0x00, 0xFF, 0xFF, 0x04, 0xFF, 0xFF, 0x06, 0xFF,
  0xFF, 0x06, 0xFF, 0xFF, 0x06, 0xFF, 0xFF, 0x06, 0xFF, 0xFF, 0x05, 0xFF, 0xFF, 0x06, 0xFF, 0xFF,
  0x01, 0x00, 0x00, 0x00, 0x00, 0x00, 0x00, 0xFF, 0xFF, 0x02, 0x00, 0x00, 0x00, 0xFF, 0xFF, 0x27,
  0xFF, 0xFF, 0xEE, 0xFF, 0xFF, 0xFF, 0xFF, 0xFF, 0xFE, 0xFF, 0xFF, 0xFF, 0xFF, 0xFF, 0xFC, 0xFF,
  0xFF, 0xFF, 0xFF, 0xFF, 0x9C, 0x00, 0x00, 0x00, 0xFF, 0xFF, 0x02, 0x00, 0x00, 0x00, 0x00, 0x00,
  0x00, 0x00, 0x00, 0x00, 0xFF, 0xFF, 0x1E, 0xFF, 0xFF, 0x31, 0xFF, 0xFF, 0x38, 0xFF, 0xFF, 0x2E,
  0xFF, 0xFF, 0x18, 0x00, 0x00, 0x00, 0x00, 0x00, 0x00, 0x00, 0x00, 0x00, 0xFF, 0xFF, 0x01, 0x00,
  0x00, 0x00, 0x00, 0x00, 0x00, 0x00, 0x00, 0x00, 0xFF, 0xFF, 0x71, 0xFF, 0xFF, 0xFF, 0xFF, 0xFF,
  0xFB, 0xFF, 0xFF, 0xFF, 0xFF, 0xFF, 0xFF, 0xFF, 0xFF, 0xFC, 0xFF, 0xFF, 0xFF, 0xFF, 0xFF, 0x90,
  0x00, 0x00, 0x00, 0xFF, 0xFF, 0x02, 0x00, 0x00, 0x00, 0x00, 0x00, 0x00, 0x00, 0x00, 0x00, 0x00,
  0x00, 0x00, 0x00, 0x00, 0x00, 0x00, 0x00, 0x00, 0x00, 0x00, 0x00, 0x00, 0x00, 0x00, 0x00, 0x00,
  0x00, 0xFF, 0xFF, 0x02, 0x00, 0x00, 0x00, 0xFF, 0xFF, 0x35, 0xFF, 0xFF, 0xF2, 0xFF, 0xFF, 0xFF,
  0xFF, 0xFF, 0xFE, 0xFF, 0xFF, 0xFF, 0xFF, 0xFF, 0xFD, 0xFF, 0xFF, 0xFF, 0xFF, 0xFF, 0xC6, 0xFF,
  0xFF, 0x12, 0x00, 0x00, 0x00, 0xFF, 0xFF, 0x02, 0xFF, 0xFF, 0x01, 0x00, 0x00, 0x00, 0xFF, 0xFF,
  0x55, 0xFF, 0xFF, 0xC2, 0xFF, 0xFF, 0xC1, 0xFF, 0xFF, 0xC1, 0xFF, 0xFF, 0xC0, 0xFF, 0xFF, 0xC1,
  0xFF, 0xFF, 0xC2, 0xFF, 0xFF, 0x57, 0x00, 0x00, 0x00, 0xFF, 0xFF, 0x02, 0x00, 0x00, 0x00, 0x00,
  0x00, 0x00, 0x00, 0x00, 0x00, 0x00, 0x00, 0x00, 0xFF, 0xFF, 0x01, 0xFF, 0xFF, 0x01, 0x00, 0x00,
  0x00, 0xFF, 0xFF, 0x18, 0xFF, 0xFF, 0x6E, 0xFF, 0xFF, 0xB8, 0xFF, 0xFF, 0xDA, 0xFF, 0xFF, 0xEC,
  0xFF, 0xFF, 0xF0, 0xFF, 0xFF, 0xE3, 0xFF, 0xFF, 0xC9, 0xFF, 0xFF, 0x7D, 0xFF, 0xFF, 0x19, 0x00,
  0x00, 0x00, 0xFF, 0xFF, 0x01, 0xFF, 0xFF, 0x59, 0xFF, 0xFF, 0xC2, 0xFF, 0xFF, 0xC0, 0xFF, 0xFF,
  0xC1, 0xFF, 0xFF, 0xC1, 0xFF, 0xFF, 0xBF, 0xFF, 0xFF, 0xC2, 0xFF, 0xFF, 0x50, 0x00, 0x00, 0x00,
  0xFF, 0xFF, 0x02, 0xFF, 0xFF, 0x02, 0x00, 0x00, 0x00, 0xFF, 0xFF, 0x27, 0xFF, 0xFF, 0xEE, 0xFF,
  0xFF, 0xFF, 0xFF, 0xFF, 0xFE, 0xFF, 0xFF, 0xFF, 0xFF, 0xFF, 0xFC, 0xFF, 0xFF, 0xFF, 0xFF, 0xFF,
  0x9C, 0xFF, 0xFF, 0x01, 0x00, 0x00, 0x00, 0xFF, 0xFF, 0x08, 0xFF, 0xFF, 0x5C, 0xFF, 0xFF, 0xAF,
  0xFF, 0xFF, 0xD9, 0xFF, 0xFF, 0xEB, 0xFF, 0xFF, 0xF3, 0xFF, 0xFF, 0xE8, 0xFF, 0xFF, 0xD3, 0xFF,
  0xFF, 0xA5, 0xFF, 0xFF, 0x4F, 0x00, 0x00, 0x00, 0x00, 0x00, 0x00, 0xFF, 0xFF, 0x02, 0x00, 0x00,
  0x00, 0x00, 0x00, 0x00, 0xFF, 0xFF, 0x71, 0xFF, 0xFF, 0xFF, 0xFF, 0xFF, 0xFB, 0xFF, 0xFF, 0xFF,
  0xFF, 0xFF, 0xFF, 0xFF, 0xFF, 0xFC, 0xFF, 0xFF, 0xFF, 0xFF, 0xFF, 0x90, 0x00, 0x00, 0x00, 0xFF,
  0xFF, 0x02, 0x00, 0x00, 0x00, 0x00, 0x00, 0x00, 0x00, 0x00, 0x00, 0x00, 0x00, 0x00, 0x00, 0x00,
  0x00, 0x00, 0x00, 0x00, 0x00, 0x00, 0x00, 0x00, 0x00, 0x00, 0x00, 0x00, 0x00, 0xFF, 0xFF, 0x02,
  0x00, 0x00, 0x00, 0xFF, 0xFF, 0x35, 0xFF, 0xFF, 0xF2, 0xFF, 0xFF, 0xFF, 0xFF, 0xFF, 0xFE, 0xFF,
  0xFF, 0xFF, 0xFF, 0xFF, 0xFD, 0xFF, 0xFF, 0xFF, 0xFF, 0xFF, 0xC6, 0xFF, 0xFF, 0x12, 0x00, 0x00,
  0x00, 0xFF, 0xFF, 0x02, 0xFF, 0xFF, 0x01, 0x00, 0x00, 0x00, 0xFF, 0xFF, 0x75, 0xFF, 0xFF, 0xFF,
  0xFF, 0xFF, 0xFF, 0xFF, 0xFF, 0xFF, 0xFF, 0xFF, 0xFF, 0xFF, 0xFF, 0xFF, 0xFF, 0xFF, 0xFF, 0xFF,
  0xFF, 0x79, 0x00, 0x00, 0x00, 0xFF, 0xFF, 0x02, 0x00, 0x00, 0x00, 0x00, 0x00, 0x00, 0x00, 0x00,
  0x00, 0xFF, 0xFF, 0x01, 0x00, 0x00, 0x00, 0x00, 0x00, 0x00, 0xFF, 0xFF, 0x56, 0xFF, 0xFF, 0xD0,
  0xFF, 0xFF, 0xFF, 0xFF, 0xFF, 0xFF, 0xFF, 0xFF, 0xFF, 0xFF, 0xFF, 0xFF, 0xFF, 0xFF, 0xFF, 0xFF,
  0xFF, 0xFF, 0xFF, 0xFF, 0xFF, 0xFF, 0xFF, 0xFF, 0xFF, 0xFF, 0xD0, 0xFF, 0xFF, 0x44, 0x00, 0x00,
  0x00, 0xFF, 0xFF, 0x7B, 0xFF, 0xFF, 0xFF, 0xFF, 0xFF, 0xFF, 0xFF, 0xFF, 0xFF, 0xFF, 0xFF, 0xFF,
  0xFF, 0xFF, 0xFF, 0xFF, 0xFF, 0xFF, 0xFF, 0xFF, 0x71, 0x00, 0x00, 0x00, 0xFF, 0xFF, 0x02, 0xFF,
  0xFF, 0x02, 0x00, 0x00, 0x00, 0xFF, 0xFF, 0x27, 0xFF, 0xFF, 0xEE, 0xFF, 0xFF, 0xFF, 0xFF, 0xFF,
  0xFE, 0xFF, 0xFF, 0xFF, 0xFF, 0xFF, 0xFC, 0xFF, 0xFF, 0xFF, 0xFF, 0xFF, 0x9E, 0x00, 0x00, 0x00,
  0xFF, 0xFF, 0x24, 0xFF, 0xFF, 0xB2, 0xFF, 0xFF, 0xFF, 0xFF, 0xFF, 0xFF, 0xFF, 0xFF, 0xFF, 0xFF,
  0xFF, 0xFF, 0xFF, 0xFF, 0xFF, 0xFF, 0xFF, 0xFF, 0xFF, 0xFF, 0xFF, 0xFF, 0xFF, 0xFF, 0xFF, 0xFF,
  0xFE, 0xFF, 0xFF, 0x9B, 0xFF, 0xFF, 0x12, 0x00, 0x00, 0x00, 0xFF, 0xFF, 0x01, 0x00, 0x00, 0x00,
  0xFF, 0xFF, 0x71, 0xFF, 0xFF, 0xFF, 0xFF, 0xFF, 0xFB, 0xFF, 0xFF, 0xFF, 0xFF, 0xFF, 0xFF, 0xFF,
  0xFF, 0xFC, 0xFF, 0xFF, 0xFF, 0xFF, 0xFF, 0x90, 0x00, 0x00, 0x00, 0xFF, 0xFF, 0x02, 0x00, 0x00,
  0x00, 0x00, 0x00, 0x00, 0x00, 0x00, 0x00, 0x00, 0x00, 0x00, 0x00, 0x00, 0x00, 0x00, 0x00, 0x00,
  0x00, 0x00, 0x00, 0x00, 0x00, 0x00, 0x00, 0x00, 0x00, 0xFF, 0xFF, 0x02, 0x00, 0x00, 0x00, 0xFF,
  0xFF, 0x35, 0xFF, 0xFF, 0xF2, 0xFF, 0xFF, 0xFF, 0xFF, 0xFF, 0xFE, 0xFF, 0xFF, 0xFF, 0xFF, 0xFF,
  0xFD, 0xFF, 0xFF, 0xFF, 0xFF, 0xFF, 0xC6, 0xFF, 0xFF, 0x12, 0x00, 0x00, 0x00, 0xFF, 0xFF, 0x02,
  0xFF, 0xFF, 0x01, 0x00, 0x00, 0x00, 0xFF, 0xFF, 0x6F, 0xFF, 0xFF, 0xFC, 0xFF, 0xFF, 0xFC, 0xFF,
  0xFF, 0xFC, 0xFF, 0xFF, 0xFB, 0xFF, 0xFF, 0xFC, 0xFF, 0xFF, 0xFC, 0xFF, 0xFF, 0x72, 0x00, 0x00,
  0x00, 0xFF, 0xFF, 0x02, 0x00, 0x00, 0x00, 0x00, 0x00, 0x00, 0x00, 0x00, 0x00, 0xFF, 0xFF, 0x01,
  0xFF, 0xFF, 0x02, 0xFF, 0xFF, 0x74, 0xFF, 0xFF, 0xF6, 0xFF, 0xFF, 0xFF, 0xFF, 0xFF, 0xFD, 0xFF,
  0xFF, 0xFC, 0xFF, 0xFF, 0xFD, 0xFF, 0xFF, 0xFE, 0xFF, 0xFF, 0xFE, 0xFF, 0xFF, 0xFD, 0xFF, 0xFF,
  0xFC, 0xFF, 0xFF, 0xFC, 0xFF, 0xFF, 0xFF, 0xFF, 0xFF, 0xE5, 0xFF, 0xFF, 0x2B, 0xFF, 0xFF, 0x6C,
  0xFF, 0xFF, 0xFC, 0xFF, 0xFF, 0xFB, 0xFF, 0xFF, 0xFC, 0xFF, 0xFF, 0xFC, 0xFF, 0xFF, 0xFA, 0xFF,
  0xFF, 0xFC, 0xFF, 0xFF, 0x6B, 0x00, 0x00, 0x00, 0xFF, 0xFF, 0x02, 0xFF, 0xFF, 0x02, 0x00, 0x00,
  0x00, 0xFF, 0xFF, 0x27, 0xFF, 0xFF, 0xEE, 0xFF, 0xFF, 0xFF, 0xFF, 0xFF, 0xFE, 0xFF, 0xFF, 0xFF,
  0xFF, 0xFF, 0xFC, 0xFF, 0xFF, 0xFF, 0xFF, 0xFF, 0x99, 0xFF, 0xFF, 0x0E, 0xFF, 0xFF, 0xC7, 0xFF,
  0xFF, 0xFF, 0xFF, 0xFF, 0xFD, 0xFF, 0xFF, 0xFC, 0xFF, 0xFF, 0xFD, 0xFF, 0xFF, 0xFE, 0xFF, 0xFF,
  0xFE, 0xFF, 0xFF, 0xFE, 0xFF, 0xFF, 0xFD, 0xFF, 0xFF, 0xFC, 0xFF, 0xFF, 0xFE, 0xFF, 0xFF, 0xFF,
  0xFF, 0xFF, 0xB6, 0xFF, 0xFF, 0x0B, 0x00, 0x00, 0x00, 0xFF, 0xFF, 0x01, 0xFF, 0xFF, 0x71, 0xFF,
  0xFF, 0xFF, 0xFF, 0xFF, 0xFB, 0xFF, 0xFF, 0xFF, 0xFF, 0xFF, 0xFF, 0xFF, 0xFF, 0xFC, 0xFF, 0xFF,
  0xFF, 0xFF, 0xFF, 0x91, 0xFF, 0xFF, 0x02, 0xFF, 0xFF, 0x04, 0xFF, 0xFF, 0x02, 0xFF, 0xFF, 0x02,
  0xFF, 0xFF, 0x02, 0xFF, 0xFF, 0x02, 0xFF, 0xFF, 0x02, 0xFF, 0xFF, 0x02, 0xFF, 0xFF, 0x02, 0xFF,
  0xFF, 0x02, 0xFF, 0xFF, 0x02, 0xFF, 0xFF, 0x04, 0xFF, 0xFF, 0x02, 0xFF, 0xFF, 0x36, 0xFF, 0xFF,
  0xF2, 0xFF, 0xFF, 0xFF, 0xFF, 0xFF, 0xFE, 0xFF, 0xFF, 0xFF, 0xFF, 0xFF, 0xFD, 0xFF, 0xFF, 0xFF,
  0xFF, 0xFF, 0xC6, 0xFF, 0xFF, 0x12, 0x00, 0x00, 0x00, 0xFF, 0xFF, 0x02, 0xFF, 0xFF, 0x01, 0x00,
  0x00, 0x00, 0xFF, 0xFF, 0x70, 0xFF, 0xFF, 0xFF, 0xFF, 0xFF, 0xFF, 0xFF, 0xFF, 0xFF, 0xFF, 0xFF,
  0xFE, 0xFF, 0xFF, 0xFF, 0xFF, 0xFF, 0xFF, 0xFF, 0xFF, 0x73, 0x00, 0x00, 0x00, 0xFF, 0xFF, 0x02,
  0x00, 0x00, 0x00, 0x00, 0x00, 0x00, 0xFF, 0xFF, 0x01, 0x00, 0x00, 0x00, 0xFF, 0xFF, 0x55, 0xFF,
  0xFF, 0xF5, 0xFF, 0xFF, 0xFF, 0xFF, 0xFF, 0xFC, 0xFF, 0xFF, 0xFF, 0xFF, 0xFF, 0xFF, 0xFF, 0xFF,
  0xFF, 0xFF, 0xFF, 0xFE, 0xFF, 0xFF, 0xFD, 0xFF, 0xFF, 0xFD, 0xFF, 0xFF, 0xFE, 0xFF, 0xFF, 0xFD,
  0xFF, 0xFF, 0xFA, 0xFF, 0xFF, 0xFF, 0xFF, 0xFF, 0xAF, 0xFF, 0xFF, 0x85, 0xFF, 0xFF, 0xFE, 0xFF,
  0xFF, 0xFF, 0xFF, 0xFF, 0xFF, 0xFF, 0xFF, 0xFF, 0xFF, 0xFF, 0xFD, 0xFF, 0xFF, 0xFF, 0xFF, 0xFF,
  0x6C, 0x00, 0x00, 0x00, 0xFF, 0xFF, 0x02, 0xFF, 0xFF, 0x02, 0x00, 0x00, 0x00, 0xFF, 0xFF, 0x27,
  0xFF, 0xFF, 0xEE, 0xFF, 0xFF, 0xFF, 0xFF, 0xFF, 0xFE, 0xFF, 0xFF, 0xFF, 0xFF, 0xFF, 0xFD, 0xFF,
  0xFF, 0xFF, 0xFF, 0xFF, 0x93, 0xFF, 0xFF, 0x85, 0xFF, 0xFF, 0xFF, 0xFF, 0xFF, 0xFA, 0xFF, 0xFF,
  0xFD, 0xFF, 0xFF, 0xFD, 0xFF, 0xFF, 0xFD, 0xFF, 0xFF, 0xFD, 0xFF, 0xFF, 0xFF, 0xFF, 0xFF, 0xFF,
  0xFF, 0xFF, 0xFF, 0xFF, 0xFF, 0xFF, 0xFF, 0xFF, 0xFE, 0xFF, 0xFF, 0xFB, 0xFF, 0xFF, 0xFF, 0xFF,
  0xFF, 0x88, 0x00, 0x00, 0x00, 0xFF, 0xFF, 0x02, 0xFF, 0xFF, 0x71, 0xFF, 0xFF, 0xFF, 0xFF, 0xFF,
  0xFB, 0xFF, 0xFF, 0xFF, 0xFF, 0xFF, 0xFF, 0xFF, 0xFF, 0xFC, 0xFF, 0xFF, 0xFF, 0xFF, 0xFF, 0x8D,
  0x00, 0x00, 0x00, 0x00, 0x00, 0x00, 0x00, 0x00, 0x00, 0x00, 0x00, 0x00, 0x00, 0x00, 0x00, 0x00,
  0x00, 0x00, 0x00, 0x00, 0x00, 0x00, 0x00, 0x00, 0x00, 0x00, 0x00, 0x00, 0x00, 0x00, 0x00, 0x00,
  0x00, 0x00, 0x00, 0x00, 0x00, 0x00, 0x00, 0xFF, 0xFF, 0x2F, 0xFF, 0xFF, 0xF2, 0xFF, 0xFF, 0xFF,
  0xFF, 0xFF, 0xFE, 0xFF, 0xFF, 0xFF, 0xFF, 0xFF, 0xFD, 0xFF, 0xFF, 0xFF, 0xFF, 0xFF, 0xC6, 0xFF,
  0xFF, 0x12, 0x00, 0x00, 0x00, 0xFF, 0xFF, 0x02, 0xFF, 0xFF, 0x01, 0x00, 0x00, 0x00, 0xFF, 0xFF,
  0x70, 0xFF, 0xFF, 0xFF, 0xFF, 0xFF, 0xFF, 0xFF, 0xFF, 0xFF, 0xFF, 0xFF, 0xFE, 0xFF, 0xFF, 0xFF,
  0xFF, 0xFF, 0xFF, 0xFF, 0xFF, 0x73, 0x00, 0x00, 0x00, 0xFF, 0xFF, 0x02, 0x00, 0x00, 0x00, 0xFF,
  0xFF, 0x02, 0x00, 0x00, 0x00, 0xFF, 0xFF, 0x26, 0xFF, 0xFF, 0xD6, 0xFF, 0xFF, 0xFF, 0xFF, 0xFF,
  0xFD, 0xFF, 0xFF, 0xFF, 0xFF, 0xFF, 0xFF, 0xFF, 0xFF, 0xFF, 0xFF, 0xFF, 0xFE, 0xFF, 0xFF, 0xFF,
  0xFF, 0xFF, 0xFF, 0xFF, 0xFF, 0xFF, 0xFF, 0xFF, 0xFF, 0xFF, 0xFF, 0xFF, 0xFF, 0xFF, 0xFF, 0xFF,
  0xFF, 0xFE, 0xFF, 0xFF, 0xF7, 0xFF, 0xFF, 0xE2, 0xFF, 0xFF, 0xFD, 0xFF, 0xFF, 0xFF, 0xFF, 0xFF,
  0xFF, 0xFF, 0xFF, 0xFF, 0xFF, 0xFF, 0xFD, 0xFF, 0xFF, 0xFF, 0xFF, 0xFF, 0x6C, 0x00, 0x00, 0x00,
  0xFF, 0xFF, 0x02, 0xFF, 0xFF, 0x02, 0x00, 0x00, 0x00, 0xFF, 0xFF, 0x27, 0xFF, 0xFF, 0xEE, 0xFF,
  0xFF, 0xFF, 0xFF, 0xFF, 0xFE, 0xFF, 0xFF, 0xFF, 0xFF, 0xFF, 0xFF, 0xFF, 0xFF, 0xFF, 0xFF, 0xFF,
  0xD1, 0xFF, 0xFF, 0xE8, 0xFF, 0xFF, 0xFC, 0xFF, 0xFF, 0xFF, 0xFF, 0xFF, 0xFF, 0xFF, 0xFF, 0xFF,
  0xFF, 0xFF, 0xFF, 0xFF, 0xFF, 0xFF, 0xFF, 0xFF, 0xFE, 0xFF, 0xFF, 0xFE, 0xFF, 0xFF, 0xFF, 0xFF,
  0xFF, 0xFF, 0xFF, 0xFF, 0xFF, 0xFF, 0xFF, 0xFD, 0xFF, 0xFF, 0xFD, 0xFF, 0xFF, 0xF6, 0xFF, 0xFF,
  0x28, 0x00, 0x00, 0x00, 0xFF, 0xFF, 0x71, 0xFF, 0xFF, 0xFF, 0xFF, 0xFF, 0xFB, 0xFF, 0xFF, 0xFF,
  0xFF, 0xFF, 0xFF, 0xFF, 0xFF, 0xFD, 0xFF, 0xFF, 0xFF, 0xFF, 0xFF, 0xC1, 0xFF, 0xFF, 0x67, 0xFF,
  0xFF, 0x6D, 0xFF, 0xFF, 0x6C, 0xFF, 0xFF, 0x6C, 0xFF, 0xFF, 0x6C, 0xFF, 0xFF, 0x6C, 0xFF, 0xFF,
  0x6C, 0xFF, 0xFF, 0x6C, 0xFF, 0xFF, 0x6C, 0xFF, 0xFF, 0x6C, 0xFF, 0xFF, 0x6C, 0xFF, 0xFF, 0x6D,
  0xFF, 0xFF, 0x68, 0xFF, 0xFF, 0x89, 0xFF, 0xFF, 0xF6, 0xFF, 0xFF, 0xFF, 0xFF, 0xFF, 0xFE, 0xFF,
  0xFF, 0xFF, 0xFF, 0xFF, 0xFD, 0xFF, 0xFF, 0xFF, 0xFF, 0xFF, 0xC6, 0xFF, 0xFF, 0x12, 0x00, 0x00,
  0x00, 0xFF, 0xFF, 0x02, 0xFF, 0xFF, 0x01, 0x00, 0x00, 0x00, 0xFF, 0xFF, 0x70, 0xFF, 0xFF, 0xFF,
  0xFF, 0xFF, 0xFF, 0xFF, 0xFF, 0xFF, 0xFF, 0xFF, 0xFE, 0xFF, 0xFF, 0xFF, 0xFF, 0xFF, 0xFF, 0xFF,
  0xFF, 0x73, 0x00, 0x00, 0x00, 0xFF, 0xFF, 0x02, 0x00, 0x00, 0x00, 0xFF, 0xFF, 0x01, 0xFF, 0xFF,
  0x01, 0xFF, 0xFF, 0x8A, 0xFF, 0xFF, 0xFF, 0xFF, 0xFF, 0xFC, 0xFF, 0xFF, 0xFF, 0xFF, 0xFF, 0xFF,
  0xFF, 0xFF, 0xFF, 0xFF, 0xFF, 0xFE, 0xFF, 0xFF, 0xFF, 0xFF, 0xFF, 0xF5, 0xFF, 0xFF, 0xAC, 0xFF,
  0xFF, 0x6F, 0xFF, 0xFF, 0x62, 0xFF, 0xFF, 0x79, 0xFF, 0xFF, 0xC3, 0xFF, 0xFF, 0xFE, 0xFF, 0xFF,
  0xFF, 0xFF, 0xFF, 0xFF, 0xFF, 0xFF, 0xFF, 0xFF, 0xFF, 0xFF, 0xFF, 0xFF, 0xFF, 0xFF, 0xFF, 0xFF,
  0xFF, 0xFF, 0xFD, 0xFF, 0xFF, 0xFF, 0xFF, 0xFF, 0x6C, 0x00, 0x00, 0x00, 0xFF, 0xFF, 0x02, 0xFF,
  0xFF, 0x02, 0x00, 0x00, 0x00, 0xFF, 0xFF, 0x27, 0xFF, 0xFF, 0xEE, 0xFF, 0xFF, 0xFF, 0xFF, 0xFF,
  0xFE, 0xFF, 0xFF, 0xFF, 0xFF, 0xFF, 0xFF, 0xFF, 0xFF, 0xFF, 0xFF, 0xFF, 0xFF, 0xFF, 0xFF, 0xFF,
  0xFF, 0xFF, 0xFF, 0xFF, 0xFF, 0xE2, 0xFF, 0xFF, 0xAA, 0xFF, 0xFF, 0x92, 0xFF, 0xFF, 0x9F, 0xFF,
  0xFF, 0xD2, 0xFF, 0xFF, 0xFF, 0xFF, 0xFF, 0xFF, 0xFF, 0xFF, 0xFF, 0xFF, 0xFF, 0xFF, 0xFF, 0xFF,
  0xFF, 0xFF, 0xFF, 0xFF, 0xFF, 0xFF, 0xFB, 0xFF, 0xFF, 0xFF, 0xFF, 0xFF, 0x75, 0x00, 0x00, 0x00,
  0xFF, 0xFF, 0x71, 0xFF, 0xFF, 0xFF, 0xFF, 0xFF, 0xFB, 0xFF, 0xFF, 0xFF, 0xFF, 0xFF, 0xFF, 0xFF,
  0xFF, 0xFF, 0xFF, 0xFF, 0xFF, 0xFF, 0xFF, 0xFF, 0xFF, 0xFF, 0xFF, 0xFF, 0xFF, 0xFF, 0xFF, 0xFF,
  0xFF, 0xFF, 0xFF, 0xFF, 0xFF, 0xFF, 0xFF, 0xFF, 0xFF, 0xFF, 0xFF, 0xFF, 0xFF, 0xFF, 0xFF, 0xFF,
  0xFF, 0xFF, 0xFF, 0xFF, 0xFF, 0xFF, 0xFF, 0xFF, 0xFF, 0xFF, 0xFF, 0xFF, 0xFF, 0xFF, 0xFF, 0xFF,
  0xFF, 0xFF, 0xFF, 0xFF, 0xFF, 0xFF, 0xFF, 0xFF, 0xFF, 0xFF, 0xFF, 0xFF, 0xFF, 0xFF, 0xFF, 0xFF,
  0xFD, 0xFF, 0xFF, 0xFF, 0xFF, 0xFF, 0xC6, 0xFF, 0xFF, 0x12, 0x00, 0x00, 0x00, 0xFF, 0xFF, 0x02,
  0xFF, 0xFF, 0x01, 0x00, 0x00, 0x00, 0xFF, 0xFF, 0x70, 0xFF, 0xFF, 0xFF, 0xFF, 0xFF, 0xFF, 0xFF,
  0xFF, 0xFF, 0xFF, 0xFF, 0xFE, 0xFF, 0xFF, 0xFF, 0xFF, 0xFF, 0xFF, 0xFF, 0xFF, 0x73, 0x00, 0x00,
  0x00, 0xFF, 0xFF, 0x02, 0xFF, 0xFF, 0x02, 0x00, 0x00, 0x00, 0xFF, 0xFF, 0x1F, 0xFF, 0xFF, 0xD9,
  0xFF, 0xFF, 0xFE, 0xFF, 0xFF, 0xFD, 0xFF, 0xFF, 0xFF, 0xFF, 0xFF, 0xFF, 0xFF, 0xFF, 0xFE, 0xFF,
  0xFF, 0xFF, 0xFF, 0xFF, 0xE8, 0xFF, 0xFF, 0x57, 0xFF, 0xFF, 0x04, 0x00, 0x00, 0x00, 0x00, 0x00,
  0x00, 0x00, 0x00, 0x00, 0xFF, 0xFF, 0x0F, 0xFF, 0xFF, 0x82, 0xFF, 0xFF, 0xF8, 0xFF, 0xFF, 0xFE,
  0xFF, 0xFF, 0xFF, 0xFF, 0xFF, 0xFF, 0xFF, 0xFF, 0xFF, 0xFF, 0xFF, 0xFF, 0xFF, 0xFF, 0xFD, 0xFF,
  0xFF, 0xFF, 0xFF, 0xFF, 0x6C, 0x00, 0x00, 0x00, 0xFF, 0xFF, 0x02, 0xFF, 0xFF, 0x02, 0x00, 0x00,
  0x00, 0xFF, 0xFF, 0x27, 0xFF, 0xFF, 0xEE, 0xFF, 0xFF, 0xFF, 0xFF, 0xFF, 0xFE, 0xFF, 0xFF, 0xFF,
  0xFF, 0xFF, 0xFF, 0xFF, 0xFF, 0xFF, 0xFF, 0xFF, 0xFE, 0xFF, 0xFF, 0xFD, 0xFF, 0xFF, 0x9D, 0xFF,
  0xFF, 0x2B, 0xFF, 0xFF, 0x04, 0x00, 0x00, 0x00, 0xFF, 0xFF, 0x01, 0xFF, 0xFF, 0x16, 0xFF, 0xFF,
  0x82, 0xFF, 0xFF, 0xFB, 0xFF, 0xFF, 0xFE, 0xFF, 0xFF, 0xFE, 0xFF, 0xFF, 0xFF, 0xFF, 0xFF, 0xFF,
  0xFF, 0xFF, 0xFD, 0xFF, 0xFF, 0xFE, 0xFF, 0xFF, 0xBD, 0x00, 0x00, 0x00, 0xFF, 0xFF, 0x71, 0xFF,
  0xFF, 0xFF, 0xFF, 0xFF, 0xFB, 0xFF, 0xFF, 0xFF, 0xFF, 0xFF, 0xFF, 0xFF, 0xFF, 0xFF, 0xFF, 0xFF,
  0xFF, 0xFF, 0xFF, 0xFF, 0xFF, 0xFF, 0xFF, 0xFF, 0xFF, 0xFF, 0xFF, 0xFF, 0xFF, 0xFF, 0xFF, 0xFF,
  0xFF, 0xFF, 0xFF, 0xFF, 0xFF, 0xFF, 0xFF, 0xFF, 0xFF, 0xFF, 0xFF, 0xFF, 0xFF, 0xFF, 0xFF, 0xFF,
  0xFF, 0xFF, 0xFF, 0xFF, 0xFF, 0xFF, 0xFF, 0xFF, 0xFF, 0xFF, 0xFF, 0xFF, 0xFF, 0xFF, 0xFF, 0xFF,
  0xFF, 0xFF, 0xFF, 0xFF, 0xFF, 0xFF, 0xFF, 0xFF, 0xFF, 0xFF, 0xFF, 0xFF, 0xFD, 0xFF, 0xFF, 0xFF,
  0xFF, 0xFF, 0xC6, 0xFF, 0xFF, 0x12, 0x00, 0x00, 0x00, 0xFF, 0xFF, 0x02, 0xFF, 0xFF, 0x01, 0x00,
  0x00, 0x00, 0xFF, 0xFF, 0x70, 0xFF, 0xFF, 0xFF, 0xFF, 0xFF, 0xFF, 0xFF, 0xFF, 0xFF, 0xFF, 0xFF,
  0xFE, 0xFF, 0xFF, 0xFF, 0xFF, 0xFF, 0xFF, 0xFF, 0xFF, 0x73, 0x00, 0x00, 0x00, 0xFF, 0xFF, 0x02,
  0xFF, 0xFF, 0x02, 0x00, 0x00, 0x00, 0xFF, 0xFF, 0x51, 0xFF, 0xFF, 0xFC, 0xFF, 0xFF, 0xFF, 0xFF,
  0xFF, 0xFE, 0xFF, 0xFF, 0xFF, 0xFF, 0xFF, 0xFE, 0xFF, 0xFF, 0xFE, 0xFF, 0xFF, 0xF9, 0xFF, 0xFF,
  0x6C, 0x00, 0x00, 0x00, 0x00, 0x00, 0x00, 0xFF, 0xFF, 0x03, 0xFF, 0xFF, 0x03, 0xFF, 0xFF, 0x03,
  0x00, 0x00, 0x00, 0xFF, 0xFF, 0x01, 0xFF, 0xFF, 0x9A, 0xFF, 0xFF, 0xFF, 0xFF, 0xFF, 0xFE, 0xFF,
  0xFF, 0xFF, 0xFF, 0xFF, 0xFF, 0xFF, 0xFF, 0xFF, 0xFF, 0xFF, 0xFD, 0xFF, 0xFF, 0xFF, 0xFF, 0xFF,
  0x6C, 0x00, 0x00, 0x00, 0xFF, 0xFF, 0x02, 0xFF, 0xFF, 0x02, 0x00, 0x00, 0x00, 0xFF, 0xFF, 0x27,
  0xFF, 0xFF, 0xEE, 0xFF, 0xFF, 0xFF, 0xFF, 0xFF, 0xFE, 0xFF, 0xFF, 0xFF, 0xFF, 0xFF, 0xFF, 0xFF,
  0xFF, 0xFC, 0xFF, 0xFF, 0xFF, 0xFF, 0xFF, 0xAF, 0xFF, 0xFF, 0x05, 0x00, 0x00, 0x00, 0x00, 0x00,
  0x00, 0x00, 0x00, 0x00, 0x00, 0x00, 0x00, 0x00, 0x00, 0x00, 0x00, 0x00, 0x00, 0xFF, 0xFF, 0x9D,
  0xFF, 0xFF, 0xFF, 0xFF, 0xFF, 0xFD, 0xFF, 0xFF, 0xFF, 0xFF, 0xFF, 0xFF, 0xFF, 0xFF, 0xFD, 0xFF,
  0xFF, 0xFF, 0xFF, 0xFF, 0xDA, 0xFF, 0xFF, 0x06, 0xFF, 0xFF, 0x71, 0xFF, 0xFF, 0xFF, 0xFF, 0xFF,
  0xFB, 0xFF, 0xFF, 0xFF, 0xFF, 0xFF, 0xFF, 0xFF, 0xFF, 0xFF, 0xFF, 0xFF, 0xFF, 0xFF, 0xFF, 0xFE,
  0xFF, 0xFF, 0xFE, 0xFF, 0xFF, 0xFE, 0xFF, 0xFF, 0xFE, 0xFF, 0xFF, 0xFE, 0xFF, 0xFF, 0xFE, 0xFF,
  0xFF, 0xFE, 0xFF, 0xFF, 0xFE, 0xFF, 0xFF, 0xFE, 0xFF, 0xFF, 0xFE, 0xFF, 0xFF, 0xFE, 0xFF, 0xFF,
  0xFE, 0xFF, 0xFF, 0xFE, 0xFF, 0xFF, 0xFE, 0xFF, 0xFF, 0xFE, 0xFF, 0xFF, 0xFF, 0xFF, 0xFF, 0xFF,
  0xFF, 0xFF, 0xFF, 0xFF, 0xFF, 0xFF, 0xFF, 0xFF, 0xFD, 0xFF, 0xFF, 0xFF, 0xFF, 0xFF, 0xC6, 0xFF,
  0xFF, 0x12, 0x00, 0x00, 0x00, 0xFF, 0xFF, 0x02, 0xFF, 0xFF, 0x01, 0x00, 0x00, 0x00, 0xFF, 0xFF,
  0x70, 0xFF, 0xFF, 0xFF, 0xFF, 0xFF, 0xFF, 0xFF, 0xFF, 0xFF, 0xFF, 0xFF, 0xFE, 0xFF, 0xFF, 0xFF,
  0xFF, 0xFF, 0xFF, 0xFF, 0xFF, 0x73, 0x00, 0x00, 0x00, 0xFF, 0xFF, 0x02, 0xFF, 0xFF, 0x01, 0x00,
  0x00, 0x00, 0xFF, 0xFF, 0x84, 0xFF, 0xFF, 0xFF, 0xFF, 0xFF, 0xFE, 0xFF, 0xFF, 0xFF, 0xFF, 0xFF,
  0xFF, 0xFF, 0xFF, 0xFD, 0xFF, 0xFF, 0xFF, 0xFF, 0xFF, 0xC4, 0xFF, 0xFF, 0x0F, 0xFF, 0xFF, 0x02,
  0xFF, 0xFF, 0x02, 0x00, 0x00, 0x00, 0x00, 0x00, 0x00, 0x00, 0x00, 0x00, 0xFF, 0xFF, 0x03, 0x00,
  0x00, 0x00, 0xFF, 0xFF, 0x32, 0xFF, 0xFF, 0xEB, 0xFF, 0xFF, 0xFF, 0xFF, 0xFF, 0xFE, 0xFF, 0xFF,
  0xFF, 0xFF, 0xFF, 0xFF, 0xFF, 0xFF, 0xFD, 0xFF, 0xFF, 0xFF, 0xFF, 0xFF, 0x6C, 0x00, 0x00, 0x00,
  0xFF, 0xFF, 0x02, 0xFF, 0xFF, 0x02, 0x00, 0x00, 0x00, 0xFF, 0xFF, 0x27, 0xFF, 0xFF, 0xEE, 0xFF,
  0xFF, 0xFF, 0xFF, 0xFF, 0xFE, 0xFF, 0xFF, 0xFF, 0xFF, 0xFF, 0xFE, 0xFF, 0xFF, 0xFE, 0xFF, 0xFF,
  0xF7, 0xFF, 0xFF, 0x46, 0x00, 0x00, 0x00, 0xFF, 0xFF, 0x04, 0xFF, 0xFF, 0x01, 0xFF, 0xFF, 0x01,
  0xFF, 0xFF, 0x01, 0xFF, 0xFF, 0x04, 0xFF, 0xFF, 0x01, 0xFF, 0xFF, 0x35, 0xFF, 0xFF, 0xFA, 0xFF,
  0xFF, 0xFF, 0xFF, 0xFF, 0xFE, 0xFF, 0xFF, 0xFF, 0xFF, 0xFF, 0xFD, 0xFF, 0xFF, 0xFF, 0xFF, 0xFF,
  0xE2, 0xFF, 0xFF, 0x16, 0xFF, 0xFF, 0x71, 0xFF, 0xFF, 0xFF, 0xFF, 0xFF, 0xFB, 0xFF, 0xFF, 0xFF,
  0xFF, 0xFF, 0xFF, 0xFF, 0xFF, 0xFF, 0xFF, 0xFF, 0xFF, 0xFF, 0xFF, 0xFF, 0xFF, 0xFF, 0xFF, 0xFF,
  0xFF, 0xFF, 0xFF, 0xFF, 0xFF, 0xFF, 0xFF, 0xFF, 0xFF, 0xFF, 0xFF, 0xFF, 0xFF, 0xFF, 0xFF, 0xFF,
  0xFF, 0xFF, 0xFF, 0xFF, 0xFF, 0xFF, 0xFF, 0xFF, 0xFF, 0xFF, 0xFF, 0xFF, 0xFF, 0xFF, 0xFF, 0xFF,
  0xFF, 0xFF, 0xFF, 0xFF, 0xFF, 0xFF, 0xFF, 0xFF, 0xFF, 0xFF, 0xFF, 0xFF, 0xFF, 0xFF, 0xFF, 0xFF,
  0xFF, 0xFF, 0xFF, 0xFF, 0xFD, 0xFF, 0xFF, 0xFF, 0xFF, 0xFF, 0xC6, 0xFF, 0xFF, 0x12, 0x00, 0x00,
  0x00, 0xFF, 0xFF, 0x02, 0xFF, 0xFF, 0x01, 0x00, 0x00, 0x00, 0xFF, 0xFF, 0x70, 0xFF, 0xFF, 0xFF,
  0xFF, 0xFF, 0xFF, 0xFF, 0xFF, 0xFF, 0xFF, 0xFF, 0xFE, 0xFF, 0xFF, 0xFF, 0xFF, 0xFF, 0xFF, 0xFF,
  0xFF, 0x73, 0x00, 0x00, 0x00, 0xFF, 0xFF, 0x02, 0xFF, 0xFF, 0x01, 0x00, 0x00, 0x00, 0xFF, 0xFF,
  0xA9, 0xFF, 0xFF, 0xFF, 0xFF, 0xFF, 0xFC, 0xFF, 0xFF, 0xFF, 0xFF, 0xFF, 0xFF, 0xFF, 0xFF, 0xFE,
  0xFF, 0xFF, 0xFF, 0xFF, 0xFF, 0x86, 0x00, 0x00, 0x00, 0xFF, 0xFF, 0x01, 0x00, 0x00, 0x00, 0x00,
  0x00, 0x00, 0x00, 0x00, 0x00, 0x00, 0x00, 0x00, 0xFF, 0xFF, 0x01, 0xFF, 0xFF, 0x01, 0xFF, 0xFF,
  0x07, 0xFF, 0xFF, 0xB3, 0xFF, 0xFF, 0xFF, 0xFF, 0xFF, 0xFD, 0xFF, 0xFF, 0xFF, 0xFF, 0xFF, 0xFF,
  0xFF, 0xFF, 0xFD, 0xFF, 0xFF, 0xFF, 0xFF, 0xFF, 0x6C, 0x00, 0x00, 0x00, 0xFF, 0xFF, 0x02, 0xFF,
  0xFF, 0x02, 0x00, 0x00, 0x00, 0xFF, 0xFF, 0x27, 0xFF, 0xFF, 0xEE, 0xFF, 0xFF, 0xFF, 0xFF, 0xFF,
  0xFE, 0xFF, 0xFF, 0xFF, 0xFF, 0xFF, 0xFD, 0xFF, 0xFF, 0xFF, 0xFF, 0xFF, 0xDC, 0xFF, 0xFF, 0x16,
  0xFF, 0xFF, 0x01, 0xFF, 0xFF, 0x01, 0x00, 0x00, 0x00, 0x00, 0x00, 0x00, 0x00, 0x00, 0x00, 0xFF,
  0xFF, 0x01, 0x00, 0x00, 0x00, 0xFF, 0xFF, 0x10, 0xFF, 0xFF, 0xE6, 0xFF, 0xFF, 0xFF, 0xFF, 0xFF,
  0xFE, 0xFF, 0xFF, 0xFF, 0xFF, 0xFF, 0xFD, 0xFF, 0xFF, 0xFF, 0xFF, 0xFF, 0xE3, 0xFF, 0xFF, 0x17,
  0xFF, 0xFF, 0x71, 0xFF, 0xFF, 0xFF, 0xFF, 0xFF, 0xFB, 0xFF, 0xFF, 0xFF, 0xFF, 0xFF, 0xFF, 0xFF,
  0xFF, 0xFF, 0xFF, 0xFF, 0xFF, 0xFF, 0xFF, 0xFE, 0xFF, 0xFF, 0xFD, 0xFF, 0xFF, 0xFD, 0xFF, 0xFF,
  0xFD, 0xFF, 0xFF, 0xFD, 0xFF, 0xFF, 0xFD, 0xFF, 0xFF, 0xFD, 0xFF, 0xFF, 0xFD, 0xFF, 0xFF, 0xFD,
  0xFF, 0xFF, 0xFD, 0xFF, 0xFF, 0xFD, 0xFF, 0xFF, 0xFD, 0xFF, 0xFF, 0xFD, 0xFF, 0xFF, 0xFD, 0xFF,
  0xFF, 0xFE, 0xFF, 0xFF, 0xFF, 0xFF, 0xFF, 0xFF, 0xFF, 0xFF, 0xFF, 0xFF, 0xFF, 0xFF, 0xFF, 0xFF,
  0xFD, 0xFF, 0xFF, 0xFF, 0xFF, 0xFF, 0xC6, 0xFF, 0xFF, 0x12, 0x00, 0x00, 0x00, 0xFF, 0xFF, 0x02,
  0xFF, 0xFF, 0x01, 0x00, 0x00, 0x00, 0xFF, 0xFF, 0x70, 0xFF, 0xFF, 0xFF, 0xFF, 0xFF, 0xFF, 0xFF,
  0xFF, 0xFF, 0xFF, 0xFF, 0xFE, 0xFF, 0xFF, 0xFF, 0xFF, 0xFF, 0xFF, 0xFF, 0xFF, 0x73, 0x00, 0x00,
  0x00, 0xFF, 0xFF, 0x03, 0x00, 0x00, 0x00, 0xFF, 0xFF, 0x0D, 0xFF, 0xFF, 0xC1, 0xFF, 0xFF, 0xFF,
  0xFF, 0xFF, 0xFD, 0xFF, 0xFF, 0xFF, 0xFF, 0xFF, 0xFE, 0xFF, 0xFF, 0xFF, 0xFF, 0xFF, 0xFC, 0xFF,
  0xFF, 0x52, 0x00, 0x00, 0x00, 0xFF, 0xFF, 0x02, 0x00, 0x00, 0x00, 0x00, 0x00, 0x00, 0x00, 0x00,
  0x00, 0x00, 0x00, 0x00, 0x00, 0x00, 0x00, 0xFF, 0xFF, 0x02, 0x00, 0x00, 0x00, 0xFF, 0xFF, 0x8E,
  0xFF, 0xFF, 0xFF, 0xFF, 0xFF, 0xFD, 0xFF, 0xFF, 0xFF, 0xFF, 0xFF, 0xFF, 0xFF, 0xFF, 0xFD, 0xFF,
  0xFF, 0xFF, 0xFF, 0xFF, 0x6C, 0x00, 0x00, 0x00, 0xFF, 0xFF, 0x02, 0xFF, 0xFF, 0x02, 0x00, 0x00,
  0x00, 0xFF, 0xFF, 0x27, 0xFF, 0xFF, 0xEE, 0xFF, 0xFF, 0xFF, 0xFF, 0xFF, 0xFE, 0xFF, 0xFF, 0xFF,
  0xFF, 0xFF, 0xFC, 0xFF, 0xFF, 0xFF, 0xFF, 0xFF, 0xD0, 0xFF, 0xFF, 0x02, 0x00, 0x00, 0x00, 0xFF,
  0xFF, 0x01, 0x00, 0x00, 0x00, 0x00, 0x00, 0x00, 0x00, 0x00, 0x00, 0xFF, 0xFF, 0x01, 0x00, 0x00,
  0x00, 0xFF, 0xFF, 0x0C, 0xFF, 0xFF, 0xDF, 0xFF, 0xFF, 0xFF, 0xFF, 0xFF, 0xFE, 0xFF, 0xFF, 0xFF,
  0xFF, 0xFF, 0xFD, 0xFF, 0xFF, 0xFF, 0xFF, 0xFF, 0xE3, 0xFF, 0xFF, 0x17, 0xFF, 0xFF, 0x71, 0xFF,
  0xFF, 0xFF, 0xFF, 0xFF, 0xFB, 0xFF, 0xFF, 0xFF, 0xFF, 0xFF, 0xFF, 0xFF, 0xFF, 0xFD, 0xFF, 0xFF,
  0xFF, 0xFF, 0xFF, 0xBC, 0xFF, 0xFF, 0x5F, 0xFF, 0xFF, 0x66, 0xFF, 0xFF, 0x64, 0xFF, 0xFF, 0x64,
  0xFF, 0xFF, 0x64, 0xFF, 0xFF, 0x64, 0xFF, 0xFF, 0x64, 0xFF, 0xFF, 0x64, 0xFF, 0xFF, 0x64, 0xFF,
  0xFF, 0x64, 0xFF, 0xFF, 0x64, 0xFF, 0xFF, 0x66, 0xFF, 0xFF, 0x60, 0xFF, 0xFF, 0x85, 0xFF, 0xFF,
  0xF7, 0xFF, 0xFF, 0xFF, 0xFF, 0xFF, 0xFE, 0xFF, 0xFF, 0xFF, 0xFF, 0xFF, 0xFD, 0xFF, 0xFF, 0xFF,
  0xFF, 0xFF, 0xC6, 0xFF, 0xFF, 0x12, 0x00, 0x00, 0x00, 0xFF, 0xFF, 0x02, 0xFF, 0xFF, 0x01, 0x00,
  0x00, 0x00, 0xFF, 0xFF, 0x70, 0xFF, 0xFF, 0xFF, 0xFF, 0xFF, 0xFF, 0xFF, 0xFF, 0xFF, 0xFF, 0xFF,
  0xFE, 0xFF, 0xFF, 0xFF, 0xFF, 0xFF, 0xFF, 0xFF, 0xFF, 0x73, 0x00, 0x00, 0x00, 0xFF, 0xFF, 0x03,
  0x00, 0x00, 0x00, 0xFF, 0xFF, 0x18, 0xFF, 0xFF, 0xCA, 0xFF, 0xFF, 0xFF, 0xFF, 0xFF, 0xFD, 0xFF,
  0xFF, 0xFF, 0xFF, 0xFF, 0xFE, 0xFF, 0xFF, 0xFF, 0xFF, 0xFF, 0xF7, 0xFF, 0xFF, 0x39, 0x00, 0x00,
  0x00, 0xFF, 0xFF, 0x02, 0x00, 0x00, 0x00, 0x00, 0x00, 0x00, 0x00, 0x00, 0x00, 0x00, 0x00, 0x00,
  0x00, 0x00, 0x00, 0xFF, 0xFF, 0x03, 0x00, 0x00, 0x00, 0xFF, 0xFF, 0x70, 0xFF, 0xFF, 0xFF, 0xFF,
  0xFF, 0xFF, 0xFF, 0xFF, 0xFF, 0xFF, 0xFF, 0xFF, 0xFF, 0xFF, 0xFD, 0xFF, 0xFF, 0xFF, 0xFF, 0xFF,
  0x6C, 0x00, 0x00, 0x00, 0xFF, 0xFF, 0x02, 0xFF, 0xFF, 0x02, 0x00, 0x00, 0x00, 0xFF, 0xFF, 0x27,
  0xFF, 0xFF, 0xEE, 0xFF, 0xFF, 0xFF, 0xFF, 0xFF, 0xFE, 0xFF, 0xFF, 0xFF, 0xFF, 0xFF, 0xFC, 0xFF,
  0xFF, 0xFF, 0xFF, 0xFF, 0xD0, 0xFF, 0xFF, 0x01, 0x00, 0x00, 0x00, 0xFF, 0xFF, 0x01, 0x00, 0x00,
  0x00, 0x00, 0x00, 0x00, 0x00, 0x00, 0x00, 0xFF, 0xFF, 0x01, 0x00, 0x00, 0x00, 0xFF, 0xFF, 0x0C,
  0xFF, 0xFF, 0xE0, 0xFF, 0xFF, 0xFF, 0xFF, 0xFF, 0xFE, 0xFF, 0xFF, 0xFF, 0xFF, 0xFF, 0xFD, 0xFF,
  0xFF, 0xFF, 0xFF, 0xFF, 0xE3, 0xFF, 0xFF, 0x17, 0xFF, 0xFF, 0x71, 0xFF, 0xFF, 0xFF, 0xFF, 0xFF,
  0xFB, 0xFF, 0xFF, 0xFF, 0xFF, 0xFF, 0xFF, 0xFF, 0xFF, 0xFC, 0xFF, 0xFF, 0xFF, 0xFF, 0xFF, 0x8D,
  0x00, 0x00, 0x00, 0x00, 0x00, 0x00, 0x00, 0x00, 0x00, 0x00, 0x00, 0x00, 0x00, 0x00, 0x00, 0x00,
  0x00, 0x00, 0x00, 0x00, 0x00, 0x00, 0x00, 0x00, 0x00, 0x00, 0x00, 0x00, 0x00, 0x00, 0x00, 0x00,
  0x00, 0x00, 0x00, 0x00, 0x00, 0x00, 0x00, 0xFF, 0xFF, 0x2F, 0xFF, 0xFF, 0xF2, 0xFF, 0xFF, 0xFF,
  0xFF, 0xFF, 0xFE, 0xFF, 0xFF, 0xFF, 0xFF, 0xFF, 0xFD, 0xFF, 0xFF, 0xFF, 0xFF, 0xFF, 0xC6, 0xFF,
  0xFF, 0x12, 0x00, 0x00, 0x00, 0xFF, 0xFF, 0x02, 0xFF, 0xFF, 0x01, 0x00, 0x00, 0x00, 0xFF, 0xFF,
  0x70, 0xFF, 0xFF, 0xFF, 0xFF, 0xFF, 0xFF, 0xFF, 0xFF, 0xFF, 0xFF, 0xFF, 0xFE, 0xFF, 0xFF, 0xFF,
  0xFF, 0xFF, 0xFF, 0xFF, 0xFF, 0x73, 0x00, 0x00, 0x00, 0xFF, 0xFF, 0x03, 0x00, 0x00, 0x00, 0xFF,
  0xFF, 0x1B, 0xFF, 0xFF, 0xCE, 0xFF, 0xFF, 0xFF, 0xFF, 0xFF, 0xFD, 0xFF, 0xFF, 0xFF, 0xFF, 0xFF,
  0xFE, 0xFF, 0xFF, 0xFF, 0xFF, 0xFF, 0xF7, 0xFF, 0xFF, 0x33, 0x00, 0x00, 0x00, 0xFF, 0xFF, 0x02,
  0x00, 0x00, 0x00, 0x00, 0x00, 0x00, 0x00, 0x00, 0x00, 0x00, 0x00, 0x00, 0x00, 0x00, 0x00, 0xFF,
  0xFF, 0x02, 0x00, 0x00, 0x00, 0xFF, 0xFF, 0x67, 0xFF, 0xFF, 0xFF, 0xFF, 0xFF, 0xFF, 0xFF, 0xFF,
  0xFE, 0xFF, 0xFF, 0xFF, 0xFF, 0xFF, 0xFD, 0xFF, 0xFF, 0xFF, 0xFF, 0xFF, 0x6C, 0x00, 0x00, 0x00,
  0xFF, 0xFF, 0x02, 0xFF, 0xFF, 0x02, 0x00, 0x00, 0x00, 0xFF, 0xFF, 0x27, 0xFF, 0xFF, 0xEE, 0xFF,
  0xFF, 0xFF, 0xFF, 0xFF, 0xFE, 0xFF, 0xFF, 0xFF, 0xFF, 0xFF, 0xFC, 0xFF, 0xFF, 0xFF, 0xFF, 0xFF,
  0xD0, 0xFF, 0xFF, 0x01, 0x00, 0x00, 0x00, 0xFF, 0xFF, 0x01, 0x00, 0x00, 0x00, 0x00, 0x00, 0x00,
  0x00, 0x00, 0x00, 0xFF, 0xFF, 0x01, 0x00, 0x00, 0x00, 0xFF, 0xFF, 0x0C, 0xFF, 0xFF, 0xE0, 0xFF,
  0xFF, 0xFF, 0xFF, 0xFF, 0xFE, 0xFF, 0xFF, 0xFF, 0xFF, 0xFF, 0xFD, 0xFF, 0xFF, 0xFF, 0xFF, 0xFF,
  0xE3, 0xFF, 0xFF, 0x17, 0xFF, 0xFF, 0x71, 0xFF, 0xFF, 0xFF, 0xFF, 0xFF, 0xFB, 0xFF, 0xFF, 0xFF,
  0xFF, 0xFF, 0xFF, 0xFF, 0xFF, 0xFC, 0xFF, 0xFF, 0xFF, 0xFF, 0xFF, 0x91, 0xFF, 0xFF, 0x02, 0xFF,
  0xFF, 0x04, 0xFF, 0xFF, 0x02, 0xFF, 0xFF, 0x02, 0xFF, 0xFF, 0x02, 0xFF, 0xFF, 0x02, 0xFF, 0xFF,
  0x02, 0xFF, 0xFF, 0x02, 0xFF, 0xFF, 0x02, 0xFF, 0xFF, 0x02, 0xFF, 0xFF, 0x02, 0xFF, 0xFF, 0x04,
  0xFF, 0xFF, 0x02, 0xFF, 0xFF, 0x36, 0xFF, 0xFF, 0xF2, 0xFF, 0xFF, 0xFF, 0xFF, 0xFF, 0xFE, 0xFF,
  0xFF, 0xFF, 0xFF, 0xFF, 0xFD, 0xFF, 0xFF, 0xFF, 0xFF, 0xFF, 0xC6, 0xFF, 0xFF, 0x12, 0x00, 0x00,
  0x00, 0xFF, 0xFF, 0x02, 0xFF, 0xFF, 0x01, 0x00, 0x00, 0x00, 0xFF, 0xFF, 0x70, 0xFF, 0xFF, 0xFF,
  0xFF, 0xFF, 0xFF, 0xFF, 0xFF, 0xFF, 0xFF, 0xFF, 0xFE, 0xFF, 0xFF, 0xFF, 0xFF, 0xFF, 0xFF, 0xFF,
  0xFF, 0x73, 0x00, 0x00, 0x00, 0xFF, 0xFF, 0x03, 0x00, 0x00, 0x00, 0xFF, 0xFF, 0x1A, 0xFF, 0xFF,
  0xCD, 0xFF, 0xFF, 0xFF, 0xFF, 0xFF, 0xFD, 0xFF, 0xFF, 0xFF, 0xFF, 0xFF, 0xFE, 0xFF, 0xFF, 0xFF,
  0xFF, 0xFF, 0xF7, 0xFF, 0xFF, 0x38, 0x00, 0x00, 0x00, 0xFF, 0xFF, 0x02, 0x00, 0x00, 0x00, 0x00,
  0x00, 0x00, 0x00, 0x00, 0x00, 0x00, 0x00, 0x00, 0x00, 0x00, 0x00, 0xFF, 0xFF, 0x03, 0x00, 0x00,
  0x00, 0xFF, 0xFF, 0x72, 0xFF, 0xFF, 0xFF, 0xFF, 0xFF, 0xFE, 0xFF, 0xFF, 0xFF, 0xFF, 0xFF, 0xFF,
  0xFF, 0xFF, 0xFD, 0xFF, 0xFF, 0xFF, 0xFF, 0xFF, 0x6C, 0x00, 0x00, 0x00, 0xFF, 0xFF, 0x02, 0xFF,
  0xFF, 0x02, 0x00, 0x00, 0x00, 0xFF, 0xFF, 0x27, 0xFF, 0xFF, 0xEE, 0xFF, 0xFF, 0xFF, 0xFF, 0xFF,
  0xFE, 0xFF, 0xFF, 0xFF, 0xFF, 0xFF, 0xFC, 0xFF, 0xFF, 0xFF, 0xFF, 0xFF, 0xD0, 0xFF, 0xFF, 0x01,
  0x00, 0x00, 0x00, 0xFF, 0xFF, 0x01, 0x00, 0x00, 0x00, 0x00, 0x00, 0x00, 0x00, 0x00, 0x00, 0xFF,
  0xFF, 0x01, 0x00, 0x00, 0x00, 0xFF, 0xFF, 0x0C, 0xFF, 0xFF, 0xE0, 0xFF, 0xFF, 0xFF, 0xFF, 0xFF,
  0xFE, 0xFF, 0xFF, 0xFF, 0xFF, 0xFF, 0xFD, 0xFF, 0xFF, 0xFF, 0xFF, 0xFF, 0xE3, 0xFF, 0xFF, 0x17,
  0xFF, 0xFF, 0x71, 0xFF, 0xFF, 0xFF, 0xFF, 0xFF, 0xFB, 0xFF, 0xFF, 0xFF, 0xFF, 0xFF, 0xFF, 0xFF,
  0xFF, 0xFC, 0xFF, 0xFF, 0xFF, 0xFF, 0xFF, 0x90, 0x00, 0x00, 0x00, 0xFF, 0xFF, 0x02, 0x00, 0x00,
  0x00, 0x00, 0x00, 0x00, 0x00, 0x00, 0x00, 0x00, 0x00, 0x00, 0x00, 0x00, 0x00, 0x00, 0x00, 0x00,
  0x00, 0x00, 0x00, 0x00, 0x00, 0x00, 0x00, 0x00, 0x00, 0xFF, 0xFF, 0x02, 0x00, 0x00, 0x00, 0xFF,
  0xFF, 0x35, 0xFF, 0xFF, 0xF2, 0xFF, 0xFF, 0xFF, 0xFF, 0xFF, 0xFE, 0xFF, 0xFF, 0xFF, 0xFF, 0xFF,
  0xFD, 0xFF, 0xFF, 0xFF, 0xFF, 0xFF, 0xC6, 0xFF, 0xFF, 0x12, 0x00, 0x00, 0x00, 0xFF, 0xFF, 0x02,
  0xFF, 0xFF, 0x01, 0x00, 0x00, 0x00, 0xFF, 0xFF, 0x70, 0xFF, 0xFF, 0xFF, 0xFF, 0xFF, 0xFF, 0xFF,
  0xFF, 0xFF, 0xFF, 0xFF, 0xFE, 0xFF, 0xFF, 0xFF, 0xFF, 0xFF, 0xFF, 0xFF, 0xFF, 0x73, 0x00, 0x00,
  0x00, 0xFF, 0xFF, 0x02, 0x00, 0x00, 0x00, 0xFF, 0xFF, 0x0C, 0xFF, 0xFF, 0xC0, 0xFF, 0xFF, 0xFF,
  0xFF, 0xFF, 0xFD, 0xFF, 0xFF, 0xFF, 0xFF, 0xFF, 0xFE, 0xFF, 0xFF, 0xFF, 0xFF, 0xFF, 0xFC, 0xFF,
  0xFF, 0x52, 0xFF, 0xFF, 0x01, 0xFF, 0xFF, 0x02, 0x00, 0x00, 0x00, 0x00, 0x00, 0x00, 0x00, 0x00,
  0x00, 0x00, 0x00, 0x00, 0x00, 0x00, 0x00, 0xFF, 0xFF, 0x03, 0x00, 0x00, 0x00, 0xFF, 0xFF, 0x87,
  0xFF, 0xFF, 0xFF, 0xFF, 0xFF, 0xFD, 0xFF, 0xFF, 0xFF, 0xFF, 0xFF, 0xFF, 0xFF, 0xFF, 0xFD, 0xFF,
  0xFF, 0xFF, 0xFF, 0xFF, 0x6C, 0x00, 0x00, 0x00, 0xFF, 0xFF, 0x02, 0xFF, 0xFF, 0x02, 0x00, 0x00,
  0x00, 0xFF, 0xFF, 0x27, 0xFF, 0xFF, 0xEE, 0xFF, 0xFF, 0xFF, 0xFF, 0xFF, 0xFE, 0xFF, 0xFF, 0xFF,
  0xFF, 0xFF, 0xFC, 0xFF, 0xFF, 0xFF, 0xFF, 0xFF, 0xD0, 0xFF, 0xFF, 0x01, 0x00, 0x00, 0x00, 0xFF,
  0xFF, 0x01, 0x00, 0x00, 0x00, 0x00, 0x00, 0x00, 0x00, 0x00, 0x00, 0xFF, 0xFF, 0x01, 0x00, 0x00,
  0x00, 0xFF, 0xFF, 0x0C, 0xFF, 0xFF, 0xE0, 0xFF, 0xFF, 0xFF, 0xFF, 0xFF, 0xFE, 0xFF, 0xFF, 0xFF,
  0xFF, 0xFF, 0xFD, 0xFF, 0xFF, 0xFF, 0xFF, 0xFF, 0xE3, 0xFF, 0xFF, 0x17, 0xFF, 0xFF, 0x71, 0xFF,
  0xFF, 0xFF, 0xFF, 0xFF, 0xFB, 0xFF, 0xFF, 0xFF, 0xFF, 0xFF, 0xFF, 0xFF, 0xFF, 0xFC, 0xFF, 0xFF,
  0xFF, 0xFF, 0xFF, 0x90, 0x00, 0x00, 0x00, 0xFF, 0xFF, 0x02, 0x00, 0x00, 0x00, 0x00, 0x00, 0x00,
  0x00, 0x00, 0x00, 0x00, 0x00, 0x00, 0x00, 0x00, 0x00, 0x00, 0x00, 0x00, 0x00, 0x00, 0x00, 0x00,
  0x00, 0x00, 0x00, 0x00, 0x00, 0xFF, 0xFF, 0x02, 0x00, 0x00, 0x00, 0xFF, 0xFF, 0x35, 0xFF, 0xFF,
  0xF2, 0xFF, 0xFF, 0xFF, 0xFF, 0xFF, 0xFE, 0xFF, 0xFF, 0xFF, 0xFF, 0xFF, 0xFD, 0xFF, 0xFF, 0xFF,
  0xFF, 0xFF, 0xC6, 0xFF, 0xFF, 0x12, 0x00, 0x00, 0x00, 0xFF, 0xFF, 0x02, 0xFF, 0xFF, 0x01, 0x00,
  0x00, 0x00, 0xFF, 0xFF, 0x70, 0xFF, 0xFF, 0xFF, 0xFF, 0xFF, 0xFF, 0xFF, 0xFF, 0xFF, 0xFF, 0xFF,
  0xFE, 0xFF, 0xFF, 0xFF, 0xFF, 0xFF, 0xFF, 0xFF, 0xFF, 0x73, 0x00, 0x00, 0x00, 0xFF, 0xFF, 0x02,
  0x00, 0x00, 0x00, 0xFF, 0xFF, 0x01, 0xFF, 0xFF, 0xAC, 0xFF, 0xFF, 0xFF, 0xFF, 0xFF, 0xFC, 0xFF,
  0xFF, 0xFF, 0xFF, 0xFF, 0xFF, 0xFF, 0xFF, 0xFE, 0xFF, 0xFF, 0xFF, 0xFF, 0xFF, 0x84, 0x00, 0x00,
  0x00, 0xFF, 0xFF, 0x01, 0x00, 0x00, 0x00, 0x00, 0x00, 0x00, 0x00, 0x00, 0x00, 0x00, 0x00, 0x00,
  0xFF, 0xFF, 0x01, 0xFF, 0xFF, 0x01, 0xFF, 0xFF, 0x09, 0xFF, 0xFF, 0xB5, 0xFF, 0xFF, 0xFF, 0xFF,
  0xFF, 0xFC, 0xFF, 0xFF, 0xFF, 0xFF, 0xFF, 0xFF, 0xFF, 0xFF, 0xFD, 0xFF, 0xFF, 0xFF, 0xFF, 0xFF,
  0x6C, 0x00, 0x00, 0x00, 0xFF, 0xFF, 0x02, 0xFF, 0xFF, 0x02, 0x00, 0x00, 0x00, 0xFF, 0xFF, 0x27,
  0xFF, 0xFF, 0xEE, 0xFF, 0xFF, 0xFF, 0xFF, 0xFF, 0xFE, 0xFF, 0xFF, 0xFF, 0xFF, 0xFF, 0xFC, 0xFF,
  0xFF, 0xFF, 0xFF, 0xFF, 0xD0, 0xFF, 0xFF, 0x01, 0x00, 0x00, 0x00, 0xFF, 0xFF, 0x01, 0x00, 0x00,
  0x00, 0x00, 0x00, 0x00, 0x00, 0x00, 0x00, 0xFF, 0xFF, 0x01, 0x00, 0x00, 0x00, 0xFF, 0xFF, 0x0C,
  0xFF, 0xFF, 0xE0, 0xFF, 0xFF, 0xFF, 0xFF, 0xFF, 0xFE, 0xFF, 0xFF, 0xFF, 0xFF, 0xFF, 0xFD, 0xFF,
  0xFF, 0xFF, 0xFF, 0xFF, 0xE3, 0xFF, 0xFF, 0x17, 0xFF, 0xFF, 0x71, 0xFF, 0xFF, 0xFF, 0xFF, 0xFF,
  0xFB, 0xFF, 0xFF, 0xFF, 0xFF, 0xFF, 0xFF, 0xFF, 0xFF, 0xFC, 0xFF, 0xFF, 0xFF, 0xFF, 0xFF, 0x90,
  0x00, 0x00, 0x00, 0xFF, 0xFF, 0x02, 0x00, 0x00, 0x00, 0x00, 0x00, 0x00, 0x00, 0x00, 0x00, 0x00,
  0x00, 0x00, 0x00, 0x00, 0x00, 0x00, 0x00, 0x00, 0x00, 0x00, 0x00, 0x00, 0x00, 0x00, 0x00, 0x00,
  0x00, 0xFF, 0xFF, 0x02, 0x00, 0x00, 0x00, 0xFF, 0xFF, 0x35, 0xFF, 0xFF, 0xF2, 0xFF, 0xFF, 0xFF,
  0xFF, 0xFF, 0xFE, 0xFF, 0xFF, 0xFF, 0xFF, 0xFF, 0xFD, 0xFF, 0xFF, 0xFF, 0xFF, 0xFF, 0xC6, 0xFF,
  0xFF, 0x12, 0x00, 0x00, 0x00, 0xFF, 0xFF, 0x02, 0xFF, 0xFF, 0x01, 0x00, 0x00, 0x00, 0xFF, 0xFF,
  0x70, 0xFF, 0xFF, 0xFF, 0xFF, 0xFF, 0xFF, 0xFF, 0xFF, 0xFF, 0xFF, 0xFF, 0xFE, 0xFF, 0xFF, 0xFF,
  0xFF, 0xFF, 0xFF, 0xFF, 0xFF, 0x73, 0x00, 0x00, 0x00, 0xFF, 0xFF, 0x02, 0xFF, 0xFF, 0x01, 0x00,
  0x00, 0x00, 0xFF, 0xFF, 0x88, 0xFF, 0xFF, 0xFF, 0xFF, 0xFF, 0xFE, 0xFF, 0xFF, 0xFF, 0xFF, 0xFF,
  0xFF, 0xFF, 0xFF, 0xFD, 0xFF, 0xFF, 0xFF, 0xFF, 0xFF, 0xC7, 0xFF, 0xFF, 0x13, 0xFF, 0xFF, 0x01,
  0xFF, 0xFF, 0x03, 0x00, 0x00, 0x00, 0x00, 0x00, 0x00, 0x00, 0x00, 0x00, 0xFF, 0xFF, 0x03, 0x00,
  0x00, 0x00, 0xFF, 0xFF, 0x32, 0xFF, 0xFF, 0xEA, 0xFF, 0xFF, 0xFF, 0xFF, 0xFF, 0xFE, 0xFF, 0xFF,
  0xFF, 0xFF, 0xFF, 0xFF, 0xFF, 0xFF, 0xFD, 0xFF, 0xFF, 0xFF, 0xFF, 0xFF, 0x6C, 0x00, 0x00, 0x00,
  0xFF, 0xFF, 0x02, 0xFF, 0xFF, 0x02, 0x00, 0x00, 0x00, 0xFF, 0xFF, 0x27, 0xFF, 0xFF, 0xEE, 0xFF,
  0xFF, 0xFF, 0xFF, 0xFF, 0xFE, 0xFF, 0xFF, 0xFF, 0xFF, 0xFF, 0xFC, 0xFF, 0xFF, 0xFF, 0xFF, 0xFF,
  0xD0, 0xFF, 0xFF, 0x01, 0x00, 0x00, 0x00, 0xFF, 0xFF, 0x01, 0x00, 0x00, 0x00, 0x00, 0x00, 0x00,
  0x00, 0x00, 0x00, 0xFF, 0xFF, 0x01, 0x00, 0x00, 0x00, 0xFF, 0xFF, 0x0C, 0xFF, 0xFF, 0xE0, 0xFF,
  0xFF, 0xFF, 0xFF, 0xFF, 0xFE, 0xFF, 0xFF, 0xFF, 0xFF, 0xFF, 0xFD, 0xFF, 0xFF, 0xFF, 0xFF, 0xFF,
  0xE3, 0xFF, 0xFF, 0x17, 0xFF, 0xFF, 0x71, 0xFF, 0xFF, 0xFF, 0xFF, 0xFF, 0xFB, 0xFF, 0xFF, 0xFF,
  0xFF, 0xFF, 0xFF, 0xFF, 0xFF, 0xFC, 0xFF, 0xFF, 0xFF, 0xFF, 0xFF, 0x90, 0x00, 0x00, 0x00, 0xFF,
  0xFF, 0x02, 0x00, 0x00, 0x00, 0x00, 0x00, 0x00, 0x00, 0x00, 0x00, 0x00, 0x00, 0x00, 0x00, 0x00,
  0x00, 0x00, 0x00, 0x00, 0x00, 0x00, 0x00, 0x00, 0x00, 0x00, 0x00, 0x00, 0x00, 0xFF, 0xFF, 0x02,
  0x00, 0x00, 0x00, 0xFF, 0xFF, 0x35, 0xFF, 0xFF, 0xF2, 0xFF, 0xFF, 0xFF, 0xFF, 0xFF, 0xFE, 0xFF,
  0xFF, 0xFF, 0xFF, 0xFF, 0xFD, 0xFF, 0xFF, 0xFF, 0xFF, 0xFF, 0xC6, 0xFF, 0xFF, 0x12, 0x00, 0x00,
  0x00, 0xFF, 0xFF, 0x02, 0xFF, 0xFF, 0x01, 0x00, 0x00, 0x00, 0xFF, 0xFF, 0x70, 0xFF, 0xFF, 0xFF,
  0xFF, 0xFF, 0xFF, 0xFF, 0xFF, 0xFF, 0xFF, 0xFF, 0xFE, 0xFF, 0xFF, 0xFF, 0xFF, 0xFF, 0xFF, 0xFF,
  0xFF, 0x73, 0x00, 0x00, 0x00, 0xFF, 0xFF, 0x02, 0xFF, 0xFF, 0x02, 0x00, 0x00, 0x00, 0xFF, 0xFF,
  0x58, 0xFF, 0xFF, 0xFE, 0xFF, 0xFF, 0xFF, 0xFF, 0xFF, 0xFE, 0xFF, 0xFF, 0xFF, 0xFF, 0xFF, 0xFE,
  0xFF, 0xFF, 0xFE, 0xFF, 0xFF, 0xFC, 0xFF, 0xFF, 0x75, 0x00, 0x00, 0x00, 0x00, 0x00, 0x00, 0xFF,
  0xFF, 0x01, 0xFF, 0xFF, 0x01, 0xFF, 0xFF, 0x01, 0x00, 0x00, 0x00, 0xFF, 0xFF, 0x07, 0xFF, 0xFF,
  0x9F, 0xFF, 0xFF, 0xFF, 0xFF, 0xFF, 0xFE, 0xFF, 0xFF, 0xFF, 0xFF, 0xFF, 0xFF, 0xFF, 0xFF, 0xFF,
  0xFF, 0xFF, 0xFD, 0xFF, 0xFF, 0xFF, 0xFF, 0xFF, 0x6C, 0x00, 0x00, 0x00, 0xFF, 0xFF, 0x02, 0xFF,
  0xFF, 0x02, 0x00, 0x00, 0x00, 0xFF, 0xFF, 0x27, 0xFF, 0xFF, 0xEE, 0xFF, 0xFF, 0xFF, 0xFF, 0xFF,
  0xFE, 0xFF, 0xFF, 0xFF, 0xFF, 0xFF, 0xFC, 0xFF, 0xFF, 0xFF, 0xFF, 0xFF, 0xD0, 0xFF, 0xFF, 0x01,
  0x00, 0x00, 0x00, 0xFF, 0xFF, 0x01, 0x00, 0x00, 0x00, 0x00, 0x00, 0x00, 0x00, 0x00, 0x00, 0xFF,
  0xFF, 0x01, 0x00, 0x00, 0x00, 0xFF, 0xFF, 0x0C, 0xFF, 0xFF, 0xE0, 0xFF, 0xFF, 0xFF, 0xFF, 0xFF,
  0xFE, 0xFF, 0xFF, 0xFF, 0xFF, 0xFF, 0xFD, 0xFF, 0xFF, 0xFF, 0xFF, 0xFF, 0xE3, 0xFF, 0xFF, 0x17,
  0xFF, 0xFF, 0x71, 0xFF, 0xFF, 0xFF, 0xFF, 0xFF, 0xFB, 0xFF, 0xFF, 0xFF, 0xFF, 0xFF, 0xFF, 0xFF,
  0xFF, 0xFC, 0xFF, 0xFF, 0xFF, 0xFF, 0xFF, 0x90, 0x00, 0x00, 0x00, 0xFF, 0xFF, 0x02, 0x00, 0x00,
  0x00, 0x00, 0x00, 0x00, 0x00, 0x00, 0x00, 0x00, 0x00, 0x00, 0x00, 0x00, 0x00, 0x00, 0x00, 0x00,
  0x00, 0x00, 0x00, 0x00, 0x00, 0x00, 0x00, 0x00, 0x00, 0xFF, 0xFF, 0x02, 0x00, 0x00, 0x00, 0xFF,
  0xFF, 0x35, 0xFF, 0xFF, 0xF2, 0xFF, 0xFF, 0xFF, 0xFF, 0xFF, 0xFE, 0xFF, 0xFF, 0xFF, 0xFF, 0xFF,
  0xFD, 0xFF, 0xFF, 0xFF, 0xFF, 0xFF, 0xC6, 0xFF, 0xFF, 0x12, 0x00, 0x00, 0x00, 0xFF, 0xFF, 0x02,
  0xFF, 0xFF, 0x01, 0x00, 0x00, 0x00, 0xFF, 0xFF, 0x70, 0xFF, 0xFF, 0xFF, 0xFF, 0xFF, 0xFF, 0xFF,
  0xFF, 0xFF, 0xFF, 0xFF, 0xFE, 0xFF, 0xFF, 0xFF, 0xFF, 0xFF, 0xFF, 0xFF, 0xFF, 0x73, 0x00, 0x00,
  0x00, 0xFF, 0xFF, 0x02, 0xFF, 0xFF, 0x02, 0x00, 0x00, 0x00, 0xFF, 0xFF, 0x1F, 0xFF, 0xFF, 0xD8,
  0xFF, 0xFF, 0xFE, 0xFF, 0xFF, 0xFD, 0xFF, 0xFF, 0xFF, 0xFF, 0xFF, 0xFF, 0xFF, 0xFF, 0xFE, 0xFF,
  0xFF, 0xFF, 0xFF, 0xFF, 0xEB, 0xFF, 0xFF, 0x69, 0xFF, 0xFF, 0x0D, 0x00, 0x00, 0x00, 0x00, 0x00,
  0x00, 0x00, 0x00, 0x00, 0xFF, 0xFF, 0x1A, 0xFF, 0xFF, 0x94, 0xFF, 0xFF, 0xFC, 0xFF, 0xFF, 0xFD,
  0xFF, 0xFF, 0xFF, 0xFF, 0xFF, 0xFF, 0xFF, 0xFF, 0xFF, 0xFF, 0xFF, 0xFF, 0xFF, 0xFF, 0xFD, 0xFF,
  0xFF, 0xFF, 0xFF, 0xFF, 0x6C, 0x00, 0x00, 0x00, 0xFF, 0xFF, 0x02, 0xFF, 0xFF, 0x02, 0x00, 0x00,
  0x00, 0xFF, 0xFF, 0x27, 0xFF, 0xFF, 0xEE, 0xFF, 0xFF, 0xFF, 0xFF, 0xFF, 0xFE, 0xFF, 0xFF, 0xFF,
  0xFF, 0xFF, 0xFC, 0xFF, 0xFF, 0xFF, 0xFF, 0xFF, 0xD0, 0xFF, 0xFF, 0x01, 0x00, 0x00, 0x00, 0xFF,
  0xFF, 0x01, 0x00, 0x00, 0x00, 0x00, 0x00, 0x00, 0x00, 0x00, 0x00, 0xFF, 0xFF, 0x01, 0x00, 0x00,
  0x00, 0xFF, 0xFF, 0x0C, 0xFF, 0xFF, 0xE0, 0xFF, 0xFF, 0xFF, 0xFF, 0xFF, 0xFE, 0xFF, 0xFF, 0xFF,
  0xFF, 0xFF, 0xFD, 0xFF, 0xFF, 0xFF, 0xFF, 0xFF, 0xE3, 0xFF, 0xFF, 0x17, 0xFF, 0xFF, 0x71, 0xFF,
  0xFF, 0xFF, 0xFF, 0xFF, 0xFB, 0xFF, 0xFF, 0xFF, 0xFF, 0xFF, 0xFF, 0xFF, 0xFF, 0xFC, 0xFF, 0xFF,
  0xFF, 0xFF, 0xFF, 0x90, 0x00, 0x00, 0x00, 0xFF, 0xFF, 0x02, 0x00, 0x00, 0x00, 0x00, 0x00, 0x00,
  0x00, 0x00, 0x00, 0x00, 0x00, 0x00, 0x00, 0x00, 0x00, 0x00, 0x00, 0x00, 0x00, 0x00, 0x00, 0x00,
  0x00, 0x00, 0x00, 0x00, 0x00, 0xFF, 0xFF, 0x02, 0x00, 0x00, 0x00, 0xFF, 0xFF, 0x35, 0xFF, 0xFF,
  0xF2, 0xFF, 0xFF, 0xFF, 0xFF, 0xFF, 0xFE, 0xFF, 0xFF, 0xFF, 0xFF, 0xFF, 0xFD, 0xFF, 0xFF, 0xFF,
  0xFF, 0xFF, 0xC6, 0xFF, 0xFF, 0x12, 0x00, 0x00, 0x00, 0xFF, 0xFF, 0x02, 0xFF, 0xFF, 0x01, 0x00,
  0x00, 0x00, 0xFF, 0xFF, 0x70, 0xFF, 0xFF, 0xFF, 0xFF, 0xFF, 0xFF, 0xFF, 0xFF, 0xFF, 0xFF, 0xFF,
  0xFE, 0xFF, 0xFF, 0xFF, 0xFF, 0xFF, 0xFF, 0xFF, 0xFF, 0x73, 0x00, 0x00, 0x00, 0xFF, 0xFF, 0x02,
  0x00, 0x00, 0x00, 0xFF, 0xFF, 0x01, 0x00, 0x00, 0x00, 0xFF, 0xFF, 0x7E, 0xFF, 0xFF, 0xFF, 0xFF,
  0xFF, 0xFD, 0xFF, 0xFF, 0xFF, 0xFF, 0xFF, 0xFF, 0xFF, 0xFF, 0xFF, 0xFF, 0xFF, 0xFE, 0xFF, 0xFF,
  0xFF, 0xFF, 0xFF, 0xFB, 0xFF, 0xFF, 0xC4, 0xFF, 0xFF, 0x8F, 0xFF, 0xFF, 0x84, 0xFF, 0xFF, 0x96,
  0xFF, 0xFF, 0xD0, 0xFF, 0xFF, 0xFF, 0xFF, 0xFF, 0xFF, 0xFF, 0xFF, 0xFF, 0xFF, 0xFF, 0xFF, 0xFF,
  0xFF, 0xFF, 0xFF, 0xFF, 0xFF, 0xFF, 0xFF, 0xFF, 0xFF, 0xFF, 0xFD, 0xFF, 0xFF, 0xFF, 0xFF, 0xFF,
  0x6C, 0x00, 0x00, 0x00, 0xFF, 0xFF, 0x02, 0xFF, 0xFF, 0x02, 0x00, 0x00, 0x00, 0xFF, 0xFF, 0x27,
  0xFF, 0xFF, 0xEE, 0xFF, 0xFF, 0xFF, 0xFF, 0xFF, 0xFE, 0xFF, 0xFF, 0xFF, 0xFF, 0xFF, 0xFC, 0xFF,
  0xFF, 0xFF, 0xFF, 0xFF, 0xD0, 0xFF, 0xFF, 0x01, 0x00, 0x00, 0x00, 0xFF, 0xFF, 0x01, 0x00, 0x00,
  0x00, 0x00, 0x00, 0x00, 0x00, 0x00, 0x00, 0xFF, 0xFF, 0x01, 0x00, 0x00, 0x00, 0xFF, 0xFF, 0x0C,
  0xFF, 0xFF, 0xE0, 0xFF, 0xFF, 0xFF, 0xFF, 0xFF, 0xFE, 0xFF, 0xFF, 0xFF, 0xFF, 0xFF, 0xFD, 0xFF,
  0xFF, 0xFF, 0xFF, 0xFF, 0xE3, 0xFF, 0xFF, 0x17, 0xFF, 0xFF, 0x71, 0xFF, 0xFF, 0xFF, 0xFF, 0xFF,
  0xFB, 0xFF, 0xFF, 0xFF, 0xFF, 0xFF, 0xFF, 0xFF, 0xFF, 0xFC, 0xFF, 0xFF, 0xFF, 0xFF, 0xFF, 0x90,
  0x00, 0x00, 0x00, 0xFF, 0xFF, 0x02, 0x00, 0x00, 0x00, 0x00, 0x00, 0x00, 0x00, 0x00, 0x00, 0x00,
  0x00, 0x00, 0x00, 0x00, 0x00, 0x00, 0x00, 0x00, 0x00, 0x00, 0x00, 0x00, 0x00, 0x00, 0x00, 0x00,
  0x00, 0xFF, 0xFF, 0x02, 0x00, 0x00, 0x00, 0xFF, 0xFF, 0x35, 0xFF, 0xFF, 0xF2, 0xFF, 0xFF, 0xFF,
  0xFF, 0xFF, 0xFE, 0xFF, 0xFF, 0xFF, 0xFF, 0xFF, 0xFD, 0xFF, 0xFF, 0xFF, 0xFF, 0xFF, 0xC6, 0xFF,
  0xFF, 0x12, 0x00, 0x00, 0x00, 0xFF, 0xFF, 0x02, 0xFF, 0xFF, 0x01, 0x00, 0x00, 0x00, 0xFF, 0xFF,
  0x70, 0xFF, 0xFF, 0xFF, 0xFF, 0xFF, 0xFF, 0xFF, 0xFF, 0xFF, 0xFF, 0xFF, 0xFE, 0xFF, 0xFF, 0xFF,
  0xFF, 0xFF, 0xFF, 0xFF, 0xFF, 0x73, 0x00, 0x00, 0x00, 0xFF, 0xFF, 0x02, 0x00, 0x00, 0x00, 0xFF,
  0xFF, 0x02, 0x00, 0x00, 0x00, 0xFF, 0xFF, 0x1E, 0xFF, 0xFF, 0xD0, 0xFF, 0xFF, 0xFF, 0xFF, 0xFF,
  0xFC, 0xFF, 0xFF, 0xFF, 0xFF, 0xFF, 0xFF, 0xFF, 0xFF, 0xFF, 0xFF, 0xFF, 0xFE, 0xFF, 0xFF, 0xFF,
  0xFF, 0xFF, 0xFF, 0xFF, 0xFF, 0xFF, 0xFF, 0xFF, 0xFF, 0xFF, 0xFF, 0xFF, 0xFF, 0xFF, 0xFF, 0xFF,
  0xFF, 0xFD, 0xFF, 0xFF, 0xF6, 0xFF, 0xFF, 0xE0, 0xFF, 0xFF, 0xFD, 0xFF, 0xFF, 0xFF, 0xFF, 0xFF,
  0xFF, 0xFF, 0xFF, 0xFF, 0xFF, 0xFF, 0xFD, 0xFF, 0xFF, 0xFF, 0xFF, 0xFF, 0x6C, 0x00, 0x00, 0x00,
  0xFF, 0xFF, 0x02, 0xFF, 0xFF, 0x02, 0x00, 0x00, 0x00, 0xFF, 0xFF, 0x27, 0xFF, 0xFF, 0xEE, 0xFF,
  0xFF, 0xFF, 0xFF, 0xFF, 0xFE, 0xFF, 0xFF, 0xFF, 0xFF, 0xFF, 0xFC, 0xFF, 0xFF, 0xFF, 0xFF, 0xFF,
  0xD0, 0xFF, 0xFF, 0x01, 0x00, 0x00, 0x00, 0xFF, 0xFF, 0x01, 0x00, 0x00, 0x00, 0x00, 0x00, 0x00,
  0x00, 0x00, 0x00, 0xFF, 0xFF, 0x01, 0x00, 0x00, 0x00, 0xFF, 0xFF, 0x0C, 0xFF, 0xFF, 0xE0, 0xFF,
  0xFF, 0xFF, 0xFF, 0xFF, 0xFE, 0xFF, 0xFF, 0xFF, 0xFF, 0xFF, 0xFD, 0xFF, 0xFF, 0xFF, 0xFF, 0xFF,
  0xE3, 0xFF, 0xFF, 0x17, 0xFF, 0xFF, 0x71, 0xFF, 0xFF, 0xFF, 0xFF, 0xFF, 0xFB, 0xFF, 0xFF, 0xFF,
  0xFF, 0xFF, 0xFF, 0xFF, 0xFF, 0xFC, 0xFF, 0xFF, 0xFF, 0xFF, 0xFF, 0x90, 0x00, 0x00, 0x00, 0xFF,
  0xFF, 0x02, 0x00, 0x00, 0x00, 0x00, 0x00, 0x00, 0x00, 0x00, 0x00, 0x00, 0x00, 0x00, 0x00, 0x00,
  0x00, 0x00, 0x00, 0x00, 0x00, 0x00, 0x00, 0x00, 0x00, 0x00, 0x00, 0x00, 0x00, 0xFF, 0xFF, 0x02,
  0x00, 0x00, 0x00, 0xFF, 0xFF, 0x35, 0xFF, 0xFF, 0xF2, 0xFF, 0xFF, 0xFF, 0xFF, 0xFF, 0xFE, 0xFF,
  0xFF, 0xFF, 0xFF, 0xFF, 0xFD, 0xFF, 0xFF, 0xFF, 0xFF, 0xFF, 0xC6, 0xFF, 0xFF, 0x12, 0x00, 0x00,
  0x00, 0xFF, 0xFF, 0x02, 0xFF, 0xFF, 0x01, 0x00, 0x00, 0x00, 0xFF, 0xFF, 0x70, 0xFF, 0xFF, 0xFF,
  0xFF, 0xFF, 0xFF, 0xFF, 0xFF, 0xFF, 0xFF, 0xFF, 0xFE, 0xFF, 0xFF, 0xFF, 0xFF, 0xFF, 0xFF, 0xFF,
  0xFF, 0x73, 0x00, 0x00, 0x00, 0xFF, 0xFF, 0x02, 0x00, 0x00, 0x00, 0x00, 0x00, 0x00, 0xFF, 0xFF,
  0x02, 0x00, 0x00, 0x00, 0xFF, 0xFF, 0x47, 0xFF, 0xFF, 0xEA, 0xFF, 0xFF, 0xFF, 0xFF, 0xFF, 0xFC,
  0xFF, 0xFF, 0xFE, 0xFF, 0xFF, 0xFF, 0xFF, 0xFF, 0xFF, 0xFF, 0xFF, 0xFE, 0xFF, 0xFF, 0xFD, 0xFF,
  0xFF, 0xFD, 0xFF, 0xFF, 0xFD, 0xFF, 0xFF, 0xFC, 0xFF, 0xFF, 0xFA, 0xFF, 0xFF, 0xFF, 0xFF, 0xFF,
  0xB1, 0xFF, 0xFF, 0x83, 0xFF, 0xFF, 0xFE, 0xFF, 0xFF, 0xFF, 0xFF, 0xFF, 0xFF, 0xFF, 0xFF, 0xFF,
  0xFF, 0xFF, 0xFD, 0xFF, 0xFF, 0xFF, 0xFF, 0xFF, 0x6C, 0x00, 0x00, 0x00, 0xFF, 0xFF, 0x02, 0xFF,
  0xFF, 0x02, 0x00, 0x00, 0x00, 0xFF, 0xFF, 0x27, 0xFF, 0xFF, 0xEE, 0xFF, 0xFF, 0xFF, 0xFF, 0xFF,
  0xFE, 0xFF, 0xFF, 0xFF, 0xFF, 0xFF, 0xFC, 0xFF, 0xFF, 0xFF, 0xFF, 0xFF, 0xD0, 0xFF, 0xFF, 0x01,
  0x00, 0x00, 0x00, 0xFF, 0xFF, 0x01, 0x00, 0x00, 0x00, 0x00, 0x00, 0x00, 0x00, 0x00, 0x00, 0xFF,
  0xFF, 0x01, 0x00, 0x00, 0x00, 0xFF, 0xFF, 0x0C, 0xFF, 0xFF, 0xE0, 0xFF, 0xFF, 0xFF, 0xFF, 0xFF,
  0xFE, 0xFF, 0xFF, 0xFF, 0xFF, 0xFF, 0xFD, 0xFF, 0xFF, 0xFF, 0xFF, 0xFF, 0xE3, 0xFF, 0xFF, 0x17,
  0xFF, 0xFF, 0x70, 0xFF, 0xFF, 0xFD, 0xFF, 0xFF, 0xF9, 0xFF, 0xFF, 0xFD, 0xFF, 0xFF, 0xFD, 0xFF,
  0xFF, 0xFA, 0xFF, 0xFF, 0xFD, 0xFF, 0xFF, 0x8F, 0x00, 0x00, 0x00, 0xFF, 0xFF, 0x02, 0x00, 0x00,
  0x00, 0x00, 0x00, 0x00, 0x00, 0x00, 0x00, 0x00, 0x00, 0x00, 0x00, 0x00, 0x00, 0x00, 0x00, 0x00,
  0x00, 0x00, 0x00, 0x00, 0x00, 0x00, 0x00, 0x00, 0x00, 0xFF, 0xFF, 0x02, 0x00, 0x00, 0x00, 0xFF,
  0xFF, 0x35, 0xFF, 0xFF, 0xF0, 0xFF, 0xFF, 0xFD, 0xFF, 0xFF, 0xFC, 0xFF, 0xFF, 0xFD, 0xFF, 0xFF,
  0xFB, 0xFF, 0xFF, 0xFD, 0xFF, 0xFF, 0xC5, 0xFF, 0xFF, 0x12, 0x00, 0x00, 0x00, 0xFF, 0xFF, 0x02,
  0xFF, 0xFF, 0x01, 0x00, 0x00, 0x00, 0xFF, 0xFF, 0x6F, 0xFF, 0xFF, 0xFD, 0xFF, 0xFF, 0xFD, 0xFF,
  0xFF, 0xFD, 0xFF, 0xFF, 0xFC, 0xFF, 0xFF, 0xFD, 0xFF, 0xFF, 0xFD, 0xFF, 0xFF, 0x72, 0x00, 0x00,
  0x00, 0xFF, 0xFF, 0x02, 0x00, 0x00, 0x00, 0x00, 0x00, 0x00, 0x00, 0x00, 0x00, 0xFF, 0xFF, 0x01,
  0x00, 0x00, 0x00, 0xFF, 0xFF, 0x4D, 0xFF, 0xFF, 0xD4, 0xFF, 0xFF, 0xFF, 0xFF, 0xFF, 0xFF, 0xFF,
  0xFF, 0xFE, 0xFF, 0xFF, 0xFD, 0xFF, 0xFF, 0xFC, 0xFF, 0xFF, 0xFC, 0xFF, 0xFF, 0xFC, 0xFF, 0xFF,
  0xFD, 0xFF, 0xFF, 0xFF, 0xFF, 0xFF, 0xFF, 0xFF, 0xFF, 0xCC, 0xFF, 0xFF, 0x21, 0xFF, 0xFF, 0x6F,
  0xFF, 0xFF, 0xFF, 0xFF, 0xFF, 0xFE, 0xFF, 0xFF, 0xFF, 0xFF, 0xFF, 0xFF, 0xFF, 0xFF, 0xFD, 0xFF,
  0xFF, 0xFF, 0xFF, 0xFF, 0x6C, 0x00, 0x00, 0x00, 0xFF, 0xFF, 0x02, 0xFF, 0xFF, 0x02, 0x00, 0x00,
  0x00, 0xFF, 0xFF, 0x27, 0xFF, 0xFF, 0xEC, 0xFF, 0xFF, 0xFD, 0xFF, 0xFF, 0xFC, 0xFF, 0xFF, 0xFD,
  0xFF, 0xFF, 0xFA, 0xFF, 0xFF, 0xFD, 0xFF, 0xFF, 0xCF, 0xFF, 0xFF, 0x01, 0x00, 0x00, 0x00, 0xFF,
  0xFF, 0x01, 0x00, 0x00, 0x00, 0x00, 0x00, 0x00, 0x00, 0x00, 0x00, 0xFF, 0xFF, 0x01, 0x00, 0x00,
  0x00, 0xFF, 0xFF, 0x0C, 0xFF, 0xFF, 0xDF, 0xFF, 0xFF, 0xFD, 0xFF, 0xFF, 0xFC, 0xFF, 0xFF, 0xFD,
  0xFF, 0xFF, 0xFB, 0xFF, 0xFF, 0xFD, 0xFF, 0xFF, 0xE1, 0xFF, 0xFF, 0x17, 0xFF, 0xFF, 0x74, 0xFF,
  0xFF, 0xFF, 0xFF, 0xFF, 0xFF, 0xFF, 0xFF, 0xFF, 0xFF, 0xFF, 0xFF, 0xFF, 0xFF, 0xFF, 0xFF, 0xFF,
  0xFF, 0xFF, 0xFF, 0x93, 0x00, 0x00, 0x00, 0xFF, 0xFF, 0x02, 0x00, 0x00, 0x00, 0x00, 0x00, 0x00,
  0x00, 0x00, 0x00, 0x00, 0x00, 0x00, 0x00, 0x00, 0x00, 0x00, 0x00, 0x00, 0x00, 0x00, 0x00, 0x00,
  0x00, 0x00, 0x00, 0x00, 0x00, 0xFF, 0xFF, 0x02, 0x00, 0x00, 0x00, 0xFF, 0xFF, 0x36, 0xFF, 0xFF,
  0xF8, 0xFF, 0xFF, 0xFF, 0xFF, 0xFF, 0xFF, 0xFF, 0xFF, 0xFF, 0xFF, 0xFF, 0xFF, 0xFF, 0xFF, 0xFF,
  0xFF, 0xFF, 0xCB, 0xFF, 0xFF, 0x12, 0x00, 0x00, 0x00, 0xFF, 0xFF, 0x02, 0xFF, 0xFF, 0x01, 0x00,
  0x00, 0x00, 0xFF, 0xFF, 0x73, 0xFF, 0xFF, 0xFF, 0xFF, 0xFF, 0xFF, 0xFF, 0xFF, 0xFF, 0xFF, 0xFF,
  0xFF, 0xFF, 0xFF, 0xFF, 0xFF, 0xFF, 0xFF, 0xFF, 0xFF, 0x76, 0x00, 0x00, 0x00, 0xFF, 0xFF, 0x02,
  0x00, 0x00, 0x00, 0x00, 0x00, 0x00, 0x00, 0x00, 0x00, 0x00, 0x00, 0x00, 0xFF, 0xFF, 0x01, 0x00,
  0x00, 0x00, 0xFF, 0xFF, 0x25, 0xFF, 0xFF, 0x8D, 0xFF, 0xFF, 0xE2, 0xFF, 0xFF, 0xFF, 0xFF, 0xFF,
  0xFF, 0xFF, 0xFF, 0xFF, 0xFF, 0xFF, 0xFF, 0xFF, 0xFF, 0xFF, 0xFF, 0xFF, 0xFF, 0xFF, 0xFF, 0xED,
  0xFF, 0xFF, 0x9A, 0xFF, 0xFF, 0x27, 0x00, 0x00, 0x00, 0xFF, 0xFF, 0x76, 0xFF, 0xFF, 0xFF, 0xFF,
  0xFF, 0xFE, 0xFF, 0xFF, 0xFF, 0xFF, 0xFF, 0xFF, 0xFF, 0xFF, 0xFD, 0xFF, 0xFF, 0xFF, 0xFF, 0xFF,
  0x6C, 0x00, 0x00, 0x00, 0xFF, 0xFF, 0x02, 0xFF, 0xFF, 0x02, 0x00, 0x00, 0x00, 0xFF, 0xFF, 0x28,
  0xFF, 0xFF, 0xF3, 0xFF, 0xFF, 0xFF, 0xFF, 0xFF, 0xFF, 0xFF, 0xFF, 0xFF, 0xFF, 0xFF, 0xFF, 0xFF,
  0xFF, 0xFF, 0xFF, 0xFF, 0xD5, 0xFF, 0xFF, 0x01, 0x00, 0x00, 0x00, 0xFF, 0xFF, 0x01, 0x00, 0x00,
  0x00, 0x00, 0x00, 0x00, 0x00, 0x00, 0x00, 0xFF, 0xFF, 0x01, 0x00, 0x00, 0x00, 0xFF, 0xFF, 0x0C,
  0xFF, 0xFF, 0xE5, 0xFF, 0xFF, 0xFF, 0xFF, 0xFF, 0xFF, 0xFF, 0xFF, 0xFF, 0xFF, 0xFF, 0xFF, 0xFF,
  0xFF, 0xFF, 0xFF, 0xFF, 0xE8, 0xFF, 0xFF, 0x18, 0xFF, 0xFF, 0x63, 0xFF, 0xFF, 0xE5, 0xFF, 0xFF,
  0xDD, 0xFF, 0xFF, 0xE1, 0xFF, 0xFF, 0xE1, 0xFF, 0xFF, 0xDE, 0xFF, 0xFF, 0xE4, 0xFF, 0xFF, 0x7F,
  0x00, 0x00, 0x00, 0xFF, 0xFF, 0x02, 0x00, 0x00, 0x00, 0x00, 0x00, 0x00, 0x00, 0x00, 0x00, 0x00,
  0x00, 0x00, 0x00, 0x00, 0x00, 0x00, 0x00, 0x00, 0x00, 0x00, 0x00, 0x00, 0x00, 0x00, 0x00, 0x00,
  0x00, 0xFF, 0xFF, 0x02, 0x00, 0x00, 0x00, 0xFF, 0xFF, 0x2F, 0xFF, 0xFF, 0xD5, 0xFF, 0xFF, 0xE1,
  0xFF, 0xFF, 0xE0, 0xFF, 0xFF, 0xE1, 0xFF, 0xFF, 0xDF, 0xFF, 0xFF, 0xE2, 0xFF, 0xFF, 0xAF, 0xFF,
  0xFF, 0x10, 0x00, 0x00, 0x00, 0xFF, 0xFF, 0x02, 0xFF, 0xFF, 0x01, 0x00, 0x00, 0x00, 0xFF, 0xFF,
  0x62, 0xFF, 0xFF, 0xE1, 0xFF, 0xFF, 0xE1, 0xFF, 0xFF, 0xE1, 0xFF, 0xFF, 0xE0, 0xFF, 0xFF, 0xE1,
  0xFF, 0xFF, 0xE1, 0xFF, 0xFF, 0x65, 0x00, 0x00, 0x00, 0xFF, 0xFF, 0x02, 0x00, 0x00, 0x00, 0x00,
  0x00, 0x00, 0x00, 0x00, 0x00, 0x00, 0x00, 0x00, 0x00, 0x00, 0x00, 0xFF, 0xFF, 0x02, 0x00, 0x00,
  0x00, 0x00, 0x00, 0x00, 0xFF, 0xFF, 0x23, 0xFF, 0xFF, 0x59, 0xFF, 0xFF, 0x89, 0xFF, 0xFF, 0xA0,
  0xFF, 0xFF, 0xA8, 0xFF, 0xFF, 0x99, 0xFF, 0xFF, 0x6D, 0xFF, 0xFF, 0x30, 0x00, 0x00, 0x00, 0x00,
  0x00, 0x00, 0xFF, 0xFF, 0x01, 0xFF, 0xFF, 0x74, 0xFF, 0xFF, 0xFF, 0xFF, 0xFF, 0xFE, 0xFF, 0xFF,
  0xFF, 0xFF, 0xFF, 0xFF, 0xFF, 0xFF, 0xFD, 0xFF, 0xFF, 0xFF, 0xFF, 0xFF, 0x6C, 0x00, 0x00, 0x00,
  0xFF, 0xFF, 0x02, 0xFF, 0xFF, 0x02, 0x00, 0x00, 0x00, 0xFF, 0xFF, 0x22, 0xFF, 0xFF, 0xD2, 0xFF,
  0xFF, 0xE1, 0xFF, 0xFF, 0xE0, 0xFF, 0xFF, 0xE1, 0xFF, 0xFF, 0xDE, 0xFF, 0xFF, 0xE4, 0xFF, 0xFF,
  0xB7, 0xFF, 0xFF, 0x01, 0x00, 0x00, 0x00, 0xFF, 0xFF, 0x01, 0x00, 0x00, 0x00, 0x00, 0x00, 0x00,
  0x00, 0x00, 0x00, 0xFF, 0xFF, 0x01, 0x00, 0x00, 0x00, 0xFF, 0xFF, 0x0B, 0xFF, 0xFF, 0xC5, 0xFF,
  0xFF, 0xE2, 0xFF, 0xFF, 0xE0, 0xFF, 0xFF, 0xE1, 0xFF, 0xFF, 0xDF, 0xFF, 0xFF, 0xE2, 0xFF, 0xFF,
  0xC8, 0xFF, 0xFF, 0x14, 0xFF, 0xFF, 0x11, 0xFF, 0xFF, 0x2A, 0xFF, 0xFF, 0x25, 0xFF, 0xFF, 0x26,
  0xFF, 0xFF, 0x26, 0xFF, 0xFF, 0x25, 0xFF, 0xFF, 0x29, 0xFF, 0xFF, 0x15, 0x00, 0x00, 0x00, 0x00,
  0x00, 0x00, 0x00, 0x00, 0x00, 0x00, 0x00, 0x00, 0x00, 0x00, 0x00, 0x00, 0x00, 0x00, 0x00, 0x00,
  0x00, 0x00, 0x00, 0x00, 0x00, 0x00, 0x00, 0x00, 0x00, 0x00, 0x00, 0x00, 0x00, 0x00, 0x00, 0x00,
  0x00, 0x00, 0x00, 0xFF, 0xFF, 0x08, 0xFF, 0xFF, 0x24, 0xFF, 0xFF, 0x26, 0xFF, 0xFF, 0x25, 0xFF,
  0xFF, 0x26, 0xFF, 0xFF, 0x25, 0xFF, 0xFF, 0x27, 0xFF, 0xFF, 0x1D, 0xFF, 0xFF, 0x03, 0x00, 0x00,
  0x00, 0x00, 0x00, 0x00, 0x00, 0x00, 0x00, 0x00, 0x00, 0x00, 0xFF, 0xFF, 0x10, 0xFF, 0xFF, 0x26,
  0xFF, 0xFF, 0x26, 0xFF, 0xFF, 0x26, 0xFF, 0xFF, 0x26, 0xFF, 0xFF, 0x26, 0xFF, 0xFF, 0x26, 0xFF,
  0xFF, 0x11, 0x00, 0x00, 0x00, 0x00, 0x00, 0x00, 0x00, 0x00, 0x00, 0x00, 0x00, 0x00, 0x00, 0x00,
  0x00, 0xFF, 0xFF, 0x02, 0xFF, 0xFF, 0x03, 0xFF, 0xFF, 0x04, 0xFF, 0xFF, 0x03, 0xFF, 0xFF, 0x01,
  0x00, 0x00, 0x00, 0x00, 0x00, 0x00, 0x00, 0x00, 0x00, 0x00, 0x00, 0x00, 0x00, 0x00, 0x00, 0x00,
  0x00, 0x00, 0x00, 0x00, 0x00, 0x00, 0x00, 0x00, 0x00, 0x00, 0x00, 0xFF, 0xFF, 0x04, 0x00, 0x00,
  0x00, 0xFF, 0xFF, 0x74, 0xFF, 0xFF, 0xFF, 0xFF, 0xFF, 0xFE, 0xFF, 0xFF, 0xFF, 0xFF, 0xFF, 0xFF,
  0xFF, 0xFF, 0xFD, 0xFF, 0xFF, 0xFF, 0xFF, 0xFF, 0x6E, 0x00, 0x00, 0x00, 0xFF, 0xFF, 0x02, 0x00,
  0x00, 0x00, 0x00, 0x00, 0x00, 0xFF, 0xFF, 0x06, 0xFF, 0xFF, 0x23, 0xFF, 0xFF, 0x26, 0xFF, 0xFF,
  0x25, 0xFF, 0xFF, 0x26, 0xFF, 0xFF, 0x25, 0xFF, 0xFF, 0x28, 0xFF, 0xFF, 0x1F, 0x00, 0x00, 0x00,
  0x00, 0x00, 0x00, 0x00, 0x00, 0x00, 0x00, 0x00, 0x00, 0x00, 0x00, 0x00, 0x00, 0x00, 0x00, 0x00,
  0x00, 0x00, 0x00, 0x00, 0x00, 0xFF, 0xFF, 0x02, 0xFF, 0xFF, 0x21, 0xFF, 0xFF, 0x27, 0xFF, 0xFF,
  0x25, 0xFF, 0xFF, 0x26, 0xFF, 0xFF, 0x25, 0xFF, 0xFF, 0x27, 0xFF, 0xFF, 0x21, 0xFF, 0xFF, 0x04,
  0x00, 0x00, 0x00, 0x00, 0x00, 0x00, 0x00, 0x00, 0x00, 0x00, 0x00, 0x00, 0x00, 0x00, 0x00, 0x00,
  0x00, 0x00, 0x00, 0x00, 0x00, 0x00, 0x00, 0x00, 0x00, 0x00, 0x00, 0x00, 0x00, 0x00, 0x00, 0x00,
  0x00, 0x00, 0x00, 0x00, 0x00, 0x00, 0x00, 0x00, 0x00, 0x00, 0x00, 0x00, 0x00, 0x00, 0x00, 0x00,
  0x00, 0x00, 0x00, 0x00, 0x00, 0x00, 0x00, 0x00, 0x00, 0x00, 0x00, 0x00, 0x00, 0x00, 0x00, 0x00,
  0x00, 0x00, 0x00, 0x00, 0x00, 0x00, 0x00, 0x00, 0x00, 0x00, 0x00, 0x00, 0x00, 0x00, 0x00, 0x00,
  0x00, 0x00, 0x00, 0x00, 0x00, 0x00, 0x00, 0x00, 0x00, 0x00, 0x00, 0x00, 0x00, 0x00, 0x00, 0x00,
  0x00, 0x00, 0x00, 0x00, 0x00, 0x00, 0x00, 0x00, 0x00, 0x00, 0x00, 0x00, 0x00, 0x00, 0x00, 0x00,
  0x00, 0x00, 0x00, 0x00, 0x00, 0x00, 0x00, 0x00, 0x00, 0x00, 0x00, 0x00, 0x00, 0x00, 0x00, 0x00,
  0x00, 0x00, 0x00, 0x00, 0x00, 0x00, 0x00, 0x00, 0x00, 0x00, 0x00, 0x00, 0x00, 0x00, 0x00, 0x00,
  0x00, 0x00, 0x00, 0x00, 0x00, 0x00, 0x00, 0x00, 0x00, 0x00, 0x00, 0x00, 0xFF, 0xFF, 0x08, 0xFF,
  0xFF, 0x01, 0xFF, 0xFF, 0x03, 0xFF, 0xFF, 0x02, 0xFF, 0xFF, 0x01, 0xFF, 0xFF, 0x01, 0xFF, 0xFF,
  0x02, 0xFF, 0xFF, 0x02, 0x00, 0x00, 0x00, 0xFF, 0xFF, 0x04, 0x00, 0x00, 0x00, 0xFF, 0xFF, 0x87,
  0xFF, 0xFF, 0xFF, 0xFF, 0xFF, 0xFD, 0xFF, 0xFF, 0xFF, 0xFF, 0xFF, 0xFF, 0xFF, 0xFF, 0xFD, 0xFF,
  0xFF, 0xFF, 0xFF, 0xFF, 0x5E, 0x00, 0x00, 0x00, 0xFF, 0xFF, 0x02, 0x00, 0x00, 0x00, 0x00, 0x00,
  0x00, 0x00, 0x00, 0x00, 0x00, 0x00, 0x00, 0x00, 0x00, 0x00, 0x00, 0x00, 0x00, 0x00, 0x00, 0x00,
  0x00, 0x00, 0x00, 0x00, 0x00, 0x00, 0x00, 0x00, 0x00, 0x00, 0x00, 0x00, 0x00, 0x00, 0x00, 0x00,
  0x00, 0x00, 0x00, 0x00, 0x00, 0x00, 0x00, 0x00, 0x00, 0x00, 0x00, 0x00, 0x00, 0x00, 0x00, 0x00,
  0x00, 0x00, 0x00, 0x00, 0x00, 0x00, 0x00, 0x00, 0x00, 0x00, 0x00, 0x00, 0x00, 0x00, 0x00, 0x00,
  0x00, 0x00, 0x00, 0x00, 0x00, 0x00, 0x00, 0x00, 0x00, 0x00, 0x00, 0x00, 0xFF, 0xFF, 0x01, 0xFF,
  0xFF, 0x02, 0xFF, 0xFF, 0x02, 0xFF, 0xFF, 0x02, 0xFF, 0xFF, 0x02, 0xFF, 0xFF, 0x02, 0xFF, 0xFF,
  0x02, 0xFF, 0xFF, 0x01, 0x00, 0x00, 0x00, 0x00, 0x00, 0x00, 0x00, 0x00, 0x00, 0x00, 0x00, 0x00,
  0x00, 0x00, 0x00, 0x00, 0x00, 0x00, 0x00, 0x00, 0x00, 0x00, 0x00, 0x00, 0x00, 0x00, 0x00, 0x00,
  0x00, 0x00, 0x00, 0x00, 0x00, 0x00, 0x00, 0x00, 0x00, 0x00, 0x00, 0x00, 0x00, 0x00, 0xFF, 0xFF,
  0x02, 0xFF, 0xFF, 0x02, 0xFF, 0xFF, 0x02, 0xFF, 0xFF, 0x02, 0xFF, 0xFF, 0x02, 0xFF, 0xFF, 0x02,
  0xFF, 0xFF, 0x01, 0x00, 0x00, 0x00, 0x00, 0x00, 0x00, 0x00, 0x00, 0x00, 0x00, 0x00, 0x00, 0x00,
  0x00, 0x00, 0xFF, 0xFF, 0x01, 0xFF, 0xFF, 0x02, 0xFF, 0xFF, 0x02, 0xFF, 0xFF, 0x02, 0xFF, 0xFF,
  0x02, 0xFF, 0xFF, 0x02, 0xFF, 0xFF, 0x02, 0xFF, 0xFF, 0x01, 0x00, 0x00, 0x00, 0x00, 0x00, 0x00,
  0xFF, 0xFF, 0x01, 0x00, 0x00, 0x00, 0xFF, 0xFF, 0x0A, 0xFF, 0xFF, 0x35, 0xFF, 0xFF, 0x52, 0xFF,
  0xFF, 0x6E, 0xFF, 0xFF, 0x8C, 0xFF, 0xFF, 0xA7, 0xFF, 0xFF, 0xC7, 0xFF, 0xFF, 0x67, 0x00, 0x00,
  0x00, 0xFF, 0xFF, 0x03, 0xFF, 0xFF, 0x03, 0xFF, 0xFF, 0x03, 0xFF, 0xFF, 0x02, 0xFF, 0xFF, 0x02,
  0xFF, 0xFF, 0x04, 0x00, 0x00, 0x00, 0xFF, 0xFF, 0x0F, 0xFF, 0xFF, 0xCB, 0xFF, 0xFF, 0xFF, 0xFF,
  0xFF, 0xFD, 0xFF, 0xFF, 0xFF, 0xFF, 0xFF, 0xFF, 0xFF, 0xFF, 0xFE, 0xFF, 0xFF, 0xF9, 0xFF, 0xFF,
  0x41, 0x00, 0x00, 0x00, 0xFF, 0xFF, 0x02, 0x00, 0x00, 0x00, 0x00, 0x00, 0x00, 0x00, 0x00, 0x00,
  0xFF, 0xFF, 0x02, 0xFF, 0xFF, 0x02, 0xFF, 0xFF, 0x02, 0xFF, 0xFF, 0x02, 0xFF, 0xFF, 0x02, 0xFF,
  0xFF, 0x02, 0xFF, 0xFF, 0x01, 0x00, 0x00, 0x00, 0x00, 0x00, 0x00, 0x00, 0x00, 0x00, 0x00, 0x00,
  0x00, 0x00, 0x00, 0x00, 0x00, 0x00, 0x00, 0x00, 0x00, 0x00, 0x00, 0x00, 0x00, 0x00, 0x00, 0x00,
  0xFF, 0xFF, 0x01, 0xFF, 0xFF, 0x02, 0xFF, 0xFF, 0x02, 0xFF, 0xFF, 0x02, 0xFF, 0xFF, 0x02, 0xFF,
  0xFF, 0x02, 0xFF, 0xFF, 0x01, 0x00, 0x00, 0x00, 0x00, 0x00, 0x00, 0x00, 0x00, 0x00, 0x00, 0x00,
  0x00, 0x00, 0x00, 0x00, 0x00, 0x00, 0x00, 0x00, 0x00, 0x00, 0x00, 0x00, 0x00, 0x00, 0x00, 0x00,
  0x00, 0x00, 0x00, 0x00, 0x00, 0x00, 0x00, 0x00, 0x00, 0x00, 0x00, 0x00, 0x00, 0x00, 0x00, 0x00,
  0x00, 0x00, 0x00, 0x00, 0x00, 0x00, 0x00, 0x00, 0x00, 0x00, 0x00, 0x00, 0x00, 0x00, 0x00, 0x00,
  0x00, 0x00, 0x00, 0x00, 0x00, 0x00, 0x00, 0x00, 0x00, 0x00, 0x00, 0x00, 0x00, 0x00, 0x00, 0x00,
  0x00, 0x00, 0x00, 0x00, 0x00, 0x00, 0x00, 0x00, 0x00, 0x00, 0x00, 0x00, 0x00, 0x00, 0x00, 0x00,
  0x00, 0x00, 0x00, 0x00, 0x00, 0x00, 0x00, 0x00, 0x00, 0x00, 0x00, 0x00, 0x00, 0x00, 0x00, 0x00,
  0x00, 0x00, 0x00, 0x00, 0x00, 0x00, 0x00, 0x00, 0x00, 0x00, 0x00, 0x00, 0x00, 0x00, 0x00, 0x00,
  0x00, 0x00, 0x00, 0x00, 0x00, 0x00, 0x00, 0x00, 0x00, 0x00, 0x00, 0x00, 0xFF, 0xFF, 0x02, 0x00,
  0x00, 0x00, 0xFF, 0xFF, 0x1F, 0xFF, 0xFF, 0xCE, 0xFF, 0xFF, 0xFF, 0xFF, 0xFF, 0xFF, 0xFF, 0xFF,
  0xFF, 0xFF, 0xFF, 0xFF, 0xFF, 0xFF, 0xFF, 0xFF, 0xFF, 0xEA, 0xFF, 0xFF, 0x51, 0x00, 0x00, 0x00,
  0x00, 0x00, 0x00, 0x00, 0x00, 0x00, 0x00, 0x00, 0x00, 0x00, 0x00, 0x00, 0x00, 0x00, 0x00, 0xFF,
  0xFF, 0x0C, 0xFF, 0xFF, 0x8B, 0xFF, 0xFF, 0xFF, 0xFF, 0xFF, 0xFF, 0xFF, 0xFF, 0xFE, 0xFF, 0xFF,
  0xFF, 0xFF, 0xFF, 0xFD, 0xFF, 0xFF, 0xFE, 0xFF, 0xFF, 0xD3, 0xFF, 0xFF, 0x18, 0x00, 0x00, 0x00,
  0xFF, 0xFF, 0x01, 0x00, 0x00, 0x00, 0x00, 0x00, 0x00, 0x00, 0x00, 0x00, 0x00, 0x00, 0x00, 0x00,
  0x00, 0x00, 0x00, 0x00, 0x00, 0x00, 0x00, 0x00, 0x00, 0x00, 0x00, 0x00, 0x00, 0x00, 0x00, 0x00,
  0x00, 0x00, 0x00, 0x00, 0x00, 0x00, 0x00, 0x00, 0x00, 0x00, 0x00, 0x00, 0x00, 0x00, 0x00, 0x00,
  0x00, 0x00, 0x00, 0x00, 0x00, 0x00, 0x00, 0x00, 0x00, 0x00, 0x00, 0x00, 0x00, 0x00, 0x00, 0x00,
  0x00, 0x00, 0x00, 0x00, 0x00, 0x00, 0x00, 0x00, 0x00, 0x00, 0x00, 0x00, 0x00, 0x00, 0x00, 0x00,
  0x00, 0x00, 0x00, 0x00, 0x00, 0x00, 0x00, 0x00, 0x00, 0x00, 0x00, 0x00, 0x00, 0x00, 0x00, 0x00,
  0x00, 0x00, 0x00, 0x00, 0x00, 0x00, 0x00, 0x00, 0x00, 0x00, 0x00, 0x00, 0x00, 0x00, 0x00, 0x00,
  0x00, 0x00, 0x00, 0x00, 0x00, 0x00, 0x00, 0x00, 0x00, 0x00, 0x00, 0x00, 0x00, 0x00, 0x00, 0x00,
  0x00, 0x00, 0x00, 0x00, 0x00, 0x00, 0x00, 0x00, 0x00, 0x00, 0x00, 0x00, 0x00, 0x00, 0x00, 0x00,
  0x00, 0x00, 0x00, 0x00, 0x00, 0x00, 0x00, 0x00, 0x00, 0x00, 0x00, 0x00, 0x00, 0x00, 0x00, 0x00,
  0x00, 0x00, 0x00, 0x00, 0x00, 0x00, 0x00, 0x00, 0x00, 0x00, 0x00, 0x00, 0x00, 0x00, 0x00, 0x00,
  0x00, 0x00, 0x00, 0x00, 0x00, 0x00, 0x00, 0x00, 0x00, 0x00, 0x00, 0x00, 0x00, 0x00, 0x00, 0x00,
  0x00, 0x00, 0x00, 0x00, 0x00, 0x00, 0x00, 0x00, 0x00, 0x00, 0x00, 0x00, 0x00, 0x00, 0x00, 0x00,
  0x00, 0x00, 0x00, 0x00, 0x00, 0x00, 0x00, 0x00, 0x00, 0x00, 0x00, 0xFF, 0xFF, 0x01, 0xFF, 0xFF,
  0x04, 0xFF, 0xFF, 0x9A, 0xFF, 0xFF, 0xFF, 0xFF, 0xFF, 0xFA, 0xFF, 0xFF, 0xFC, 0xFF, 0xFF, 0xFD,
  0xFF, 0xFF, 0xFD, 0xFF, 0xFF, 0xFF, 0xFF, 0xFF, 0xF7, 0xFF, 0xFF, 0x9E, 0xFF, 0xFF, 0x54, 0xFF,
  0xFF, 0x2D, 0xFF, 0xFF, 0x24, 0xFF, 0xFF, 0x34, 0xFF, 0xFF, 0x66, 0xFF, 0xFF, 0xBF, 0xFF, 0xFF,
  0xFF, 0xFF, 0xFF, 0xFF, 0xFF, 0xFF, 0xFF, 0xFF, 0xFF, 0xFF, 0xFF, 0xFF, 0xFF, 0xFF, 0xFF, 0xFC,
  0xFF, 0xFF, 0xFF, 0xFF, 0xFF, 0x86, 0x00, 0x00, 0x00, 0xFF, 0xFF, 0x01, 0x00, 0x00, 0x00, 0x00,
  0x00, 0x00, 0x00, 0x00, 0x00, 0x00, 0x00, 0x00, 0x00, 0x00, 0x00, 0x00, 0x00, 0x00, 0x00, 0x00,
  0x00, 0x00, 0x00, 0x00, 0x00, 0x00, 0x00, 0x00, 0x00, 0x00, 0x00, 0x00, 0x00, 0x00, 0x00, 0x00,
  0x00, 0x00, 0x00, 0x00, 0x00, 0x00, 0x00, 0x00, 0x00, 0x00, 0x00, 0x00, 0x00, 0x00, 0x00, 0x00,
  0x00, 0x00, 0x00, 0x00, 0x00, 0x00, 0x00, 0x00, 0x00, 0x00, 0x00, 0x00, 0x00, 0x00, 0x00, 0x00,
  0x00, 0x00, 0x00, 0x00, 0x00, 0x00, 0x00, 0x00, 0x00, 0x00, 0x00, 0x00, 0x00, 0x00, 0x00, 0x00,
  0x00, 0x00, 0x00, 0x00, 0x00, 0x00, 0x00, 0x00, 0x00, 0x00, 0x00, 0x00, 0x00, 0x00, 0x00, 0x00,
  0x00, 0x00, 0x00, 0x00, 0x00, 0x00, 0x00, 0x00, 0x00, 0x00, 0x00, 0x00, 0x00, 0x00, 0x00, 0x00,
  0x00, 0x00, 0x00, 0x00, 0x00, 0x00, 0x00, 0x00, 0x00, 0x00, 0x00, 0x00, 0x00, 0x00, 0x00, 0x00,
  0x00, 0x00, 0x00, 0x00, 0x00, 0x00, 0x00, 0x00, 0x00, 0x00, 0x00, 0x00, 0x00, 0x00, 0x00, 0x00,
  0x00, 0x00, 0x00, 0x00, 0x00, 0x00, 0x00, 0x00, 0x00, 0x00, 0x00, 0x00, 0x00, 0x00, 0x00, 0x00,
  0x00, 0x00, 0x00, 0x00, 0x00, 0x00, 0x00, 0x00, 0x00, 0x00, 0x00, 0x00, 0x00, 0x00, 0x00, 0x00,
  0x00, 0x00, 0x00, 0x00, 0x00, 0x00, 0x00, 0x00, 0x00, 0x00, 0x00, 0x00, 0x00, 0x00, 0x00, 0x00,
  0x00, 0x00, 0x00, 0x00, 0x00, 0x00, 0x00, 0x00, 0x00, 0x00, 0x00, 0x00, 0x00, 0x00, 0x00, 0x00,
  0x00, 0x00, 0x00, 0x00, 0x00, 0x00, 0x00, 0xFF, 0xFF, 0x02, 0x00, 0x00, 0x00, 0xFF, 0xFF, 0x30,
  0xFF, 0xFF, 0xE7, 0xFF, 0xFF, 0xFF, 0xFF, 0xFF, 0xFB, 0xFF, 0xFF, 0xFF, 0xFF, 0xFF, 0xFF, 0xFF,
  0xFF, 0xFE, 0xFF, 0xFF, 0xFF, 0xFF, 0xFF, 0xFF, 0xFF, 0xFF, 0xFF, 0xFF, 0xFF, 0xFC, 0xFF, 0xFF,
  0xF5, 0xFF, 0xFF, 0xFE, 0xFF, 0xFF, 0xFF, 0xFF, 0xFF, 0xFF, 0xFF, 0xFF, 0xFE, 0xFF, 0xFF, 0xFF,
  0xFF, 0xFF, 0xFF, 0xFF, 0xFF, 0xFF, 0xFF, 0xFF, 0xFB, 0xFF, 0xFF, 0xFF, 0xFF, 0xFF, 0xCE, 0xFF,
  0xFF, 0x1B, 0x00, 0x00, 0x00, 0xFF, 0xFF, 0x01, 0x00, 0x00, 0x00, 0x00, 0x00, 0x00, 0x00, 0x00,
  0x00, 0x00, 0x00, 0x00, 0x00, 0x00, 0x00, 0x00, 0x00, 0x00, 0x00, 0x00, 0x00, 0x00, 0x00, 0x00,
  0x00, 0x00, 0x00, 0x00, 0x00, 0x00, 0x00, 0x00, 0x00, 0x00, 0x00, 0x00, 0x00, 0x00, 0x00, 0x00,
  0x00, 0x00, 0x00, 0x00, 0x00, 0x00, 0x00, 0x00, 0x00, 0x00, 0x00, 0x00, 0x00, 0x00, 0x00, 0x00,
  0x00, 0x00, 0x00, 0x00, 0x00, 0x00, 0x00, 0x00, 0x00, 0x00, 0x00, 0x00, 0x00, 0x00, 0x00, 0x00,
  0x00, 0x00, 0x00, 0x00, 0x00, 0x00, 0x00, 0x00, 0x00, 0x00, 0x00, 0x00, 0x00, 0x00, 0x00, 0x00,
  0x00, 0x00, 0x00, 0x00, 0x00, 0x00, 0x00, 0x00, 0x00, 0x00, 0x00, 0x00, 0x00, 0x00, 0x00, 0x00,
  0x00, 0x00, 0x00, 0x00, 0x00, 0x00, 0x00, 0x00, 0x00, 0x00, 0x00, 0x00, 0x00, 0x00, 0x00, 0x00,
  0x00, 0x00, 0x00, 0x00, 0x00, 0x00, 0x00, 0x00, 0x00, 0x00, 0x00, 0x00, 0x00, 0x00, 0x00, 0x00,
  0x00, 0x00, 0x00, 0x00, 0x00, 0x00, 0x00, 0x00, 0x00, 0x00, 0x00, 0x00, 0x00, 0x00, 0x00, 0x00,
  0x00, 0x00, 0x00, 0x00, 0x00, 0x00, 0x00, 0x00, 0x00, 0x00, 0x00, 0x00, 0x00, 0x00, 0x00, 0x00,
  0x00, 0x00, 0x00, 0x00, 0x00, 0x00, 0x00, 0x00, 0x00, 0x00, 0x00, 0x00, 0x00, 0x00, 0x00, 0x00,
  0x00, 0x00, 0x00, 0x00, 0x00, 0x00, 0x00, 0x00, 0x00, 0x00, 0x00, 0x00, 0x00, 0x00, 0x00, 0x00,
  0x00, 0x00, 0x00, 0x00, 0x00, 0x00, 0x00, 0x00, 0x00, 0x00, 0x00, 0x00, 0x00, 0x00, 0x00, 0x00,
  0x00, 0x00, 0x00, 0x00, 0x00, 0x00, 0xFF, 0xFF, 0x01, 0x00, 0x00, 0x00, 0xFF, 0xFF, 0x54, 0xFF,
  0xFF, 0xEF, 0xFF, 0xFF, 0xFF, 0xFF, 0xFF, 0xFB, 0xFF, 0xFF, 0xFD, 0xFF, 0xFF, 0xFF, 0xFF, 0xFF,
  0xFE, 0xFF, 0xFF, 0xFD, 0xFF, 0xFF, 0xFE, 0xFF, 0xFF, 0xFF, 0xFF, 0xFF, 0xFF, 0xFF, 0xFF, 0xFF,
  0xFF, 0xFF, 0xFE, 0xFF, 0xFF, 0xFD, 0xFF, 0xFF, 0xFE, 0xFF, 0xFF, 0xFE, 0xFF, 0xFF, 0xFD, 0xFF,
  0xFF, 0xFB, 0xFF, 0xFF, 0xFF, 0xFF, 0xFF, 0xDD, 0xFF, 0xFF, 0x35, 0x00, 0x00, 0x00, 0xFF, 0xFF,
  0x02, 0x00, 0x00, 0x00, 0x00, 0x00, 0x00, 0x00, 0x00, 0x00, 0x00, 0x00, 0x00, 0x00, 0x00, 0x00,
  0x00, 0x00, 0x00, 0x00, 0x00, 0x00, 0x00, 0x00, 0x00, 0x00, 0x00, 0x00, 0x00, 0x00, 0x00, 0x00,
  0x00, 0x00, 0x00, 0x00, 0x00, 0x00, 0x00, 0x00, 0x00, 0x00, 0x00, 0x00, 0x00, 0x00, 0x00, 0x00,
  0x00, 0x00, 0x00, 0x00, 0x00, 0x00, 0x00, 0x00, 0x00, 0x00, 0x00, 0x00, 0x00, 0x00, 0x00, 0x00,
  0x00, 0x00, 0x00, 0x00, 0x00, 0x00, 0x00, 0x00, 0x00, 0x00, 0x00, 0x00, 0x00, 0x00, 0x00, 0x00,
  0x00, 0x00, 0x00, 0x00, 0x00, 0x00, 0x00, 0x00, 0x00, 0x00, 0x00, 0x00, 0x00, 0x00, 0x00, 0x00,
  0x00, 0x00, 0x00, 0x00, 0x00, 0x00, 0x00, 0x00, 0x00, 0x00, 0x00, 0x00, 0x00, 0x00, 0x00, 0x00,
  0x00, 0x00, 0x00, 0x00, 0x00, 0x00, 0x00, 0x00, 0x00, 0x00, 0x00, 0x00, 0x00, 0x00, 0x00, 0x00,
  0x00, 0x00, 0x00, 0x00, 0x00, 0x00, 0x00, 0x00, 0x00, 0x00, 0x00, 0x00, 0x00, 0x00, 0x00, 0x00,
  0x00, 0x00, 0x00, 0x00, 0x00, 0x00, 0x00, 0x00, 0x00, 0x00, 0x00, 0x00, 0x00, 0x00, 0x00, 0x00,
  0x00, 0x00, 0x00, 0x00, 0x00, 0x00, 0x00, 0x00, 0x00, 0x00, 0x00, 0x00, 0x00, 0x00, 0x00, 0x00,
  0x00, 0x00, 0x00, 0x00, 0x00, 0x00, 0x00, 0x00, 0x00, 0x00, 0x00, 0x00, 0x00, 0x00, 0x00, 0x00,
  0x00, 0x00, 0x00, 0x00, 0x00, 0x00, 0x00, 0x00, 0x00, 0x00, 0x00, 0x00, 0x00, 0x00, 0x00, 0x00,
  0x00, 0x00, 0x00, 0x00, 0x00, 0x00, 0x00, 0x00, 0x00, 0x00, 0x00, 0x00, 0x00, 0x00, 0x00, 0x00,
  0x00, 0x00, 0x00, 0x00, 0x00, 0xFF, 0xFF, 0x02, 0x00, 0x00, 0x00, 0xFF, 0xFF, 0x4A, 0xFF, 0xFF,
  0xDC, 0xFF, 0xFF, 0xFF, 0xFF, 0xFF, 0xFF, 0xFF, 0xFF, 0xFE, 0xFF, 0xFF, 0xFC, 0xFF, 0xFF, 0xFD,
  0xFF, 0xFF, 0xFD, 0xFF, 0xFF, 0xFD, 0xFF, 0xFF, 0xFD, 0xFF, 0xFF, 0xFD, 0xFF, 0xFF, 0xFD, 0xFF,
  0xFF, 0xFC, 0xFF, 0xFF, 0xFC, 0xFF, 0xFF, 0xFF, 0xFF, 0xFF, 0xFF, 0xFF, 0xFF, 0xFF, 0xFF, 0xFF,
  0xBD, 0xFF, 0xFF, 0x2D, 0x00, 0x00, 0x00, 0xFF, 0xFF, 0x02, 0x00, 0x00, 0x00, 0x00, 0x00, 0x00,
  0x00, 0x00, 0x00, 0x00, 0x00, 0x00, 0x00, 0x00, 0x00, 0x00, 0x00, 0x00, 0x00, 0x00, 0x00, 0x00,
  0x00, 0x00, 0x00, 0x00, 0x00, 0x00, 0x00, 0x00, 0x00, 0x00, 0x00, 0x00, 0x00, 0x00, 0x00, 0x00,
  0x00, 0x00, 0x00, 0x00, 0x00, 0x00, 0x00, 0x00, 0x00, 0x00, 0x00, 0x00, 0x00, 0x00, 0x00, 0x00,
  0x00, 0x00, 0x00, 0x00, 0x00, 0x00, 0x00, 0x00, 0x00, 0x00, 0x00, 0x00, 0x00, 0x00, 0x00, 0x00,
  0x00, 0x00, 0x00, 0x00, 0x00, 0x00, 0x00, 0x00, 0x00, 0x00, 0x00, 0x00, 0x00, 0x00, 0x00, 0x00,
  0x00, 0x00, 0x00, 0x00, 0x00, 0x00, 0x00, 0x00, 0x00, 0x00, 0x00, 0x00, 0x00, 0x00, 0x00, 0x00,
  0x00, 0x00, 0x00, 0x00, 0x00, 0x00, 0x00, 0x00, 0x00, 0x00, 0x00, 0x00, 0x00, 0x00, 0x00, 0x00,
  0x00, 0x00, 0x00, 0x00, 0x00, 0x00, 0x00, 0x00, 0x00, 0x00, 0x00, 0x00, 0x00, 0x00, 0x00, 0x00,
  0x00, 0x00, 0x00, 0x00, 0x00, 0x00, 0x00, 0x00, 0x00, 0x00, 0x00, 0x00, 0x00, 0x00, 0x00, 0x00,
  0x00, 0x00, 0x00, 0x00, 0x00, 0x00, 0x00, 0x00, 0x00, 0x00, 0x00, 0x00, 0x00, 0x00, 0x00, 0x00,
  0x00, 0x00, 0x00, 0x00, 0x00, 0x00, 0x00, 0x00, 0x00, 0x00, 0x00, 0x00, 0x00, 0x00, 0x00, 0x00,
  0x00, 0x00, 0x00, 0x00, 0x00, 0x00, 0x00, 0x00, 0x00, 0x00, 0x00, 0x00, 0x00, 0x00, 0x00, 0x00,
  0x00, 0x00, 0x00, 0x00, 0x00, 0x00, 0x00, 0x00, 0x00, 0x00, 0x00, 0x00, 0x00, 0x00, 0x00, 0x00,
  0x00, 0x00, 0x00, 0x00, 0x00, 0x00, 0x00, 0x00, 0x00, 0x00, 0x00, 0x00, 0x00, 0x00, 0x00, 0x00,
  0x00, 0x00, 0x00, 0x00, 0xFF, 0xFF, 0x01, 0x00, 0x00, 0x00, 0xFF, 0xFF, 0x16, 0xFF, 0xFF, 0x86,
  0xFF, 0xFF, 0xE0, 0xFF, 0xFF, 0xFF, 0xFF, 0xFF, 0xFF, 0xFF, 0xFF, 0xFF, 0xFF, 0xFF, 0xFF, 0xFF,
  0xFF, 0xFF, 0xFF, 0xFF, 0xFF, 0xFF, 0xFF, 0xFF, 0xFF, 0xFF, 0xFF, 0xFF, 0xFF, 0xFF, 0xFF, 0xFF,
  0xFF, 0xFF, 0xFF, 0xF5, 0xFF, 0xFF, 0xC0, 0xFF, 0xFF, 0x64, 0xFF, 0xFF, 0x09, 0x00, 0x00, 0x00,
  0xFF, 0xFF, 0x02, 0x00, 0x00, 0x00, 0x00, 0x00, 0x00, 0x00, 0x00, 0x00, 0x00, 0x00, 0x00, 0x00,
  0x00, 0x00, 0x00, 0x00, 0x00, 0x00, 0x00, 0x00, 0x00, 0x00, 0x00, 0x00, 0x00, 0x00, 0x00, 0x00,
  0x00, 0x00, 0x00, 0x00, 0x00, 0x00, 0x00, 0x00, 0x00, 0x00, 0x00, 0x00, 0x00, 0x00, 0x00, 0x00,
  0x00, 0x00, 0x00, 0x00, 0x00, 0x00, 0x00, 0x00, 0x00, 0x00, 0x00, 0x00, 0x00, 0x00, 0x00, 0x00,
  0x00, 0x00, 0x00, 0x00, 0x00, 0x00, 0x00, 0x00, 0x00, 0x00, 0x00, 0x00, 0x00, 0x00, 0x00, 0x00,
  0x00, 0x00, 0x00, 0x00, 0x00, 0x00, 0x00, 0x00, 0x00, 0x00, 0x00, 0x00, 0x00, 0x00, 0x00, 0x00,
  0x00, 0x00, 0x00, 0x00, 0x00, 0x00, 0x00, 0x00, 0x00, 0x00, 0x00, 0x00, 0x00, 0x00, 0x00, 0x00,
  0x00, 0x00, 0x00, 0x00, 0x00, 0x00, 0x00, 0x00, 0x00, 0x00, 0x00, 0x00, 0x00, 0x00, 0x00, 0x00,
  0x00, 0x00, 0x00, 0x00, 0x00, 0x00, 0x00, 0x00, 0x00, 0x00, 0x00, 0x00, 0x00, 0x00, 0x00, 0x00,
  0x00, 0x00, 0x00, 0x00, 0x00, 0x00, 0x00, 0x00, 0x00, 0x00, 0x00, 0x00, 0x00, 0x00, 0x00, 0x00,
  0x00, 0x00, 0x00, 0x00, 0x00, 0x00, 0x00, 0x00, 0x00, 0x00, 0x00, 0x00, 0x00, 0x00, 0x00, 0x00,
  0x00, 0x00, 0x00, 0x00, 0x00, 0x00, 0x00, 0x00, 0x00, 0x00, 0x00, 0x00, 0x00, 0x00, 0x00, 0x00,
  0x00, 0x00, 0x00, 0x00, 0x00, 0x00, 0x00, 0x00, 0x00, 0x00, 0x00, 0x00, 0x00, 0x00, 0x00, 0x00,
  0x00, 0x00, 0x00, 0x00, 0x00, 0x00, 0x00, 0x00, 0x00, 0x00, 0x00, 0x00, 0x00, 0x00, 0x00, 0x00,
  0x00, 0x00, 0x00, 0x00, 0x00, 0x00, 0x00, 0x00, 0x00, 0x00, 0x00, 0x00, 0x00, 0x00, 0x00, 0x00,
  0x00, 0x00, 0x00, 0xFF, 0xFF, 0x02, 0x00, 0x00, 0x00, 0x00, 0x00, 0x00, 0xFF, 0xFF, 0x15, 0xFF,
  0xFF, 0x56, 0xFF, 0xFF, 0x8B, 0xFF, 0xFF, 0xAE, 0xFF, 0xFF, 0xD1, 0xFF, 0xFF, 0xDC, 0xFF, 0xFF,
  0xDB, 0xFF, 0xFF, 0xD6, 0xFF, 0xFF, 0xC3, 0xFF, 0xFF, 0x9F, 0xFF, 0xFF, 0x6F, 0xFF, 0xFF, 0x3A,
  0x00, 0x00, 0x00, 0x00, 0x00, 0x00, 0x00, 0x00, 0x00, 0xFF, 0xFF, 0x02, 0x00, 0x00, 0x00, 0x00,
  0x00, 0x00, 0x00, 0x00, 0x00, 0x00, 0x00, 0x00, 0x00, 0x00, 0x00, 0x00, 0x00, 0x00, 0x00, 0x00,
  0x00, 0x00, 0x00, 0x00, 0x00, 0x00, 0x00, 0x00, 0x00, 0x00, 0x00, 0x00, 0x00, 0x00, 0x00, 0x00,
  0x00, 0x00, 0x00, 0x00, 0x00, 0x00, 0x00, 0x00, 0x00, 0x00, 0x00, 0x00, 0x00, 0x00, 0x00, 0x00,
  0x00, 0x00, 0x00, 0x00, 0x00, 0x00, 0x00, 0x00, 0x00, 0x00, 0x00, 0x00, 0x00, 0x00, 0x00, 0x00,
  0x00, 0x00, 0x00, 0x00, 0x00, 0x00, 0x00, 0x00, 0x00, 0x00, 0x00, 0x00, 0x00, 0x00, 0x00, 0x00,
  0x00, 0x00, 0x00, 0x00, 0x00, 0x00, 0x00, 0x00, 0x00, 0x00, 0x00, 0x00,
};
const lv_img_dsc_t txt_brightness_high_active = {
  .header.always_zero = 0,
  .header.w = 100,
  .header.h = 45,
  .data_size = 13500,
  .header.cf = LV_IMG_CF_TRUE_COLOR_ALPHA,
  .data = txt_brightness_high_active_data,
};

/* txt_brightness_high_normal.png */
static const uint8_t txt_brightness_high_normal_data[] = {
  0x00, 0x00, 0x00, 0x00, 0x00, 0x00, 0x00, 0x00, 0x00, 0x00, 0x00, 0x00, 0x00, 0x00, 0x00, 0x00,
  0x00, 0x00, 0x00, 0x00, 0x00, 0x00, 0x00, 0x00, 0x00, 0x00, 0x00, 0x00, 0x00, 0x00, 0x00, 0x00,
  0x00, 0x00, 0x00, 0x00, 0x00, 0x00, 0x00, 0x00, 0x00, 0x00, 0x00, 0x00, 0x00, 0x00, 0x00, 0x00,
  0x00, 0x00, 0x00, 0x00, 0x00, 0x00, 0x00, 0x00, 0x00, 0x00, 0x00, 0x00, 0x00, 0x00, 0x00, 0x00,
  0x00, 0x00, 0x00, 0x00, 0x00, 0x00, 0x00, 0x00, 0x00, 0x00, 0x00, 0x00, 0x00, 0x00, 0x00, 0x00,
  0x00, 0x00, 0x00, 0x00, 0x00, 0x00, 0x00, 0x00, 0x00, 0x00, 0x00, 0x00, 0x00, 0x00, 0x00, 0x00,
  0xFF, 0xFF, 0x01, 0x00, 0x00, 0x00, 0xEF, 0x7B, 0x06, 0x10, 0x84, 0x6E, 0x30, 0x84, 0xDE, 0x10,
  0x84, 0xFD, 0x10, 0x84, 0xDF, 0x10, 0x84, 0x75, 0xEF, 0x7B, 0x06, 0x00, 0x00, 0x00, 0xFF, 0xFF,
  0x01, 0x00, 0x00, 0x00, 0x00, 0x00, 0x00, 0x00, 0x00, 0x00, 0x00, 0x00, 0x00, 0x00, 0x00, 0x00,
  0x00, 0x00, 0x00, 0x00, 0x00, 0x00, 0x00, 0x00, 0x00, 0x00, 0x00, 0x00, 0x00, 0x00, 0x00, 0x00,
  0x00, 0x00, 0x00, 0x00, 0x00, 0x00, 0x00, 0x00, 0x00, 0x00, 0x00, 0x00, 0x00, 0x00, 0x00, 0x00,
  0x00, 0x00, 0x00, 0x00, 0x00, 0x00, 0x00, 0x00, 0x00, 0x00, 0x00, 0x00, 0x00, 0x00, 0x00, 0x00,
  0x00, 0x00, 0x00, 0x00, 0x00, 0x00, 0x00, 0x00, 0x00, 0x00, 0x00, 0x00, 0x00, 0x00, 0x00, 0x00,
  0x00, 0x00, 0x00, 0x00, 0x00, 0x00, 0x00, 0x00, 0x00, 0x00, 0x00, 0x00, 0x00, 0x00, 0x00, 0x00,
  0x00, 0x00, 0x00, 0x00, 0x00, 0x00, 0x00, 0x00, 0x00, 0x00, 0x00, 0x00, 0x00, 0x00, 0x00, 0x00,
  0x00, 0x00, 0x00, 0x00, 0x00, 0x00, 0x00, 0x00, 0x00, 0x00, 0x00, 0x00, 0x00, 0x00, 0x00, 0x00,
  0x00, 0x00, 0x00, 0x00, 0x00, 0x00, 0x00, 0x00, 0x00, 0x00, 0x00, 0x00, 0x00, 0x00, 0x00, 0x00,
  0x00, 0x00, 0x00, 0x00, 0x00, 0x00, 0x00, 0x00, 0x00, 0x00, 0x00, 0x00, 0x00, 0x00, 0x00, 0x00,
  0x00, 0x00, 0x00, 0x00, 0x00, 0x00, 0x00, 0x00, 0x00, 0x10, 0x84, 0x27, 0x10, 0x84, 0x27, 0x10,
  0x84, 0x27, 0x10, 0x84, 0x27, 0x30, 0x84, 0x26, 0xEF, 0x7B, 0x28, 0xCF, 0x7B, 0x23, 0xAA, 0x52,
  0x03, 0x00, 0x00, 0x00, 0x00, 0x00, 0x00, 0x00, 0x00, 0x00, 0x00, 0x00, 0x00, 0x00, 0x00, 0x00,
  0x00, 0x00, 0x00, 0x00, 0x00, 0x00, 0x00, 0x00, 0x00, 0x00, 0x00, 0x00, 0x00, 0x00, 0x00, 0x00,
  0x00, 0x00, 0x00, 0x00, 0x00, 0x00, 0x00, 0x00, 0x30, 0x84, 0x1B, 0x10, 0x84, 0x29, 0x30, 0x84,
  0x26, 0x10, 0x84, 0x27, 0x10, 0x84, 0x27, 0x10, 0x84, 0x27, 0x30, 0x84, 0x26, 0xEF, 0x7B, 0x0E,
  0x00, 0x00, 0x00, 0x00, 0x00, 0x01, 0x00, 0x00, 0x00, 0xFF, 0xFF, 0x01, 0xAA, 0x52, 0x03, 0x10,
  0x84, 0x80, 0x30, 0x84, 0xFF, 0x10, 0x84, 0xFF, 0x10, 0x84, 0xFD, 0x10, 0x84, 0xFF, 0x30, 0x84,
  0xFF, 0x10, 0x84, 0x84, 0x2C, 0x63, 0x05, 0xFF, 0xFF, 0x01, 0x00, 0x00, 0x00, 0x00, 0x00, 0x00,
  0x00, 0x00, 0x00, 0x00, 0x00, 0x00, 0x00, 0x00, 0x00, 0x00, 0x00, 0x00, 0x00, 0x00, 0x00, 0x00,
  0x00, 0x00, 0x00, 0x00, 0x00, 0x00, 0x00, 0x00, 0x00, 0x00, 0x00, 0x00, 0x00, 0x00, 0x00, 0x00,
  0x00, 0x00, 0x00, 0x00, 0x00, 0x00, 0x00, 0x00, 0x00, 0x00, 0x00, 0x00, 0x00, 0x00, 0x00, 0x00,
  0x00, 0x00, 0x00, 0x00, 0x00, 0x00, 0x00, 0x00, 0x00, 0x00, 0x00, 0x00, 0x00, 0x00, 0x00, 0x00,
  0x00, 0x00, 0x00, 0x00, 0x00, 0x00, 0x00, 0x00, 0x00, 0x00, 0x00, 0x00, 0x00, 0x00, 0x00, 0x00,
  0x00, 0x00, 0x00, 0x00, 0x00, 0x00, 0x00, 0x00, 0x00, 0x00, 0xEF, 0x7B, 0x14, 0x10, 0x84, 0x29,
  0x30, 0x84, 0x26, 0x10, 0x84, 0x27, 0x30, 0x84, 0x26, 0x10, 0x84, 0x27, 0x10, 0x84, 0x25, 0x71,
  0x8C, 0x09, 0x00, 0x00, 0x00, 0x00, 0x00, 0x00, 0x00, 0x00, 0x00, 0x00, 0x00, 0x00, 0x00, 0x00,
  0x00, 0x00, 0x00, 0x00, 0x00, 0x00, 0x00, 0x00, 0x00, 0x00, 0x00, 0x00, 0x00, 0x00, 0x00, 0x00,
  0x00, 0x00, 0x00, 0x00, 0x00, 0x00, 0x00, 0x00, 0x00, 0x00, 0x00, 0x00, 0x00, 0x00, 0x00, 0x00,
  0x00, 0x00, 0x10, 0x84, 0xEF, 0x10, 0x84, 0xEF, 0x10, 0x84, 0xEF, 0x10, 0x84, 0xEF, 0x10, 0x84,
  0xED, 0x10, 0x84, 0xF0, 0x10, 0x84, 0xD7, 0xEF, 0x7B, 0x18, 0x00, 0x00, 0x00, 0xFF, 0xFF, 0x01,
  0x00, 0x00, 0x00, 0x00, 0x00, 0x00, 0x00, 0x00, 0x00, 0x00, 0x00, 0x00, 0x00, 0x00, 0x00, 0x00,
  0x00, 0x00, 0x00, 0x00, 0x00, 0x00, 0x00, 0x00, 0x00, 0x00, 0x01, 0x00, 0x00, 0x01, 0x00, 0x00,
  0x00, 0x10, 0x84, 0x9E, 0x30, 0x84, 0xF1, 0x10, 0x84, 0xEC, 0x10, 0x84, 0xEF, 0x10, 0x84, 0xEE,
  0x10, 0x84, 0xEF, 0x10, 0x84, 0xEC, 0x10, 0x84, 0x58, 0x00, 0x00, 0x00, 0xEF, 0x7B, 0x02, 0xEF,
  0x7B, 0x02, 0x00, 0x00, 0x00, 0x30, 0x84, 0x2C, 0x10, 0x84, 0xEB, 0x30, 0x84, 0xFF, 0x10, 0x84,
  0xFD, 0x10, 0x84, 0xFF, 0x10, 0x84, 0xFD, 0x10, 0x84, 0xFF, 0x10, 0x84, 0xF2, 0x10, 0x84, 0x33,
  0x00, 0x00, 0x00, 0xEF, 0x7B, 0x02, 0x00, 0x00, 0x00, 0x00, 0x00, 0x00, 0x00, 0x00, 0x00, 0x00,
  0x00, 0x00, 0x00, 0x00, 0x00, 0x00, 0x00, 0x00, 0x00, 0x00, 0x00, 0x00, 0x00, 0x00, 0x00, 0x00,
  0x00, 0x00, 0x00, 0x00, 0x00, 0x00, 0x00, 0x00, 0x00, 0x00, 0x00, 0x00, 0x00, 0x00, 0x00, 0x00,
  0x00, 0x00, 0x00, 0x00, 0x00, 0x00, 0x00, 0x00, 0x00, 0x00, 0x00, 0x00, 0x00, 0x00, 0x00, 0x00,
  0x00, 0x00, 0x00, 0x00, 0x00, 0x00, 0x00, 0x00, 0x00, 0x00, 0x00, 0x00, 0x00, 0x00, 0x00, 0x00,
  0x00, 0x00, 0x00, 0x00, 0x00, 0x00, 0x00, 0x00, 0x00, 0x00, 0x00, 0x00, 0x00, 0xAA, 0x52, 0x03,
  0x00, 0x00, 0x00, 0x10, 0x84, 0x7F, 0x30, 0x84, 0xF2, 0x10, 0x84, 0xEC, 0x10, 0x84, 0xEF, 0x10,
  0x84, 0xED, 0x10, 0x84, 0xEF, 0x10, 0x84, 0xE6, 0x10, 0x84, 0x3A, 0x00, 0x00, 0x00, 0xEF, 0x7B,
  0x02, 0x00, 0x00, 0x00, 0x00, 0x00, 0x00, 0x00, 0x00, 0x00, 0x00, 0x00, 0x00, 0x00, 0x00, 0x00,
  0x00, 0x00, 0x00, 0x00, 0x00, 0x00, 0x00, 0x00, 0x00, 0x00, 0x00, 0x00, 0x00, 0x00, 0x00, 0x00,
  0x00, 0x00, 0x00, 0x00, 0x00, 0x00, 0x00, 0x00, 0x00, 0x00, 0x00, 0x10, 0x84, 0xFF, 0x10, 0x84,
  0xFF, 0x10, 0x84, 0xFF, 0x10, 0x84, 0xFF, 0x10, 0x84, 0xFF, 0x30, 0x84, 0xFF, 0x10, 0x84, 0xEA,
  0xEF, 0x7B, 0x1C, 0x00, 0x00, 0x00, 0xFF, 0xFF, 0x01, 0x00, 0x00, 0x00, 0x00, 0x00, 0x00, 0x00,
  0x00, 0x00, 0x00, 0x00, 0x00, 0x00, 0x00, 0x00, 0x00, 0x00, 0x00, 0x00, 0x00, 0x00, 0x00, 0x00,
  0x00, 0x00, 0x00, 0x01, 0x00, 0x00, 0x01, 0x00, 0x00, 0x00, 0x10, 0x84, 0xA9, 0x51, 0x8C, 0xFF,
  0x10, 0x84, 0xFF, 0x10, 0x84, 0xFF, 0x10, 0x84, 0xFF, 0x10, 0x84, 0xFF, 0x10, 0x84, 0xFF, 0x10,
  0x84, 0x5F, 0x00, 0x00, 0x00, 0xEF, 0x7B, 0x02, 0xEF, 0x7B, 0x02, 0x00, 0x00, 0x00, 0xEF, 0x7B,
  0x46, 0x10, 0x84, 0xFF, 0x10, 0x84, 0xFE, 0x10, 0x84, 0xFF, 0x10, 0x84, 0xFF, 0x10, 0x84, 0xFE,
  0x10, 0x84, 0xFE, 0x10, 0x84, 0xFD, 0x10, 0x84, 0x49, 0x00, 0x00, 0x00, 0xAA, 0x52, 0x03, 0x00,
  0x00, 0x00, 0x00, 0x00, 0x00, 0x00, 0x00, 0x00, 0x00, 0x00, 0x00, 0x00, 0x00, 0x00, 0x00, 0x00,
  0x00, 0x00, 0x00, 0x00, 0x00, 0x00, 0x00, 0x00, 0x00, 0x00, 0x00, 0x00, 0x00, 0x00, 0x00, 0x00,
  0x00, 0x00, 0x00, 0x00, 0x00, 0x00, 0x00, 0x00, 0x00, 0x00, 0x00, 0x00, 0x00, 0x00, 0x00, 0x00,
  0x00, 0x00, 0x00, 0x00, 0x00, 0x00, 0x00, 0x00, 0x00, 0x00, 0x00, 0x00, 0x00, 0x00, 0x00, 0x00,
  0x00, 0x00, 0x00, 0x00, 0x00, 0x00, 0x00, 0x00, 0x00, 0x00, 0x00, 0x00, 0x00, 0x00, 0x00, 0x00,
  0x00, 0x00, 0x00, 0x00, 0x00, 0x00, 0xAA, 0x52, 0x03, 0x00, 0x00, 0x00, 0x10, 0x84, 0x8A, 0x51,
  0x8C, 0xFF, 0x10, 0x84, 0xFF, 0x10, 0x84, 0xFF, 0x10, 0x84, 0xFF, 0x30, 0x84, 0xFF, 0x10, 0x84,
  0xF9, 0x10, 0x84, 0x3F, 0x00, 0x00, 0x00, 0xEF, 0x7B, 0x02, 0x00, 0x00, 0x00, 0x00, 0x00, 0x00,
  0x00, 0x00, 0x00, 0x00, 0x00, 0x00, 0x00, 0x00, 0x00, 0x00, 0x00, 0x00, 0x00, 0x00, 0x00, 0x00,
  0x00, 0x00, 0x00, 0x00, 0x00, 0x00, 0x00, 0x00, 0x00, 0x00, 0x00, 0x00, 0x00, 0x00, 0x00, 0x00,
  0x00, 0x00, 0x00, 0x00, 0x10, 0x84, 0xFE, 0x10, 0x84, 0xFE, 0x10, 0x84, 0xFE, 0x10, 0x84, 0xFE,
  0x10, 0x84, 0xFD, 0x10, 0x84, 0xFE, 0x10, 0x84, 0xE6, 0x30, 0x84, 0x1B, 0x00, 0x00, 0x00, 0xFF,
  0xFF, 0x01, 0x00, 0x00, 0x00, 0x00, 0x00, 0x00, 0x00, 0x00, 0x00, 0x00, 0x00, 0x00, 0x00, 0x00,
  0x00, 0x00, 0x00, 0x00, 0x00, 0x00, 0x00, 0x00, 0x00, 0x00, 0x00, 0x00, 0x01, 0x00, 0x00, 0x01,
  0x00, 0x00, 0x00, 0x10, 0x84, 0xA6, 0x30, 0x84, 0xFE, 0x10, 0x84, 0xFB, 0x10, 0x84, 0xFE, 0x10,
  0x84, 0xFD, 0x10, 0x84, 0xFE, 0x10, 0x84, 0xFC, 0x10, 0x84, 0x5D, 0x00, 0x00, 0x00, 0xEF, 0x7B,
  0x02, 0xEF, 0x7B, 0x02, 0x00, 0x00, 0x00, 0x10, 0x84, 0x2D, 0x10, 0x84, 0xEC, 0x10, 0x84, 0xFE,
  0x10, 0x84, 0xFC, 0x10, 0x84, 0xFE, 0x10, 0x84, 0xFB, 0x10, 0x84, 0xFF, 0x10, 0x84, 0xEC, 0xEF,
  0x7B, 0x2F, 0x00, 0x00, 0x00, 0xEF, 0x7B, 0x02, 0x00, 0x00, 0x00, 0x00, 0x00, 0x00, 0x00, 0x00,
  0x00, 0x00, 0x00, 0x00, 0x00, 0x00, 0x00, 0x00, 0x00, 0x00, 0x00, 0x00, 0x00, 0x00, 0x00, 0x00,
  0x00, 0x00, 0x00, 0x00, 0x00, 0x00, 0x00, 0x00, 0x00, 0x00, 0x00, 0x00, 0x00, 0x00, 0x00, 0x00,
  0x00, 0x00, 0x00, 0x00, 0x00, 0x00, 0x00, 0x00, 0x00, 0x00, 0x00, 0x00, 0x00, 0x00, 0x00, 0x00,
  0x00, 0x00, 0x00, 0x00, 0x00, 0x00, 0x00, 0x00, 0x00, 0x00, 0x00, 0x00, 0x00, 0x00, 0x00, 0x00,
  0x00, 0x00, 0x00, 0x00, 0x00, 0x00, 0x00, 0x00, 0x00, 0x00, 0x00, 0x00, 0x00, 0x00, 0x00, 0xAA,
  0x52, 0x03, 0x00, 0x00, 0x00, 0x10, 0x84, 0x87, 0x30, 0x84, 0xFE, 0x10, 0x84, 0xFB, 0x10, 0x84,
  0xFE, 0x10, 0x84, 0xFD, 0x10, 0x84, 0xFE, 0x10, 0x84, 0xF5, 0x10, 0x84, 0x3E, 0x00, 0x00, 0x00,
  0xEF, 0x7B, 0x02, 0x00, 0x00, 0x00, 0x00, 0x00, 0x00, 0x00, 0x00, 0x00, 0x00, 0x00, 0x00, 0x00,
  0x00, 0x00, 0x00, 0x00, 0x00, 0x00, 0x00, 0x00, 0x00, 0x00, 0x00, 0x00, 0x00, 0x00, 0x00, 0x00,
  0x00, 0x00, 0x00, 0x00, 0x00, 0x00, 0x00, 0x00, 0x00, 0x00, 0x00, 0x00, 0x00, 0x10, 0x84, 0xFF,
  0x10, 0x84, 0xFF, 0x10, 0x84, 0xFF, 0x10, 0x84, 0xFF, 0x10, 0x84, 0xFE, 0x30, 0x84, 0xFF, 0x10,
  0x84, 0xE7, 0x30, 0x84, 0x1B, 0x00, 0x00, 0x00, 0xFF, 0xFF, 0x01, 0x00, 0x00, 0x00, 0x00, 0x00,
  0x00, 0x00, 0x00, 0x00, 0x00, 0x00, 0x00, 0x00, 0x00, 0x00, 0x00, 0x00, 0x00, 0x00, 0x00, 0x00,
  0x00, 0x00, 0x00, 0x00, 0x00, 0x01, 0x00, 0x00, 0x01, 0x00, 0x00, 0x00, 0x10, 0x84, 0xA7, 0x30,
  0x84, 0xFF, 0x10, 0x84, 0xFC, 0x10, 0x84, 0xFF, 0x10, 0x84, 0xFE, 0x10, 0x84, 0xFF, 0x10, 0x84,
  0xFD, 0x10, 0x84, 0x5E, 0x00, 0x00, 0x00, 0xEF, 0x7B, 0x02, 0x00, 0x00, 0x00, 0x00, 0x00, 0x01,
  0xEF, 0x7B, 0x02, 0x10, 0x84, 0x83, 0x30, 0x84, 0xFF, 0x30, 0x84, 0xFF, 0x30, 0x84, 0xFF, 0x30,
  0x84, 0xFF, 0x30, 0x84, 0xFF, 0x10, 0x84, 0x84, 0xEF, 0x7B, 0x04, 0x00, 0x00, 0x01, 0x00, 0x00,
  0x00, 0x00, 0x00, 0x00, 0x00, 0x00, 0x00, 0x00, 0x00, 0x00, 0x00, 0x00, 0x00, 0x00, 0x00, 0x00,
  0x00, 0x00, 0x00, 0x00, 0x00, 0x00, 0x00, 0x00, 0x00, 0x00, 0x00, 0x00, 0x00, 0x00, 0x00, 0x00,
  0x00, 0x00, 0x00, 0x00, 0x00, 0x00, 0x00, 0x00, 0x00, 0x00, 0x00, 0x00, 0x00, 0x00, 0x00, 0x00,
  0x00, 0x00, 0x00, 0x00, 0x00, 0x00, 0x00, 0x00, 0x00, 0x00, 0x00, 0x00, 0x00, 0x00, 0x00, 0x00,
  0x00, 0x00, 0x00, 0x00, 0x00, 0x00, 0x00, 0x00, 0x00, 0x00, 0x00, 0x00, 0x00, 0x00, 0x00, 0x00,
  0x00, 0x00, 0x00, 0x00, 0x00, 0x00, 0x00, 0x00, 0xAA, 0x52, 0x03, 0x00, 0x00, 0x00, 0x10, 0x84,
  0x88, 0x30, 0x84, 0xFF, 0x10, 0x84, 0xFC, 0x10, 0x84, 0xFF, 0x10, 0x84, 0xFE, 0x10, 0x84, 0xFF,
  0x10, 0x84, 0xF6, 0x10, 0x84, 0x3E, 0x00, 0x00, 0x00, 0xEF, 0x7B, 0x02, 0x00, 0x00, 0x00, 0x00,
  0x00, 0x00, 0x00, 0x00, 0x00, 0x00, 0x00, 0x00, 0x00, 0x00, 0x00, 0x00, 0x00, 0x00, 0x00, 0x00,
  0x00, 0x00, 0x00, 0x00, 0x00, 0x00, 0x00, 0x00, 0x00, 0x00, 0x00, 0x00, 0x00, 0x00, 0x00, 0x00,
  0x00, 0x00, 0x00, 0x00, 0x00, 0x00, 0x10, 0x84, 0xFF, 0x10, 0x84, 0xFF, 0x10, 0x84, 0xFF, 0x10,
  0x84, 0xFF, 0x10, 0x84, 0xFE, 0x30, 0x84, 0xFF, 0x10, 0x84, 0xE7, 0x30, 0x84, 0x1B, 0x00, 0x00,
  0x00, 0xFF, 0xFF, 0x01, 0x00, 0x00, 0x00, 0x00, 0x00, 0x00, 0x00, 0x00, 0x00, 0x00, 0x00, 0x00,
  0x00, 0x00, 0x00, 0x00, 0x00, 0x00, 0x00, 0x00, 0x00, 0x00, 0x00, 0x00, 0x00, 0x00, 0x01, 0x00,
  0x00, 0x01, 0x00, 0x00, 0x00, 0x10, 0x84, 0xA7, 0x30, 0x84, 0xFF, 0x10, 0x84, 0xFC, 0x10, 0x84,
  0xFF, 0x10, 0x84, 0xFE, 0x10, 0x84, 0xFF, 0x10, 0x84, 0xFD, 0x10, 0x84, 0x5E, 0x00, 0x00, 0x00,
  0xEF, 0x7B, 0x02, 0x00, 0x00, 0x00, 0x00, 0x00, 0x00, 0x00, 0x00, 0x00, 0x6D, 0x6B, 0x07, 0x10,
  0x84, 0x75, 0x10, 0x84, 0xCB, 0x10, 0x84, 0xDF, 0x10, 0x84, 0xCA, 0x10, 0x84, 0x67, 0x2C, 0x63,
  0x05, 0x00, 0x00, 0x00, 0x00, 0x00, 0x01, 0x00, 0x00, 0x00, 0x00, 0x00, 0x00, 0x00, 0x00, 0x00,
  0x00, 0x00, 0x00, 0x00, 0x00, 0x00, 0x00, 0x00, 0x00, 0x00, 0x00, 0x00, 0x00, 0x00, 0x00, 0x00,
  0x00, 0x00, 0x00, 0x00, 0x00, 0x00, 0x00, 0x00, 0x00, 0x00, 0x00, 0x00, 0x00, 0x00, 0x00, 0x00,
  0x00, 0x00, 0x00, 0x00, 0x00, 0x00, 0x00, 0x00, 0x00, 0x00, 0x00, 0x00, 0x00, 0x00, 0x00, 0x00,
  0x00, 0x00, 0x00, 0x00, 0x00, 0x00, 0x00, 0x00, 0x00, 0x00, 0x00, 0x00, 0x00, 0x00, 0x00, 0x00,
  0x00, 0x00, 0x00, 0x00, 0x00, 0x00, 0x00, 0x00, 0x00, 0x00, 0x00, 0x00, 0x00, 0x00, 0x00, 0x00,
  0x00, 0xAA, 0x52, 0x03, 0x00, 0x00, 0x00, 0x10, 0x84, 0x88, 0x30, 0x84, 0xFF, 0x10, 0x84, 0xFC,
  0x10, 0x84, 0xFF, 0x10, 0x84, 0xFE, 0x10, 0x84, 0xFF, 0x10, 0x84, 0xF6, 0x10, 0x84, 0x3E, 0x00,
  0x00, 0x00, 0xEF, 0x7B, 0x02, 0x00, 0x00, 0x00, 0x00, 0x00, 0x00, 0x00, 0x00, 0x00, 0x00, 0x00,
  0x00, 0x00, 0x00, 0x00, 0x00, 0x00, 0x00, 0x00, 0x00, 0x00, 0x00, 0x00, 0x00, 0x00, 0x00, 0x00,
  0x00, 0x00, 0x00, 0x00, 0x00, 0x00, 0x00, 0x00, 0x00, 0x00, 0x00, 0x00, 0x00, 0x00, 0x00, 0x10,
  0x84, 0xFF, 0x10, 0x84, 0xFF, 0x10, 0x84, 0xFF, 0x10, 0x84, 0xFF, 0x10, 0x84, 0xFE, 0x30, 0x84,
  0xFF, 0x10, 0x84, 0xE7, 0x30, 0x84, 0x1B, 0x00, 0x00, 0x00, 0xFF, 0xFF, 0x01, 0x00, 0x00, 0x00,
  0x00, 0x00, 0x00, 0x00, 0x00, 0x00, 0x00, 0x00, 0x00, 0x00, 0x00, 0x00, 0x00, 0x00, 0x00, 0x00,
  0x00, 0x00, 0x00, 0x00, 0x00, 0x00, 0x00, 0x01, 0x00, 0x00, 0x01, 0x00, 0x00, 0x00, 0x10, 0x84,
  0xA7, 0x30, 0x84, 0xFF, 0x10, 0x84, 0xFC, 0x10, 0x84, 0xFF, 0x10, 0x84, 0xFE, 0x10, 0x84, 0xFF,
  0x10, 0x84, 0xFD, 0x10, 0x84, 0x5E, 0x00, 0x00, 0x00, 0xEF, 0x7B, 0x02, 0x00, 0x00, 0x00, 0x00,
  0x00, 0x00, 0x00, 0x00, 0x00, 0x00, 0x00, 0x00, 0x00, 0x00, 0x00, 0xEF, 0x7B, 0x06, 0x30, 0x84,
  0x19, 0xAA, 0x52, 0x06, 0x00, 0x00, 0x00, 0x00, 0x00, 0x00, 0x00, 0x00, 0x00, 0x00, 0x00, 0x00,
  0x00, 0x00, 0x00, 0x00, 0x00, 0x00, 0x00, 0x00, 0x00, 0x00, 0x00, 0x00, 0x00, 0x00, 0x00, 0x00,
  0x00, 0x00, 0x00, 0x00, 0x00, 0x00, 0x00, 0x00, 0x00, 0x00, 0x00, 0x00, 0x00, 0x00, 0xFF, 0xFF,
  0x01, 0xEF, 0x7B, 0x02, 0xEF, 0x7B, 0x02, 0xEF, 0x7B, 0x02, 0xFF, 0xFF, 0x01, 0x00, 0x00, 0x01,
  0x00, 0x00, 0x00, 0x00, 0x00, 0x00, 0x00, 0x00, 0x00, 0x00, 0x00, 0x00, 0x00, 0x00, 0x01, 0x00,
  0x00, 0x01, 0x00, 0x00, 0x01, 0x00, 0x00, 0x01, 0x00, 0x00, 0x01, 0x00, 0x00, 0x01, 0x00, 0x00,
  0x01, 0x00, 0x00, 0x00, 0x00, 0x00, 0x00, 0x00, 0x00, 0x00, 0xAA, 0x52, 0x03, 0x00, 0x00, 0x00,
  0x10, 0x84, 0x88, 0x30, 0x84, 0xFF, 0x10, 0x84, 0xFC, 0x10, 0x84, 0xFF, 0x10, 0x84, 0xFE, 0x10,
  0x84, 0xFF, 0x10, 0x84, 0xF6, 0x10, 0x84, 0x3E, 0x00, 0x00, 0x00, 0xEF, 0x7B, 0x02, 0x00, 0x00,
  0x00, 0x00, 0x00, 0x00, 0xFF, 0xFF, 0x01, 0xEF, 0x7B, 0x02, 0xEF, 0x7B, 0x02, 0xEF, 0x7B, 0x02,
  0xEF, 0x7B, 0x02, 0x00, 0x00, 0x01, 0x00, 0x00, 0x00, 0x00, 0x00, 0x00, 0x00, 0x00, 0x00, 0x00,
  0x00, 0x00, 0x00, 0x00, 0x00, 0x00, 0x00, 0x00, 0x10, 0x84, 0xFF, 0x10, 0x84, 0xFF, 0x10, 0x84,
  0xFF, 0x10, 0x84, 0xFF, 0x10, 0x84, 0xFE, 0x30, 0x84, 0xFF, 0x10, 0x84, 0xE7, 0x30, 0x84, 0x1B,
  0x00, 0x00, 0x00, 0xFF, 0xFF, 0x01, 0x00, 0x00, 0x00, 0x00, 0x00, 0x00, 0x00, 0x00, 0x00, 0x00,
  0x00, 0x00, 0x00, 0x00, 0x00, 0x00, 0x00, 0x00, 0x00, 0x00, 0x00, 0x00, 0x00, 0x00, 0x00, 0x00,
  0x01, 0x00, 0x00, 0x01, 0x00, 0x00, 0x00, 0x10, 0x84, 0xA7, 0x30, 0x84, 0xFF, 0x10, 0x84, 0xFC,
  0x10, 0x84, 0xFF, 0x10, 0x84, 0xFE, 0x10, 0x84, 0xFF, 0x10, 0x84, 0xFD, 0x10, 0x84, 0x5E, 0x00,
  0x00, 0x00, 0xEF, 0x7B, 0x02, 0x00, 0x00, 0x00, 0x00, 0x00, 0x00, 0x00, 0x00, 0x00, 0x00, 0x00,
  0x00, 0xFF, 0xFF, 0x01, 0x00, 0x00, 0x00, 0x00, 0x00, 0x00, 0x00, 0x00, 0x00, 0xFF, 0xFF, 0x01,
  0x00, 0x00, 0x00, 0x00, 0x00, 0x00, 0x00, 0x00, 0x00, 0x00, 0x00, 0x00, 0x00, 0x00, 0x00, 0x00,
  0x00, 0x00, 0x00, 0x00, 0x00, 0x00, 0x00, 0x00, 0x00, 0x00, 0x00, 0x00, 0x00, 0x00, 0x00, 0x00,
  0x01, 0xEF, 0x7B, 0x02, 0xFF, 0xFF, 0x01, 0x00, 0x00, 0x00, 0x00, 0x00, 0x00, 0x00, 0x00, 0x00,
  0x00, 0x00, 0x00, 0x00, 0x00, 0x00, 0x00, 0x00, 0x00, 0xEF, 0x7B, 0x02, 0x00, 0x00, 0x00, 0x00,
  0x00, 0x00, 0x00, 0x00, 0x00, 0x00, 0x00, 0x00, 0x00, 0x00, 0x00, 0x00, 0x00, 0x00, 0x00, 0x00,
  0x00, 0x00, 0x00, 0x00, 0x00, 0x00, 0x00, 0x00, 0x00, 0x00, 0x00, 0x00, 0x00, 0x00, 0x00, 0x00,
  0x00, 0x00, 0x00, 0xAA, 0x52, 0x03, 0x00, 0x00, 0x00, 0x10, 0x84, 0x88, 0x30, 0x84, 0xFF, 0x10,
  0x84, 0xFC, 0x10, 0x84, 0xFF, 0x10, 0x84, 0xFE, 0x10, 0x84, 0xFF, 0x10, 0x84, 0xF6, 0x10, 0x84,
  0x3E, 0x00, 0x00, 0x00, 0xEF, 0x7B, 0x02, 0xFF, 0xFF, 0x01, 0xEF, 0x7B, 0x02, 0x00, 0x00, 0x00,
  0x00, 0x00, 0x00, 0x00, 0x00, 0x00, 0x00, 0x00, 0x00, 0x00, 0x00, 0x00, 0x00, 0x00, 0x00, 0xEF,
  0x7B, 0x02, 0xFF, 0xFF, 0x01, 0x00, 0x00, 0x00, 0x00, 0x00, 0x00, 0x00, 0x00, 0x00, 0x00, 0x00,
  0x00, 0x10, 0x84, 0xFF, 0x10, 0x84, 0xFF, 0x10, 0x84, 0xFF, 0x10, 0x84, 0xFF, 0x10, 0x84, 0xFE,
  0x30, 0x84, 0xFF, 0x10, 0x84, 0xE7, 0x30, 0x84, 0x1B, 0x00, 0x00, 0x00, 0xFF, 0xFF, 0x01, 0x00,
  0x00, 0x00, 0x00, 0x00, 0x00, 0x00, 0x00, 0x00, 0x00, 0x00, 0x00, 0x00, 0x00, 0x00, 0x00, 0x00,
  0x00, 0x00, 0x00, 0x00, 0x00, 0x00, 0x00, 0x00, 0x00, 0x01, 0x00, 0x00, 0x01, 0x00, 0x00, 0x00,
  0x10, 0x84, 0xA7, 0x30, 0x84, 0xFF, 0x10, 0x84, 0xFC, 0x10, 0x84, 0xFF, 0x10, 0x84, 0xFE, 0x10,
  0x84, 0xFF, 0x10, 0x84, 0xFD, 0x10, 0x84, 0x5E, 0x00, 0x00, 0x00, 0xEF, 0x7B, 0x02, 0x00, 0x00,
  0x00, 0x00, 0x00, 0x00, 0xFF, 0xFF, 0x01, 0x2C, 0x63, 0x05, 0xEF, 0x7B, 0x06, 0x55, 0xAD, 0x06,
  0x92, 0x94, 0x07, 0x55, 0xAD, 0x06, 0xEF, 0x7B, 0x06, 0xF7, 0xBD, 0x04, 0x00, 0x00, 0x01, 0x00,
  0x00, 0x00, 0x00, 0x00, 0x00, 0x00, 0x00, 0x00, 0x00, 0x00, 0x00, 0x00, 0x00, 0x00, 0x00, 0x00,
  0x00, 0x00, 0x00, 0x00, 0xFF, 0xFF, 0x01, 0x00, 0x00, 0x00, 0x00, 0x00, 0x00, 0x00, 0x00, 0x00,
  0xEF, 0x7B, 0x10, 0xEF, 0x7B, 0x2A, 0xEF, 0x7B, 0x36, 0x10, 0x84, 0x31, 0xEF, 0x7B, 0x1E, 0x00,
  0x00, 0x00, 0x00, 0x00, 0x00, 0x00, 0x00, 0x00, 0x00, 0x00, 0x01, 0x00, 0x00, 0x01, 0xEF, 0x7B,
  0x06, 0xEF, 0x7B, 0x06, 0xD3, 0x9C, 0x05, 0xEF, 0x7B, 0x06, 0xD3, 0x9C, 0x05, 0xEF, 0x7B, 0x06,
  0xEF, 0x7B, 0x04, 0x00, 0x00, 0x00, 0x00, 0x00, 0x00, 0x00, 0x00, 0x00, 0xAA, 0x52, 0x03, 0x00,
  0x00, 0x00, 0x10, 0x84, 0x88, 0x30, 0x84, 0xFF, 0x10, 0x84, 0xFC, 0x10, 0x84, 0xFF, 0x10, 0x84,
  0xFE, 0x10, 0x84, 0xFF, 0x10, 0x84, 0xF6, 0x10, 0x84, 0x3E, 0x00, 0x00, 0x00, 0xEF, 0x7B, 0x04,
  0x00, 0x00, 0x00, 0x00, 0x00, 0x00, 0x8E, 0x73, 0x0B, 0xEF, 0x7B, 0x29, 0x10, 0x84, 0x37, 0x30,
  0x84, 0x34, 0x30, 0x84, 0x26, 0x8E, 0x73, 0x09, 0x00, 0x00, 0x00, 0x00, 0x00, 0x00, 0xEF, 0x7B,
  0x02, 0x00, 0x00, 0x00, 0x00, 0x00, 0x00, 0x00, 0x00, 0x00, 0x10, 0x84, 0xFF, 0x10, 0x84, 0xFF,
  0x10, 0x84, 0xFF, 0x10, 0x84, 0xFF, 0x10, 0x84, 0xFE, 0x30, 0x84, 0xFF, 0x10, 0x84, 0xE7, 0x30,
  0x84, 0x1B, 0x00, 0x00, 0x00, 0xFF, 0xFF, 0x01, 0x00, 0x00, 0x00, 0x00, 0x00, 0x00, 0x00, 0x00,
  0x00, 0x00, 0x00, 0x00, 0x00, 0x00, 0x00, 0x00, 0x00, 0x00, 0x00, 0x00, 0x00, 0x00, 0x00, 0x00,
  0x00, 0x00, 0x01, 0x00, 0x00, 0x01, 0x00, 0x00, 0x00, 0x10, 0x84, 0xA7, 0x30, 0x84, 0xFF, 0x10,
  0x84, 0xFC, 0x10, 0x84, 0xFF, 0x10, 0x84, 0xFE, 0x10, 0x84, 0xFF, 0x10, 0x84, 0xFD, 0x10, 0x84,
  0x5E, 0x00, 0x00, 0x00, 0xEF, 0x7B, 0x02, 0xFF, 0xFF, 0x01, 0x00, 0x00, 0x00, 0xCF, 0x7B, 0x17,
  0xEF, 0x7B, 0xA0, 0x30, 0x84, 0xC2, 0x10, 0x84, 0xBF, 0x10, 0x84, 0xC1, 0x10, 0x84, 0xBF, 0x10,
  0x84, 0xC2, 0x10, 0x84, 0x9C, 0xCF, 0x7B, 0x15, 0x00, 0x00, 0x00, 0xFF, 0xFF, 0x01, 0x00, 0x00,
  0x00, 0x00, 0x00, 0x00, 0x00, 0x00, 0x00, 0x00, 0x00, 0x00, 0xFF, 0xFF, 0x01, 0x00, 0x00, 0x00,
  0xEF, 0x7B, 0x02, 0xEF, 0x7B, 0x3E, 0x10, 0x84, 0x99, 0x10, 0x84, 0xCB, 0x10, 0x84, 0xE5, 0x10,
  0x84, 0xF0, 0x10, 0x84, 0xEB, 0x10, 0x84, 0xD9, 0x10, 0x84, 0xAD, 0xEF, 0x7B, 0x4A, 0x00, 0x00,
  0x00, 0x00, 0x00, 0x00, 0x30, 0x84, 0x13, 0x10, 0x84, 0x9F, 0x10, 0x84, 0xC2, 0x10, 0x84, 0xBF,
  0x10, 0x84, 0xC1, 0x10, 0x84, 0xBF, 0x30, 0x84, 0xC2, 0x10, 0x84, 0xA1, 0xCF, 0x7B, 0x13, 0x00,
  0x00, 0x00, 0xEF, 0x7B, 0x02, 0xAA, 0x52, 0x03, 0x00, 0x00, 0x00, 0x10, 0x84, 0x88, 0x30, 0x84,
  0xFF, 0x10, 0x84, 0xFC, 0x10, 0x84, 0xFF, 0x10, 0x84, 0xFE, 0x10, 0x84, 0xFF, 0x10, 0x84, 0xF6,
  0x10, 0x84, 0x3F, 0xFF, 0xFF, 0x01, 0x00, 0x00, 0x00, 0xEF, 0x7B, 0x27, 0x10, 0x84, 0x85, 0x10,
  0x84, 0xC7, 0x10, 0x84, 0xE3, 0x10, 0x84, 0xF1, 0x10, 0x84, 0xEF, 0x10, 0x84, 0xE2, 0x10, 0x84,
  0xC2, 0x10, 0x84, 0x84, 0xEF, 0x7B, 0x24, 0x00, 0x00, 0x00, 0xEF, 0x7B, 0x02, 0x00, 0x00, 0x00,
  0x00, 0x00, 0x00, 0x10, 0x84, 0xFF, 0x10, 0x84, 0xFF, 0x10, 0x84, 0xFF, 0x10, 0x84, 0xFF, 0x10,
  0x84, 0xFE, 0x30, 0x84, 0xFF, 0x10, 0x84, 0xE7, 0x30, 0x84, 0x1B, 0x00, 0x00, 0x00, 0xFF, 0xFF,
  0x01, 0x00, 0x00, 0x00, 0x00, 0x00, 0x00, 0x00, 0x00, 0x00, 0x00, 0x00, 0x00, 0x00, 0x00, 0x00,
  0x00, 0x00, 0x00, 0x00, 0x00, 0x00, 0x00, 0x00, 0x00, 0x00, 0x00, 0x01, 0x00, 0x00, 0x01, 0x00,
  0x00, 0x00, 0x10, 0x84, 0xA7, 0x30, 0x84, 0xFF, 0x10, 0x84, 0xFC, 0x10, 0x84, 0xFF, 0x10, 0x84,
  0xFE, 0x10, 0x84, 0xFF, 0x10, 0x84, 0xFD, 0x10, 0x84, 0x5E, 0x00, 0x00, 0x00, 0xEF, 0x7B, 0x02,
  0xFF, 0xFF, 0x01, 0x00, 0x00, 0x00, 0x10, 0x84, 0x1F, 0x10, 0x84, 0xDD, 0x51, 0x8C, 0xFF, 0x30,
  0x84, 0xFF, 0x30, 0x84, 0xFF, 0x30, 0x84, 0xFF, 0x51, 0x8C, 0xFF, 0x10, 0x84, 0xD8, 0x51, 0x8C,
  0x1C, 0x00, 0x00, 0x00, 0xFF, 0xFF, 0x01, 0x00, 0x00, 0x00, 0x00, 0x00, 0x00, 0x00, 0x00, 0x00,
  0x00, 0x00, 0x01, 0x00, 0x00, 0x00, 0x30, 0x84, 0x1B, 0x10, 0x84, 0x99, 0x10, 0x84, 0xF2, 0x30,
  0x84, 0xFF, 0x30, 0x84, 0xFF, 0x10, 0x84, 0xFF, 0x10, 0x84, 0xFF, 0x10, 0x84, 0xFF, 0x30, 0x84,
  0xFF, 0x30, 0x84, 0xFF, 0x10, 0x84, 0xF9, 0x10, 0x84, 0x90, 0xB2, 0x94, 0x0C, 0x30, 0x84, 0x15,
  0x10, 0x84, 0xDC, 0x51, 0x8C, 0xFF, 0x30, 0x84, 0xFF, 0x30, 0x84, 0xFF, 0x30, 0x84, 0xFF, 0x51,
  0x8C, 0xFF, 0x10, 0x84, 0xE0, 0x30, 0x84, 0x1B, 0x00, 0x00, 0x00, 0xEF, 0x7B, 0x02, 0xAA, 0x52,
  0x03, 0x00, 0x00, 0x00, 0x10, 0x84, 0x88, 0x30, 0x84, 0xFF, 0x10, 0x84, 0xFC, 0x10, 0x84, 0xFF,
  0x10, 0x84, 0xFE, 0x10, 0x84, 0xFF, 0x10, 0x84, 0xF6, 0x10, 0x84, 0x3F, 0x00, 0x00, 0x00, 0xEF,
  0x7B, 0x62, 0x30, 0x84, 0xE0, 0x30, 0x84, 0xFF, 0x30, 0x84, 0xFF, 0x30, 0x84, 0xFF, 0x10, 0x84,
  0xFF, 0x10, 0x84, 0xFF, 0x30, 0x84, 0xFF, 0x30, 0x84, 0xFF, 0x30, 0x84, 0xFF, 0x30, 0x84, 0xDE,
  0x10, 0x84, 0x59, 0x00, 0x00, 0x00, 0xEF, 0x7B, 0x02, 0x00, 0x00, 0x01, 0x10, 0x84, 0xFF, 0x10,
  0x84, 0xFF, 0x10, 0x84, 0xFF, 0x10, 0x84, 0xFF, 0x10, 0x84, 0xFE, 0x30, 0x84, 0xFF, 0x10, 0x84,
  0xE7, 0x30, 0x84, 0x1B, 0x00, 0x00, 0x00, 0xFF, 0xFF, 0x01, 0x00, 0x00, 0x00, 0x00, 0x00, 0x00,
  0x00, 0x00, 0x00, 0x00, 0x00, 0x00, 0x00, 0x00, 0x00, 0x00, 0x00, 0x00, 0x00, 0x00, 0x00, 0x00,
  0x00, 0x00, 0x00, 0x00, 0x01, 0x00, 0x00, 0x01, 0x00, 0x00, 0x00, 0x10, 0x84, 0xA7, 0x30, 0x84,
  0xFF, 0x10, 0x84, 0xFC, 0x10, 0x84, 0xFF, 0x10, 0x84, 0xFE, 0x10, 0x84, 0xFF, 0x10, 0x84, 0xFD,
  0x10, 0x84, 0x5E, 0x00, 0x00, 0x00, 0xEF, 0x7B, 0x02, 0xFF, 0xFF, 0x01, 0x00, 0x00, 0x00, 0xEF,
  0x7B, 0x1E, 0x10, 0x84, 0xD1, 0x30, 0x84, 0xFC, 0x10, 0x84, 0xFA, 0x10, 0x84, 0xFC, 0x10, 0x84,
  0xFA, 0x10, 0x84, 0xFC, 0x10, 0x84, 0xCC, 0x30, 0x84, 0x1B, 0x00, 0x00, 0x00, 0xFF, 0xFF, 0x01,
  0x00, 0x00, 0x00, 0x00, 0x00, 0x00, 0xFF, 0xFF, 0x01, 0x00, 0x00, 0x00, 0xEF, 0x7B, 0x29, 0x10,
  0x84, 0xC5, 0x30, 0x84, 0xFF, 0x10, 0x84, 0xFF, 0x10, 0x84, 0xFC, 0x10, 0x84, 0xFD, 0x10, 0x84,
  0xFD, 0x10, 0x84, 0xFE, 0x10, 0x84, 0xFE, 0x10, 0x84, 0xFD, 0x10, 0x84, 0xFC, 0x10, 0x84, 0xFF,
  0x51, 0x8C, 0xFF, 0x10, 0x84, 0x8D, 0xEF, 0x7B, 0x18, 0x10, 0x84, 0xCD, 0x30, 0x84, 0xFC, 0x10,
  0x84, 0xFA, 0x10, 0x84, 0xFC, 0x10, 0x84, 0xFA, 0x30, 0x84, 0xFC, 0x10, 0x84, 0xD3, 0xEF, 0x7B,
  0x1A, 0x00, 0x00, 0x00, 0xEF, 0x7B, 0x02, 0xAA, 0x52, 0x03, 0x00, 0x00, 0x00, 0x10, 0x84, 0x88,
  0x30, 0x84, 0xFF, 0x10, 0x84, 0xFC, 0x10, 0x84, 0xFF, 0x10, 0x84, 0xFE, 0x10, 0x84, 0xFF, 0x10,
  0x84, 0xF8, 0x10, 0x84, 0x33, 0xEF, 0x7B, 0x4E, 0x10, 0x84, 0xFC, 0x30, 0x84, 0xFF, 0x10, 0x84,
  0xFC, 0x10, 0x84, 0xFC, 0x10, 0x84, 0xFD, 0x10, 0x84, 0xFE, 0x10, 0x84, 0xFE, 0x10, 0x84, 0xFD,
  0x10, 0x84, 0xFC, 0x10, 0x84, 0xFD, 0x30, 0x84, 0xFF, 0x10, 0x84, 0xFD, 0x10, 0x84, 0x61, 0x00,
  0x00, 0x00, 0xFF, 0xFF, 0x01, 0x10, 0x84, 0xFF, 0x10, 0x84, 0xFF, 0x10, 0x84, 0xFF, 0x10, 0x84,
  0xFF, 0x10, 0x84, 0xFE, 0x30, 0x84, 0xFF, 0x10, 0x84, 0xE7, 0x10, 0x84, 0x1D, 0xEF, 0x7B, 0x02,
  0x55, 0xAD, 0x03, 0xEF, 0x7B, 0x02, 0xEF, 0x7B, 0x02, 0xEF, 0x7B, 0x02, 0xEF, 0x7B, 0x02, 0xEF,
  0x7B, 0x02, 0xEF, 0x7B, 0x02, 0xEF, 0x7B, 0x02, 0xEF, 0x7B, 0x02, 0xAA, 0x52, 0x03, 0xAA, 0x52,
  0x03, 0xEF, 0x7B, 0x02, 0xEF, 0x7B, 0xA8, 0x30, 0x84, 0xFF, 0x10, 0x84, 0xFC, 0x10, 0x84, 0xFF,
  0x10, 0x84, 0xFE, 0x10, 0x84, 0xFF, 0x10, 0x84, 0xFD, 0x10, 0x84, 0x5E, 0x00, 0x00, 0x00, 0xEF,
  0x7B, 0x02, 0xFF, 0xFF, 0x01, 0x00, 0x00, 0x00, 0xEF, 0x7B, 0x1E, 0x10, 0x84, 0xD3, 0x30, 0x84,
  0xFF, 0x10, 0x84, 0xFD, 0x10, 0x84, 0xFF, 0x10, 0x84, 0xFD, 0x30, 0x84, 0xFF, 0x10, 0x84, 0xCE,
  0x30, 0x84, 0x1B, 0x00, 0x00, 0x00, 0xFF, 0xFF, 0x01, 0x00, 0x00, 0x00, 0xFF, 0xFF, 0x01, 0x00,
  0x00, 0x00, 0xCF, 0x7B, 0x13, 0x10, 0x84, 0xB4, 0x30, 0x84, 0xFF, 0x10, 0x84, 0xFC, 0x10, 0x84,
  0xFE, 0x10, 0x84, 0xFF, 0x10, 0x84, 0xFF, 0x10, 0x84, 0xFF, 0x10, 0x84, 0xFE, 0x10, 0x84, 0xFD,
  0x10, 0x84, 0xFD, 0x10, 0x84, 0xFE, 0x10, 0x84, 0xFC, 0x10, 0x84, 0xFD, 0x10, 0x84, 0xF8, 0x10,
  0x84, 0x73, 0x10, 0x84, 0xCB, 0x30, 0x84, 0xFF, 0x10, 0x84, 0xFE, 0x10, 0x84, 0xFF, 0x10, 0x84,
  0xFD, 0x30, 0x84, 0xFF, 0x10, 0x84, 0xD6, 0xEF, 0x7B, 0x1A, 0x00, 0x00, 0x00, 0xEF, 0x7B, 0x02,
  0xAA, 0x52, 0x03, 0x00, 0x00, 0x00, 0x10, 0x84, 0x88, 0x30, 0x84, 0xFF, 0x10, 0x84, 0xFC, 0x10,
  0x84, 0xFF, 0x10, 0x84, 0xFE, 0x10, 0x84, 0xFF, 0x10, 0x84, 0xF0, 0x10, 0x84, 0x5B, 0x10, 0x84,
  0xD7, 0x30, 0x84, 0xFF, 0x10, 0x84, 0xFB, 0x10, 0x84, 0xFD, 0x10, 0x84, 0xFD, 0x10, 0x84, 0xFD,
  0x10, 0x84, 0xFE, 0x10, 0x84, 0xFF, 0x10, 0x84, 0xFF, 0x10, 0x84, 0xFF, 0x10, 0x84, 0xFF, 0x10,
  0x84, 0xFC, 0x10, 0x84, 0xFF, 0x10, 0x84, 0xEF, 0x10, 0x84, 0x2F, 0x00, 0x00, 0x00, 0x10, 0x84,
  0xFF, 0x10, 0x84, 0xFF, 0x10, 0x84, 0xFF, 0x10, 0x84, 0xFF, 0x10, 0x84, 0xFE, 0x30, 0x84, 0xFF,
  0x10, 0x84, 0xE6, 0xEF, 0x7B, 0x14, 0x00, 0x00, 0x00, 0x00, 0x00, 0x00, 0x00, 0x00, 0x00, 0x00,
  0x00, 0x00, 0x00, 0x00, 0x00, 0x00, 0x00, 0x00, 0x00, 0x00, 0x00, 0x00, 0x00, 0x00, 0x00, 0x00,
  0x00, 0x00, 0x00, 0x00, 0x00, 0x00, 0x00, 0x00, 0x00, 0x00, 0x00, 0x00, 0x00, 0x10, 0x84, 0xA4,
  0x30, 0x84, 0xFF, 0x10, 0x84, 0xFC, 0x10, 0x84, 0xFF, 0x10, 0x84, 0xFE, 0x10, 0x84, 0xFF, 0x10,
  0x84, 0xFD, 0x10, 0x84, 0x5E, 0x00, 0x00, 0x00, 0xEF, 0x7B, 0x02, 0xFF, 0xFF, 0x01, 0x00, 0x00,
  0x00, 0xEF, 0x7B, 0x1E, 0x10, 0x84, 0xD3, 0x30, 0x84, 0xFF, 0x10, 0x84, 0xFD, 0x10, 0x84, 0xFF,
  0x10, 0x84, 0xFD, 0x30, 0x84, 0xFF, 0x10, 0x84, 0xCE, 0x30, 0x84, 0x1B, 0x00, 0x00, 0x00, 0xFF,
  0xFF, 0x01, 0x00, 0x00, 0x00, 0x00, 0x00, 0x01, 0xFF, 0xFF, 0x01, 0x10, 0x84, 0x7C, 0x10, 0x84,
  0xFF, 0x10, 0x84, 0xFC, 0x10, 0x84, 0xFE, 0x10, 0x84, 0xFF, 0x10, 0x84, 0xFF, 0x10, 0x84, 0xFF,
  0x10, 0x84, 0xFE, 0x30, 0x84, 0xFF, 0x30, 0x84, 0xFF, 0x30, 0x84, 0xFF, 0x30, 0x84, 0xFF, 0x30,
  0x84, 0xFF, 0x10, 0x84, 0xFF, 0x10, 0x84, 0xFE, 0x10, 0x84, 0xE8, 0x10, 0x84, 0xEE, 0x10, 0x84,
  0xFF, 0x10, 0x84, 0xFF, 0x10, 0x84, 0xFF, 0x10, 0x84, 0xFD, 0x30, 0x84, 0xFF, 0x10, 0x84, 0xD6,
  0xEF, 0x7B, 0x1A, 0x00, 0x00, 0x00, 0xEF, 0x7B, 0x02, 0xAA, 0x52, 0x03, 0x00, 0x00, 0x00, 0x10,
  0x84, 0x88, 0x30, 0x84, 0xFF, 0x10, 0x84, 0xFC, 0x10, 0x84, 0xFF, 0x10, 0x84, 0xFF, 0x10, 0x84,
  0xFF, 0x10, 0x84, 0xF1, 0x10, 0x84, 0xCD, 0x10, 0x84, 0xFD, 0x10, 0x84, 0xFF, 0x30, 0x84, 0xFF,
  0x30, 0x84, 0xFF, 0x30, 0x84, 0xFF, 0x30, 0x84, 0xFF, 0x10, 0x84, 0xFF, 0x10, 0x84, 0xFE, 0x10,
  0x84, 0xFF, 0x10, 0x84, 0xFF, 0x10, 0x84, 0xFF, 0x10, 0x84, 0xFF, 0x10, 0x84, 0xFC, 0x51, 0x8C,
  0xFF, 0x10, 0x84, 0xA8, 0x00, 0x00, 0x00, 0x10, 0x84, 0xFF, 0x10, 0x84, 0xFF, 0x10, 0x84, 0xFF,
  0x10, 0x84, 0xFF, 0x10, 0x84, 0xFE, 0x10, 0x84, 0xFF, 0x10, 0x84, 0xF1, 0x10, 0x84, 0x7D, 0x10,
  0x84, 0x69, 0x30, 0x84, 0x6C, 0x10, 0x84, 0x6C, 0x10, 0x84, 0x6C, 0x10, 0x84, 0x6C, 0x10, 0x84,
  0x6C, 0x10, 0x84, 0x6C, 0x10, 0x84, 0x6C, 0x10, 0x84, 0x6C, 0x10, 0x84, 0x6C, 0x10, 0x84, 0x6C,
  0x10, 0x84, 0x6C, 0x10, 0x84, 0x6A, 0x10, 0x84, 0xCA, 0x30, 0x84, 0xFF, 0x10, 0x84, 0xFD, 0x10,
  0x84, 0xFF, 0x10, 0x84, 0xFE, 0x10, 0x84, 0xFF, 0x10, 0x84, 0xFD, 0x10, 0x84, 0x5E, 0x00, 0x00,
  0x00, 0xEF, 0x7B, 0x02, 0xFF, 0xFF, 0x01, 0x00, 0x00, 0x00, 0xEF, 0x7B, 0x1E, 0x10, 0x84, 0xD3,
  0x30, 0x84, 0xFF, 0x10, 0x84, 0xFD, 0x10, 0x84, 0xFF, 0x10, 0x84, 0xFD, 0x30, 0x84, 0xFF, 0x10,
  0x84, 0xCE, 0x30, 0x84, 0x1B, 0x00, 0x00, 0x00, 0xFF, 0xFF, 0x01, 0xEF, 0x7B, 0x02, 0x00, 0x00,
  0x00, 0x30, 0x84, 0x2C, 0x10, 0x84, 0xE4, 0x10, 0x84, 0xFF, 0x10, 0x84, 0xFD, 0x10, 0x84, 0xFF,
  0x10, 0x84, 0xFF, 0x10, 0x84, 0xFF, 0x10, 0x84, 0xFE, 0x10, 0x84, 0xFF, 0x10, 0x84, 0xD5, 0x10,
  0x84, 0x87, 0xEF, 0x7B, 0x64, 0x10, 0x84, 0x65, 0x10, 0x84, 0x99, 0x10, 0x84, 0xE6, 0x10, 0x84,
  0xFF, 0x10, 0x84, 0xFF, 0x10, 0x84, 0xFF, 0x10, 0x84, 0xFF, 0x10, 0x84, 0xFF, 0x10, 0x84, 0xFF,
  0x10, 0x84, 0xFD, 0x30, 0x84, 0xFF, 0x10, 0x84, 0xD6, 0xEF, 0x7B, 0x1A, 0x00, 0x00, 0x00, 0xEF,
  0x7B, 0x02, 0xAA, 0x52, 0x03, 0x00, 0x00, 0x00, 0x10, 0x84, 0x88, 0x30, 0x84, 0xFF, 0x10, 0x84,
  0xFC, 0x10, 0x84, 0xFF, 0x10, 0x84, 0xFF, 0x10, 0x84, 0xFF, 0x10, 0x84, 0xFF, 0x10, 0x84, 0xFF,
  0x10, 0x84, 0xFF, 0x10, 0x84, 0xFC, 0x10, 0x84, 0xC7, 0x10, 0x84, 0x9A, 0x10, 0x84, 0x94, 0x10,
  0x84, 0xB2, 0x10, 0x84, 0xED, 0x10, 0x84, 0xFF, 0x10, 0x84, 0xFE, 0x10, 0x84, 0xFF, 0x10, 0x84,
  0xFF, 0x10, 0x84, 0xFF, 0x10, 0x84, 0xFD, 0x10, 0x84, 0xFE, 0x10, 0x84, 0xEB, 0x10, 0x84, 0x1F,
  0x10, 0x84, 0xFF, 0x10, 0x84, 0xFF, 0x10, 0x84, 0xFF, 0x10, 0x84, 0xFF, 0x10, 0x84, 0xFF, 0x10,
  0x84, 0xFF, 0x10, 0x84, 0xFF, 0x10, 0x84, 0xFF, 0x10, 0x84, 0xFF, 0x10, 0x84, 0xFF, 0x10, 0x84,
  0xFF, 0x10, 0x84, 0xFF, 0x10, 0x84, 0xFF, 0x10, 0x84, 0xFF, 0x10, 0x84, 0xFF, 0x10, 0x84, 0xFF,
  0x10, 0x84, 0xFF, 0x10, 0x84, 0xFF, 0x10, 0x84, 0xFF, 0x10, 0x84, 0xFF, 0x10, 0x84, 0xFF, 0x10,
  0x84, 0xFF, 0x10, 0x84, 0xFF, 0x10, 0x84, 0xFF, 0x10, 0x84, 0xFF, 0x10, 0x84, 0xFE, 0x10, 0x84,
  0xFF, 0x10, 0x84, 0xFD, 0x10, 0x84, 0x5E, 0x00, 0x00, 0x00, 0xEF, 0x7B, 0x02, 0xFF, 0xFF, 0x01,
  0x00, 0x00, 0x00, 0xEF, 0x7B, 0x1E, 0x10, 0x84, 0xD3, 0x30, 0x84, 0xFF, 0x10, 0x84, 0xFD, 0x10,
  0x84, 0xFF, 0x10, 0x84, 0xFD, 0x30, 0x84, 0xFF, 0x10, 0x84, 0xCE, 0x30, 0x84, 0x1B, 0x00, 0x00,
  0x00, 0xEF, 0x7B, 0x02, 0xEF, 0x7B, 0x02, 0x00, 0x00, 0x00, 0x10, 0x84, 0x7C, 0x30, 0x84, 0xFF,
  0x10, 0x84, 0xFE, 0x10, 0x84, 0xFF, 0x10, 0x84, 0xFF, 0x10, 0x84, 0xFF, 0x10, 0x84, 0xFE, 0x10,
  0x84, 0xFF, 0x10, 0x84, 0xA8, 0xEF, 0x7B, 0x20, 0x00, 0x00, 0x00, 0x00, 0x00, 0x00, 0x00, 0x00,
  0x00, 0x00, 0x00, 0x00, 0xEF, 0x7B, 0x39, 0x10, 0x84, 0xCA, 0x10, 0x84, 0xFF, 0x10, 0x84, 0xFE,
  0x10, 0x84, 0xFF, 0x10, 0x84, 0xFF, 0x10, 0x84, 0xFF, 0x10, 0x84, 0xFD, 0x30, 0x84, 0xFF, 0x10,
  0x84, 0xD6, 0xEF, 0x7B, 0x1A, 0x00, 0x00, 0x00, 0xEF, 0x7B, 0x02, 0xAA, 0x52, 0x03, 0x00, 0x00,
  0x00, 0x10, 0x84, 0x88, 0x30, 0x84, 0xFF, 0x10, 0x84, 0xFC, 0x10, 0x84, 0xFF, 0x10, 0x84, 0xFF,
  0x10, 0x84, 0xFF, 0x10, 0x84, 0xFE, 0x10, 0x84, 0xFF, 0x10, 0x84, 0xE2, 0x10, 0x84, 0x61, 0xEF,
  0x7B, 0x10, 0x00, 0x00, 0x00, 0x00, 0x00, 0x00, 0xEF, 0x7B, 0x06, 0x10, 0x84, 0x39, 0x10, 0x84,
  0xC5, 0x30, 0x84, 0xFF, 0x10, 0x84, 0xFE, 0x10, 0x84, 0xFF, 0x10, 0x84, 0xFF, 0x10, 0x84, 0xFF,
  0x10, 0x84, 0xFE, 0x30, 0x84, 0xFF, 0x10, 0x84, 0x5E, 0x10, 0x84, 0xFF, 0x10, 0x84, 0xFF, 0x10,
  0x84, 0xFF, 0x10, 0x84, 0xFF, 0x10, 0x84, 0xFF, 0x10, 0x84, 0xFF, 0x10, 0x84, 0xFF, 0x10, 0x84,
  0xFF, 0x10, 0x84, 0xFF, 0x10, 0x84, 0xFF, 0x10, 0x84, 0xFF, 0x10, 0x84, 0xFF, 0x10, 0x84, 0xFF,
  0x10, 0x84, 0xFF, 0x10, 0x84, 0xFF, 0x10, 0x84, 0xFF, 0x10, 0x84, 0xFF, 0x10, 0x84, 0xFF, 0x10,
  0x84, 0xFF, 0x10, 0x84, 0xFF, 0x10, 0x84, 0xFF, 0x10, 0x84, 0xFF, 0x10, 0x84, 0xFF, 0x10, 0x84,
  0xFF, 0x10, 0x84, 0xFF, 0x10, 0x84, 0xFE, 0x10, 0x84, 0xFF, 0x10, 0x84, 0xFD, 0x10, 0x84, 0x5E,
  0x00, 0x00, 0x00, 0xEF, 0x7B, 0x02, 0xFF, 0xFF, 0x01, 0x00, 0x00, 0x00, 0xEF, 0x7B, 0x1E, 0x10,
  0x84, 0xD3, 0x30, 0x84, 0xFF, 0x10, 0x84, 0xFD, 0x10, 0x84, 0xFF, 0x10, 0x84, 0xFD, 0x30, 0x84,
  0xFF, 0x10, 0x84, 0xCE, 0x30, 0x84, 0x1B, 0x00, 0x00, 0x00, 0xEF, 0x7B, 0x02, 0x00, 0x00, 0x00,
  0x51, 0x8C, 0x0B, 0x10, 0x84, 0xB7, 0x30, 0x84, 0xFE, 0x10, 0x84, 0xFD, 0x10, 0x84, 0xFF, 0x10,
  0x84, 0xFF, 0x10, 0x84, 0xFD, 0x30, 0x84, 0xFF, 0x10, 0x84, 0xC8, 0xEF, 0x7B, 0x1C, 0x00, 0x00,
  0x00, 0x55, 0xAD, 0x03, 0x55, 0xAD, 0x03, 0x55, 0xAD, 0x03, 0xEF, 0x7B, 0x02, 0x00, 0x00, 0x00,
  0x30, 0x84, 0x36, 0x10, 0x84, 0xE6, 0x10, 0x84, 0xFF, 0x10, 0x84, 0xFE, 0x10, 0x84, 0xFF, 0x10,
  0x84, 0xFF, 0x10, 0x84, 0xFD, 0x30, 0x84, 0xFF, 0x10, 0x84, 0xD6, 0xEF, 0x7B, 0x1A, 0x00, 0x00,
  0x00, 0xEF, 0x7B, 0x02, 0xAA, 0x52, 0x03, 0x00, 0x00, 0x00, 0x10, 0x84, 0x88, 0x30, 0x84, 0xFF,
  0x10, 0x84, 0xFC, 0x10, 0x84, 0xFF, 0x10, 0x84, 0xFF, 0x10, 0x84, 0xFE, 0x10, 0x84, 0xFE, 0x10,
  0x84, 0xFA, 0xEF, 0x7B, 0x54, 0x00, 0x00, 0x00, 0x00, 0x00, 0x00, 0x00, 0x00, 0x00, 0x00, 0x00,
  0x00, 0x00, 0x00, 0x00, 0x00, 0x00, 0x00, 0xEF, 0x7B, 0x29, 0x10, 0x84, 0xE7, 0x10, 0x84, 0xFF,
  0x10, 0x84, 0xFE, 0x10, 0x84, 0xFF, 0x10, 0x84, 0xFF, 0x10, 0x84, 0xFB, 0x51, 0x8C, 0xFF, 0x10,
  0x84, 0x7F, 0x10, 0x84, 0xFF, 0x10, 0x84, 0xFF, 0x10, 0x84, 0xFF, 0x10, 0x84, 0xFF, 0x10, 0x84,
  0xFF, 0x10, 0x84, 0xFF, 0x10, 0x84, 0xFF, 0x10, 0x84, 0xFE, 0x10, 0x84, 0xFE, 0x10, 0x84, 0xFE,
  0x10, 0x84, 0xFE, 0x10, 0x84, 0xFE, 0x10, 0x84, 0xFE, 0x10, 0x84, 0xFE, 0x10, 0x84, 0xFE, 0x10,
  0x84, 0xFE, 0x10, 0x84, 0xFE, 0x10, 0x84, 0xFE, 0x10, 0x84, 0xFE, 0x10, 0x84, 0xFE, 0x10, 0x84,
  0xFE, 0x10, 0x84, 0xFF, 0x10, 0x84, 0xFF, 0x10, 0x84, 0xFF, 0x10, 0x84, 0xFF, 0x10, 0x84, 0xFE,
  0x10, 0x84, 0xFF, 0x10, 0x84, 0xFD, 0x10, 0x84, 0x5E, 0x00, 0x00, 0x00, 0xEF, 0x7B, 0x02, 0xFF,
  0xFF, 0x01, 0x00, 0x00, 0x00, 0xEF, 0x7B, 0x1E, 0x10, 0x84, 0xD3, 0x30, 0x84, 0xFF, 0x10, 0x84,
  0xFD, 0x10, 0x84, 0xFF, 0x10, 0x84, 0xFD, 0x30, 0x84, 0xFF, 0x10, 0x84, 0xCE, 0x30, 0x84, 0x1B,
  0x00, 0x00, 0x00, 0x55, 0xAD, 0x03, 0x00, 0x00, 0x00, 0xEF, 0x7B, 0x28, 0x10, 0x84, 0xDE, 0x10,
  0x84, 0xFF, 0x10, 0x84, 0xFE, 0x10, 0x84, 0xFF, 0x10, 0x84, 0xFF, 0x10, 0x84, 0xFF, 0x10, 0x84,
  0xFE, 0x10, 0x84, 0x61, 0x00, 0x00, 0x00, 0xAA, 0x52, 0x03, 0x00, 0x00, 0x00, 0x00, 0x00, 0x00,
  0x00, 0x00, 0x00, 0x00, 0x00, 0x01, 0x55, 0xAD, 0x03, 0x00, 0x00, 0x00, 0x10, 0x84, 0x93, 0x30,
  0x84, 0xFF, 0x10, 0x84, 0xFE, 0x10, 0x84, 0xFF, 0x10, 0x84, 0xFF, 0x10, 0x84, 0xFD, 0x30, 0x84,
  0xFF, 0x10, 0x84, 0xD6, 0xEF, 0x7B, 0x1A, 0x00, 0x00, 0x00, 0xEF, 0x7B, 0x02, 0xAA, 0x52, 0x03,
  0x00, 0x00, 0x00, 0x10, 0x84, 0x88, 0x30, 0x84, 0xFF, 0x10, 0x84, 0xFC, 0x10, 0x84, 0xFF, 0x10,
  0x84, 0xFF, 0x10, 0x84, 0xFC, 0x30, 0x84, 0xFF, 0x10, 0x84, 0xBB, 0xEF, 0x7B, 0x04, 0xEF, 0x7B,
  0x02, 0xEF, 0x7B, 0x02, 0x00, 0x00, 0x01, 0x00, 0x00, 0x01, 0x00, 0x00, 0x01, 0xEF, 0x7B, 0x04,
  0x00, 0x00, 0x00, 0x10, 0x84, 0x97, 0x51, 0x8C, 0xFF, 0x10, 0x84, 0xFC, 0x10, 0x84, 0xFF, 0x10,
  0x84, 0xFF, 0x10, 0x84, 0xFC, 0x51, 0x8C, 0xFF, 0x10, 0x84, 0x93, 0x10, 0x84, 0xFF, 0x10, 0x84,
  0xFF, 0x10, 0x84, 0xFF, 0x10, 0x84, 0xFF, 0x10, 0x84, 0xFF, 0x10, 0x84, 0xFF, 0x10, 0x84, 0xFF,
  0x10, 0x84, 0xFF, 0x10, 0x84, 0xFF, 0x10, 0x84, 0xFF, 0x10, 0x84, 0xFF, 0x10, 0x84, 0xFF, 0x10,
  0x84, 0xFF, 0x10, 0x84, 0xFF, 0x10, 0x84, 0xFF, 0x10, 0x84, 0xFF, 0x10, 0x84, 0xFF, 0x10, 0x84,
  0xFF, 0x10, 0x84, 0xFF, 0x10, 0x84, 0xFF, 0x10, 0x84, 0xFF, 0x10, 0x84, 0xFF, 0x10, 0x84, 0xFF,
  0x10, 0x84, 0xFF, 0x10, 0x84, 0xFF, 0x10, 0x84, 0xFE, 0x10, 0x84, 0xFF, 0x10, 0x84, 0xFD, 0x10,
  0x84, 0x5E, 0x00, 0x00, 0x00, 0xEF, 0x7B, 0x02, 0xFF, 0xFF, 0x01, 0x00, 0x00, 0x00, 0xEF, 0x7B,
  0x1E, 0x10, 0x84, 0xD3, 0x30, 0x84, 0xFF, 0x10, 0x84, 0xFD, 0x10, 0x84, 0xFF, 0x10, 0x84, 0xFD,
  0x30, 0x84, 0xFF, 0x10, 0x84, 0xCE, 0x30, 0x84, 0x1B, 0x00, 0x00, 0x00, 0xEF, 0x7B, 0x04, 0x00,
  0x00, 0x00, 0xEF, 0x7B, 0x40, 0x10, 0x84, 0xF8, 0x10, 0x84, 0xFF, 0x10, 0x84, 0xFE, 0x10, 0x84,
  0xFF, 0x10, 0x84, 0xFE, 0x30, 0x84, 0xFF, 0x10, 0x84, 0xE1, 0x10, 0x84, 0x29, 0x00, 0x00, 0x01,
  0xEF, 0x7B, 0x02, 0x00, 0x00, 0x00, 0x00, 0x00, 0x00, 0x00, 0x00, 0x00, 0x00, 0x00, 0x00, 0xEF,
  0x7B, 0x02, 0x00, 0x00, 0x01, 0xEF, 0x7B, 0x4A, 0x10, 0x84, 0xF8, 0x10, 0x84, 0xFF, 0x10, 0x84,
  0xFE, 0x10, 0x84, 0xFF, 0x10, 0x84, 0xFD, 0x30, 0x84, 0xFF, 0x10, 0x84, 0xD6, 0xEF, 0x7B, 0x1A,
  0x00, 0x00, 0x00, 0xEF, 0x7B, 0x02, 0xAA, 0x52, 0x03, 0x00, 0x00, 0x00, 0x10, 0x84, 0x88, 0x30,
  0x84, 0xFF, 0x10, 0x84, 0xFC, 0x10, 0x84, 0xFF, 0x10, 0x84, 0xFF, 0x10, 0x84, 0xFC, 0x51, 0x8C,
  0xFF, 0x10, 0x84, 0x7D, 0x00, 0x00, 0x00, 0xEF, 0x7B, 0x02, 0x00, 0x00, 0x00, 0x00, 0x00, 0x00,
  0x00, 0x00, 0x00, 0x00, 0x00, 0x00, 0xEF, 0x7B, 0x04, 0xFF, 0xFF, 0x01, 0xEF, 0x7B, 0x6A, 0x51,
  0x8C, 0xFF, 0x10, 0x84, 0xFC, 0x10, 0x84, 0xFF, 0x10, 0x84, 0xFF, 0x10, 0x84, 0xFC, 0x51, 0x8C,
  0xFF, 0x10, 0x84, 0x95, 0x10, 0x84, 0xFF, 0x10, 0x84, 0xFF, 0x10, 0x84, 0xFF, 0x10, 0x84, 0xFF,
  0x10, 0x84, 0xFF, 0x10, 0x84, 0xFF, 0x10, 0x84, 0xFF, 0x10, 0x84, 0xFD, 0x10, 0x84, 0xFD, 0x10,
  0x84, 0xFD, 0x10, 0x84, 0xFD, 0x10, 0x84, 0xFD, 0x10, 0x84, 0xFD, 0x10, 0x84, 0xFD, 0x10, 0x84,
  0xFD, 0x10, 0x84, 0xFD, 0x10, 0x84, 0xFD, 0x10, 0x84, 0xFD, 0x10, 0x84, 0xFD, 0x10, 0x84, 0xFD,
  0x10, 0x84, 0xFD, 0x10, 0x84, 0xFE, 0x10, 0x84, 0xFF, 0x10, 0x84, 0xFF, 0x10, 0x84, 0xFF, 0x10,
  0x84, 0xFE, 0x10, 0x84, 0xFF, 0x10, 0x84, 0xFD, 0x10, 0x84, 0x5E, 0x00, 0x00, 0x00, 0xEF, 0x7B,
  0x02, 0xFF, 0xFF, 0x01, 0x00, 0x00, 0x00, 0xEF, 0x7B, 0x1E, 0x10, 0x84, 0xD3, 0x30, 0x84, 0xFF,
  0x10, 0x84, 0xFD, 0x10, 0x84, 0xFF, 0x10, 0x84, 0xFD, 0x30, 0x84, 0xFF, 0x10, 0x84, 0xCE, 0x30,
  0x84, 0x1B, 0x00, 0x00, 0x00, 0x55, 0xAD, 0x03, 0x00, 0x00, 0x00, 0x10, 0x84, 0x5C, 0x10, 0x84,
  0xFF, 0x10, 0x84, 0xFF, 0x10, 0x84, 0xFF, 0x10, 0x84, 0xFF, 0x10, 0x84, 0xFD, 0x30, 0x84, 0xFF,
  0x10, 0x84, 0xB8, 0x51, 0x8C, 0x0B, 0x00, 0x00, 0x00, 0x00, 0x00, 0x01, 0x00, 0x00, 0x00, 0x00,
  0x00, 0x00, 0x00, 0x00, 0x00, 0x00, 0x00, 0x00, 0xEF, 0x7B, 0x02, 0x00, 0x00, 0x00, 0xEF, 0x7B,
  0x24, 0x10, 0x84, 0xE7, 0x10, 0x84, 0xFF, 0x10, 0x84, 0xFE, 0x10, 0x84, 0xFF, 0x10, 0x84, 0xFD,
  0x30, 0x84, 0xFF, 0x10, 0x84, 0xD6, 0xEF, 0x7B, 0x1A, 0x00, 0x00, 0x00, 0xEF, 0x7B, 0x02, 0xAA,
  0x52, 0x03, 0x00, 0x00, 0x00, 0x10, 0x84, 0x88, 0x30, 0x84, 0xFF, 0x10, 0x84, 0xFC, 0x10, 0x84,
  0xFF, 0x10, 0x84, 0xFF, 0x10, 0x84, 0xFB, 0x51, 0x8C, 0xFF, 0x10, 0x84, 0x66, 0x00, 0x00, 0x00,
  0x55, 0xAD, 0x03, 0x00, 0x00, 0x00, 0x00, 0x00, 0x00, 0x00, 0x00, 0x00, 0x00, 0x00, 0x00, 0xEF,
  0x7B, 0x04, 0x00, 0x00, 0x00, 0x10, 0x84, 0x62, 0x30, 0x84, 0xFF, 0x10, 0x84, 0xFD, 0x10, 0x84,
  0xFF, 0x10, 0x84, 0xFF, 0x10, 0x84, 0xFC, 0x51, 0x8C, 0xFF, 0x10, 0x84, 0x95, 0x10, 0x84, 0xFF,
  0x10, 0x84, 0xFF, 0x10, 0x84, 0xFF, 0x10, 0x84, 0xFF, 0x10, 0x84, 0xFE, 0x10, 0x84, 0xFF, 0x10,
  0x84, 0xF0, 0x10, 0x84, 0x75, 0xEF, 0x7B, 0x62, 0x10, 0x84, 0x65, 0x10, 0x84, 0x64, 0x10, 0x84,
  0x64, 0x10, 0x84, 0x64, 0x10, 0x84, 0x64, 0x10, 0x84, 0x64, 0x10, 0x84, 0x64, 0x10, 0x84, 0x64,
  0x10, 0x84, 0x64, 0x10, 0x84, 0x64, 0x10, 0x84, 0x64, 0x10, 0x84, 0x63, 0x10, 0x84, 0xC9, 0x30,
  0x84, 0xFF, 0x10, 0x84, 0xFD, 0x10, 0x84, 0xFF, 0x10, 0x84, 0xFE, 0x10, 0x84, 0xFF, 0x10, 0x84,
  0xFD, 0x10, 0x84, 0x5E, 0x00, 0x00, 0x00, 0xEF, 0x7B, 0x02, 0xFF, 0xFF, 0x01, 0x00, 0x00, 0x00,
  0xEF, 0x7B, 0x1E, 0x10, 0x84, 0xD3, 0x30, 0x84, 0xFF, 0x10, 0x84, 0xFD, 0x10, 0x84, 0xFF, 0x10,
  0x84, 0xFD, 0x30, 0x84, 0xFF, 0x10, 0x84, 0xCE, 0x30, 0x84, 0x1B, 0x00, 0x00, 0x00, 0xAA, 0x52,
  0x03, 0x00, 0x00, 0x00, 0x10, 0x84, 0x6B, 0x10, 0x84, 0xFF, 0x10, 0x84, 0xFF, 0x10, 0x84, 0xFF,
  0x10, 0x84, 0xFF, 0x10, 0x84, 0xFC, 0x51, 0x8C, 0xFF, 0x10, 0x84, 0xA5, 0x00, 0x00, 0x00, 0x00,
  0x00, 0x01, 0x00, 0x00, 0x00, 0x00, 0x00, 0x00, 0x00, 0x00, 0x00, 0x00, 0x00, 0x00, 0x00, 0x00,
  0x00, 0xFF, 0xFF, 0x01, 0x00, 0x00, 0x00, 0xEF, 0x7B, 0x14, 0x10, 0x84, 0xCD, 0x30, 0x84, 0xFF,
  0x10, 0x84, 0xFD, 0x10, 0x84, 0xFF, 0x10, 0x84, 0xFD, 0x30, 0x84, 0xFF, 0x10, 0x84, 0xD6, 0xEF,
  0x7B, 0x1A, 0x00, 0x00, 0x00, 0xEF, 0x7B, 0x02, 0xAA, 0x52, 0x03, 0x00, 0x00, 0x00, 0x10, 0x84,
  0x88, 0x30, 0x84, 0xFF, 0x10, 0x84, 0xFC, 0x10, 0x84, 0xFF, 0x10, 0x84, 0xFF, 0x10, 0x84, 0xFB,
  0x51, 0x8C, 0xFF, 0x10, 0x84, 0x65, 0x00, 0x00, 0x00, 0x55, 0xAD, 0x03, 0x00, 0x00, 0x00, 0x00,
  0x00, 0x00, 0x00, 0x00, 0x00, 0x00, 0x00, 0x00, 0xEF, 0x7B, 0x04, 0x00, 0x00, 0x00, 0x10, 0x84,
  0x63, 0x30, 0x84, 0xFF, 0x10, 0x84, 0xFD, 0x10, 0x84, 0xFF, 0x10, 0x84, 0xFF, 0x10, 0x84, 0xFC,
  0x51, 0x8C, 0xFF, 0x10, 0x84, 0x95, 0x10, 0x84, 0xFF, 0x10, 0x84, 0xFF, 0x10, 0x84, 0xFF, 0x10,
  0x84, 0xFF, 0x10, 0x84, 0xFE, 0x30, 0x84, 0xFF, 0x10, 0x84, 0xE6, 0xEF, 0x7B, 0x14, 0x00, 0x00,
  0x00, 0x00, 0x00, 0x00, 0x00, 0x00, 0x00, 0x00, 0x00, 0x00, 0x00, 0x00, 0x00, 0x00, 0x00, 0x00,
  0x00, 0x00, 0x00, 0x00, 0x00, 0x00, 0x00, 0x00, 0x00, 0x00, 0x00, 0x00, 0x00, 0x00, 0x00, 0x00,
  0x00, 0x00, 0x00, 0x00, 0x00, 0x10, 0x84, 0xA4, 0x30, 0x84, 0xFF, 0x10, 0x84, 0xFC, 0x10, 0x84,
  0xFF, 0x10, 0x84, 0xFE, 0x10, 0x84, 0xFF, 0x10, 0x84, 0xFD, 0x10, 0x84, 0x5E, 0x00, 0x00, 0x00,
  0xEF, 0x7B, 0x02, 0xFF, 0xFF, 0x01, 0x00, 0x00, 0x00, 0xEF, 0x7B, 0x1E, 0x10, 0x84, 0xD3, 0x30,
  0x84, 0xFF, 0x10, 0x84, 0xFD, 0x10, 0x84, 0xFF, 0x10, 0x84, 0xFD, 0x30, 0x84, 0xFF, 0x10, 0x84,
  0xCE, 0x30, 0x84, 0x1B, 0x00, 0x00, 0x00, 0xAA, 0x52, 0x03, 0x00, 0x00, 0x00, 0xEF, 0x7B, 0x72,
  0x10, 0x84, 0xFF, 0x10, 0x84, 0xFF, 0x10, 0x84, 0xFF, 0x10, 0x84, 0xFF, 0x10, 0x84, 0xFC, 0x51,
  0x8C, 0xFF, 0x10, 0x84, 0xA1, 0x00, 0x00, 0x00, 0xFF, 0xFF, 0x01, 0x00, 0x00, 0x00, 0x00, 0x00,
  0x00, 0x00, 0x00, 0x00, 0x00, 0x00, 0x00, 0x00, 0x00, 0x00, 0xFF, 0xFF, 0x01, 0x00, 0x00, 0x00,
  0xCF, 0x7B, 0x11, 0x10, 0x84, 0xC4, 0x30, 0x84, 0xFF, 0x10, 0x84, 0xFD, 0x10, 0x84, 0xFF, 0x10,
  0x84, 0xFD, 0x30, 0x84, 0xFF, 0x10, 0x84, 0xD6, 0xEF, 0x7B, 0x1A, 0x00, 0x00, 0x00, 0xEF, 0x7B,
  0x02, 0xAA, 0x52, 0x03, 0x00, 0x00, 0x00, 0x10, 0x84, 0x88, 0x30, 0x84, 0xFF, 0x10, 0x84, 0xFC,
  0x10, 0x84, 0xFF, 0x10, 0x84, 0xFF, 0x10, 0x84, 0xFB, 0x51, 0x8C, 0xFF, 0x10, 0x84, 0x65, 0x00,
  0x00, 0x00, 0x55, 0xAD, 0x03, 0x00, 0x00, 0x00, 0x00, 0x00, 0x00, 0x00, 0x00, 0x00, 0x00, 0x00,
  0x00, 0xEF, 0x7B, 0x04, 0x00, 0x00, 0x00, 0x10, 0x84, 0x63, 0x30, 0x84, 0xFF, 0x10, 0x84, 0xFD,
  0x10, 0x84, 0xFF, 0x10, 0x84, 0xFF, 0x10, 0x84, 0xFC, 0x51, 0x8C, 0xFF, 0x10, 0x84, 0x95, 0x10,
  0x84, 0xFF, 0x10, 0x84, 0xFF, 0x10, 0x84, 0xFF, 0x10, 0x84, 0xFF, 0x10, 0x84, 0xFE, 0x30, 0x84,
  0xFF, 0x10, 0x84, 0xE7, 0x10, 0x84, 0x1D, 0xEF, 0x7B, 0x02, 0x55, 0xAD, 0x03, 0xEF, 0x7B, 0x02,
  0xEF, 0x7B, 0x02, 0xEF, 0x7B, 0x02, 0xEF, 0x7B, 0x02, 0xEF, 0x7B, 0x02, 0xEF, 0x7B, 0x02, 0xEF,
  0x7B, 0x02, 0xEF, 0x7B, 0x02, 0xAA, 0x52, 0x03, 0xAA, 0x52, 0x03, 0xEF, 0x7B, 0x02, 0xEF, 0x7B,
  0xA8, 0x30, 0x84, 0xFF, 0x10, 0x84, 0xFC, 0x10, 0x84, 0xFF, 0x10, 0x84, 0xFE, 0x10, 0x84, 0xFF,
  0x10, 0x84, 0xFD, 0x10, 0x84, 0x5E, 0x00, 0x00, 0x00, 0xEF, 0x7B, 0x02, 0xFF, 0xFF, 0x01, 0x00,
  0x00, 0x00, 0xEF, 0x7B, 0x1E, 0x10, 0x84, 0xD3, 0x30, 0x84, 0xFF, 0x10, 0x84, 0xFD, 0x10, 0x84,
  0xFF, 0x10, 0x84, 0xFD, 0x30, 0x84, 0xFF, 0x10, 0x84, 0xCE, 0x30, 0x84, 0x1B, 0x00, 0x00, 0x00,
  0xAA, 0x52, 0x03, 0x00, 0x00, 0x00, 0x10, 0x84, 0x6F, 0x10, 0x84, 0xFF, 0x10, 0x84, 0xFF, 0x10,
  0x84, 0xFF, 0x10, 0x84, 0xFF, 0x10, 0x84, 0xFC, 0x51, 0x8C, 0xFF, 0x10, 0x84, 0xA5, 0x00, 0x00,
  0x00, 0x00, 0x00, 0x01, 0x00, 0x00, 0x00, 0x00, 0x00, 0x00, 0x00, 0x00, 0x00, 0x00, 0x00, 0x00,
  0x00, 0x00, 0x00, 0xEF, 0x7B, 0x02, 0x00, 0x00, 0x00, 0xCF, 0x7B, 0x15, 0x10, 0x84, 0xCE, 0x30,
  0x84, 0xFF, 0x10, 0x84, 0xFD, 0x10, 0x84, 0xFF, 0x10, 0x84, 0xFD, 0x30, 0x84, 0xFF, 0x10, 0x84,
  0xD6, 0xEF, 0x7B, 0x1A, 0x00, 0x00, 0x00, 0xEF, 0x7B, 0x02, 0xAA, 0x52, 0x03, 0x00, 0x00, 0x00,
  0x10, 0x84, 0x88, 0x30, 0x84, 0xFF, 0x10, 0x84, 0xFC, 0x10, 0x84, 0xFF, 0x10, 0x84, 0xFF, 0x10,
  0x84, 0xFB, 0x51, 0x8C, 0xFF, 0x10, 0x84, 0x65, 0x00, 0x00, 0x00, 0x55, 0xAD, 0x03, 0x00, 0x00,
  0x00, 0x00, 0x00, 0x00, 0x00, 0x00, 0x00, 0x00, 0x00, 0x00, 0xEF, 0x7B, 0x04, 0x00, 0x00, 0x00,
  0x10, 0x84, 0x63, 0x30, 0x84, 0xFF, 0x10, 0x84, 0xFD, 0x10, 0x84, 0xFF, 0x10, 0x84, 0xFF, 0x10,
  0x84, 0xFC, 0x51, 0x8C, 0xFF, 0x10, 0x84, 0x95, 0x10, 0x84, 0xFF, 0x10, 0x84, 0xFF, 0x10, 0x84,
  0xFF, 0x10, 0x84, 0xFF, 0x10, 0x84, 0xFE, 0x30, 0x84, 0xFF, 0x10, 0x84, 0xE7, 0x30, 0x84, 0x1B,
  0x00, 0x00, 0x00, 0xFF, 0xFF, 0x01, 0x00, 0x00, 0x00, 0x00, 0x00, 0x00, 0x00, 0x00, 0x00, 0x00,
  0x00, 0x00, 0x00, 0x00, 0x00, 0x00, 0x00, 0x00, 0x00, 0x00, 0x00, 0x00, 0x00, 0x00, 0x00, 0x00,
  0x01, 0x00, 0x00, 0x01, 0x00, 0x00, 0x00, 0x10, 0x84, 0xA7, 0x30, 0x84, 0xFF, 0x10, 0x84, 0xFC,
  0x10, 0x84, 0xFF, 0x10, 0x84, 0xFE, 0x10, 0x84, 0xFF, 0x10, 0x84, 0xFD, 0x10, 0x84, 0x5E, 0x00,
  0x00, 0x00, 0xEF, 0x7B, 0x02, 0xFF, 0xFF, 0x01, 0x00, 0x00, 0x00, 0xEF, 0x7B, 0x1E, 0x10, 0x84,
  0xD3, 0x30, 0x84, 0xFF, 0x10, 0x84, 0xFD, 0x10, 0x84, 0xFF, 0x10, 0x84, 0xFD, 0x30, 0x84, 0xFF,
  0x10, 0x84, 0xCE, 0x30, 0x84, 0x1B, 0x00, 0x00, 0x00, 0x55, 0xAD, 0x03, 0x00, 0x00, 0x00, 0x10,
  0x84, 0x5A, 0x10, 0x84, 0xFF, 0x10, 0x84, 0xFF, 0x10, 0x84, 0xFE, 0x10, 0x84, 0xFF, 0x10, 0x84,
  0xFD, 0x30, 0x84, 0xFF, 0x10, 0x84, 0xB8, 0x51, 0x8C, 0x0B, 0x00, 0x00, 0x00, 0x00, 0x00, 0x01,
  0x00, 0x00, 0x00, 0x00, 0x00, 0x00, 0x00, 0x00, 0x00, 0x00, 0x00, 0x00, 0xEF, 0x7B, 0x02, 0x00,
  0x00, 0x00, 0xEF, 0x7B, 0x1E, 0x10, 0x84, 0xE2, 0x10, 0x84, 0xFF, 0x10, 0x84, 0xFE, 0x10, 0x84,
  0xFF, 0x10, 0x84, 0xFD, 0x30, 0x84, 0xFF, 0x10, 0x84, 0xD6, 0xEF, 0x7B, 0x1A, 0x00, 0x00, 0x00,
  0xEF, 0x7B, 0x02, 0xAA, 0x52, 0x03, 0x00, 0x00, 0x00, 0x10, 0x84, 0x88, 0x30, 0x84, 0xFF, 0x10,
  0x84, 0xFC, 0x10, 0x84, 0xFF, 0x10, 0x84, 0xFF, 0x10, 0x84, 0xFB, 0x51, 0x8C, 0xFF, 0x10, 0x84,
  0x65, 0x00, 0x00, 0x00, 0x55, 0xAD, 0x03, 0x00, 0x00, 0x00, 0x00, 0x00, 0x00, 0x00, 0x00, 0x00,
  0x00, 0x00, 0x00, 0xEF, 0x7B, 0x04, 0x00, 0x00, 0x00, 0x10, 0x84, 0x63, 0x30, 0x84, 0xFF, 0x10,
  0x84, 0xFD, 0x10, 0x84, 0xFF, 0x10, 0x84, 0xFF, 0x10, 0x84, 0xFC, 0x51, 0x8C, 0xFF, 0x10, 0x84,
  0x95, 0x10, 0x84, 0xFF, 0x10, 0x84, 0xFF, 0x10, 0x84, 0xFF, 0x10, 0x84, 0xFF, 0x10, 0x84, 0xFE,
  0x30, 0x84, 0xFF, 0x10, 0x84, 0xE7, 0x30, 0x84, 0x1B, 0x00, 0x00, 0x00, 0xFF, 0xFF, 0x01, 0x00,
  0x00, 0x00, 0x00, 0x00, 0x00, 0x00, 0x00, 0x00, 0x00, 0x00, 0x00, 0x00, 0x00, 0x00, 0x00, 0x00,
  0x00, 0x00, 0x00, 0x00, 0x00, 0x00, 0x00, 0x00, 0x00, 0x01, 0x00, 0x00, 0x01, 0x00, 0x00, 0x00,
  0x10, 0x84, 0xA7, 0x30, 0x84, 0xFF, 0x10, 0x84, 0xFC, 0x10, 0x84, 0xFF, 0x10, 0x84, 0xFE, 0x10,
  0x84, 0xFF, 0x10, 0x84, 0xFD, 0x10, 0x84, 0x5E, 0x00, 0x00, 0x00, 0xEF, 0x7B, 0x02, 0xFF, 0xFF,
  0x01, 0x00, 0x00, 0x00, 0xEF, 0x7B, 0x1E, 0x10, 0x84, 0xD3, 0x30, 0x84, 0xFF, 0x10, 0x84, 0xFD,
  0x10, 0x84, 0xFF, 0x10, 0x84, 0xFD, 0x30, 0x84, 0xFF, 0x10, 0x84, 0xCE, 0x30, 0x84, 0x1B, 0x00,
  0x00, 0x00, 0xEF, 0x7B, 0x04, 0x00, 0x00, 0x00, 0x10, 0x84, 0x43, 0x10, 0x84, 0xFA, 0x10, 0x84,
  0xFF, 0x10, 0x84, 0xFE, 0x10, 0x84, 0xFF, 0x10, 0x84, 0xFE, 0x30, 0x84, 0xFF, 0x10, 0x84, 0xE0,
  0x10, 0x84, 0x27, 0x00, 0x00, 0x01, 0xEF, 0x7B, 0x02, 0x00, 0x00, 0x00, 0x00, 0x00, 0x00, 0x00,
  0x00, 0x00, 0x00, 0x00, 0x00, 0xEF, 0x7B, 0x02, 0x00, 0x00, 0x01, 0x10, 0x84, 0x4B, 0x10, 0x84,
  0xF8, 0x10, 0x84, 0xFF, 0x10, 0x84, 0xFE, 0x10, 0x84, 0xFF, 0x10, 0x84, 0xFD, 0x30, 0x84, 0xFF,
  0x10, 0x84, 0xD6, 0xEF, 0x7B, 0x1A, 0x00, 0x00, 0x00, 0xEF, 0x7B, 0x02, 0xAA, 0x52, 0x03, 0x00,
  0x00, 0x00, 0x10, 0x84, 0x88, 0x30, 0x84, 0xFF, 0x10, 0x84, 0xFC, 0x10, 0x84, 0xFF, 0x10, 0x84,
  0xFF, 0x10, 0x84, 0xFB, 0x51, 0x8C, 0xFF, 0x10, 0x84, 0x65, 0x00, 0x00, 0x00, 0x55, 0xAD, 0x03,
  0x00, 0x00, 0x00, 0x00, 0x00, 0x00, 0x00, 0x00, 0x00, 0x00, 0x00, 0x00, 0xEF, 0x7B, 0x04, 0x00,
  0x00, 0x00, 0x10, 0x84, 0x63, 0x30, 0x84, 0xFF, 0x10, 0x84, 0xFD, 0x10, 0x84, 0xFF, 0x10, 0x84,
  0xFF, 0x10, 0x84, 0xFC, 0x51, 0x8C, 0xFF, 0x10, 0x84, 0x95, 0x10, 0x84, 0xFF, 0x10, 0x84, 0xFF,
  0x10, 0x84, 0xFF, 0x10, 0x84, 0xFF, 0x10, 0x84, 0xFE, 0x30, 0x84, 0xFF, 0x10, 0x84, 0xE7, 0x30,
  0x84, 0x1B, 0x00, 0x00, 0x00, 0xFF, 0xFF, 0x01, 0x00, 0x00, 0x00, 0x00, 0x00, 0x00, 0x00, 0x00,
  0x00, 0x00, 0x00, 0x00, 0x00, 0x00, 0x00, 0x00, 0x00, 0x00, 0x00, 0x00, 0x00, 0x00, 0x00, 0x00,
  0x00, 0x00, 0x01, 0x00, 0x00, 0x01, 0x00, 0x00, 0x00, 0x10, 0x84, 0xA7, 0x30, 0x84, 0xFF, 0x10,
  0x84, 0xFC, 0x10, 0x84, 0xFF, 0x10, 0x84, 0xFE, 0x10, 0x84, 0xFF, 0x10, 0x84, 0xFD, 0x10, 0x84,
  0x5E, 0x00, 0x00, 0x00, 0xEF, 0x7B, 0x02, 0xFF, 0xFF, 0x01, 0x00, 0x00, 0x00, 0xEF, 0x7B, 0x1E,
  0x10, 0x84, 0xD3, 0x30, 0x84, 0xFF, 0x10, 0x84, 0xFD, 0x10, 0x84, 0xFF, 0x10, 0x84, 0xFD, 0x30,
  0x84, 0xFF, 0x10, 0x84, 0xCE, 0x30, 0x84, 0x1B, 0x00, 0x00, 0x00, 0x55, 0xAD, 0x03, 0x00, 0x00,
  0x00, 0x10, 0x84, 0x2B, 0x10, 0x84, 0xE1, 0x10, 0x84, 0xFF, 0x10, 0x84, 0xFE, 0x10, 0x84, 0xFF,
  0x10, 0x84, 0xFF, 0x10, 0x84, 0xFF, 0x10, 0x84, 0xFE, 0x10, 0x84, 0x65, 0x00, 0x00, 0x00, 0xAA,
  0x52, 0x03, 0x00, 0x00, 0x01, 0x00, 0x00, 0x00, 0x00, 0x00, 0x00, 0x00, 0x00, 0x01, 0x55, 0xAD,
  0x03, 0x00, 0x00, 0x00, 0x10, 0x84, 0x93, 0x30, 0x84, 0xFF, 0x10, 0x84, 0xFD, 0x10, 0x84, 0xFF,
  0x10, 0x84, 0xFF, 0x10, 0x84, 0xFD, 0x30, 0x84, 0xFF, 0x10, 0x84, 0xD6, 0xEF, 0x7B, 0x1A, 0x00,
  0x00, 0x00, 0xEF, 0x7B, 0x02, 0xAA, 0x52, 0x03, 0x00, 0x00, 0x00, 0x10, 0x84, 0x88, 0x30, 0x84,
  0xFF, 0x10, 0x84, 0xFC, 0x10, 0x84, 0xFF, 0x10, 0x84, 0xFF, 0x10, 0x84, 0xFB, 0x51, 0x8C, 0xFF,
  0x10, 0x84, 0x65, 0x00, 0x00, 0x00, 0x55, 0xAD, 0x03, 0x00, 0x00, 0x00, 0x00, 0x00, 0x00, 0x00,
  0x00, 0x00, 0x00, 0x00, 0x00, 0xEF, 0x7B, 0x04, 0x00, 0x00, 0x00, 0x10, 0x84, 0x63, 0x30, 0x84,
  0xFF, 0x10, 0x84, 0xFD, 0x10, 0x84, 0xFF, 0x10, 0x84, 0xFF, 0x10, 0x84, 0xFC, 0x51, 0x8C, 0xFF,
  0x10, 0x84, 0x95, 0x10, 0x84, 0xFF, 0x10, 0x84, 0xFF, 0x10, 0x84, 0xFF, 0x10, 0x84, 0xFF, 0x10,
  0x84, 0xFE, 0x30, 0x84, 0xFF, 0x10, 0x84, 0xE7, 0x30, 0x84, 0x1B, 0x00, 0x00, 0x00, 0xFF, 0xFF,
  0x01, 0x00, 0x00, 0x00, 0x00, 0x00, 0x00, 0x00, 0x00, 0x00, 0x00, 0x00, 0x00, 0x00, 0x00, 0x00,
  0x00, 0x00, 0x00, 0x00, 0x00, 0x00, 0x00, 0x00, 0x00, 0x00, 0x00, 0x01, 0x00, 0x00, 0x01, 0x00,
  0x00, 0x00, 0x10, 0x84, 0xA7, 0x30, 0x84, 0xFF, 0x10, 0x84, 0xFC, 0x10, 0x84, 0xFF, 0x10, 0x84,
  0xFE, 0x10, 0x84, 0xFF, 0x10, 0x84, 0xFD, 0x10, 0x84, 0x5E, 0x00, 0x00, 0x00, 0xEF, 0x7B, 0x02,
  0xFF, 0xFF, 0x01, 0x00, 0x00, 0x00, 0xEF, 0x7B, 0x1E, 0x10, 0x84, 0xD3, 0x30, 0x84, 0xFF, 0x10,
  0x84, 0xFD, 0x10, 0x84, 0xFF, 0x10, 0x84, 0xFD, 0x30, 0x84, 0xFF, 0x10, 0x84, 0xCE, 0x30, 0x84,
  0x1B, 0x00, 0x00, 0x00, 0xEF, 0x7B, 0x02, 0x00, 0x00, 0x00, 0xEF, 0x7B, 0x0E, 0x10, 0x84, 0xBE,
  0x30, 0x84, 0xFF, 0x10, 0x84, 0xFC, 0x10, 0x84, 0xFF, 0x10, 0x84, 0xFF, 0x10, 0x84, 0xFD, 0x30,
  0x84, 0xFF, 0x10, 0x84, 0xD0, 0x10, 0x84, 0x1F, 0x00, 0x00, 0x00, 0x00, 0x00, 0x00, 0xFF, 0xFF,
  0x01, 0xFF, 0xFF, 0x01, 0x00, 0x00, 0x00, 0x00, 0x00, 0x00, 0xEF, 0x7B, 0x40, 0x10, 0x84, 0xE6,
  0x10, 0x84, 0xFF, 0x10, 0x84, 0xFE, 0x10, 0x84, 0xFF, 0x10, 0x84, 0xFF, 0x10, 0x84, 0xFD, 0x30,
  0x84, 0xFF, 0x10, 0x84, 0xD6, 0xEF, 0x7B, 0x1A, 0x00, 0x00, 0x00, 0xEF, 0x7B, 0x02, 0xAA, 0x52,
  0x03, 0x00, 0x00, 0x00, 0x10, 0x84, 0x88, 0x30, 0x84, 0xFF, 0x10, 0x84, 0xFC, 0x10, 0x84, 0xFF,
  0x10, 0x84, 0xFF, 0x10, 0x84, 0xFB, 0x51, 0x8C, 0xFF, 0x10, 0x84, 0x65, 0x00, 0x00, 0x00, 0x55,
  0xAD, 0x03, 0x00, 0x00, 0x00, 0x00, 0x00, 0x00, 0x00, 0x00, 0x00, 0x00, 0x00, 0x00, 0xEF, 0x7B,
  0x04, 0x00, 0x00, 0x00, 0x10, 0x84, 0x63, 0x30, 0x84, 0xFF, 0x10, 0x84, 0xFD, 0x10, 0x84, 0xFF,
  0x10, 0x84, 0xFF, 0x10, 0x84, 0xFC, 0x51, 0x8C, 0xFF, 0x10, 0x84, 0x95, 0x10, 0x84, 0xFF, 0x10,
  0x84, 0xFF, 0x10, 0x84, 0xFF, 0x10, 0x84, 0xFF, 0x10, 0x84, 0xFE, 0x30, 0x84, 0xFF, 0x10, 0x84,
  0xE7, 0x30, 0x84, 0x1B, 0x00, 0x00, 0x00, 0xFF, 0xFF, 0x01, 0x00, 0x00, 0x00, 0x00, 0x00, 0x00,
  0x00, 0x00, 0x00, 0x00, 0x00, 0x00, 0x00, 0x00, 0x00, 0x00, 0x00, 0x00, 0x00, 0x00, 0x00, 0x00,
  0x00, 0x00, 0x00, 0x00, 0x01, 0x00, 0x00, 0x01, 0x00, 0x00, 0x00, 0x10, 0x84, 0xA7, 0x30, 0x84,
  0xFF, 0x10, 0x84, 0xFC, 0x10, 0x84, 0xFF, 0x10, 0x84, 0xFE, 0x10, 0x84, 0xFF, 0x10, 0x84, 0xFD,
  0x10, 0x84, 0x5E, 0x00, 0x00, 0x00, 0xEF, 0x7B, 0x02, 0xFF, 0xFF, 0x01, 0x00, 0x00, 0x00, 0xEF,
  0x7B, 0x1E, 0x10, 0x84, 0xD3, 0x30, 0x84, 0xFF, 0x10, 0x84, 0xFD, 0x10, 0x84, 0xFF, 0x10, 0x84,
  0xFD, 0x30, 0x84, 0xFF, 0x10, 0x84, 0xCE, 0x30, 0x84, 0x1B, 0x00, 0x00, 0x00, 0xEF, 0x7B, 0x02,
  0xEF, 0x7B, 0x02, 0x00, 0x00, 0x00, 0x10, 0x84, 0x7B, 0x30, 0x84, 0xFF, 0x10, 0x84, 0xFD, 0x10,
  0x84, 0xFF, 0x10, 0x84, 0xFF, 0x10, 0x84, 0xFF, 0x10, 0x84, 0xFE, 0x10, 0x84, 0xFF, 0x10, 0x84,
  0xB4, 0x30, 0x84, 0x30, 0x55, 0xAD, 0x03, 0x00, 0x00, 0x00, 0x00, 0x00, 0x00, 0xEF, 0x7B, 0x04,
  0x10, 0x84, 0x47, 0x10, 0x84, 0xD8, 0x10, 0x84, 0xFF, 0x10, 0x84, 0xFE, 0x10, 0x84, 0xFF, 0x10,
  0x84, 0xFF, 0x10, 0x84, 0xFF, 0x10, 0x84, 0xFD, 0x30, 0x84, 0xFF, 0x10, 0x84, 0xD6, 0xEF, 0x7B,
  0x1A, 0x00, 0x00, 0x00, 0xEF, 0x7B, 0x02, 0xAA, 0x52, 0x03, 0x00, 0x00, 0x00, 0x10, 0x84, 0x88,
  0x30, 0x84, 0xFF, 0x10, 0x84, 0xFC, 0x10, 0x84, 0xFF, 0x10, 0x84, 0xFF, 0x10, 0x84, 0xFB, 0x51,
  0x8C, 0xFF, 0x10, 0x84, 0x65, 0x00, 0x00, 0x00, 0x55, 0xAD, 0x03, 0x00, 0x00, 0x00, 0x00, 0x00,
  0x00, 0x00, 0x00, 0x00, 0x00, 0x00, 0x00, 0xEF, 0x7B, 0x04, 0x00, 0x00, 0x00, 0x10, 0x84, 0x63,
  0x30, 0x84, 0xFF, 0x10, 0x84, 0xFD, 0x10, 0x84, 0xFF, 0x10, 0x84, 0xFF, 0x10, 0x84, 0xFC, 0x51,
  0x8C, 0xFF, 0x10, 0x84, 0x95, 0x10, 0x84, 0xFF, 0x10, 0x84, 0xFF, 0x10, 0x84, 0xFF, 0x10, 0x84,
  0xFF, 0x10, 0x84, 0xFE, 0x30, 0x84, 0xFF, 0x10, 0x84, 0xE7, 0x30, 0x84, 0x1B, 0x00, 0x00, 0x00,
  0xFF, 0xFF, 0x01, 0x00, 0x00, 0x00, 0x00, 0x00, 0x00, 0x00, 0x00, 0x00, 0x00, 0x00, 0x00, 0x00,
  0x00, 0x00, 0x00, 0x00, 0x00, 0x00, 0x00, 0x00, 0x00, 0x00, 0x00, 0x00, 0x00, 0x01, 0x00, 0x00,
  0x01, 0x00, 0x00, 0x00, 0x10, 0x84, 0xA7, 0x30, 0x84, 0xFF, 0x10, 0x84, 0xFC, 0x10, 0x84, 0xFF,
  0x10, 0x84, 0xFE, 0x10, 0x84, 0xFF, 0x10, 0x84, 0xFD, 0x10, 0x84, 0x5E, 0x00, 0x00, 0x00, 0xEF,
  0x7B, 0x02, 0xFF, 0xFF, 0x01, 0x00, 0x00, 0x00, 0xEF, 0x7B, 0x1E, 0x10, 0x84, 0xD3, 0x30, 0x84,
  0xFF, 0x10, 0x84, 0xFD, 0x10, 0x84, 0xFF, 0x10, 0x84, 0xFD, 0x30, 0x84, 0xFF, 0x10, 0x84, 0xCE,
  0x30, 0x84, 0x1B, 0x00, 0x00, 0x00, 0xFF, 0xFF, 0x01, 0xFF, 0xFF, 0x01, 0x00, 0x00, 0x00, 0x10,
  0x84, 0x23, 0x10, 0x84, 0xDB, 0x30, 0x84, 0xFF, 0x10, 0x84, 0xFD, 0x10, 0x84, 0xFF, 0x10, 0x84,
  0xFF, 0x10, 0x84, 0xFF, 0x10, 0x84, 0xFE, 0x30, 0x84, 0xFF, 0x10, 0x84, 0xE4, 0x10, 0x84, 0xA6,
  0x10, 0x84, 0x85, 0x10, 0x84, 0x89, 0x10, 0x84, 0xAE, 0x10, 0x84, 0xEF, 0x10, 0x84, 0xFF, 0x10,
  0x84, 0xFF, 0x10, 0x84, 0xFF, 0x10, 0x84, 0xFF, 0x10, 0x84, 0xFF, 0x10, 0x84, 0xFF, 0x10, 0x84,
  0xFD, 0x30, 0x84, 0xFF, 0x10, 0x84, 0xD6, 0xEF, 0x7B, 0x1A, 0x00, 0x00, 0x00, 0xEF, 0x7B, 0x02,
  0xAA, 0x52, 0x03, 0x00, 0x00, 0x00, 0x10, 0x84, 0x88, 0x30, 0x84, 0xFF, 0x10, 0x84, 0xFC, 0x10,
  0x84, 0xFF, 0x10, 0x84, 0xFF, 0x10, 0x84, 0xFB, 0x51, 0x8C, 0xFF, 0x10, 0x84, 0x65, 0x00, 0x00,
  0x00, 0x55, 0xAD, 0x03, 0x00, 0x00, 0x00, 0x00, 0x00, 0x00, 0x00, 0x00, 0x00, 0x00, 0x00, 0x00,
  0xEF, 0x7B, 0x04, 0x00, 0x00, 0x00, 0x10, 0x84, 0x63, 0x30, 0x84, 0xFF, 0x10, 0x84, 0xFD, 0x10,
  0x84, 0xFF, 0x10, 0x84, 0xFF, 0x10, 0x84, 0xFC, 0x51, 0x8C, 0xFF, 0x10, 0x84, 0x95, 0x10, 0x84,
  0xFF, 0x10, 0x84, 0xFF, 0x10, 0x84, 0xFF, 0x10, 0x84, 0xFF, 0x10, 0x84, 0xFE, 0x30, 0x84, 0xFF,
  0x10, 0x84, 0xE7, 0x30, 0x84, 0x1B, 0x00, 0x00, 0x00, 0xFF, 0xFF, 0x01, 0x00, 0x00, 0x00, 0x00,
  0x00, 0x00, 0x00, 0x00, 0x00, 0x00, 0x00, 0x00, 0x00, 0x00, 0x00, 0x00, 0x00, 0x00, 0x00, 0x00,
  0x00, 0x00, 0x00, 0x00, 0x00, 0x00, 0x01, 0x00, 0x00, 0x01, 0x00, 0x00, 0x00, 0x10, 0x84, 0xA7,
  0x30, 0x84, 0xFF, 0x10, 0x84, 0xFC, 0x10, 0x84, 0xFF, 0x10, 0x84, 0xFE, 0x10, 0x84, 0xFF, 0x10,
  0x84, 0xFD, 0x10, 0x84, 0x5E, 0x00, 0x00, 0x00, 0xEF, 0x7B, 0x02, 0xFF, 0xFF, 0x01, 0x00, 0x00,
  0x00, 0xEF, 0x7B, 0x1E, 0x10, 0x84, 0xD3, 0x30, 0x84, 0xFF, 0x10, 0x84, 0xFD, 0x10, 0x84, 0xFF,
  0x10, 0x84, 0xFD, 0x30, 0x84, 0xFF, 0x10, 0x84, 0xCE, 0x30, 0x84, 0x1B, 0x00, 0x00, 0x00, 0xFF,
  0xFF, 0x01, 0x00, 0x00, 0x00, 0x00, 0x00, 0x01, 0x00, 0x00, 0x00, 0x10, 0x84, 0x72, 0x10, 0x84,
  0xFF, 0x10, 0x84, 0xFC, 0x10, 0x84, 0xFE, 0x10, 0x84, 0xFF, 0x10, 0x84, 0xFF, 0x10, 0x84, 0xFF,
  0x10, 0x84, 0xFD, 0x10, 0x84, 0xFF, 0x30, 0x84, 0xFF, 0x30, 0x84, 0xFF, 0x30, 0x84, 0xFF, 0x30,
  0x84, 0xFF, 0x10, 0x84, 0xFF, 0x10, 0x84, 0xFE, 0x10, 0x84, 0xE5, 0x10, 0x84, 0xED, 0x10, 0x84,
  0xFF, 0x10, 0x84, 0xFF, 0x10, 0x84, 0xFF, 0x10, 0x84, 0xFD, 0x30, 0x84, 0xFF, 0x10, 0x84, 0xD6,
  0xEF, 0x7B, 0x1A, 0x00, 0x00, 0x00, 0xEF, 0x7B, 0x02, 0xAA, 0x52, 0x03, 0x00, 0x00, 0x00, 0x10,
  0x84, 0x88, 0x30, 0x84, 0xFF, 0x10, 0x84, 0xFC, 0x10, 0x84, 0xFF, 0x10, 0x84, 0xFF, 0x10, 0x84,
  0xFB, 0x51, 0x8C, 0xFF, 0x10, 0x84, 0x65, 0x00, 0x00, 0x00, 0x55, 0xAD, 0x03, 0x00, 0x00, 0x00,
  0x00, 0x00, 0x00, 0x00, 0x00, 0x00, 0x00, 0x00, 0x00, 0xEF, 0x7B, 0x04, 0x00, 0x00, 0x00, 0x10,
  0x84, 0x63, 0x30, 0x84, 0xFF, 0x10, 0x84, 0xFD, 0x10, 0x84, 0xFF, 0x10, 0x84, 0xFF, 0x10, 0x84,
  0xFC, 0x51, 0x8C, 0xFF, 0x10, 0x84, 0x95, 0x10, 0x84, 0xFF, 0x10, 0x84, 0xFF, 0x10, 0x84, 0xFF,
  0x10, 0x84, 0xFF, 0x10, 0x84, 0xFE, 0x30, 0x84, 0xFF, 0x10, 0x84, 0xE7, 0x30, 0x84, 0x1B, 0x00,
  0x00, 0x00, 0xFF, 0xFF, 0x01, 0x00, 0x00, 0x00, 0x00, 0x00, 0x00, 0x00, 0x00, 0x00, 0x00, 0x00,
  0x00, 0x00, 0x00, 0x00, 0x00, 0x00, 0x00, 0x00, 0x00, 0x00, 0x00, 0x00, 0x00, 0x00, 0x00, 0x01,
  0x00, 0x00, 0x01, 0x00, 0x00, 0x00, 0x10, 0x84, 0xA7, 0x30, 0x84, 0xFF, 0x10, 0x84, 0xFC, 0x10,
  0x84, 0xFF, 0x10, 0x84, 0xFE, 0x10, 0x84, 0xFF, 0x10, 0x84, 0xFD, 0x10, 0x84, 0x5E, 0x00, 0x00,
  0x00, 0xEF, 0x7B, 0x02, 0xFF, 0xFF, 0x01, 0x00, 0x00, 0x00, 0xEF, 0x7B, 0x1E, 0x10, 0x84, 0xD3,
  0x30, 0x84, 0xFF, 0x10, 0x84, 0xFD, 0x10, 0x84, 0xFF, 0x10, 0x84, 0xFD, 0x30, 0x84, 0xFF, 0x10,
  0x84, 0xCE, 0x30, 0x84, 0x1B, 0x00, 0x00, 0x00, 0xFF, 0xFF, 0x01, 0x00, 0x00, 0x00, 0x00, 0x00,
  0x01, 0xFF, 0xFF, 0x01, 0xEF, 0x7B, 0x0C, 0xEF, 0x7B, 0xA2, 0x30, 0x84, 0xFF, 0x10, 0x84, 0xFF,
  0x10, 0x84, 0xFC, 0x10, 0x84, 0xFE, 0x10, 0x84, 0xFF, 0x10, 0x84, 0xFF, 0x10, 0x84, 0xFE, 0x10,
  0x84, 0xFD, 0x10, 0x84, 0xFD, 0x10, 0x84, 0xFD, 0x10, 0x84, 0xFA, 0x10, 0x84, 0xFE, 0x10, 0x84,
  0xFA, 0x10, 0x84, 0x73, 0x10, 0x84, 0xC9, 0x30, 0x84, 0xFF, 0x10, 0x84, 0xFD, 0x10, 0x84, 0xFF,
  0x10, 0x84, 0xFD, 0x30, 0x84, 0xFF, 0x10, 0x84, 0xD6, 0xEF, 0x7B, 0x1A, 0x00, 0x00, 0x00, 0xEF,
  0x7B, 0x02, 0xAA, 0x52, 0x03, 0x00, 0x00, 0x00, 0x10, 0x84, 0x88, 0x30, 0x84, 0xFF, 0x10, 0x84,
  0xFC, 0x10, 0x84, 0xFF, 0x10, 0x84, 0xFF, 0x10, 0x84, 0xFB, 0x51, 0x8C, 0xFF, 0x10, 0x84, 0x65,
  0x00, 0x00, 0x00, 0x55, 0xAD, 0x03, 0x00, 0x00, 0x00, 0x00, 0x00, 0x00, 0x00, 0x00, 0x00, 0x00,
  0x00, 0x00, 0xEF, 0x7B, 0x04, 0x00, 0x00, 0x00, 0x10, 0x84, 0x63, 0x30, 0x84, 0xFF, 0x10, 0x84,
  0xFD, 0x10, 0x84, 0xFF, 0x10, 0x84, 0xFF, 0x10, 0x84, 0xFC, 0x51, 0x8C, 0xFF, 0x10, 0x84, 0x95,
  0x10, 0x84, 0xFD, 0x10, 0x84, 0xFD, 0x10, 0x84, 0xFD, 0x10, 0x84, 0xFD, 0x10, 0x84, 0xFC, 0x30,
  0x84, 0xFD, 0x10, 0x84, 0xE5, 0x30, 0x84, 0x1B, 0x00, 0x00, 0x00, 0xFF, 0xFF, 0x01, 0x00, 0x00,
  0x00, 0x00, 0x00, 0x00, 0x00, 0x00, 0x00, 0x00, 0x00, 0x00, 0x00, 0x00, 0x00, 0x00, 0x00, 0x00,
  0x00, 0x00, 0x00, 0x00, 0x00, 0x00, 0x00, 0x00, 0x01, 0x00, 0x00, 0x01, 0x00, 0x00, 0x00, 0xEF,
  0x7B, 0xA6, 0x30, 0x84, 0xFD, 0x10, 0x84, 0xFA, 0x10, 0x84, 0xFD, 0x10, 0x84, 0xFC, 0x10, 0x84,
  0xFD, 0x10, 0x84, 0xFB, 0x10, 0x84, 0x5D, 0x00, 0x00, 0x00, 0xEF, 0x7B, 0x02, 0xFF, 0xFF, 0x01,
  0x00, 0x00, 0x00, 0xEF, 0x7B, 0x1E, 0xEF, 0x7B, 0xD2, 0x30, 0x84, 0xFD, 0x10, 0x84, 0xFB, 0x10,
  0x84, 0xFD, 0x10, 0x84, 0xFB, 0x30, 0x84, 0xFD, 0x10, 0x84, 0xCD, 0x30, 0x84, 0x1B, 0x00, 0x00,
  0x00, 0xFF, 0xFF, 0x01, 0x00, 0x00, 0x00, 0x00, 0x00, 0x00, 0x00, 0x00, 0x01, 0x00, 0x00, 0x00,
  0xCF, 0x7B, 0x15, 0x10, 0x84, 0x97, 0x10, 0x84, 0xFB, 0x30, 0x84, 0xFF, 0x10, 0x84, 0xFF, 0x10,
  0x84, 0xFE, 0x10, 0x84, 0xFD, 0x10, 0x84, 0xFC, 0x10, 0x84, 0xFC, 0x10, 0x84, 0xFD, 0x10, 0x84,
  0xFE, 0x30, 0x84, 0xFF, 0x10, 0x84, 0xFE, 0x10, 0x84, 0x75, 0x30, 0x84, 0x19, 0x10, 0x84, 0xD0,
  0x30, 0x84, 0xFF, 0x10, 0x84, 0xFD, 0x10, 0x84, 0xFF, 0x10, 0x84, 0xFD, 0x30, 0x84, 0xFF, 0x10,
  0x84, 0xD6, 0xEF, 0x7B, 0x1A, 0x00, 0x00, 0x00, 0xEF, 0x7B, 0x02, 0xAA, 0x52, 0x03, 0x00, 0x00,
  0x00, 0x10, 0x84, 0x87, 0x30, 0x84, 0xFD, 0x10, 0x84, 0xFA, 0x10, 0x84, 0xFD, 0x10, 0x84, 0xFD,
  0x10, 0x84, 0xF9, 0x51, 0x8C, 0xFD, 0x10, 0x84, 0x64, 0x00, 0x00, 0x00, 0x55, 0xAD, 0x03, 0x00,
  0x00, 0x00, 0x00, 0x00, 0x00, 0x00, 0x00, 0x00, 0x00, 0x00, 0x00, 0xEF, 0x7B, 0x04, 0x00, 0x00,
  0x00, 0x10, 0x84, 0x62, 0x30, 0x84, 0xFD, 0x10, 0x84, 0xFB, 0x10, 0x84, 0xFD, 0x10, 0x84, 0xFD,
  0x10, 0x84, 0xFA, 0x51, 0x8C, 0xFD, 0x10, 0x84, 0x94, 0x30, 0x84, 0xFF, 0x30, 0x84, 0xFF, 0x30,
  0x84, 0xFF, 0x30, 0x84, 0xFF, 0x10, 0x84, 0xFF, 0x30, 0x84, 0xFF, 0x10, 0x84, 0xEC, 0xEF, 0x7B,
  0x1C, 0x00, 0x00, 0x00, 0xFF, 0xFF, 0x01, 0x00, 0x00, 0x00, 0x00, 0x00, 0x00, 0x00, 0x00, 0x00,
  0x00, 0x00, 0x00, 0x00, 0x00, 0x00, 0x00, 0x00, 0x00, 0x00, 0x00, 0x00, 0x00, 0x00, 0x00, 0x00,
  0x00, 0x01, 0x00, 0x00, 0x01, 0x00, 0x00, 0x00, 0x10, 0x84, 0xAB, 0x51, 0x8C, 0xFF, 0x10, 0x84,
  0xFF, 0x30, 0x84, 0xFF, 0x30, 0x84, 0xFF, 0x30, 0x84, 0xFF, 0x10, 0x84, 0xFF, 0x10, 0x84, 0x60,
  0x00, 0x00, 0x00, 0xEF, 0x7B, 0x02, 0xFF, 0xFF, 0x01, 0x00, 0x00, 0x00, 0xCF, 0x7B, 0x1F, 0xEF,
  0x7B, 0xD8, 0x51, 0x8C, 0xFF, 0x10, 0x84, 0xFF, 0x30, 0x84, 0xFF, 0x10, 0x84, 0xFF, 0x30, 0x84,
  0xFF, 0x10, 0x84, 0xD3, 0xEF, 0x7B, 0x1C, 0x00, 0x00, 0x00, 0xFF, 0xFF, 0x01, 0x00, 0x00, 0x00,
  0x00, 0x00, 0x00, 0x00, 0x00, 0x00, 0x00, 0x00, 0x01, 0x00, 0x00, 0x00, 0xEF, 0x7B, 0x04, 0x30,
  0x84, 0x55, 0x10, 0x84, 0xBE, 0x10, 0x84, 0xF9, 0x30, 0x84, 0xFF, 0x30, 0x84, 0xFF, 0x30, 0x84,
  0xFF, 0x30, 0x84, 0xFF, 0x30, 0x84, 0xFF, 0x10, 0x84, 0xFF, 0x10, 0x84, 0xCC, 0xEF, 0x7B, 0x62,
  0x00, 0x00, 0x00, 0x30, 0x84, 0x15, 0x10, 0x84, 0xD2, 0x30, 0x84, 0xFF, 0x10, 0x84, 0xFD, 0x10,
  0x84, 0xFF, 0x10, 0x84, 0xFD, 0x30, 0x84, 0xFF, 0x10, 0x84, 0xD6, 0xEF, 0x7B, 0x1A, 0x00, 0x00,
  0x00, 0xEF, 0x7B, 0x02, 0xAA, 0x52, 0x03, 0x00, 0x00, 0x00, 0x10, 0x84, 0x8B, 0x51, 0x8C, 0xFF,
  0x10, 0x84, 0xFF, 0x30, 0x84, 0xFF, 0x30, 0x84, 0xFF, 0x10, 0x84, 0xFF, 0x71, 0x8C, 0xFF, 0x10,
  0x84, 0x67, 0x00, 0x00, 0x00, 0x55, 0xAD, 0x03, 0x00, 0x00, 0x00, 0x00, 0x00, 0x00, 0x00, 0x00,
  0x00, 0x00, 0x00, 0x00, 0xEF, 0x7B, 0x04, 0x00, 0x00, 0x00, 0x10, 0x84, 0x65, 0x51, 0x8C, 0xFF,
  0x10, 0x84, 0xFF, 0x30, 0x84, 0xFF, 0x30, 0x84, 0xFF, 0x10, 0x84, 0xFF, 0x51, 0x8C, 0xFF, 0x10,
  0x84, 0x98, 0x10, 0x84, 0xE1, 0x10, 0x84, 0xE1, 0x10, 0x84, 0xE1, 0x10, 0x84, 0xE1, 0x10, 0x84,
  0xE0, 0x10, 0x84, 0xE2, 0x10, 0x84, 0xCB, 0xEF, 0x7B, 0x18, 0x00, 0x00, 0x00, 0xFF, 0xFF, 0x01,
  0x00, 0x00, 0x00, 0x00, 0x00, 0x00, 0x00, 0x00, 0x00, 0x00, 0x00, 0x00, 0x00, 0x00, 0x00, 0x00,
  0x00, 0x00, 0x00, 0x00, 0x00, 0x00, 0x00, 0x00, 0x00, 0x00, 0x01, 0x00, 0x00, 0x01, 0x00, 0x00,
  0x00, 0x10, 0x84, 0x93, 0x10, 0x84, 0xE4, 0x10, 0x84, 0xDE, 0x10, 0x84, 0xE1, 0x10, 0x84, 0xE0,
  0x10, 0x84, 0xE1, 0x10, 0x84, 0xDF, 0x10, 0x84, 0x53, 0x00, 0x00, 0x00, 0xEF, 0x7B, 0x02, 0xFF,
  0xFF, 0x01, 0x00, 0x00, 0x00, 0xEF, 0x7B, 0x1A, 0xEF, 0x7B, 0xBA, 0x10, 0x84, 0xE3, 0x10, 0x84,
  0xDF, 0x10, 0x84, 0xE1, 0x10, 0x84, 0xDF, 0x10, 0x84, 0xE2, 0x10, 0x84, 0xB5, 0xEF, 0x7B, 0x18,
  0x00, 0x00, 0x00, 0xFF, 0xFF, 0x01, 0x00, 0x00, 0x00, 0x00, 0x00, 0x00, 0x00, 0x00, 0x00, 0x00,
  0x00, 0x00, 0xFF, 0xFF, 0x01, 0x00, 0x00, 0x00, 0x00, 0x00, 0x00, 0x51, 0x8C, 0x0D, 0xEF, 0x7B,
  0x3C, 0x10, 0x84, 0x74, 0x10, 0x84, 0x96, 0x10, 0x84, 0xA6, 0x10, 0x84, 0xA4, 0x10, 0x84, 0x87,
  0x10, 0x84, 0x50, 0xEF, 0x7B, 0x14, 0x00, 0x00, 0x00, 0x00, 0x00, 0x00, 0xEF, 0x7B, 0x18, 0x10,
  0x84, 0xD1, 0x30, 0x84, 0xFF, 0x10, 0x84, 0xFD, 0x10, 0x84, 0xFF, 0x10, 0x84, 0xFD, 0x30, 0x84,
  0xFF, 0x10, 0x84, 0xD6, 0xEF, 0x7B, 0x1A, 0x00, 0x00, 0x00, 0xEF, 0x7B, 0x02, 0xAA, 0x52, 0x03,
  0x00, 0x00, 0x00, 0x10, 0x84, 0x78, 0x30, 0x84, 0xE4, 0x10, 0x84, 0xDE, 0x10, 0x84, 0xE1, 0x10,
  0x84, 0xE1, 0x10, 0x84, 0xDD, 0x30, 0x84, 0xE5, 0x10, 0x84, 0x59, 0x00, 0x00, 0x00, 0x55, 0xAD,
  0x03, 0x00, 0x00, 0x00, 0x00, 0x00, 0x00, 0x00, 0x00, 0x00, 0x00, 0x00, 0x00, 0x55, 0xAD, 0x03,
  0x00, 0x00, 0x00, 0x10, 0x84, 0x57, 0x30, 0x84, 0xE4, 0x10, 0x84, 0xDE, 0x10, 0x84, 0xE1, 0x10,
  0x84, 0xE1, 0x10, 0x84, 0xDE, 0x30, 0x84, 0xE4, 0x10, 0x84, 0x83, 0xEF, 0x7B, 0x26, 0xEF, 0x7B,
  0x26, 0xEF, 0x7B, 0x26, 0xEF, 0x7B, 0x26, 0x10, 0x84, 0x25, 0x10, 0x84, 0x27, 0xEF, 0x7B, 0x22,
  0xEF, 0x7B, 0x04, 0x00, 0x00, 0x00, 0x00, 0x00, 0x00, 0x00, 0x00, 0x00, 0x00, 0x00, 0x00, 0x00,
  0x00, 0x00, 0x00, 0x00, 0x00, 0x00, 0x00, 0x00, 0x00, 0x00, 0x00, 0x00, 0x00, 0x00, 0x00, 0x00,
  0x00, 0x00, 0x00, 0x00, 0x00, 0x00, 0x00, 0x00, 0x00, 0x00, 0xCF, 0x7B, 0x19, 0xEF, 0x7B, 0x28,
  0x10, 0x84, 0x25, 0xEF, 0x7B, 0x26, 0xEF, 0x7B, 0x26, 0xEF, 0x7B, 0x26, 0x10, 0x84, 0x25, 0xEF,
  0x7B, 0x0E, 0x00, 0x00, 0x00, 0x00, 0x00, 0x00, 0x00, 0x00, 0x00, 0x00, 0x00, 0x00, 0xEF, 0x7B,
  0x04, 0x10, 0x84, 0x1F, 0xCF, 0x7B, 0x28, 0x10, 0x84, 0x25, 0xEF, 0x7B, 0x26, 0x10, 0x84, 0x25,
  0x10, 0x84, 0x27, 0xEF, 0x7B, 0x1E, 0xEF, 0x7B, 0x04, 0x00, 0x00, 0x00, 0x00, 0x00, 0x00, 0x00,
  0x00, 0x00, 0x00, 0x00, 0x00, 0xFF, 0xFF, 0x01, 0xAA, 0x52, 0x03, 0xEF, 0x7B, 0x04, 0x55, 0xAD,
  0x03, 0xAA, 0x52, 0x03, 0x00, 0x00, 0x00, 0x00, 0x00, 0x00, 0x00, 0x00, 0x00, 0x00, 0x00, 0x00,
  0x00, 0x00, 0x00, 0x00, 0x00, 0x00, 0x00, 0x00, 0x00, 0x00, 0x00, 0x00, 0x00, 0x00, 0x00, 0xEF,
  0x7B, 0x04, 0x00, 0x00, 0x00, 0xEF, 0x7B, 0x16, 0x10, 0x84, 0xD1, 0x30, 0x84, 0xFF, 0x10, 0x84,
  0xFD, 0x10, 0x84, 0xFF, 0x10, 0x84, 0xFD, 0x30, 0x84, 0xFF, 0x10, 0x84, 0xD7, 0x30, 0x84, 0x1B,
  0x00, 0x00, 0x00, 0xFF, 0xFF, 0x01, 0x00, 0x00, 0x00, 0x00, 0x00, 0x00, 0xEF, 0x7B, 0x14, 0xEF,
  0x7B, 0x28, 0x10, 0x84, 0x25, 0xEF, 0x7B, 0x26, 0xEF, 0x7B, 0x26, 0x10, 0x84, 0x25, 0xCF, 0x7B,
  0x2A, 0xAE, 0x73, 0x0F, 0x00, 0x00, 0x00, 0x00, 0x00, 0x00, 0x00, 0x00, 0x00, 0x00, 0x00, 0x00,
  0x00, 0x00, 0x00, 0x00, 0x00, 0x00, 0x00, 0x00, 0x00, 0x00, 0x00, 0x00, 0xAE, 0x73, 0x0F, 0xEF,
  0x7B, 0x28, 0x10, 0x84, 0x25, 0xEF, 0x7B, 0x26, 0xEF, 0x7B, 0x26, 0x10, 0x84, 0x25, 0xEF, 0x7B,
  0x28, 0xEF, 0x7B, 0x16, 0x00, 0x00, 0x00, 0x00, 0x00, 0x00, 0x00, 0x00, 0x00, 0x00, 0x00, 0x00,
  0x00, 0x00, 0x00, 0x00, 0x00, 0x00, 0x00, 0x00, 0x00, 0x00, 0x00, 0x00, 0x00, 0x00, 0x00, 0x00,
  0x00, 0x00, 0x00, 0x00, 0x00, 0x00, 0x00, 0x00, 0x00, 0x00, 0x00, 0x00, 0x00, 0x00, 0x00, 0x00,
  0x00, 0x00, 0x00, 0x00, 0x00, 0x00, 0x00, 0x00, 0x00, 0x00, 0x00, 0x00, 0x00, 0x00, 0x00, 0x00,
  0x00, 0x00, 0x00, 0x00, 0x00, 0x00, 0x00, 0x00, 0x00, 0x00, 0x00, 0x00, 0x00, 0x00, 0x00, 0x00,
  0x00, 0x00, 0x00, 0x00, 0x00, 0x00, 0x00, 0x00, 0x00, 0x00, 0x00, 0x00, 0x00, 0x00, 0x00, 0x00,
  0x00, 0x00, 0x00, 0x00, 0x00, 0x00, 0x00, 0x00, 0x00, 0x00, 0x00, 0x00, 0x00, 0x00, 0x00, 0x00,
  0x00, 0x00, 0x00, 0x00, 0x00, 0x00, 0x00, 0x00, 0x00, 0x00, 0x00, 0x00, 0x00, 0x00, 0x00, 0x00,
  0x00, 0x00, 0x00, 0x00, 0x00, 0x00, 0x00, 0x00, 0x00, 0x00, 0x00, 0x00, 0x00, 0x00, 0x00, 0x00,
  0x00, 0x00, 0x00, 0x00, 0x00, 0x00, 0x00, 0x00, 0x00, 0x00, 0x00, 0x00, 0x00, 0xD3, 0x9C, 0x05,
  0xD3, 0x9C, 0x05, 0x00, 0x00, 0x00, 0xAA, 0x52, 0x03, 0xFF, 0xFF, 0x01, 0xFF, 0xFF, 0x01, 0xFF,
  0xFF, 0x01, 0xEF, 0x7B, 0x02, 0xFF, 0xFF, 0x01, 0xEF, 0x7B, 0x02, 0xEF, 0x7B, 0x02, 0x51, 0x8C,
  0x1E, 0x10, 0x84, 0xE4, 0x10, 0x84, 0xFF, 0x10, 0x84, 0xFE, 0x10, 0x84, 0xFF, 0x10, 0x84, 0xFC,
  0x30, 0x84, 0xFF, 0x10, 0x84, 0xCF, 0x51, 0x8C, 0x0F, 0x00, 0x00, 0x00, 0xFF, 0xFF, 0x01, 0x00,
  0x00, 0x00, 0x00, 0x00, 0x00, 0x00, 0x00, 0x00, 0x00, 0x00, 0x00, 0x00, 0x00, 0x00, 0x00, 0x00,
  0x00, 0x00, 0x00, 0x00, 0x00, 0x00, 0x00, 0x00, 0x00, 0x00, 0x00, 0x00, 0x00, 0x00, 0x00, 0x00,
  0x00, 0x00, 0x00, 0x00, 0x00, 0x00, 0x00, 0x00, 0x00, 0x00, 0x00, 0x00, 0x00, 0x00, 0x00, 0x00,
  0x00, 0x00, 0x00, 0x00, 0x00, 0x00, 0x00, 0x00, 0x00, 0x00, 0x00, 0x00, 0x00, 0x00, 0x00, 0x00,
  0x00, 0x00, 0x00, 0x00, 0x00, 0x00, 0x00, 0x00, 0x00, 0x00, 0x00, 0x00, 0x00, 0xEF, 0x7B, 0x02,
  0xEF, 0x7B, 0x02, 0xEF, 0x7B, 0x02, 0xEF, 0x7B, 0x02, 0xEF, 0x7B, 0x02, 0xEF, 0x7B, 0x02, 0xFF,
  0xFF, 0x01, 0x00, 0x00, 0x00, 0x00, 0x00, 0x00, 0x00, 0x00, 0x00, 0x00, 0x00, 0x00, 0x00, 0x00,
  0x00, 0x00, 0x00, 0x00, 0x00, 0x00, 0x00, 0x00, 0x00, 0x00, 0x00, 0x00, 0x00, 0x00, 0x00, 0x00,
  0x00, 0x00, 0x00, 0x00, 0x00, 0x00, 0x00, 0x00, 0x00, 0x00, 0x00, 0x00, 0xFF, 0xFF, 0x01, 0xEF,
  0x7B, 0x02, 0xEF, 0x7B, 0x02, 0xEF, 0x7B, 0x02, 0xEF, 0x7B, 0x02, 0xEF, 0x7B, 0x02, 0xEF, 0x7B,
  0x02, 0x00, 0x00, 0x01, 0x00, 0x00, 0x00, 0x00, 0x00, 0x00, 0x00, 0x00, 0x00, 0x00, 0x00, 0x00,
  0x00, 0x00, 0x00, 0xFF, 0xFF, 0x01, 0xEF, 0x7B, 0x02, 0xEF, 0x7B, 0x02, 0xEF, 0x7B, 0x02, 0xEF,
  0x7B, 0x02, 0xEF, 0x7B, 0x02, 0xFF, 0xFF, 0x01, 0x00, 0x00, 0x00, 0x00, 0x00, 0x00, 0x00, 0x00,
  0x00, 0x00, 0x00, 0x00, 0x00, 0x00, 0x00, 0x10, 0x84, 0x1F, 0x10, 0x84, 0x44, 0x10, 0x84, 0x5F,
  0x10, 0x84, 0x7D, 0x10, 0x84, 0x99, 0x10, 0x84, 0xBA, 0x10, 0x84, 0xAF, 0xCF, 0x7B, 0x1B, 0x00,
  0x00, 0x00, 0x2C, 0x63, 0x05, 0xAA, 0x52, 0x03, 0xAA, 0x52, 0x03, 0xEF, 0x7B, 0x02, 0xAA, 0x52,
  0x03, 0xEF, 0x7B, 0x04, 0x00, 0x00, 0x00, 0x10, 0x84, 0x63, 0x10, 0x84, 0xFC, 0x10, 0x84, 0xFE,
  0x10, 0x84, 0xFF, 0x10, 0x84, 0xFF, 0x10, 0x84, 0xFC, 0x30, 0x84, 0xFE, 0x10, 0x84, 0xB4, 0x00,
  0x00, 0x00, 0x00, 0x00, 0x00, 0x00, 0x00, 0x01, 0x00, 0x00, 0x00, 0x00, 0x00, 0x00, 0x00, 0x00,
  0x01, 0xEF, 0x7B, 0x02, 0xEF, 0x7B, 0x02, 0xEF, 0x7B, 0x02, 0xEF, 0x7B, 0x02, 0xEF, 0x7B, 0x02,
  0xEF, 0x7B, 0x02, 0x00, 0x00, 0x01, 0x00, 0x00, 0x00, 0x00, 0x00, 0x00, 0x00, 0x00, 0x00, 0x00,
  0x00, 0x00, 0x00, 0x00, 0x00, 0x00, 0x00, 0x00, 0x00, 0x00, 0x00, 0x00, 0x00, 0x00, 0x00, 0x00,
  0x01, 0xEF, 0x7B, 0x02, 0xEF, 0x7B, 0x02, 0xEF, 0x7B, 0x02, 0xEF, 0x7B, 0x02, 0xEF, 0x7B, 0x02,
  0xEF, 0x7B, 0x02, 0x00, 0x00, 0x01, 0x00, 0x00, 0x00, 0x00, 0x00, 0x00, 0x00, 0x00, 0x00, 0x00,
  0x00, 0x00, 0x00, 0x00, 0x00, 0x00, 0x00, 0x00, 0x00, 0x00, 0x00, 0x00, 0x00, 0x00, 0x00, 0x00,
  0x00, 0x00, 0x00, 0x00, 0x00, 0x00, 0x00, 0x00, 0x00, 0x00, 0x00, 0x00, 0x00, 0x00, 0x00, 0x00,
  0x00, 0x00, 0x00, 0x00, 0x00, 0x00, 0x00, 0x00, 0x00, 0x00, 0x00, 0x00, 0x00, 0x00, 0x00, 0x00,
  0x00, 0x00, 0x00, 0x00, 0x00, 0x00, 0x00, 0x00, 0x00, 0x00, 0x00, 0x00, 0x00, 0x00, 0x00, 0x00,
  0x00, 0x00, 0x00, 0x00, 0x00, 0x00, 0x00, 0x00, 0x00, 0x00, 0x00, 0x00, 0x00, 0x00, 0x00, 0x00,
  0x00, 0x00, 0x00, 0x00, 0x00, 0x00, 0x00, 0x00, 0x00, 0x00, 0x00, 0x00, 0x00, 0x00, 0x00, 0x00,
  0x00, 0x00, 0x00, 0x00, 0x00, 0x00, 0x00, 0x00, 0x00, 0x00, 0x00, 0x00, 0x00, 0x00, 0x00, 0x00,
  0x00, 0x00, 0x00, 0x00, 0x00, 0x00, 0x00, 0x00, 0x00, 0x00, 0xFF, 0xFF, 0x01, 0x00, 0x00, 0x00,
  0x10, 0x84, 0x77, 0x10, 0x84, 0xFC, 0x30, 0x84, 0xFF, 0x51, 0x8C, 0xFF, 0x30, 0x84, 0xFF, 0x30,
  0x84, 0xFF, 0x30, 0x84, 0xFF, 0x10, 0x84, 0xA8, 0xEF, 0x7B, 0x14, 0x00, 0x00, 0x00, 0x00, 0x00,
  0x00, 0x00, 0x00, 0x00, 0x00, 0x00, 0x00, 0x00, 0x00, 0x00, 0x00, 0x00, 0x00, 0x30, 0x84, 0x37,
  0x10, 0x84, 0xD6, 0x30, 0x84, 0xFF, 0x10, 0x84, 0xFE, 0x10, 0x84, 0xFF, 0x10, 0x84, 0xFF, 0x10,
  0x84, 0xFD, 0x30, 0x84, 0xFF, 0xEF, 0x7B, 0x76, 0x00, 0x00, 0x00, 0xFF, 0xFF, 0x01, 0x00, 0x00,
  0x00, 0x00, 0x00, 0x00, 0x00, 0x00, 0x00, 0x00, 0x00, 0x00, 0x00, 0x00, 0x00, 0x00, 0x00, 0x00,
  0x00, 0x00, 0x00, 0x00, 0x00, 0x00, 0x00, 0x00, 0x00, 0x00, 0x00, 0x00, 0x00, 0x00, 0x00, 0x00,
  0x00, 0x00, 0x00, 0x00, 0x00, 0x00, 0x00, 0x00, 0x00, 0x00, 0x00, 0x00, 0x00, 0x00, 0x00, 0x00,
  0x00, 0x00, 0x00, 0x00, 0x00, 0x00, 0x00, 0x00, 0x00, 0x00, 0x00, 0x00, 0x00, 0x00, 0x00, 0x00,
  0x00, 0x00, 0x00, 0x00, 0x00, 0x00, 0x00, 0x00, 0x00, 0x00, 0x00, 0x00, 0x00, 0x00, 0x00, 0x00,
  0x00, 0x00, 0x00, 0x00, 0x00, 0x00, 0x00, 0x00, 0x00, 0x00, 0x00, 0x00, 0x00, 0x00, 0x00, 0x00,
  0x00, 0x00, 0x00, 0x00, 0x00, 0x00, 0x00, 0x00, 0x00, 0x00, 0x00, 0x00, 0x00, 0x00, 0x00, 0x00,
  0x00, 0x00, 0x00, 0x00, 0x00, 0x00, 0x00, 0x00, 0x00, 0x00, 0x00, 0x00, 0x00, 0x00, 0x00, 0x00,
  0x00, 0x00, 0x00, 0x00, 0x00, 0x00, 0x00, 0x00, 0x00, 0x00, 0x00, 0x00, 0x00, 0x00, 0x00, 0x00,
  0x00, 0x00, 0x00, 0x00, 0x00, 0x00, 0x00, 0x00, 0x00, 0x00, 0x00, 0x00, 0x00, 0x00, 0x00, 0x00,
  0x00, 0x00, 0x00, 0x00, 0x00, 0x00, 0x00, 0x00, 0x00, 0x00, 0x00, 0x00, 0x00, 0x00, 0x00, 0x00,
  0x00, 0x00, 0x00, 0x00, 0x00, 0x00, 0x00, 0x00, 0x00, 0x00, 0x00, 0x00, 0x00, 0x00, 0x00, 0x00,
  0x00, 0x00, 0x00, 0x00, 0x00, 0x00, 0x00, 0x00, 0x00, 0x00, 0x00, 0x00, 0x00, 0x00, 0x00, 0x00,
  0x00, 0x00, 0x00, 0xEF, 0x7B, 0x02, 0x00, 0x00, 0x00, 0x30, 0x84, 0x38, 0x10, 0x84, 0xEE, 0x10,
  0x84, 0xFC, 0x10, 0x84, 0xFB, 0x10, 0x84, 0xFD, 0x10, 0x84, 0xFD, 0x10, 0x84, 0xFD, 0x30, 0x84,
  0xFF, 0x10, 0x84, 0xD1, 0x10, 0x84, 0x75, 0x10, 0x84, 0x3C, 0xEF, 0x7B, 0x26, 0xEF, 0x7B, 0x28,
  0x10, 0x84, 0x47, 0x10, 0x84, 0x8C, 0x10, 0x84, 0xEB, 0x10, 0x84, 0xFF, 0x10, 0x84, 0xFF, 0x10,
  0x84, 0xFF, 0x10, 0x84, 0xFF, 0x10, 0x84, 0xFE, 0x10, 0x84, 0xFE, 0x10, 0x84, 0xE6, 0xEF, 0x7B,
  0x2C, 0x00, 0x00, 0x00, 0xEF, 0x7B, 0x02, 0x00, 0x00, 0x00, 0x00, 0x00, 0x00, 0x00, 0x00, 0x00,
  0x00, 0x00, 0x00, 0x00, 0x00, 0x00, 0x00, 0x00, 0x00, 0x00, 0x00, 0x00, 0x00, 0x00, 0x00, 0x00,
  0x00, 0x00, 0x00, 0x00, 0x00, 0x00, 0x00, 0x00, 0x00, 0x00, 0x00, 0x00, 0x00, 0x00, 0x00, 0x00,
  0x00, 0x00, 0x00, 0x00, 0x00, 0x00, 0x00, 0x00, 0x00, 0x00, 0x00, 0x00, 0x00, 0x00, 0x00, 0x00,
  0x00, 0x00, 0x00, 0x00, 0x00, 0x00, 0x00, 0x00, 0x00, 0x00, 0x00, 0x00, 0x00, 0x00, 0x00, 0x00,
  0x00, 0x00, 0x00, 0x00, 0x00, 0x00, 0x00, 0x00, 0x00, 0x00, 0x00, 0x00, 0x00, 0x00, 0x00, 0x00,
  0x00, 0x00, 0x00, 0x00, 0x00, 0x00, 0x00, 0x00, 0x00, 0x00, 0x00, 0x00, 0x00, 0x00, 0x00, 0x00,
  0x00, 0x00, 0x00, 0x00, 0x00, 0x00, 0x00, 0x00, 0x00, 0x00, 0x00, 0x00, 0x00, 0x00, 0x00, 0x00,
  0x00, 0x00, 0x00, 0x00, 0x00, 0x00, 0x00, 0x00, 0x00, 0x00, 0x00, 0x00, 0x00, 0x00, 0x00, 0x00,
  0x00, 0x00, 0x00, 0x00, 0x00, 0x00, 0x00, 0x00, 0x00, 0x00, 0x00, 0x00, 0x00, 0x00, 0x00, 0x00,
  0x00, 0x00, 0x00, 0x00, 0x00, 0x00, 0x00, 0x00, 0x00, 0x00, 0x00, 0x00, 0x00, 0x00, 0x00, 0x00,
  0x00, 0x00, 0x00, 0x00, 0x00, 0x00, 0x00, 0x00, 0x00, 0x00, 0x00, 0x00, 0x00, 0x00, 0x00, 0x00,
  0x00, 0x00, 0x00, 0x00, 0x00, 0x00, 0x00, 0x00, 0x00, 0x00, 0x00, 0x00, 0x00, 0x00, 0x00, 0x00,
  0x00, 0x00, 0x00, 0x00, 0x00, 0x00, 0x00, 0x00, 0x00, 0x00, 0x00, 0x00, 0x00, 0x00, 0x00, 0xFF,
  0xFF, 0x01, 0xEF, 0x7B, 0x02, 0x10, 0x84, 0x8F, 0x30, 0x84, 0xFF, 0x10, 0x84, 0xFB, 0x10, 0x84,
  0xFE, 0x10, 0x84, 0xFF, 0x10, 0x84, 0xFF, 0x10, 0x84, 0xFD, 0x30, 0x84, 0xFF, 0x30, 0x84, 0xFF,
  0x10, 0x84, 0xFF, 0x10, 0x84, 0xF7, 0x10, 0x84, 0xF9, 0x10, 0x84, 0xFF, 0x30, 0x84, 0xFF, 0x10,
  0x84, 0xFF, 0x10, 0x84, 0xFE, 0x10, 0x84, 0xFF, 0x10, 0x84, 0xFF, 0x10, 0x84, 0xFD, 0x10, 0x84,
  0xFD, 0x30, 0x84, 0xFF, 0x10, 0x84, 0x72, 0x00, 0x00, 0x00, 0xFF, 0xFF, 0x01, 0x00, 0x00, 0x00,
  0x00, 0x00, 0x00, 0x00, 0x00, 0x00, 0x00, 0x00, 0x00, 0x00, 0x00, 0x00, 0x00, 0x00, 0x00, 0x00,
  0x00, 0x00, 0x00, 0x00, 0x00, 0x00, 0x00, 0x00, 0x00, 0x00, 0x00, 0x00, 0x00, 0x00, 0x00, 0x00,
  0x00, 0x00, 0x00, 0x00, 0x00, 0x00, 0x00, 0x00, 0x00, 0x00, 0x00, 0x00, 0x00, 0x00, 0x00, 0x00,
  0x00, 0x00, 0x00, 0x00, 0x00, 0x00, 0x00, 0x00, 0x00, 0x00, 0x00, 0x00, 0x00, 0x00, 0x00, 0x00,
  0x00, 0x00, 0x00, 0x00, 0x00, 0x00, 0x00, 0x00, 0x00, 0x00, 0x00, 0x00, 0x00, 0x00, 0x00, 0x00,
  0x00, 0x00, 0x00, 0x00, 0x00, 0x00, 0x00, 0x00, 0x00, 0x00, 0x00, 0x00, 0x00, 0x00, 0x00, 0x00,
  0x00, 0x00, 0x00, 0x00, 0x00, 0x00, 0x00, 0x00, 0x00, 0x00, 0x00, 0x00, 0x00, 0x00, 0x00, 0x00,
  0x00, 0x00, 0x00, 0x00, 0x00, 0x00, 0x00, 0x00, 0x00, 0x00, 0x00, 0x00, 0x00, 0x00, 0x00, 0x00,
  0x00, 0x00, 0x00, 0x00, 0x00, 0x00, 0x00, 0x00, 0x00, 0x00, 0x00, 0x00, 0x00, 0x00, 0x00, 0x00,
  0x00, 0x00, 0x00, 0x00, 0x00, 0x00, 0x00, 0x00, 0x00, 0x00, 0x00, 0x00, 0x00, 0x00, 0x00, 0x00,
  0x00, 0x00, 0x00, 0x00, 0x00, 0x00, 0x00, 0x00, 0x00, 0x00, 0x00, 0x00, 0x00, 0x00, 0x00, 0x00,
  0x00, 0x00, 0x00, 0x00, 0x00, 0x00, 0x00, 0x00, 0x00, 0x00, 0x00, 0x00, 0x00, 0x00, 0x00, 0x00,
  0x00, 0x00, 0x00, 0x00, 0x00, 0x00, 0x00, 0x00, 0x00, 0x00, 0x00, 0x00, 0x00, 0x00, 0x00, 0x00,
  0x00, 0x00, 0x00, 0x00, 0x00, 0x00, 0x00, 0x00, 0xFF, 0xFF, 0x01, 0x00, 0x00, 0x00, 0xEF, 0x7B,
  0x12, 0x10, 0x84, 0xAF, 0x51, 0x8C, 0xFF, 0x10, 0x84, 0xFE, 0x10, 0x84, 0xFD, 0x10, 0x84, 0xFE,
  0x10, 0x84, 0xFF, 0x10, 0x84, 0xFD, 0x10, 0x84, 0xFD, 0x10, 0x84, 0xFE, 0x10, 0x84, 0xFF, 0x10,
  0x84, 0xFF, 0x10, 0x84, 0xFE, 0x10, 0x84, 0xFD, 0x10, 0x84, 0xFE, 0x10, 0x84, 0xFF, 0x10, 0x84,
  0xFE, 0x10, 0x84, 0xFC, 0x10, 0x84, 0xFF, 0x30, 0x84, 0xFF, 0xEF, 0x7B, 0x91, 0xEF, 0x7B, 0x08,
  0xFF, 0xFF, 0x01, 0x00, 0x00, 0x01, 0x00, 0x00, 0x00, 0x00, 0x00, 0x00, 0x00, 0x00, 0x00, 0x00,
  0x00, 0x00, 0x00, 0x00, 0x00, 0x00, 0x00, 0x00, 0x00, 0x00, 0x00, 0x00, 0x00, 0x00, 0x00, 0x00,
  0x00, 0x00, 0x00, 0x00, 0x00, 0x00, 0x00, 0x00, 0x00, 0x00, 0x00, 0x00, 0x00, 0x00, 0x00, 0x00,
  0x00, 0x00, 0x00, 0x00, 0x00, 0x00, 0x00, 0x00, 0x00, 0x00, 0x00, 0x00, 0x00, 0x00, 0x00, 0x00,
  0x00, 0x00, 0x00, 0x00, 0x00, 0x00, 0x00, 0x00, 0x00, 0x00, 0x00, 0x00, 0x00, 0x00, 0x00, 0x00,
  0x00, 0x00, 0x00, 0x00, 0x00, 0x00, 0x00, 0x00, 0x00, 0x00, 0x00, 0x00, 0x00, 0x00, 0x00, 0x00,
  0x00, 0x00, 0x00, 0x00, 0x00, 0x00, 0x00, 0x00, 0x00, 0x00, 0x00, 0x00, 0x00, 0x00, 0x00, 0x00,
  0x00, 0x00, 0x00, 0x00, 0x00, 0x00, 0x00, 0x00, 0x00, 0x00, 0x00, 0x00, 0x00, 0x00, 0x00, 0x00,
  0x00, 0x00, 0x00, 0x00, 0x00, 0x00, 0x00, 0x00, 0x00, 0x00, 0x00, 0x00, 0x00, 0x00, 0x00, 0x00,
  0x00, 0x00, 0x00, 0x00, 0x00, 0x00, 0x00, 0x00, 0x00, 0x00, 0x00, 0x00, 0x00, 0x00, 0x00, 0x00,
  0x00, 0x00, 0x00, 0x00, 0x00, 0x00, 0x00, 0x00, 0x00, 0x00, 0x00, 0x00, 0x00, 0x00, 0x00, 0x00,
  0x00, 0x00, 0x00, 0x00, 0x00, 0x00, 0x00, 0x00, 0x00, 0x00, 0x00, 0x00, 0x00, 0x00, 0x00, 0x00,
  0x00, 0x00, 0x00, 0x00, 0x00, 0x00, 0x00, 0x00, 0x00, 0x00, 0x00, 0x00, 0x00, 0x00, 0x00, 0x00,
  0x00, 0x00, 0x00, 0x00, 0x00, 0x00, 0x00, 0x00, 0x00, 0x00, 0x00, 0x00, 0x00, 0x00, 0x00, 0x00,
  0x00, 0x00, 0x00, 0x00, 0x00, 0x00, 0x01, 0x00, 0x00, 0x00, 0x51, 0x8C, 0x0F, 0x10, 0x84, 0x99,
  0x10, 0x84, 0xFF, 0x30, 0x84, 0xFF, 0x10, 0x84, 0xFF, 0x10, 0x84, 0xFC, 0x10, 0x84, 0xFC, 0x10,
  0x84, 0xFD, 0x10, 0x84, 0xFE, 0x10, 0x84, 0xFD, 0x10, 0x84, 0xFD, 0x10, 0x84, 0xFD, 0x10, 0x84,
  0xFD, 0x10, 0x84, 0xFC, 0x10, 0x84, 0xFE, 0x30, 0x84, 0xFF, 0x51, 0x8C, 0xFF, 0x10, 0x84, 0xF3,
  0xEF, 0x7B, 0x78, 0xAA, 0x52, 0x03, 0x00, 0x00, 0x00, 0x00, 0x00, 0x01, 0x00, 0x00, 0x00, 0x00,
  0x00, 0x00, 0x00, 0x00, 0x00, 0x00, 0x00, 0x00, 0x00, 0x00, 0x00, 0x00, 0x00, 0x00, 0x00, 0x00,
  0x00, 0x00, 0x00, 0x00, 0x00, 0x00, 0x00, 0x00, 0x00, 0x00, 0x00, 0x00, 0x00, 0x00, 0x00, 0x00,
  0x00, 0x00, 0x00, 0x00, 0x00, 0x00, 0x00, 0x00, 0x00, 0x00, 0x00, 0x00, 0x00, 0x00, 0x00, 0x00,
  0x00, 0x00, 0x00, 0x00, 0x00, 0x00, 0x00, 0x00, 0x00, 0x00, 0x00, 0x00, 0x00, 0x00, 0x00, 0x00,
  0x00, 0x00, 0x00, 0x00, 0x00, 0x00, 0x00, 0x00, 0x00, 0x00, 0x00, 0x00, 0x00, 0x00, 0x00, 0x00,
  0x00, 0x00, 0x00, 0x00, 0x00, 0x00, 0x00, 0x00, 0x00, 0x00, 0x00, 0x00, 0x00, 0x00, 0x00, 0x00,
  0x00, 0x00, 0x00, 0x00, 0x00, 0x00, 0x00, 0x00, 0x00, 0x00, 0x00, 0x00, 0x00, 0x00, 0x00, 0x00,
  0x00, 0x00, 0x00, 0x00, 0x00, 0x00, 0x00, 0x00, 0x00, 0x00, 0x00, 0x00, 0x00, 0x00, 0x00, 0x00,
  0x00, 0x00, 0x00, 0x00, 0x00, 0x00, 0x00, 0x00, 0x00, 0x00, 0x00, 0x00, 0x00, 0x00, 0x00, 0x00,
  0x00, 0x00, 0x00, 0x00, 0x00, 0x00, 0x00, 0x00, 0x00, 0x00, 0x00, 0x00, 0x00, 0x00, 0x00, 0x00,
  0x00, 0x00, 0x00, 0x00, 0x00, 0x00, 0x00, 0x00, 0x00, 0x00, 0x00, 0x00, 0x00, 0x00, 0x00, 0x00,
  0x00, 0x00, 0x00, 0x00, 0x00, 0x00, 0x00, 0x00, 0x00, 0x00, 0x00, 0x00, 0x00, 0x00, 0x00, 0x00,
  0x00, 0x00, 0x00, 0x00, 0x00, 0x00, 0x00, 0x00, 0x00, 0x00, 0x00, 0x00, 0x00, 0x00, 0x00, 0x00,
  0x00, 0x00, 0x00, 0x00, 0x00, 0x00, 0x00, 0x00, 0x00, 0x00, 0x00, 0x00, 0x00, 0x00, 0x00, 0x00,
  0xFF, 0xFF, 0x01, 0x00, 0x00, 0x00, 0x00, 0x00, 0x00, 0xEF, 0x7B, 0x4A, 0x10, 0x84, 0xB9, 0x10,
  0x84, 0xF1, 0x30, 0x84, 0xFF, 0x30, 0x84, 0xFF, 0x30, 0x84, 0xFF, 0x10, 0x84, 0xFF, 0x10, 0x84,
  0xFF, 0x10, 0x84, 0xFF, 0x30, 0x84, 0xFF, 0x30, 0x84, 0xFF, 0x51, 0x8C, 0xFF, 0x30, 0x84, 0xFF,
  0x10, 0x84, 0xE1, 0x10, 0x84, 0x96, 0xEF, 0x7B, 0x32, 0x00, 0x00, 0x00, 0x00, 0x00, 0x00, 0x00,
  0x00, 0x01, 0x00, 0x00, 0x00, 0x00, 0x00, 0x00, 0x00, 0x00, 0x00, 0x00, 0x00, 0x00, 0x00, 0x00,
  0x00, 0x00, 0x00, 0x00, 0x00, 0x00, 0x00, 0x00, 0x00, 0x00, 0x00, 0x00, 0x00, 0x00, 0x00, 0x00,
  0x00, 0x00, 0x00, 0x00, 0x00, 0x00, 0x00, 0x00, 0x00, 0x00, 0x00, 0x00, 0x00, 0x00, 0x00, 0x00,
  0x00, 0x00, 0x00, 0x00, 0x00, 0x00, 0x00, 0x00, 0x00, 0x00, 0x00, 0x00, 0x00, 0x00, 0x00, 0x00,
  0x00, 0x00, 0x00, 0x00, 0x00, 0x00, 0x00, 0x00, 0x00, 0x00, 0x00, 0x00, 0x00, 0x00, 0x00, 0x00,
  0x00, 0x00, 0x00, 0x00, 0x00, 0x00, 0x00, 0x00, 0x00, 0x00, 0x00, 0x00, 0x00, 0x00, 0x00, 0x00,
  0x00, 0x00, 0x00, 0x00, 0x00, 0x00, 0x00, 0x00, 0x00, 0x00, 0x00, 0x00, 0x00, 0x00, 0x00, 0x00,
  0x00, 0x00, 0x00, 0x00, 0x00, 0x00, 0x00, 0x00, 0x00, 0x00, 0x00, 0x00, 0x00, 0x00, 0x00, 0x00,
  0x00, 0x00, 0x00, 0x00, 0x00, 0x00, 0x00, 0x00, 0x00, 0x00, 0x00, 0x00, 0x00, 0x00, 0x00, 0x00,
  0x00, 0x00, 0x00, 0x00, 0x00, 0x00, 0x00, 0x00, 0x00, 0x00, 0x00, 0x00, 0x00, 0x00, 0x00, 0x00,
  0x00, 0x00, 0x00, 0x00, 0x00, 0x00, 0x00, 0x00, 0x00, 0x00, 0x00, 0x00, 0x00, 0x00, 0x00, 0x00,
  0x00, 0x00, 0x00, 0x00, 0x00, 0x00, 0x00, 0x00, 0x00, 0x00, 0x00, 0x00, 0x00, 0x00, 0x00, 0x00,
  0x00, 0x00, 0x00, 0x00, 0x00, 0x00, 0x00, 0x00, 0x00, 0x00, 0x00, 0x00, 0x00, 0x00, 0x00, 0x00,
  0x00, 0x00, 0x00, 0x00, 0x00, 0x00, 0x00, 0x00, 0x00, 0x00, 0x00, 0x00, 0x00, 0x00, 0x00, 0x00,
  0x00, 0x00, 0x00, 0x00, 0x00, 0x00, 0x00, 0x00, 0x00, 0x00, 0x00, 0x00, 0xFF, 0xFF, 0x01, 0x00,
  0x00, 0x01, 0x00, 0x00, 0x00, 0x00, 0x00, 0x00, 0xEF, 0x7B, 0x34, 0xEF, 0x7B, 0x74, 0x10, 0x84,
  0x9D, 0x10, 0x84, 0xC0, 0x10, 0x84, 0xDA, 0x10, 0x84, 0xDB, 0x10, 0x84, 0xDB, 0x10, 0x84, 0xCF,
  0x10, 0x84, 0xB5, 0x10, 0x84, 0x87, 0x10, 0x84, 0x59, 0x51, 0x8C, 0x1A, 0x00, 0x00, 0x00, 0x00,
  0x00, 0x00, 0xEF, 0x7B, 0x02, 0x00, 0x00, 0x01, 0x00, 0x00, 0x00, 0x00, 0x00, 0x00, 0x00, 0x00,
  0x00, 0x00, 0x00, 0x00, 0x00, 0x00, 0x00, 0x00, 0x00, 0x00, 0x00, 0x00, 0x00, 0x00, 0x00, 0x00,
  0x00, 0x00, 0x00, 0x00, 0x00, 0x00, 0x00, 0x00, 0x00, 0x00, 0x00, 0x00, 0x00, 0x00, 0x00, 0x00,
  0x00, 0x00, 0x00, 0x00, 0x00, 0x00, 0x00, 0x00, 0x00, 0x00, 0x00, 0x00, 0x00, 0x00, 0x00, 0x00,
  0x00, 0x00, 0x00, 0x00, 0x00, 0x00, 0x00, 0x00, 0x00, 0x00, 0x00, 0x00, 0x00, 0x00, 0x00, 0x00,
  0x00, 0x00, 0x00, 0x00, 0x00, 0x00, 0x00, 0x00, 0x00, 0x00, 0x00, 0x00, 0x00, 0x00, 0x00, 0x00,
  0x00, 0x00, 0x00, 0x00, 0x00,
};
const lv_img_dsc_t txt_brightness_high_normal = {
  .header.always_zero = 0,
  .header.w = 99,
  .header.h = 45,
  .data_size = 13365,
  .header.cf = LV_IMG_CF_TRUE_COLOR_ALPHA,
  .data = txt_brightness_high_normal_data,
};

/* txt_brightness_medium_active.png */
static const uint8_t txt_brightness_medium_active_data[] = {
  0xFF, 0xFF, 0x01, 0xFF, 0xFF, 0x02, 0xFF, 0xFF, 0x02, 0xFF, 0xFF, 0x02, 0xFF, 0xFF, 0x02, 0xFF,
  0xFF, 0x02, 0xFF, 0xFF, 0x02, 0xFF, 0xFF, 0x02, 0xFF, 0xFF, 0x02, 0xFF, 0xFF, 0x01, 0x00, 0x00,
  0x00, 0x00, 0x00, 0x00, 0x00, 0x00, 0x00, 0x00, 0x00, 0x00, 0x00, 0x00, 0x00, 0x00, 0x00, 0x00,
  0x00, 0x00, 0x00, 0x00, 0x00, 0x00, 0x00, 0x00, 0x00, 0x00, 0x00, 0x00, 0x00, 0x00, 0x00, 0x00,
  0x00, 0x00, 0x00, 0x00, 0x00, 0x00, 0x00, 0x00, 0x00, 0x00, 0x00, 0x00, 0x00, 0x00, 0xFF, 0xFF,
  0x02, 0xFF, 0xFF, 0x02, 0xFF, 0xFF, 0x02, 0xFF, 0xFF, 0x02, 0xFF, 0xFF, 0x02, 0xFF, 0xFF, 0x02,
  0xFF, 0xFF, 0x02, 0xFF, 0xFF, 0x02, 0xFF, 0xFF, 0x02, 0x00, 0x00, 0x00, 0x00, 0x00, 0x00, 0x00,
  0x00, 0x00, 0x00, 0x00, 0x00, 0x00, 0x00, 0x00, 0x00, 0x00, 0x00, 0x00, 0x00, 0x00, 0x00, 0x00,
  0x00, 0x00, 0x00, 0x00, 0x00, 0x00, 0x00, 0x00, 0x00, 0x00, 0x00, 0x00, 0x00, 0x00, 0x00, 0x00,
  0x00, 0x00, 0x00, 0x00, 0x00, 0x00, 0x00, 0x00, 0x00, 0x00, 0x00, 0x00, 0x00, 0x00, 0x00, 0x00,
  0x00, 0x00, 0x00, 0x00, 0x00, 0x00, 0x00, 0x00, 0x00, 0x00, 0x00, 0x00, 0x00, 0x00, 0x00, 0x00,
  0x00, 0x00, 0x00, 0x00, 0x00, 0x00, 0x00, 0x00, 0x00, 0x00, 0x00, 0x00, 0x00, 0x00, 0x00, 0x00,
  0x00, 0x00, 0x00, 0x00, 0x00, 0x00, 0x00, 0x00, 0x00, 0x00, 0x00, 0x00, 0x00, 0x00, 0x00, 0x00,
  0x00, 0x00, 0x00, 0x00, 0x00, 0x00, 0x00, 0x00, 0x00, 0x00, 0x00, 0x00, 0x00, 0x00, 0x00, 0x00,
  0x00, 0x00, 0x00, 0x00, 0x00, 0x00, 0x00, 0x00, 0x00, 0x00, 0x00, 0x00, 0x00, 0x00, 0x00, 0x00,
  0x00, 0x00, 0x00, 0x00, 0x00, 0x00, 0xFF, 0xFF, 0x02, 0xFF, 0xFF, 0x02, 0xFF, 0xFF, 0x02, 0xFF,
  0xFF, 0x02, 0xFF, 0xFF, 0x02, 0xFF, 0xFF, 0x02, 0xFF, 0xFF, 0x01, 0x00, 0x00, 0x00, 0x00, 0x00,
  0x00, 0x00, 0x00, 0x00, 0x00, 0x00, 0x00, 0xFF, 0xFF, 0x01, 0x00, 0x00, 0x00, 0xFF, 0xFF, 0x25,
  0xFF, 0xFF, 0x69, 0xFF, 0xFF, 0x78, 0xFF, 0xFF, 0x3B, 0x00, 0x00, 0x00, 0x00, 0x00, 0x00, 0xFF,
  0xFF, 0x01, 0x00, 0x00, 0x00, 0x00, 0x00, 0x00, 0x00, 0x00, 0x00, 0x00, 0x00, 0x00, 0x00, 0x00,
  0x00, 0x00, 0x00, 0x00, 0x00, 0x00, 0x00, 0x00, 0x00, 0x00, 0x00, 0x00, 0x00, 0x00, 0x00, 0x00,
  0x00, 0x00, 0x00, 0x00, 0x00, 0x00, 0x00, 0x00, 0x00, 0x00, 0x00, 0x00, 0x00, 0x00, 0x00, 0x00,
  0x00, 0x00, 0x00, 0x00, 0x00, 0x00, 0x00, 0x00, 0x00, 0x00, 0x00, 0x00, 0x00, 0x00, 0x00, 0x00,
  0x00, 0x00, 0x00, 0x00, 0x00, 0x00, 0x00, 0x00, 0x00, 0x00, 0x00, 0x00, 0x00, 0x00, 0x00, 0x00,
  0x00, 0x00, 0x00, 0x00, 0x00, 0x00, 0x00, 0x00, 0x00, 0x00, 0x00, 0x00, 0x00, 0x00, 0x00, 0x00,
  0x00, 0x00, 0x00, 0x00, 0x00, 0x00, 0x00, 0x00, 0x00, 0x00, 0x00, 0x00, 0x00, 0x00, 0x00, 0x00,
  0x00, 0x00, 0x00, 0x00, 0x00, 0x00, 0x00, 0x00, 0x00, 0x00, 0x00, 0x00, 0x00, 0x00, 0x00, 0x00,
  0x00, 0x00, 0x00, 0x00, 0x00, 0x00, 0x00, 0x00, 0x00, 0x00, 0x00, 0x00, 0x00, 0x00, 0x00, 0x00,
  0x00, 0x00, 0x00, 0x00, 0x00, 0x00, 0x00, 0x00, 0x00, 0x00, 0x00, 0x00, 0x00, 0x00, 0x00, 0x00,
  0x00, 0x00, 0x00, 0x00, 0x00, 0x00, 0x00, 0x00, 0x00, 0x00, 0x00, 0x00, 0x00, 0x00, 0x00, 0x00,
  0x00, 0x00, 0x00, 0x00, 0x00, 0x00, 0x00, 0x00, 0x00, 0x00, 0x00, 0x00, 0x00, 0x00, 0x00, 0x00,
  0x00, 0x00, 0x00, 0x00, 0x00, 0x00, 0x00, 0x00, 0x00, 0x00, 0x00, 0x00, 0x00, 0x00, 0x00, 0x00,
  0x00, 0x00, 0x00, 0x00, 0x00, 0x00, 0x00, 0x00, 0x00, 0x00, 0x00, 0x00, 0x00, 0x00, 0x00, 0x00,
  0x00, 0x00, 0x00, 0x00, 0x00, 0x00, 0x00, 0x00, 0x00, 0x00, 0x00, 0x00, 0x00, 0x00, 0x00, 0x00,
  0x00, 0x00, 0x00, 0x00, 0x00, 0x00, 0x00, 0x00, 0x00, 0x00, 0x00, 0x00, 0x00, 0x00, 0x00, 0x00,
  0x00, 0x00, 0x00, 0x00, 0x00, 0x00, 0x00, 0x00, 0x00, 0x00, 0x00, 0x00, 0x00, 0x00, 0x00, 0x00,
  0x00, 0x00, 0x00, 0xFF, 0xFF, 0x01, 0x00, 0x00, 0x00, 0x00, 0x00, 0x00, 0x00, 0x00, 0x00, 0x00,
  0x00, 0x00, 0x00, 0x00, 0x00, 0x00, 0x00, 0x00, 0x00, 0x00, 0x00, 0x00, 0x00, 0x00, 0x00, 0x00,
  0x00, 0x00, 0x00, 0x00, 0x00, 0x00, 0x00, 0x00, 0x00, 0x00, 0x00, 0x00, 0x00, 0x00, 0x00, 0x00,
  0x00, 0x00, 0x00, 0x00, 0x00, 0x00, 0x00, 0x00, 0x00, 0x00, 0x00, 0x00, 0x00, 0x00, 0x00, 0x00,
  0x00, 0x00, 0x00, 0x00, 0x00, 0x00, 0x00, 0x00, 0x00, 0x00, 0x00, 0x00, 0x00, 0x00, 0x00, 0x00,
  0x00, 0x00, 0x00, 0x00, 0x00, 0x00, 0x00, 0x00, 0x00, 0x00, 0x00, 0x00, 0x00, 0x00, 0x00, 0x00,
  0x00, 0x00, 0x00, 0x00, 0x00, 0x00, 0x00, 0x00, 0x00, 0x00, 0x00, 0x00, 0x00, 0x00, 0x00, 0x00,
  0x00, 0x00, 0x00, 0x00, 0x00, 0x00, 0x00, 0x00, 0x00, 0x00, 0x00, 0x00, 0x00, 0x00, 0x00, 0x00,
  0x00, 0x00, 0x00, 0x00, 0x00, 0x00, 0x00, 0x00, 0x00, 0x00, 0x00, 0x00, 0x00, 0x00, 0x00, 0x00,
  0x00, 0x00, 0x00, 0x00, 0x00, 0x00, 0x00, 0x00, 0x00, 0x00, 0x00, 0x00, 0x00, 0x00, 0x00, 0x00,
  0x00, 0x00, 0x00, 0x00, 0x00, 0x00, 0x00, 0x00, 0x00, 0x00, 0x00, 0x00, 0x00, 0x00, 0x00, 0x00,
  0x00, 0x00, 0x00, 0x00, 0x00, 0x00, 0x00, 0x00, 0x00, 0x00, 0x00, 0x00, 0x00, 0x00, 0x00, 0x00,
  0x00, 0x00, 0x00, 0x00, 0x00, 0x00, 0x00, 0x00, 0x00, 0x00, 0x00, 0x00, 0xFF, 0xFF, 0x01, 0x00,
  0x00, 0x00, 0xFF, 0xFF, 0x54, 0xFF, 0xFF, 0xE5, 0xFF, 0xFF, 0xFF, 0xFF, 0xFF, 0xFF, 0xFF, 0xFF,
  0xF7, 0xFF, 0xFF, 0x91, 0xFF, 0xFF, 0x07, 0xFF, 0xFF, 0x01, 0xFF, 0xFF, 0x01, 0x00, 0x00, 0x00,
  0x00, 0x00, 0x00, 0x00, 0x00, 0x00, 0x00, 0x00, 0x00, 0x00, 0x00, 0x00, 0x00, 0x00, 0x00, 0x00,
  0x00, 0x00, 0x00, 0x00, 0x00, 0x00, 0x00, 0x00, 0x00, 0x00, 0x00, 0x00, 0x00, 0x00, 0x00, 0x00,
  0x00, 0x00, 0x00, 0x00, 0x00, 0x00, 0x00, 0x00, 0x00, 0x00, 0x00, 0x00, 0x00, 0x00, 0x00, 0x00,
  0x00, 0x00, 0x00, 0x00, 0x00, 0x00, 0x00, 0x00, 0x00, 0x00, 0x00, 0x00, 0x00, 0x00, 0x00, 0x00,
  0x00, 0x00, 0x00, 0x00, 0x00, 0x00, 0x00, 0x00, 0x00, 0x00, 0x00, 0x00, 0x00, 0x00, 0x00, 0x00,
  0x00, 0x00, 0x00, 0x00, 0x00, 0x00, 0x00, 0x00, 0x00, 0x00, 0x00, 0x00, 0x00, 0x00, 0x00, 0x00,
  0x00, 0x00, 0x00, 0x00, 0x00, 0x00, 0x00, 0x00, 0x00, 0x00, 0x00, 0x00, 0x00, 0x00, 0x00, 0x00,
  0x00, 0x00, 0x00, 0x00, 0x00, 0x00, 0x00, 0x00, 0x00, 0x00, 0x00, 0x00, 0x00, 0x00, 0x00, 0x00,
  0x00, 0x00, 0x00, 0x00, 0x00, 0x00, 0x00, 0x00, 0x00, 0x00, 0x00, 0x00, 0x00, 0x00, 0x00, 0x00,
  0x00, 0x00, 0x00, 0x00, 0x00, 0x00, 0x00, 0x00, 0x00, 0x00, 0x00, 0x00, 0x00, 0x00, 0x00, 0x00,
  0x00, 0x00, 0x00, 0x00, 0x00, 0x00, 0x00, 0x00, 0x00, 0x00, 0x00, 0x00, 0x00, 0x00, 0x00, 0x00,
  0x00, 0x00, 0x00, 0x00, 0x00, 0x00, 0x00, 0x00, 0x00, 0x00, 0x00, 0x00, 0x00, 0x00, 0x00, 0x00,
  0xFF, 0xFF, 0x4C, 0xFF, 0xFF, 0xA5, 0xFF, 0xFF, 0x9C, 0xFF, 0xFF, 0x9F, 0xFF, 0xFF, 0x9F, 0xFF,
  0xFF, 0x9F, 0xFF, 0xFF, 0x9E, 0xFF, 0xFF, 0xA2, 0xFF, 0xFF, 0x89, 0xFF, 0xFF, 0x0B, 0x00, 0x00,
  0x00, 0xFF, 0xFF, 0x01, 0x00, 0x00, 0x00, 0x00, 0x00, 0x00, 0x00, 0x00, 0x00, 0x00, 0x00, 0x00,
  0x00, 0x00, 0x00, 0x00, 0x00, 0x00, 0x00, 0x00, 0x00, 0x00, 0x00, 0x00, 0x00, 0x00, 0x00, 0x00,
  0x00, 0x00, 0x00, 0x00, 0x00, 0x00, 0x00, 0x00, 0xFF, 0xFF, 0x01, 0x00, 0x00, 0x00, 0xFF, 0xFF,
  0x55, 0xFF, 0xFF, 0xA4, 0xFF, 0xFF, 0x9D, 0xFF, 0xFF, 0x9F, 0xFF, 0xFF, 0x9F, 0xFF, 0xFF, 0x9F,
  0xFF, 0xFF, 0x9E, 0xFF, 0xFF, 0xA2, 0xFF, 0xFF, 0x80, 0xFF, 0xFF, 0x04, 0x00, 0x00, 0x00, 0x00,
  0x00, 0x00, 0x00, 0x00, 0x00, 0x00, 0x00, 0x00, 0x00, 0x00, 0x00, 0x00, 0x00, 0x00, 0x00, 0x00,
  0x00, 0x00, 0x00, 0x00, 0x00, 0x00, 0x00, 0x00, 0x00, 0x00, 0x00, 0x00, 0x00, 0x00, 0x00, 0x00,
  0x00, 0x00, 0x00, 0x00, 0x00, 0x00, 0x00, 0x00, 0x00, 0x00, 0x00, 0x00, 0x00, 0x00, 0x00, 0x00,
  0x00, 0x00, 0x00, 0x00, 0x00, 0x00, 0x00, 0x00, 0x00, 0x00, 0x00, 0x00, 0x00, 0x00, 0x00, 0x00,
  0x00, 0x00, 0x00, 0x00, 0x00, 0x00, 0x00, 0x00, 0x00, 0x00, 0x00, 0x00, 0x00, 0x00, 0x00, 0x00,
  0x00, 0x00, 0x00, 0x00, 0x00, 0x00, 0x00, 0x00, 0x00, 0x00, 0x00, 0x00, 0x00, 0x00, 0x00, 0x00,
  0x00, 0x00, 0x00, 0x00, 0x00, 0x00, 0x00, 0x00, 0x00, 0x00, 0x00, 0x00, 0x00, 0x00, 0x00, 0x00,
  0x00, 0x00, 0x00, 0x00, 0x00, 0x00, 0x00, 0x00, 0x00, 0x00, 0x00, 0x00, 0x00, 0xFF, 0xFF, 0x01,
  0x00, 0x00, 0x00, 0xFF, 0xFF, 0x21, 0xFF, 0xFF, 0x91, 0xFF, 0xFF, 0xA0, 0xFF, 0xFF, 0x9E, 0xFF,
  0xFF, 0x9F, 0xFF, 0xFF, 0x9E, 0xFF, 0xFF, 0xA1, 0xFF, 0xFF, 0x4D, 0x00, 0x00, 0x00, 0xFF, 0xFF,
  0x01, 0xFF, 0xFF, 0x02, 0x00, 0x00, 0x00, 0xFF, 0xFF, 0x29, 0xFF, 0xFF, 0xE7, 0xFF, 0xFF, 0xFF,
  0xFF, 0xFF, 0xFB, 0xFF, 0xFF, 0xFA, 0xFF, 0xFF, 0xFF, 0xFF, 0xFF, 0xFF, 0xFF, 0xFF, 0x6A, 0x00,
  0x00, 0x00, 0xFF, 0xFF, 0x02, 0x00, 0x00, 0x00, 0x00, 0x00, 0x00, 0x00, 0x00, 0x00, 0x00, 0x00,
  0x00, 0x00, 0x00, 0x00, 0x00, 0x00, 0x00, 0x00, 0x00, 0x00, 0x00, 0x00, 0x00, 0x00, 0x00, 0x00,
  0x00, 0x00, 0x00, 0x00, 0x00, 0x00, 0x00, 0x00, 0x00, 0x00, 0x00, 0x00, 0x00, 0x00, 0x00, 0x00,
  0x00, 0x00, 0x00, 0x00, 0x00, 0x00, 0x00, 0x00, 0x00, 0x00, 0x00, 0x00, 0x00, 0x00, 0x00, 0x00,
  0x00, 0x00, 0x00, 0x00, 0x00, 0x00, 0x00, 0x00, 0x00, 0x00, 0x00, 0x00, 0x00, 0x00, 0x00, 0x00,
  0x00, 0x00, 0x00, 0x00, 0x00, 0x00, 0x00, 0x00, 0x00, 0x00, 0x00, 0x00, 0x00, 0x00, 0x00, 0x00,
  0x00, 0x00, 0x00, 0x00, 0x00, 0x00, 0x00, 0x00, 0x00, 0x00, 0x00, 0x00, 0x00, 0x00, 0x00, 0x00,
  0x00, 0x00, 0x00, 0x00, 0x00, 0x00, 0x00, 0x00, 0x00, 0x00, 0x00, 0x00, 0x00, 0x00, 0x00, 0x00,
  0x00, 0x00, 0x00, 0x00, 0x00, 0x00, 0x00, 0x00, 0x00, 0x00, 0x00, 0x00, 0x00, 0x00, 0x00, 0x00,
  0x00, 0x00, 0x00, 0x00, 0x00, 0x00, 0x00, 0x00, 0x00, 0x00, 0x00, 0x00, 0x00, 0x00, 0x00, 0x00,
  0x00, 0x00, 0x00, 0x00, 0x00, 0x00, 0x00, 0x00, 0x00, 0x00, 0x00, 0x00, 0x00, 0x00, 0x00, 0x00,
  0x00, 0x00, 0x00, 0x00, 0x00, 0x00, 0x00, 0x00, 0x00, 0x00, 0x00, 0x00, 0x00, 0x00, 0x00, 0x00,
  0x00, 0x00, 0x00, 0x00, 0x00, 0x00, 0x00, 0x00, 0xFF, 0xFF, 0x80, 0xFF, 0xFF, 0xFF, 0xFF, 0xFF,
  0xFF, 0xFF, 0xFF, 0xFF, 0xFF, 0xFF, 0xFF, 0xFF, 0xFF, 0xFF, 0xFF, 0xFF, 0xFF, 0xFF, 0xFF, 0xFF,
  0xFF, 0xFF, 0xFF, 0xFF, 0xFF, 0x4A, 0x00, 0x00, 0x00, 0xFF, 0xFF, 0x03, 0x00, 0x00, 0x00, 0x00,
  0x00, 0x00, 0x00, 0x00, 0x00, 0x00, 0x00, 0x00, 0x00, 0x00, 0x00, 0x00, 0x00, 0x00, 0x00, 0x00,
  0x00, 0x00, 0x00, 0x00, 0x00, 0x00, 0x00, 0x00, 0x00, 0x00, 0x00, 0x00, 0x00, 0xFF, 0xFF, 0x01,
  0x00, 0x00, 0x00, 0xFF, 0xFF, 0x0C, 0xFF, 0xFF, 0xD9, 0xFF, 0xFF, 0xFF, 0xFF, 0xFF, 0xFF, 0xFF,
  0xFF, 0xFF, 0xFF, 0xFF, 0xFF, 0xFF, 0xFF, 0xFF, 0xFF, 0xFF, 0xFF, 0xFF, 0xFF, 0xFF, 0xFF, 0xFF,
  0xD9, 0xFF, 0xFF, 0x08, 0x00, 0x00, 0x00, 0xFF, 0xFF, 0x01, 0x00, 0x00, 0x00, 0x00, 0x00, 0x00,
  0x00, 0x00, 0x00, 0x00, 0x00, 0x00, 0x00, 0x00, 0x00, 0x00, 0x00, 0x00, 0x00, 0x00, 0x00, 0x00,
  0x00, 0x00, 0x00, 0x00, 0x00, 0x00, 0x00, 0x00, 0x00, 0x00, 0x00, 0x00, 0x00, 0x00, 0x00, 0x00,
  0x00, 0x00, 0x00, 0x00, 0x00, 0x00, 0x00, 0x00, 0x00, 0x00, 0x00, 0x00, 0x00, 0x00, 0x00, 0x00,
  0x00, 0x00, 0x00, 0x00, 0x00, 0x00, 0x00, 0x00, 0x00, 0x00, 0x00, 0x00, 0x00, 0x00, 0x00, 0x00,
  0x00, 0x00, 0x00, 0x00, 0x00, 0x00, 0x00, 0x00, 0x00, 0x00, 0x00, 0x00, 0x00, 0x00, 0x00, 0x00,
  0x00, 0x00, 0x00, 0x00, 0x00, 0x00, 0x00, 0x00, 0x00, 0x00, 0x00, 0x00, 0x00, 0x00, 0x00, 0x00,
  0x00, 0x00, 0x00, 0x00, 0x00, 0x00, 0x00, 0x00, 0x00, 0x00, 0x00, 0x00, 0x00, 0x00, 0x00, 0x00,
  0x00, 0x00, 0x00, 0x00, 0x00, 0xFF, 0xFF, 0x02, 0x00, 0x00, 0x00, 0xFF, 0xFF, 0x37, 0xFF, 0xFF,
  0xF5, 0xFF, 0xFF, 0xFF, 0xFF, 0xFF, 0xFF, 0xFF, 0xFF, 0xFF, 0xFF, 0xFF, 0xFF, 0xFF, 0xFF, 0xFF,
  0xFF, 0xFF, 0x84, 0x00, 0x00, 0x00, 0xFF, 0xFF, 0x02, 0xFF, 0xFF, 0x03, 0x00, 0x00, 0x00, 0xFF,
  0xFF, 0x65, 0xFF, 0xFF, 0xFF, 0xFF, 0xFF, 0xFE, 0xFF, 0xFF, 0xFF, 0xFF, 0xFF, 0xFF, 0xFF, 0xFF,
  0xFB, 0xFF, 0xFF, 0xFD, 0xFF, 0xFF, 0xA9, 0xFF, 0xFF, 0x01, 0x00, 0x00, 0x00, 0x00, 0x00, 0x00,
  0x00, 0x00, 0x00, 0x00, 0x00, 0x00, 0x00, 0x00, 0x00, 0x00, 0x00, 0x00, 0x00, 0x00, 0x00, 0x00,
  0x00, 0x00, 0x00, 0x00, 0x00, 0x00, 0x00, 0x00, 0x00, 0x00, 0x00, 0x00, 0x00, 0x00, 0x00, 0x00,
  0x00, 0x00, 0x00, 0x00, 0x00, 0x00, 0x00, 0x00, 0x00, 0x00, 0x00, 0x00, 0x00, 0x00, 0x00, 0x00,
  0x00, 0x00, 0x00, 0x00, 0x00, 0x00, 0x00, 0x00, 0x00, 0x00, 0x00, 0x00, 0x00, 0x00, 0x00, 0x00,
  0x00, 0x00, 0x00, 0x00, 0x00, 0x00, 0x00, 0x00, 0x00, 0x00, 0x00, 0x00, 0x00, 0x00, 0x00, 0x00,
  0x00, 0x00, 0x00, 0x00, 0x00, 0x00, 0x00, 0x00, 0x00, 0x00, 0x00, 0x00, 0x00, 0x00, 0x00, 0x00,
  0x00, 0x00, 0x00, 0x00, 0x00, 0x00, 0x00, 0x00, 0x00, 0x00, 0x00, 0x00, 0x00, 0x00, 0x00, 0x00,
  0x00, 0x00, 0x00, 0x00, 0x00, 0x00, 0x00, 0x00, 0x00, 0x00, 0x00, 0x00, 0x00, 0x00, 0x00, 0x00,
  0x00, 0x00, 0x00, 0x00, 0x00, 0x00, 0x00, 0x00, 0x00, 0x00, 0x00, 0x00, 0x00, 0x00, 0x00, 0x00,
  0x00, 0x00, 0x00, 0x00, 0x00, 0x00, 0x00, 0x00, 0x00, 0x00, 0x00, 0x00, 0x00, 0x00, 0x00, 0x00,
  0x00, 0x00, 0x00, 0x00, 0x00, 0x00, 0x00, 0x00, 0x00, 0x00, 0x00, 0x00, 0x00, 0x00, 0x00, 0x00,
  0x00, 0x00, 0x00, 0x00, 0x00, 0x00, 0x00, 0x00, 0x00, 0x00, 0x00, 0x00, 0x00, 0x00, 0x00, 0x00,
  0xFF, 0xFF, 0x79, 0xFF, 0xFF, 0xFC, 0xFF, 0xFF, 0xF8, 0xFF, 0xFF, 0xFC, 0xFF, 0xFF, 0xFC, 0xFF,
  0xFF, 0xFC, 0xFF, 0xFF, 0xFC, 0xFF, 0xFF, 0xF9, 0xFF, 0xFF, 0xFD, 0xFF, 0xFF, 0xB2, 0x00, 0x00,
  0x00, 0xFF, 0xFF, 0x02, 0x00, 0x00, 0x00, 0x00, 0x00, 0x00, 0x00, 0x00, 0x00, 0x00, 0x00, 0x00,
  0x00, 0x00, 0x00, 0x00, 0x00, 0x00, 0x00, 0x00, 0x00, 0x00, 0x00, 0x00, 0x00, 0x00, 0x00, 0x00,
  0x00, 0x00, 0x00, 0x00, 0x00, 0xFF, 0xFF, 0x03, 0x00, 0x00, 0x00, 0xFF, 0xFF, 0x56, 0xFF, 0xFF,
  0xFC, 0xFF, 0xFF, 0xFA, 0xFF, 0xFF, 0xFC, 0xFF, 0xFF, 0xFC, 0xFF, 0xFF, 0xFC, 0xFF, 0xFF, 0xFC,
  0xFF, 0xFF, 0xFA, 0xFF, 0xFF, 0xFC, 0xFF, 0xFF, 0xCD, 0xFF, 0xFF, 0x08, 0x00, 0x00, 0x00, 0xFF,
  0xFF, 0x01, 0x00, 0x00, 0x00, 0x00, 0x00, 0x00, 0x00, 0x00, 0x00, 0x00, 0x00, 0x00, 0x00, 0x00,
  0x00, 0x00, 0x00, 0x00, 0x00, 0x00, 0x00, 0x00, 0x00, 0x00, 0x00, 0x00, 0x00, 0x00, 0x00, 0x00,
  0x00, 0x00, 0x00, 0x00, 0x00, 0x00, 0x00, 0x00, 0x00, 0x00, 0x00, 0x00, 0x00, 0x00, 0x00, 0x00,
  0x00, 0x00, 0x00, 0x00, 0x00, 0x00, 0x00, 0x00, 0x00, 0x00, 0x00, 0x00, 0x00, 0x00, 0x00, 0x00,
  0x00, 0x00, 0x00, 0x00, 0x00, 0x00, 0x00, 0x00, 0x00, 0x00, 0x00, 0x00, 0x00, 0x00, 0x00, 0x00,
  0x00, 0x00, 0x00, 0x00, 0x00, 0x00, 0x00, 0x00, 0x00, 0x00, 0x00, 0x00, 0x00, 0x00, 0x00, 0x00,
  0x00, 0x00, 0x00, 0x00, 0x00, 0x00, 0x00, 0x00, 0x00, 0x00, 0x00, 0x00, 0x00, 0x00, 0x00, 0x00,
  0x00, 0x00, 0x00, 0x00, 0x00, 0x00, 0x00, 0x00, 0x00, 0x00, 0x00, 0x00, 0x00, 0xFF, 0xFF, 0x02,
  0x00, 0x00, 0x00, 0xFF, 0xFF, 0x33, 0xFF, 0xFF, 0xE6, 0xFF, 0xFF, 0xFC, 0xFF, 0xFF, 0xFB, 0xFF,
  0xFF, 0xFC, 0xFF, 0xFF, 0xFB, 0xFF, 0xFF, 0xFC, 0xFF, 0xFF, 0x7D, 0x00, 0x00, 0x00, 0xFF, 0xFF,
  0x02, 0xFF, 0xFF, 0x03, 0x00, 0x00, 0x00, 0xFF, 0xFF, 0x55, 0xFF, 0xFF, 0xFC, 0xFF, 0xFF, 0xFD,
  0xFF, 0xFF, 0xFE, 0xFF, 0xFF, 0xFE, 0xFF, 0xFF, 0xFA, 0xFF, 0xFF, 0xFF, 0xFF, 0xFF, 0x9F, 0xFF,
  0xFF, 0x01, 0xFF, 0xFF, 0x01, 0x00, 0x00, 0x00, 0x00, 0x00, 0x00, 0x00, 0x00, 0x00, 0x00, 0x00,
  0x00, 0x00, 0x00, 0x00, 0x00, 0x00, 0x00, 0x00, 0x00, 0x00, 0x00, 0x00, 0x00, 0x00, 0x00, 0x00,
  0x00, 0x00, 0x00, 0x00, 0x00, 0x00, 0x00, 0x00, 0x00, 0x00, 0x00, 0x00, 0x00, 0x00, 0x00, 0x00,
  0x00, 0x00, 0x00, 0x00, 0x00, 0x00, 0x00, 0x00, 0x00, 0x00, 0x00, 0x00, 0x00, 0x00, 0x00, 0x00,
  0x00, 0x00, 0x00, 0x00, 0x00, 0x00, 0x00, 0x00, 0x00, 0x00, 0x00, 0x00, 0x00, 0x00, 0x00, 0x00,
  0x00, 0x00, 0x00, 0x00, 0x00, 0x00, 0x00, 0x00, 0x00, 0x00, 0x00, 0x00, 0x00, 0x00, 0x00, 0x00,
  0x00, 0x00, 0x00, 0x00, 0x00, 0x00, 0x00, 0x00, 0x00, 0x00, 0x00, 0x00, 0x00, 0x00, 0x00, 0x00,
  0x00, 0x00, 0x00, 0x00, 0x00, 0x00, 0x00, 0x00, 0x00, 0x00, 0x00, 0x00, 0x00, 0x00, 0x00, 0x00,
  0x00, 0x00, 0x00, 0x00, 0x00, 0x00, 0x00, 0x00, 0x00, 0x00, 0x00, 0x00, 0x00, 0x00, 0x00, 0x00,
  0x00, 0x00, 0x00, 0x00, 0x00, 0x00, 0x00, 0x00, 0x00, 0x00, 0x00, 0x00, 0x00, 0x00, 0x00, 0x00,
  0x00, 0x00, 0x00, 0x00, 0x00, 0x00, 0x00, 0x00, 0x00, 0x00, 0x00, 0x00, 0x00, 0x00, 0x00, 0x00,
  0x00, 0x00, 0x00, 0x00, 0x00, 0x00, 0x00, 0x00, 0x00, 0x00, 0x00, 0x00, 0x00, 0x00, 0x00, 0x00,
  0x00, 0x00, 0x00, 0x00, 0x00, 0x00, 0x00, 0x00, 0xFF, 0xFF, 0x7A, 0xFF, 0xFF, 0xFF, 0xFF, 0xFF,
  0xFB, 0xFF, 0xFF, 0xFF, 0xFF, 0xFF, 0xFF, 0xFF, 0xFF, 0xFF, 0xFF, 0xFF, 0xFF, 0xFF, 0xFF, 0xFE,
  0xFF, 0xFF, 0xFF, 0xFF, 0xFF, 0xF3, 0xFF, 0xFF, 0x2A, 0xFF, 0xFF, 0x01, 0xFF, 0xFF, 0x02, 0x00,
  0x00, 0x00, 0x00, 0x00, 0x00, 0x00, 0x00, 0x00, 0x00, 0x00, 0x00, 0x00, 0x00, 0x00, 0x00, 0x00,
  0x00, 0x00, 0x00, 0x00, 0x00, 0x00, 0x00, 0x00, 0x00, 0x00, 0x00, 0x00, 0x00, 0xFF, 0xFF, 0x01,
  0xFF, 0xFF, 0x04, 0xFF, 0xFF, 0xB1, 0xFF, 0xFF, 0xFF, 0xFF, 0xFF, 0xFC, 0xFF, 0xFF, 0xFF, 0xFF,
  0xFF, 0xFF, 0xFF, 0xFF, 0xFF, 0xFF, 0xFF, 0xFF, 0xFF, 0xFF, 0xFD, 0xFF, 0xFF, 0xFF, 0xFF, 0xFF,
  0xCF, 0xFF, 0xFF, 0x08, 0x00, 0x00, 0x00, 0xFF, 0xFF, 0x01, 0x00, 0x00, 0x00, 0x00, 0x00, 0x00,
  0x00, 0x00, 0x00, 0x00, 0x00, 0x00, 0x00, 0x00, 0x00, 0x00, 0x00, 0x00, 0x00, 0x00, 0x00, 0x00,
  0x00, 0x00, 0x00, 0x00, 0x00, 0x00, 0x00, 0x00, 0x00, 0x00, 0x00, 0x00, 0x00, 0x00, 0x00, 0x00,
  0x00, 0x00, 0x00, 0x00, 0x00, 0x00, 0x00, 0x00, 0x00, 0x00, 0x00, 0x00, 0x00, 0x00, 0x00, 0x00,
  0x00, 0x00, 0x00, 0x00, 0x00, 0x00, 0x00, 0x00, 0x00, 0x00, 0x00, 0x00, 0x00, 0x00, 0x00, 0x00,
  0x00, 0x00, 0x00, 0x00, 0x00, 0x00, 0x00, 0x00, 0x00, 0x00, 0x00, 0x00, 0x00, 0x00, 0x00, 0x00,
  0x00, 0x00, 0x00, 0x00, 0x00, 0x00, 0x00, 0x00, 0x00, 0x00, 0x00, 0x00, 0x00, 0x00, 0x00, 0x00,
  0x00, 0x00, 0x00, 0x00, 0x00, 0x00, 0x00, 0x00, 0x00, 0x00, 0x00, 0x00, 0x00, 0x00, 0x00, 0x00,
  0x00, 0x00, 0x00, 0x00, 0x00, 0xFF, 0xFF, 0x02, 0x00, 0x00, 0x00, 0xFF, 0xFF, 0x34, 0xFF, 0xFF,
  0xE9, 0xFF, 0xFF, 0xFF, 0xFF, 0xFF, 0xFE, 0xFF, 0xFF, 0xFF, 0xFF, 0xFF, 0xFE, 0xFF, 0xFF, 0xFF,
  0xFF, 0xFF, 0x7E, 0x00, 0x00, 0x00, 0xFF, 0xFF, 0x02, 0xFF, 0xFF, 0x01, 0x00, 0x00, 0x00, 0xFF,
  0xFF, 0x15, 0xFF, 0xFF, 0xC9, 0xFF, 0xFF, 0xFF, 0xFF, 0xFF, 0xFF, 0xFF, 0xFF, 0xFF, 0xFF, 0xFF,
  0xFF, 0xFF, 0xFF, 0xF6, 0xFF, 0xFF, 0x44, 0x00, 0x00, 0x00, 0xFF, 0xFF, 0x02, 0x00, 0x00, 0x00,
  0x00, 0x00, 0x00, 0x00, 0x00, 0x00, 0x00, 0x00, 0x00, 0x00, 0x00, 0x00, 0x00, 0x00, 0x00, 0x00,
  0x00, 0x00, 0x00, 0x00, 0x00, 0x00, 0x00, 0x00, 0x00, 0x00, 0x00, 0x00, 0x00, 0x00, 0x00, 0x00,
  0x00, 0x00, 0x00, 0x00, 0x00, 0x00, 0x00, 0x00, 0x00, 0x00, 0x00, 0x00, 0x00, 0x00, 0x00, 0x00,
  0x00, 0x00, 0x00, 0x00, 0x00, 0x00, 0x00, 0x00, 0x00, 0x00, 0x00, 0x00, 0x00, 0x00, 0x00, 0x00,
  0x00, 0x00, 0x00, 0x00, 0x00, 0x00, 0x00, 0x00, 0x00, 0x00, 0x00, 0x00, 0x00, 0x00, 0x00, 0x00,
  0x00, 0x00, 0x00, 0x00, 0x00, 0x00, 0x00, 0x00, 0x00, 0x00, 0x00, 0x00, 0x00, 0x00, 0x00, 0x00,
  0x00, 0x00, 0x00, 0x00, 0x00, 0x00, 0x00, 0x00, 0x00, 0x00, 0x00, 0x00, 0x00, 0x00, 0x00, 0x00,
  0x00, 0x00, 0x00, 0x00, 0x00, 0x00, 0x00, 0x00, 0x00, 0x00, 0x00, 0x00, 0x00, 0x00, 0x00, 0x00,
  0x00, 0x00, 0x00, 0x00, 0x00, 0x00, 0x00, 0x00, 0x00, 0x00, 0x00, 0x00, 0x00, 0x00, 0x00, 0x00,
  0x00, 0x00, 0x00, 0x00, 0x00, 0x00, 0x00, 0x00, 0x00, 0x00, 0x00, 0x00, 0x00, 0x00, 0x00, 0x00,
  0x00, 0x00, 0x00, 0x00, 0x00, 0x00, 0x00, 0x00, 0x00, 0x00, 0x00, 0x00, 0x00, 0x00, 0x00, 0x00,
  0x00, 0x00, 0x00, 0x00, 0x00, 0x00, 0x00, 0x00, 0x00, 0x00, 0x00, 0x00, 0x00, 0x00, 0x00, 0x00,
  0xFF, 0xFF, 0x7A, 0xFF, 0xFF, 0xFF, 0xFF, 0xFF, 0xFB, 0xFF, 0xFF, 0xFF, 0xFF, 0xFF, 0xFF, 0xFF,
  0xFF, 0xFF, 0xFF, 0xFF, 0xFF, 0xFF, 0xFF, 0xFF, 0xFF, 0xFF, 0xFC, 0xFF, 0xFF, 0xFF, 0xFF, 0xFF,
  0x81, 0x00, 0x00, 0x00, 0xFF, 0xFF, 0x02, 0x00, 0x00, 0x00, 0x00, 0x00, 0x00, 0x00, 0x00, 0x00,
  0x00, 0x00, 0x00, 0x00, 0x00, 0x00, 0x00, 0x00, 0x00, 0x00, 0x00, 0x00, 0x00, 0x00, 0x00, 0x00,
  0x00, 0x00, 0xFF, 0xFF, 0x02, 0xFF, 0xFF, 0x01, 0xFF, 0xFF, 0x30, 0xFF, 0xFF, 0xF6, 0xFF, 0xFF,
  0xFF, 0xFF, 0xFF, 0xFE, 0xFF, 0xFF, 0xFF, 0xFF, 0xFF, 0xFF, 0xFF, 0xFF, 0xFF, 0xFF, 0xFF, 0xFF,
  0xFF, 0xFF, 0xFD, 0xFF, 0xFF, 0xFF, 0xFF, 0xFF, 0xCF, 0xFF, 0xFF, 0x08, 0x00, 0x00, 0x00, 0xFF,
  0xFF, 0x01, 0x00, 0x00, 0x00, 0x00, 0x00, 0x00, 0x00, 0x00, 0x00, 0x00, 0x00, 0x00, 0x00, 0x00,
  0x00, 0x00, 0x00, 0x00, 0x00, 0x00, 0x00, 0x00, 0x00, 0x00, 0x00, 0x00, 0x00, 0x00, 0x00, 0x00,
  0x00, 0x00, 0x00, 0x00, 0x00, 0x00, 0x00, 0x00, 0x00, 0x00, 0x00, 0x00, 0x00, 0x00, 0x00, 0x00,
  0x00, 0x00, 0x00, 0x00, 0x00, 0x00, 0x00, 0x00, 0x00, 0x00, 0x00, 0x00, 0x00, 0x00, 0x00, 0x00,
  0x00, 0x00, 0x00, 0x00, 0x00, 0x00, 0x00, 0x00, 0x00, 0x00, 0x00, 0x00, 0x00, 0x00, 0x00, 0x00,
  0x00, 0x00, 0x00, 0x00, 0x00, 0x00, 0x00, 0x00, 0x00, 0x00, 0x00, 0x00, 0x00, 0x00, 0x00, 0x00,
  0x00, 0x00, 0x00, 0x00, 0x00, 0x00, 0x00, 0x00, 0x00, 0x00, 0x00, 0x00, 0x00, 0x00, 0x00, 0x00,
  0x00, 0x00, 0x00, 0x00, 0x00, 0x00, 0x00, 0x00, 0x00, 0x00, 0x00, 0x00, 0x00, 0xFF, 0xFF, 0x02,
  0x00, 0x00, 0x00, 0xFF, 0xFF, 0x34, 0xFF, 0xFF, 0xE9, 0xFF, 0xFF, 0xFF, 0xFF, 0xFF, 0xFE, 0xFF,
  0xFF, 0xFF, 0xFF, 0xFF, 0xFE, 0xFF, 0xFF, 0xFF, 0xFF, 0xFF, 0x7E, 0x00, 0x00, 0x00, 0xFF, 0xFF,
  0x02, 0x00, 0x00, 0x00, 0xFF, 0xFF, 0x01, 0x00, 0x00, 0x00, 0xFF, 0xFF, 0x2D, 0xFF, 0xFF, 0xB2,
  0xFF, 0xFF, 0xF0, 0xFF, 0xFF, 0xF5, 0xFF, 0xFF, 0xD7, 0xFF, 0xFF, 0x59, 0x00, 0x00, 0x00, 0x00,
  0x00, 0x00, 0xFF, 0xFF, 0x01, 0x00, 0x00, 0x00, 0x00, 0x00, 0x00, 0x00, 0x00, 0x00, 0x00, 0x00,
  0x00, 0x00, 0x00, 0x00, 0x00, 0x00, 0x00, 0x00, 0x00, 0x00, 0x00, 0x00, 0x00, 0x00, 0x00, 0x00,
  0x00, 0x00, 0x00, 0x00, 0x00, 0x00, 0x00, 0x00, 0x00, 0x00, 0x00, 0x00, 0x00, 0x00, 0x00, 0x00,
  0x00, 0x00, 0x00, 0x00, 0x00, 0x00, 0x00, 0x00, 0x00, 0x00, 0x00, 0x00, 0x00, 0x00, 0x00, 0x00,
  0x00, 0x00, 0x00, 0x00, 0x00, 0x00, 0x00, 0x00, 0x00, 0x00, 0x00, 0x00, 0x00, 0x00, 0x00, 0x00,
  0x00, 0x00, 0x00, 0x00, 0x00, 0x00, 0x00, 0x00, 0x00, 0x00, 0x00, 0x00, 0x00, 0x00, 0x00, 0x00,
  0x00, 0x00, 0x00, 0x00, 0x00, 0x00, 0x00, 0x00, 0x00, 0x00, 0x00, 0x00, 0x00, 0x00, 0x00, 0x00,
  0x00, 0x00, 0x00, 0x00, 0x00, 0x00, 0x00, 0x00, 0x00, 0x00, 0x00, 0x00, 0x00, 0x00, 0x00, 0x00,
  0x00, 0x00, 0x00, 0x00, 0x00, 0x00, 0x00, 0x00, 0x00, 0x00, 0x00, 0x00, 0x00, 0x00, 0x00, 0x00,
  0x00, 0x00, 0x00, 0x00, 0x00, 0x00, 0x00, 0x00, 0x00, 0x00, 0x00, 0x00, 0x00, 0x00, 0x00, 0x00,
  0x00, 0x00, 0x00, 0x00, 0x00, 0x00, 0x00, 0x00, 0x00, 0x00, 0x00, 0x00, 0x00, 0x00, 0x00, 0x00,
  0x00, 0x00, 0x00, 0x00, 0x00, 0x00, 0x00, 0x00, 0x00, 0x00, 0x00, 0x00, 0x00, 0x00, 0x00, 0x00,
  0x00, 0x00, 0x00, 0x00, 0x00, 0x00, 0x00, 0x00, 0xFF, 0xFF, 0x7A, 0xFF, 0xFF, 0xFF, 0xFF, 0xFF,
  0xFB, 0xFF, 0xFF, 0xFF, 0xFF, 0xFF, 0xFF, 0xFF, 0xFF, 0xFF, 0xFF, 0xFF, 0xFF, 0xFF, 0xFF, 0xFF,
  0xFF, 0xFF, 0xFD, 0xFF, 0xFF, 0xFF, 0xFF, 0xFF, 0xDD, 0xFF, 0xFF, 0x0E, 0x00, 0x00, 0x00, 0xFF,
  0xFF, 0x01, 0x00, 0x00, 0x00, 0x00, 0x00, 0x00, 0x00, 0x00, 0x00, 0x00, 0x00, 0x00, 0x00, 0x00,
  0x00, 0x00, 0x00, 0x00, 0x00, 0x00, 0x00, 0x00, 0x00, 0x00, 0xFF, 0xFF, 0x02, 0x00, 0x00, 0x00,
  0xFF, 0xFF, 0x86, 0xFF, 0xFF, 0xFF, 0xFF, 0xFF, 0xFC, 0xFF, 0xFF, 0xFF, 0xFF, 0xFF, 0xFF, 0xFF,
  0xFF, 0xFF, 0xFF, 0xFF, 0xFF, 0xFF, 0xFF, 0xFF, 0xFF, 0xFF, 0xFD, 0xFF, 0xFF, 0xFF, 0xFF, 0xFF,
  0xCF, 0xFF, 0xFF, 0x08, 0x00, 0x00, 0x00, 0xFF, 0xFF, 0x01, 0x00, 0x00, 0x00, 0x00, 0x00, 0x00,
  0x00, 0x00, 0x00, 0x00, 0x00, 0x00, 0x00, 0x00, 0x00, 0x00, 0x00, 0x00, 0x00, 0x00, 0x00, 0x00,
  0x00, 0x00, 0x00, 0x00, 0x00, 0xFF, 0xFF, 0x01, 0xFF, 0xFF, 0x01, 0xFF, 0xFF, 0x02, 0xFF, 0xFF,
  0x02, 0xFF, 0xFF, 0x02, 0xFF, 0xFF, 0x02, 0xFF, 0xFF, 0x01, 0x00, 0x00, 0x00, 0x00, 0x00, 0x00,
  0x00, 0x00, 0x00, 0x00, 0x00, 0x00, 0x00, 0x00, 0x00, 0x00, 0x00, 0x00, 0x00, 0x00, 0x00, 0x00,
  0x00, 0x00, 0x00, 0x00, 0x00, 0x00, 0x00, 0x00, 0x00, 0x00, 0x00, 0x00, 0x00, 0x00, 0x00, 0x00,
  0x00, 0x00, 0x00, 0x00, 0x00, 0x00, 0x00, 0x00, 0x00, 0x00, 0x00, 0x00, 0x00, 0x00, 0x00, 0x00,
  0xFF, 0xFF, 0x01, 0xFF, 0xFF, 0x02, 0xFF, 0xFF, 0x02, 0xFF, 0xFF, 0x02, 0xFF, 0xFF, 0x02, 0xFF,
  0xFF, 0x01, 0x00, 0x00, 0x00, 0xFF, 0xFF, 0x02, 0x00, 0x00, 0x00, 0xFF, 0xFF, 0x34, 0xFF, 0xFF,
  0xE9, 0xFF, 0xFF, 0xFF, 0xFF, 0xFF, 0xFE, 0xFF, 0xFF, 0xFF, 0xFF, 0xFF, 0xFE, 0xFF, 0xFF, 0xFF,
  0xFF, 0xFF, 0x7E, 0x00, 0x00, 0x00, 0xFF, 0xFF, 0x02, 0x00, 0x00, 0x00, 0x00, 0x00, 0x00, 0xFF,
  0xFF, 0x01, 0x00, 0x00, 0x00, 0xFF, 0xFF, 0x03, 0xFF, 0xFF, 0x2A, 0xFF, 0xFF, 0x30, 0xFF, 0xFF,
  0x11, 0x00, 0x00, 0x00, 0xFF, 0xFF, 0x01, 0x00, 0x00, 0x00, 0x00, 0x00, 0x00, 0x00, 0x00, 0x00,
  0x00, 0x00, 0x00, 0x00, 0x00, 0x00, 0xFF, 0xFF, 0x01, 0xFF, 0xFF, 0x01, 0xFF, 0xFF, 0x01, 0xFF,
  0xFF, 0x01, 0xFF, 0xFF, 0x01, 0xFF, 0xFF, 0x01, 0x00, 0x00, 0x00, 0x00, 0x00, 0x00, 0x00, 0x00,
  0x00, 0x00, 0x00, 0x00, 0x00, 0x00, 0x00, 0x00, 0x00, 0x00, 0x00, 0x00, 0x00, 0x00, 0x00, 0x00,
  0x00, 0x00, 0x00, 0xFF, 0xFF, 0x01, 0xFF, 0xFF, 0x01, 0xFF, 0xFF, 0x01, 0xFF, 0xFF, 0x01, 0xFF,
  0xFF, 0x01, 0xFF, 0xFF, 0x01, 0x00, 0x00, 0x00, 0x00, 0x00, 0x00, 0x00, 0x00, 0x00, 0x00, 0x00,
  0x00, 0x00, 0x00, 0x00, 0x00, 0x00, 0x00, 0xFF, 0xFF, 0x01, 0xFF, 0xFF, 0x01, 0xFF, 0xFF, 0x01,
  0xFF, 0xFF, 0x01, 0xFF, 0xFF, 0x01, 0xFF, 0xFF, 0x01, 0x00, 0x00, 0x00, 0x00, 0x00, 0x00, 0x00,
  0x00, 0x00, 0x00, 0x00, 0x00, 0xFF, 0xFF, 0x01, 0xFF, 0xFF, 0x02, 0xFF, 0xFF, 0x02, 0xFF, 0xFF,
  0x02, 0xFF, 0xFF, 0x02, 0xFF, 0xFF, 0x01, 0x00, 0x00, 0x00, 0x00, 0x00, 0x00, 0x00, 0x00, 0x00,
  0x00, 0x00, 0x00, 0x00, 0x00, 0x00, 0x00, 0x00, 0x00, 0x00, 0x00, 0x00, 0x00, 0x00, 0x00, 0xFF,
  0xFF, 0x01, 0xFF, 0xFF, 0x02, 0xFF, 0xFF, 0x02, 0xFF, 0xFF, 0x02, 0xFF, 0xFF, 0x01, 0xFF, 0xFF,
  0x01, 0x00, 0x00, 0x00, 0x00, 0x00, 0x00, 0x00, 0x00, 0x00, 0x00, 0x00, 0x00, 0x00, 0x00, 0x00,
  0xFF, 0xFF, 0x7A, 0xFF, 0xFF, 0xFF, 0xFF, 0xFF, 0xFB, 0xFF, 0xFF, 0xFF, 0xFF, 0xFF, 0xFF, 0xFF,
  0xFF, 0xFF, 0xFF, 0xFF, 0xFF, 0xFF, 0xFF, 0xFF, 0xFF, 0xFF, 0xFF, 0xFF, 0xFF, 0xFD, 0xFF, 0xFF,
  0xFF, 0xFF, 0xFF, 0x5E, 0x00, 0x00, 0x00, 0xFF, 0xFF, 0x03, 0x00, 0x00, 0x00, 0x00, 0x00, 0x00,
  0x00, 0x00, 0x00, 0x00, 0x00, 0x00, 0x00, 0x00, 0x00, 0x00, 0x00, 0x00, 0x00, 0x00, 0x00, 0xFF,
  0xFF, 0x01, 0x00, 0x00, 0x00, 0xFF, 0xFF, 0x16, 0xFF, 0xFF, 0xDC, 0xFF, 0xFF, 0xFF, 0xFF, 0xFF,
  0xFD, 0xFF, 0xFF, 0xFF, 0xFF, 0xFF, 0xFF, 0xFF, 0xFF, 0xFF, 0xFF, 0xFF, 0xFF, 0xFF, 0xFF, 0xFF,
  0xFF, 0xFF, 0xFD, 0xFF, 0xFF, 0xFF, 0xFF, 0xFF, 0xCF, 0xFF, 0xFF, 0x08, 0x00, 0x00, 0x00, 0xFF,
  0xFF, 0x01, 0x00, 0x00, 0x00, 0x00, 0x00, 0x00, 0x00, 0x00, 0x00, 0x00, 0x00, 0x00, 0x00, 0x00,
  0x00, 0x00, 0x00, 0x00, 0x00, 0x00, 0x00, 0xFF, 0xFF, 0x02, 0xFF, 0xFF, 0x02, 0x00, 0x00, 0x00,
  0x00, 0x00, 0x00, 0x00, 0x00, 0x00, 0x00, 0x00, 0x00, 0x00, 0x00, 0x00, 0x00, 0x00, 0x00, 0x00,
  0x00, 0x00, 0xFF, 0xFF, 0x01, 0xFF, 0xFF, 0x02, 0xFF, 0xFF, 0x01, 0x00, 0x00, 0x00, 0x00, 0x00,
  0x00, 0x00, 0x00, 0x00, 0x00, 0x00, 0x00, 0x00, 0x00, 0x00, 0x00, 0x00, 0x00, 0x00, 0x00, 0x00,
  0x00, 0x00, 0x00, 0x00, 0x00, 0x00, 0x00, 0x00, 0x00, 0x00, 0x00, 0x00, 0x00, 0x00, 0x00, 0x00,
  0x00, 0x00, 0xFF, 0xFF, 0x01, 0xFF, 0xFF, 0x02, 0x00, 0x00, 0x00, 0x00, 0x00, 0x00, 0x00, 0x00,
  0x00, 0x00, 0x00, 0x00, 0x00, 0x00, 0x00, 0x00, 0x00, 0x00, 0xFF, 0xFF, 0x02, 0xFF, 0xFF, 0x03,
  0x00, 0x00, 0x00, 0xFF, 0xFF, 0x34, 0xFF, 0xFF, 0xE9, 0xFF, 0xFF, 0xFF, 0xFF, 0xFF, 0xFE, 0xFF,
  0xFF, 0xFF, 0xFF, 0xFF, 0xFE, 0xFF, 0xFF, 0xFF, 0xFF, 0xFF, 0x7E, 0x00, 0x00, 0x00, 0xFF, 0xFF,
  0x02, 0x00, 0x00, 0x00, 0x00, 0x00, 0x00, 0x00, 0x00, 0x00, 0xFF, 0xFF, 0x01, 0x00, 0x00, 0x00,
  0x00, 0x00, 0x00, 0x00, 0x00, 0x00, 0x00, 0x00, 0x00, 0xFF, 0xFF, 0x01, 0x00, 0x00, 0x00, 0x00,
  0x00, 0x00, 0x00, 0x00, 0x00, 0x00, 0x00, 0x00, 0x00, 0x00, 0x00, 0x00, 0x00, 0x00, 0x00, 0x00,
  0x00, 0x00, 0x00, 0x00, 0x00, 0x00, 0x00, 0x00, 0x00, 0x00, 0x00, 0x00, 0x00, 0x00, 0x00, 0x00,
  0x00, 0x00, 0x00, 0x00, 0x00, 0x00, 0x00, 0x00, 0x00, 0x00, 0x00, 0x00, 0x00, 0x00, 0x00, 0x00,
  0x00, 0x00, 0x00, 0x00, 0x00, 0x00, 0x00, 0x00, 0x00, 0x00, 0x00, 0x00, 0x00, 0x00, 0x00, 0x00,
  0x00, 0x00, 0x00, 0x00, 0x00, 0x00, 0x00, 0x00, 0x00, 0x00, 0x00, 0x00, 0x00, 0x00, 0x00, 0x00,
  0x00, 0x00, 0x00, 0x00, 0x00, 0x00, 0x00, 0x00, 0x00, 0x00, 0x00, 0x00, 0x00, 0x00, 0x00, 0x00,
  0x00, 0x00, 0x00, 0x00, 0x00, 0x00, 0x00, 0x00, 0x00, 0x00, 0x00, 0x00, 0x00, 0x00, 0x00, 0x00,
  0x00, 0x00, 0x00, 0x00, 0x00, 0x00, 0x00, 0xFF, 0xFF, 0x01, 0xFF, 0xFF, 0x02, 0x00, 0x00, 0x00,
  0x00, 0x00, 0x00, 0x00, 0x00, 0x00, 0x00, 0x00, 0x00, 0x00, 0x00, 0x00, 0x00, 0x00, 0x00, 0xFF,
  0xFF, 0x02, 0x00, 0x00, 0x00, 0x00, 0x00, 0x00, 0x00, 0x00, 0x00, 0x00, 0x00, 0x00, 0x00, 0x00,
  0x00, 0xFF, 0xFF, 0x02, 0xFF, 0xFF, 0x01, 0x00, 0x00, 0x00, 0x00, 0x00, 0x00, 0x00, 0x00, 0x00,
  0x00, 0x00, 0x00, 0x00, 0x00, 0x00, 0x00, 0x00, 0x00, 0xFF, 0xFF, 0x02, 0xFF, 0xFF, 0x01, 0x00,
  0x00, 0x00, 0x00, 0x00, 0x00, 0x00, 0x00, 0x00, 0xFF, 0xFF, 0x7A, 0xFF, 0xFF, 0xFF, 0xFF, 0xFF,
  0xFB, 0xFF, 0xFF, 0xFF, 0xFF, 0xFF, 0xFF, 0xFF, 0xFF, 0xFF, 0xFF, 0xFF, 0xFF, 0xFF, 0xFF, 0xFF,
  0xFF, 0xFF, 0xFF, 0xFF, 0xFF, 0xFD, 0xFF, 0xFF, 0xFF, 0xFF, 0xFF, 0xBC, 0xFF, 0xFF, 0x02, 0xFF,
  0xFF, 0x01, 0xFF, 0xFF, 0x01, 0x00, 0x00, 0x00, 0x00, 0x00, 0x00, 0x00, 0x00, 0x00, 0x00, 0x00,
  0x00, 0x00, 0x00, 0x00, 0x00, 0x00, 0x00, 0xFF, 0xFF, 0x03, 0x00, 0x00, 0x00, 0xFF, 0xFF, 0x63,
  0xFF, 0xFF, 0xFF, 0xFF, 0xFF, 0xFE, 0xFF, 0xFF, 0xFF, 0xFF, 0xFF, 0xFF, 0xFF, 0xFF, 0xFF, 0xFF,
  0xFF, 0xFF, 0xFF, 0xFF, 0xFF, 0xFF, 0xFF, 0xFF, 0xFF, 0xFF, 0xFD, 0xFF, 0xFF, 0xFF, 0xFF, 0xFF,
  0xCF, 0xFF, 0xFF, 0x08, 0x00, 0x00, 0x00, 0xFF, 0xFF, 0x01, 0x00, 0x00, 0x00, 0x00, 0x00, 0x00,
  0x00, 0x00, 0x00, 0x00, 0x00, 0x00, 0x00, 0x00, 0x00, 0xFF, 0xFF, 0x01, 0xFF, 0xFF, 0x01, 0x00,
  0x00, 0x00, 0x00, 0x00, 0x00, 0xFF, 0xFF, 0x02, 0xFF, 0xFF, 0x1C, 0xFF, 0xFF, 0x2E, 0xFF, 0xFF,
  0x37, 0xFF, 0xFF, 0x35, 0xFF, 0xFF, 0x24, 0xFF, 0xFF, 0x0B, 0x00, 0x00, 0x00, 0x00, 0x00, 0x00,
  0x00, 0x00, 0x00, 0xFF, 0xFF, 0x02, 0x00, 0x00, 0x00, 0x00, 0x00, 0x00, 0x00, 0x00, 0x00, 0x00,
  0x00, 0x00, 0x00, 0x00, 0x00, 0x00, 0x00, 0x00, 0x00, 0x00, 0x00, 0x00, 0x00, 0x00, 0x00, 0x00,
  0x00, 0x00, 0x00, 0x00, 0x00, 0x00, 0x00, 0xFF, 0xFF, 0x01, 0x00, 0x00, 0x00, 0x00, 0x00, 0x00,
  0xFF, 0xFF, 0x07, 0xFF, 0xFF, 0x25, 0xFF, 0xFF, 0x33, 0xFF, 0xFF, 0x34, 0xFF, 0xFF, 0x22, 0xFF,
  0xFF, 0x04, 0x00, 0x00, 0x00, 0xFF, 0xFF, 0x01, 0xFF, 0xFF, 0x01, 0xFF, 0xFF, 0x34, 0xFF, 0xFF,
  0xE9, 0xFF, 0xFF, 0xFF, 0xFF, 0xFF, 0xFE, 0xFF, 0xFF, 0xFF, 0xFF, 0xFF, 0xFE, 0xFF, 0xFF, 0xFF,
  0xFF, 0xFF, 0x7E, 0x00, 0x00, 0x00, 0xFF, 0xFF, 0x02, 0x00, 0x00, 0x00, 0x00, 0x00, 0x00, 0xFF,
  0xFF, 0x02, 0xFF, 0xFF, 0x07, 0xFF, 0xFF, 0x08, 0xFF, 0xFF, 0x09, 0xFF, 0xFF, 0x09, 0xFF, 0xFF,
  0x09, 0xFF, 0xFF, 0x08, 0xFF, 0xFF, 0x02, 0x00, 0x00, 0x00, 0x00, 0x00, 0x00, 0x00, 0x00, 0x00,
  0x00, 0x00, 0x00, 0xFF, 0xFF, 0x02, 0xFF, 0xFF, 0x07, 0xFF, 0xFF, 0x08, 0xFF, 0xFF, 0x08, 0xFF,
  0xFF, 0x08, 0xFF, 0xFF, 0x07, 0xFF, 0xFF, 0x07, 0xFF, 0xFF, 0x02, 0x00, 0x00, 0x00, 0x00, 0x00,
  0x00, 0x00, 0x00, 0x00, 0x00, 0x00, 0x00, 0x00, 0x00, 0x00, 0x00, 0x00, 0x00, 0x00, 0x00, 0x00,
  0xFF, 0xFF, 0x01, 0xFF, 0xFF, 0x07, 0xFF, 0xFF, 0x08, 0xFF, 0xFF, 0x08, 0xFF, 0xFF, 0x07, 0xFF,
  0xFF, 0x07, 0xFF, 0xFF, 0x08, 0xFF, 0xFF, 0x03, 0x00, 0x00, 0x00, 0x00, 0x00, 0x00, 0x00, 0x00,
  0x00, 0x00, 0x00, 0x00, 0xFF, 0xFF, 0x03, 0xFF, 0xFF, 0x08, 0xFF, 0xFF, 0x07, 0xFF, 0xFF, 0x08,
  0xFF, 0xFF, 0x07, 0xFF, 0xFF, 0x08, 0xFF, 0xFF, 0x05, 0x00, 0x00, 0x00, 0xFF, 0xFF, 0x01, 0x00,
  0x00, 0x00, 0x00, 0x00, 0x00, 0xFF, 0xFF, 0x06, 0xFF, 0xFF, 0x26, 0xFF, 0xFF, 0x34, 0xFF, 0xFF,
  0x33, 0xFF, 0xFF, 0x1F, 0xFF, 0xFF, 0x02, 0x00, 0x00, 0x00, 0x00, 0x00, 0x00, 0xFF, 0xFF, 0x01,
  0x00, 0x00, 0x00, 0x00, 0x00, 0x00, 0xFF, 0xFF, 0x02, 0x00, 0x00, 0x00, 0x00, 0x00, 0x00, 0xFF,
  0xFF, 0x0C, 0xFF, 0xFF, 0x2A, 0xFF, 0xFF, 0x34, 0xFF, 0xFF, 0x32, 0xFF, 0xFF, 0x1E, 0x00, 0x00,
  0x00, 0x00, 0x00, 0x00, 0x00, 0x00, 0x00, 0xFF, 0xFF, 0x01, 0x00, 0x00, 0x00, 0x00, 0x00, 0x00,
  0xFF, 0xFF, 0x7A, 0xFF, 0xFF, 0xFF, 0xFF, 0xFF, 0xFB, 0xFF, 0xFF, 0xFF, 0xFF, 0xFF, 0xFF, 0xFF,
  0xFF, 0xFF, 0xFF, 0xFF, 0xFF, 0xFF, 0xFF, 0xFF, 0xFF, 0xFF, 0xFF, 0xFF, 0xFF, 0xFE, 0xFF, 0xFF,
  0xFF, 0xFF, 0xFF, 0xFA, 0xFF, 0xFF, 0x3A, 0x00, 0x00, 0x00, 0xFF, 0xFF, 0x02, 0x00, 0x00, 0x00,
  0x00, 0x00, 0x00, 0x00, 0x00, 0x00, 0x00, 0x00, 0x00, 0x00, 0x00, 0x00, 0xFF, 0xFF, 0x01, 0xFF,
  0xFF, 0x01, 0xFF, 0xFF, 0x08, 0xFF, 0xFF, 0xBF, 0xFF, 0xFF, 0xFE, 0xFF, 0xFF, 0xFD, 0xFF, 0xFF,
  0xFF, 0xFF, 0xFF, 0xFF, 0xFF, 0xFF, 0xFF, 0xFF, 0xFF, 0xFF, 0xFF, 0xFF, 0xFF, 0xFF, 0xFF, 0xFF,
  0xFF, 0xFF, 0xFD, 0xFF, 0xFF, 0xFF, 0xFF, 0xFF, 0xCF, 0xFF, 0xFF, 0x08, 0x00, 0x00, 0x00, 0xFF,
  0xFF, 0x01, 0x00, 0x00, 0x00, 0x00, 0x00, 0x00, 0x00, 0x00, 0x00, 0x00, 0x00, 0x00, 0xFF, 0xFF,
  0x01, 0x00, 0x00, 0x00, 0x00, 0x00, 0x00, 0xFF, 0xFF, 0x22, 0xFF, 0xFF, 0x73, 0xFF, 0xFF, 0xB8,
  0xFF, 0xFF, 0xD8, 0xFF, 0xFF, 0xE8, 0xFF, 0xFF, 0xF2, 0xFF, 0xFF, 0xF0, 0xFF, 0xFF, 0xE0, 0xFF,
  0xFF, 0xC7, 0xFF, 0xFF, 0x93, 0xFF, 0xFF, 0x48, 0xFF, 0xFF, 0x08, 0x00, 0x00, 0x00, 0xFF, 0xFF,
  0x02, 0x00, 0x00, 0x00, 0x00, 0x00, 0x00, 0x00, 0x00, 0x00, 0x00, 0x00, 0x00, 0x00, 0x00, 0x00,
  0x00, 0x00, 0x00, 0x00, 0x00, 0x00, 0x00, 0x00, 0x00, 0x00, 0x00, 0x00, 0x00, 0x00, 0x00, 0x00,
  0x00, 0x00, 0xFF, 0xFF, 0x22, 0xFF, 0xFF, 0x7A, 0xFF, 0xFF, 0xC1, 0xFF, 0xFF, 0xE1, 0xFF, 0xFF,
  0xEE, 0xFF, 0xFF, 0xEE, 0xFF, 0xFF, 0xDE, 0xFF, 0xFF, 0xB7, 0xFF, 0xFF, 0x57, 0xFF, 0xFF, 0x06,
  0x00, 0x00, 0x00, 0xFF, 0xFF, 0x35, 0xFF, 0xFF, 0xE9, 0xFF, 0xFF, 0xFF, 0xFF, 0xFF, 0xFE, 0xFF,
  0xFF, 0xFF, 0xFF, 0xFF, 0xFE, 0xFF, 0xFF, 0xFF, 0xFF, 0xFF, 0x7E, 0x00, 0x00, 0x00, 0xFF, 0xFF,
  0x02, 0xFF, 0xFF, 0x02, 0x00, 0x00, 0x00, 0xFF, 0xFF, 0x2D, 0xFF, 0xFF, 0xB7, 0xFF, 0xFF, 0xC5,
  0xFF, 0xFF, 0xC4, 0xFF, 0xFF, 0xC4, 0xFF, 0xFF, 0xC4, 0xFF, 0xFF, 0xC5, 0xFF, 0xFF, 0x59, 0x00,
  0x00, 0x00, 0xFF, 0xFF, 0x02, 0xFF, 0xFF, 0x02, 0x00, 0x00, 0x00, 0xFF, 0xFF, 0x3D, 0xFF, 0xFF,
  0xBF, 0xFF, 0xFF, 0xC5, 0xFF, 0xFF, 0xC4, 0xFF, 0xFF, 0xC4, 0xFF, 0xFF, 0xC4, 0xFF, 0xFF, 0xC1,
  0xFF, 0xFF, 0x3E, 0x00, 0x00, 0x00, 0xFF, 0xFF, 0x02, 0x00, 0x00, 0x00, 0x00, 0x00, 0x00, 0x00,
  0x00, 0x00, 0xFF, 0xFF, 0x02, 0x00, 0x00, 0x00, 0xFF, 0xFF, 0x26, 0xFF, 0xFF, 0xB5, 0xFF, 0xFF,
  0xC5, 0xFF, 0xFF, 0xC4, 0xFF, 0xFF, 0xC4, 0xFF, 0xFF, 0xC3, 0xFF, 0xFF, 0xC5, 0xFF, 0xFF, 0x60,
  0x00, 0x00, 0x00, 0xFF, 0xFF, 0x02, 0xFF, 0xFF, 0x02, 0x00, 0x00, 0x00, 0xFF, 0xFF, 0x34, 0xFF,
  0xFF, 0xC0, 0xFF, 0xFF, 0xC4, 0xFF, 0xFF, 0xC4, 0xFF, 0xFF, 0xC3, 0xFF, 0xFF, 0xC5, 0xFF, 0xFF,
  0xB2, 0xFF, 0xFF, 0x1C, 0x00, 0x00, 0x00, 0xFF, 0xFF, 0x08, 0xFF, 0xFF, 0x64, 0xFF, 0xFF, 0xBF,
  0xFF, 0xFF, 0xE1, 0xFF, 0xFF, 0xEF, 0xFF, 0xFF, 0xED, 0xFF, 0xFF, 0xDB, 0xFF, 0xFF, 0xB6, 0xFF,
  0xFF, 0x53, 0x00, 0x00, 0x00, 0x00, 0x00, 0x00, 0xFF, 0xFF, 0x01, 0x00, 0x00, 0x00, 0x00, 0x00,
  0x00, 0xFF, 0xFF, 0x2C, 0xFF, 0xFF, 0x8C, 0xFF, 0xFF, 0xC9, 0xFF, 0xFF, 0xE5, 0xFF, 0xFF, 0xEF,
  0xFF, 0xFF, 0xED, 0xFF, 0xFF, 0xDA, 0xFF, 0xFF, 0xAC, 0xFF, 0xFF, 0x4E, 0xFF, 0xFF, 0x01, 0x00,
  0x00, 0x00, 0xFF, 0xFF, 0x01, 0x00, 0x00, 0x00, 0xFF, 0xFF, 0x7A, 0xFF, 0xFF, 0xFF, 0xFF, 0xFF,
  0xFB, 0xFF, 0xFF, 0xFF, 0xFF, 0xFF, 0xFF, 0xFF, 0xFF, 0xFF, 0xFF, 0xFF, 0xFF, 0xFF, 0xFF, 0xFF,
  0xFF, 0xFF, 0xFF, 0xFF, 0xFF, 0xFF, 0xFF, 0xFF, 0xFC, 0xFF, 0xFF, 0xFF, 0xFF, 0xFF, 0x93, 0x00,
  0x00, 0x00, 0xFF, 0xFF, 0x02, 0x00, 0x00, 0x00, 0x00, 0x00, 0x00, 0x00, 0x00, 0x00, 0x00, 0x00,
  0x00, 0x00, 0x00, 0x00, 0xFF, 0xFF, 0x02, 0x00, 0x00, 0x00, 0xFF, 0xFF, 0x40, 0xFF, 0xFF, 0xFA,
  0xFF, 0xFF, 0xFE, 0xFF, 0xFF, 0xFF, 0xFF, 0xFF, 0xFF, 0xFF, 0xFF, 0xFF, 0xFF, 0xFF, 0xFF, 0xFF,
  0xFF, 0xFF, 0xFF, 0xFF, 0xFF, 0xFF, 0xFF, 0xFF, 0xFF, 0xFF, 0xFD, 0xFF, 0xFF, 0xFF, 0xFF, 0xFF,
  0xCF, 0xFF, 0xFF, 0x08, 0x00, 0x00, 0x00, 0xFF, 0xFF, 0x01, 0x00, 0x00, 0x00, 0x00, 0x00, 0x00,
  0x00, 0x00, 0x00, 0xFF, 0xFF, 0x01, 0x00, 0x00, 0x00, 0xFF, 0xFF, 0x0E, 0xFF, 0xFF, 0x7B, 0xFF,
  0xFF, 0xDD, 0xFF, 0xFF, 0xFF, 0xFF, 0xFF, 0xFF, 0xFF, 0xFF, 0xFF, 0xFF, 0xFF, 0xFF, 0xFF, 0xFF,
  0xFF, 0xFF, 0xFF, 0xFF, 0xFF, 0xFF, 0xFF, 0xFF, 0xFF, 0xFF, 0xFF, 0xFF, 0xFF, 0xFF, 0xFF, 0xFB,
  0xFF, 0xFF, 0xB6, 0xFF, 0xFF, 0x3A, 0x00, 0x00, 0x00, 0xFF, 0xFF, 0x01, 0x00, 0x00, 0x00, 0x00,
  0x00, 0x00, 0x00, 0x00, 0x00, 0x00, 0x00, 0x00, 0x00, 0x00, 0x00, 0x00, 0x00, 0x00, 0xFF, 0xFF,
  0x01, 0xFF, 0xFF, 0x01, 0x00, 0x00, 0x00, 0xFF, 0xFF, 0x5F, 0xFF, 0xFF, 0xDC, 0xFF, 0xFF, 0xFF,
  0xFF, 0xFF, 0xFF, 0xFF, 0xFF, 0xFF, 0xFF, 0xFF, 0xFF, 0xFF, 0xFF, 0xFF, 0xFF, 0xFF, 0xFF, 0xFF,
  0xFF, 0xFF, 0xFF, 0xFF, 0xFE, 0xFF, 0xFF, 0xA4, 0xFF, 0xFF, 0x14, 0xFF, 0xFF, 0x30, 0xFF, 0xFF,
  0xEB, 0xFF, 0xFF, 0xFF, 0xFF, 0xFF, 0xFE, 0xFF, 0xFF, 0xFF, 0xFF, 0xFF, 0xFE, 0xFF, 0xFF, 0xFF,
  0xFF, 0xFF, 0x7E, 0x00, 0x00, 0x00, 0xFF, 0xFF, 0x02, 0xFF, 0xFF, 0x02, 0x00, 0x00, 0x00, 0xFF,
  0xFF, 0x3D, 0xFF, 0xFF, 0xF9, 0xFF, 0xFF, 0xFF, 0xFF, 0xFF, 0xFF, 0xFF, 0xFF, 0xFF, 0xFF, 0xFF,
  0xFF, 0xFF, 0xFF, 0xFF, 0xFF, 0xFF, 0x7A, 0x00, 0x00, 0x00, 0xFF, 0xFF, 0x02, 0xFF, 0xFF, 0x03,
  0x00, 0x00, 0x00, 0xFF, 0xFF, 0x53, 0xFF, 0xFF, 0xFF, 0xFF, 0xFF, 0xFF, 0xFF, 0xFF, 0xFF, 0xFF,
  0xFF, 0xFF, 0xFF, 0xFF, 0xFF, 0xFF, 0xFF, 0xFF, 0xFF, 0xFF, 0x54, 0x00, 0x00, 0x00, 0xFF, 0xFF,
  0x02, 0x00, 0x00, 0x00, 0x00, 0x00, 0x00, 0x00, 0x00, 0x00, 0xFF, 0xFF, 0x02, 0x00, 0x00, 0x00,
  0xFF, 0xFF, 0x34, 0xFF, 0xFF, 0xF6, 0xFF, 0xFF, 0xFF, 0xFF, 0xFF, 0xFF, 0xFF, 0xFF, 0xFF, 0xFF,
  0xFF, 0xFF, 0xFF, 0xFF, 0xFF, 0xFF, 0xFF, 0x83, 0x00, 0x00, 0x00, 0xFF, 0xFF, 0x02, 0xFF, 0xFF,
  0x03, 0x00, 0x00, 0x00, 0xFF, 0xFF, 0x46, 0xFF, 0xFF, 0xFF, 0xFF, 0xFF, 0xFF, 0xFF, 0xFF, 0xFF,
  0xFF, 0xFF, 0xFF, 0xFF, 0xFF, 0xFF, 0xFF, 0xFF, 0xF6, 0xFF, 0xFF, 0x20, 0xFF, 0xFF, 0x15, 0xFF,
  0xFF, 0xAD, 0xFF, 0xFF, 0xFF, 0xFF, 0xFF, 0xFF, 0xFF, 0xFF, 0xFF, 0xFF, 0xFF, 0xFF, 0xFF, 0xFF,
  0xFF, 0xFF, 0xFF, 0xFF, 0xFF, 0xFF, 0xFF, 0xFF, 0xFF, 0xFF, 0xFF, 0xFF, 0x8A, 0xFF, 0xFF, 0x06,
  0xFF, 0xFF, 0x02, 0x00, 0x00, 0x00, 0xFF, 0xFF, 0x62, 0xFF, 0xFF, 0xE7, 0xFF, 0xFF, 0xFF, 0xFF,
  0xFF, 0xFF, 0xFF, 0xFF, 0xFF, 0xFF, 0xFF, 0xFF, 0xFF, 0xFF, 0xFF, 0xFF, 0xFF, 0xFF, 0xFF, 0xFF,
  0xFF, 0xFF, 0xFF, 0xFC, 0xFF, 0xFF, 0x95, 0xFF, 0xFF, 0x07, 0x00, 0x00, 0x00, 0xFF, 0xFF, 0x01,
  0xFF, 0xFF, 0x7A, 0xFF, 0xFF, 0xFF, 0xFF, 0xFF, 0xFB, 0xFF, 0xFF, 0xFF, 0xFF, 0xFF, 0xFF, 0xFF,
  0xFF, 0xFF, 0xFF, 0xFF, 0xFE, 0xFF, 0xFF, 0xFE, 0xFF, 0xFF, 0xFF, 0xFF, 0xFF, 0xFF, 0xFF, 0xFF,
  0xFD, 0xFF, 0xFF, 0xFF, 0xFF, 0xFF, 0xE3, 0xFF, 0xFF, 0x1A, 0x00, 0x00, 0x00, 0xFF, 0xFF, 0x01,
  0x00, 0x00, 0x00, 0x00, 0x00, 0x00, 0x00, 0x00, 0x00, 0x00, 0x00, 0x00, 0xFF, 0xFF, 0x02, 0x00,
  0x00, 0x00, 0xFF, 0xFF, 0x98, 0xFF, 0xFF, 0xFF, 0xFF, 0xFF, 0xFC, 0xFF, 0xFF, 0xFF, 0xFF, 0xFF,
  0xFF, 0xFF, 0xFF, 0xFF, 0xFF, 0xFF, 0xFF, 0xFF, 0xFF, 0xFF, 0xFF, 0xFF, 0xFF, 0xFF, 0xFF, 0xFF,
  0xFF, 0xFF, 0xFD, 0xFF, 0xFF, 0xFF, 0xFF, 0xFF, 0xCF, 0xFF, 0xFF, 0x08, 0x00, 0x00, 0x00, 0xFF,
  0xFF, 0x01, 0x00, 0x00, 0x00, 0x00, 0x00, 0x00, 0xFF, 0xFF, 0x01, 0x00, 0x00, 0x00, 0xFF, 0xFF,
  0x1E, 0xFF, 0xFF, 0xB7, 0xFF, 0xFF, 0xFF, 0xFF, 0xFF, 0xFF, 0xFF, 0xFF, 0xFD, 0xFF, 0xFF, 0xFC,
  0xFF, 0xFF, 0xFC, 0xFF, 0xFF, 0xFC, 0xFF, 0xFF, 0xFC, 0xFF, 0xFF, 0xFC, 0xFF, 0xFF, 0xFC, 0xFF,
  0xFF, 0xFC, 0xFF, 0xFF, 0xFD, 0xFF, 0xFF, 0xFF, 0xFF, 0xFF, 0xFF, 0xFF, 0xFF, 0xEC, 0xFF, 0xFF,
  0x5F, 0x00, 0x00, 0x00, 0xFF, 0xFF, 0x02, 0xFF, 0xFF, 0x01, 0x00, 0x00, 0x00, 0x00, 0x00, 0x00,
  0x00, 0x00, 0x00, 0xFF, 0xFF, 0x01, 0xFF, 0xFF, 0x01, 0x00, 0x00, 0x00, 0xFF, 0xFF, 0x72, 0xFF,
  0xFF, 0xF9, 0xFF, 0xFF, 0xFF, 0xFF, 0xFF, 0xFD, 0xFF, 0xFF, 0xFC, 0xFF, 0xFF, 0xFD, 0xFF, 0xFF,
  0xFE, 0xFF, 0xFF, 0xFD, 0xFF, 0xFF, 0xFC, 0xFF, 0xFF, 0xFB, 0xFF, 0xFF, 0xFD, 0xFF, 0xFF, 0xFF,
  0xFF, 0xFF, 0x98, 0xFF, 0xFF, 0x38, 0xFF, 0xFF, 0xE8, 0xFF, 0xFF, 0xFF, 0xFF, 0xFF, 0xFE, 0xFF,
  0xFF, 0xFF, 0xFF, 0xFF, 0xFE, 0xFF, 0xFF, 0xFF, 0xFF, 0xFF, 0x7E, 0x00, 0x00, 0x00, 0xFF, 0xFF,
  0x02, 0xFF, 0xFF, 0x02, 0x00, 0x00, 0x00, 0xFF, 0xFF, 0x39, 0xFF, 0xFF, 0xEB, 0xFF, 0xFF, 0xFC,
  0xFF, 0xFF, 0xFB, 0xFF, 0xFF, 0xFC, 0xFF, 0xFF, 0xFB, 0xFF, 0xFF, 0xFC, 0xFF, 0xFF, 0x74, 0x00,
  0x00, 0x00, 0xFF, 0xFF, 0x02, 0xFF, 0xFF, 0x03, 0x00, 0x00, 0x00, 0xFF, 0xFF, 0x4E, 0xFF, 0xFF,
  0xF5, 0xFF, 0xFF, 0xFC, 0xFF, 0xFF, 0xFB, 0xFF, 0xFF, 0xFB, 0xFF, 0xFF, 0xFC, 0xFF, 0xFF, 0xF8,
  0xFF, 0xFF, 0x4F, 0x00, 0x00, 0x00, 0xFF, 0xFF, 0x02, 0x00, 0x00, 0x00, 0x00, 0x00, 0x00, 0x00,
  0x00, 0x00, 0xFF, 0xFF, 0x02, 0x00, 0x00, 0x00, 0xFF, 0xFF, 0x31, 0xFF, 0xFF, 0xE8, 0xFF, 0xFF,
  0xFC, 0xFF, 0xFF, 0xFB, 0xFF, 0xFF, 0xFC, 0xFF, 0xFF, 0xFA, 0xFF, 0xFF, 0xFC, 0xFF, 0xFF, 0x7C,
  0x00, 0x00, 0x00, 0xFF, 0xFF, 0x02, 0xFF, 0xFF, 0x03, 0x00, 0x00, 0x00, 0xFF, 0xFF, 0x42, 0xFF,
  0xFF, 0xF6, 0xFF, 0xFF, 0xFC, 0xFF, 0xFF, 0xFB, 0xFF, 0xFF, 0xFB, 0xFF, 0xFF, 0xFC, 0xFF, 0xFF,
  0xE6, 0xFF, 0xFF, 0x24, 0xFF, 0xFF, 0xA6, 0xFF, 0xFF, 0xFF, 0xFF, 0xFF, 0xFC, 0xFF, 0xFF, 0xFB,
  0xFF, 0xFF, 0xFD, 0xFF, 0xFF, 0xFE, 0xFF, 0xFF, 0xFE, 0xFF, 0xFF, 0xFD, 0xFF, 0xFF, 0xFC, 0xFF,
  0xFF, 0xFD, 0xFF, 0xFF, 0xFF, 0xFF, 0xFF, 0x81, 0x00, 0x00, 0x00, 0xFF, 0xFF, 0x5F, 0xFF, 0xFF,
  0xFE, 0xFF, 0xFF, 0xFF, 0xFF, 0xFF, 0xFB, 0xFF, 0xFF, 0xFC, 0xFF, 0xFF, 0xFD, 0xFF, 0xFF, 0xFE,
  0xFF, 0xFF, 0xFE, 0xFF, 0xFF, 0xFD, 0xFF, 0xFF, 0xFC, 0xFF, 0xFF, 0xFE, 0xFF, 0xFF, 0xFF, 0xFF,
  0xFF, 0x99, 0xFF, 0xFF, 0x03, 0xFF, 0xFF, 0x01, 0xFF, 0xFF, 0x7A, 0xFF, 0xFF, 0xFF, 0xFF, 0xFF,
  0xFB, 0xFF, 0xFF, 0xFF, 0xFF, 0xFF, 0xFE, 0xFF, 0xFF, 0xFF, 0xFF, 0xFF, 0xE9, 0xFF, 0xFF, 0xB5,
  0xFF, 0xFF, 0xFF, 0xFF, 0xFF, 0xFE, 0xFF, 0xFF, 0xFF, 0xFF, 0xFF, 0xFD, 0xFF, 0xFF, 0xFF, 0xFF,
  0xFF, 0x6E, 0x00, 0x00, 0x00, 0xFF, 0xFF, 0x03, 0x00, 0x00, 0x00, 0x00, 0x00, 0x00, 0x00, 0x00,
  0x00, 0xFF, 0xFF, 0x02, 0xFF, 0xFF, 0x01, 0xFF, 0xFF, 0x1F, 0xFF, 0xFF, 0xE5, 0xFF, 0xFF, 0xFF,
  0xFF, 0xFF, 0xFD, 0xFF, 0xFF, 0xFE, 0xFF, 0xFF, 0xFF, 0xFF, 0xFF, 0xDD, 0xFF, 0xFF, 0xCD, 0xFF,
  0xFF, 0xFF, 0xFF, 0xFF, 0xFE, 0xFF, 0xFF, 0xFF, 0xFF, 0xFF, 0xFD, 0xFF, 0xFF, 0xFF, 0xFF, 0xFF,
  0xCF, 0xFF, 0xFF, 0x08, 0x00, 0x00, 0x00, 0xFF, 0xFF, 0x01, 0x00, 0x00, 0x00, 0xFF, 0xFF, 0x01,
  0x00, 0x00, 0x00, 0xFF, 0xFF, 0x18, 0xFF, 0xFF, 0xC2, 0xFF, 0xFF, 0xFF, 0xFF, 0xFF, 0xFC, 0xFF,
  0xFF, 0xFD, 0xFF, 0xFF, 0xFF, 0xFF, 0xFF, 0xFD, 0xFF, 0xFF, 0xFF, 0xFF, 0xFF, 0xFF, 0xFF, 0xFF,
  0xFF, 0xFF, 0xFF, 0xFF, 0xFF, 0xFF, 0xFF, 0xFF, 0xFF, 0xFF, 0xFF, 0xFF, 0xFE, 0xFF, 0xFF, 0xFF,
  0xFF, 0xFF, 0xFC, 0xFF, 0xFF, 0xFF, 0xFF, 0xFF, 0xF2, 0xFF, 0xFF, 0x59, 0x00, 0x00, 0x00, 0xFF,
  0xFF, 0x01, 0x00, 0x00, 0x00, 0x00, 0x00, 0x00, 0x00, 0x00, 0x00, 0xFF, 0xFF, 0x01, 0x00, 0x00,
  0x00, 0xFF, 0xFF, 0x5A, 0xFF, 0xFF, 0xF8, 0xFF, 0xFF, 0xFF, 0xFF, 0xFF, 0xFC, 0xFF, 0xFF, 0xFF,
  0xFF, 0xFF, 0xFF, 0xFF, 0xFF, 0xFF, 0xFF, 0xFF, 0xFD, 0xFF, 0xFF, 0xFF, 0xFF, 0xFF, 0xFF, 0xFF,
  0xFF, 0xFF, 0xFF, 0xFF, 0xFF, 0xFF, 0xFF, 0xFB, 0xFF, 0xFF, 0xF7, 0xFF, 0xFF, 0x9B, 0xFF, 0xFF,
  0xE3, 0xFF, 0xFF, 0xFF, 0xFF, 0xFF, 0xFE, 0xFF, 0xFF, 0xFF, 0xFF, 0xFF, 0xFE, 0xFF, 0xFF, 0xFF,
  0xFF, 0xFF, 0x7E, 0x00, 0x00, 0x00, 0xFF, 0xFF, 0x02, 0xFF, 0xFF, 0x02, 0x00, 0x00, 0x00, 0xFF,
  0xFF, 0x3A, 0xFF, 0xFF, 0xEE, 0xFF, 0xFF, 0xFF, 0xFF, 0xFF, 0xFE, 0xFF, 0xFF, 0xFF, 0xFF, 0xFF,
  0xFE, 0xFF, 0xFF, 0xFF, 0xFF, 0xFF, 0x75, 0x00, 0x00, 0x00, 0xFF, 0xFF, 0x02, 0xFF, 0xFF, 0x03,
  0x00, 0x00, 0x00, 0xFF, 0xFF, 0x4F, 0xFF, 0xFF, 0xF8, 0xFF, 0xFF, 0xFF, 0xFF, 0xFF, 0xFE, 0xFF,
  0xFF, 0xFE, 0xFF, 0xFF, 0xFF, 0xFF, 0xFF, 0xFB, 0xFF, 0xFF, 0x50, 0x00, 0x00, 0x00, 0xFF, 0xFF,
  0x02, 0x00, 0x00, 0x00, 0x00, 0x00, 0x00, 0x00, 0x00, 0x00, 0xFF, 0xFF, 0x02, 0x00, 0x00, 0x00,
  0xFF, 0xFF, 0x32, 0xFF, 0xFF, 0xEB, 0xFF, 0xFF, 0xFF, 0xFF, 0xFF, 0xFE, 0xFF, 0xFF, 0xFF, 0xFF,
  0xFF, 0xFD, 0xFF, 0xFF, 0xFF, 0xFF, 0xFF, 0x7D, 0x00, 0x00, 0x00, 0xFF, 0xFF, 0x02, 0xFF, 0xFF,
  0x03, 0x00, 0x00, 0x00, 0xFF, 0xFF, 0x43, 0xFF, 0xFF, 0xF9, 0xFF, 0xFF, 0xFF, 0xFF, 0xFF, 0xFE,
  0xFF, 0xFF, 0xFE, 0xFF, 0xFF, 0xFF, 0xFF, 0xFF, 0xDF, 0xFF, 0xFF, 0x83, 0xFF, 0xFF, 0xFD, 0xFF,
  0xFF, 0xFB, 0xFF, 0xFF, 0xFE, 0xFF, 0xFF, 0xFF, 0xFF, 0xFF, 0xFE, 0xFF, 0xFF, 0xFD, 0xFF, 0xFF,
  0xFF, 0xFF, 0xFF, 0xFF, 0xFF, 0xFF, 0xFF, 0xFF, 0xFF, 0xFD, 0xFF, 0xFF, 0xFE, 0xFF, 0xFF, 0xED,
  0xFF, 0xFF, 0x4B, 0xFF, 0xFF, 0xE2, 0xFF, 0xFF, 0xFE, 0xFF, 0xFF, 0xFB, 0xFF, 0xFF, 0xFF, 0xFF,
  0xFF, 0xFF, 0xFF, 0xFF, 0xFE, 0xFF, 0xFF, 0xFE, 0xFF, 0xFF, 0xFF, 0xFF, 0xFF, 0xFF, 0xFF, 0xFF,
  0xFF, 0xFF, 0xFF, 0xFE, 0xFF, 0xFF, 0xFC, 0xFF, 0xFF, 0xFF, 0xFF, 0xFF, 0x4A, 0x00, 0x00, 0x00,
  0xFF, 0xFF, 0x7A, 0xFF, 0xFF, 0xFF, 0xFF, 0xFF, 0xFB, 0xFF, 0xFF, 0xFF, 0xFF, 0xFF, 0xFE, 0xFF,
  0xFF, 0xFF, 0xFF, 0xFF, 0xE1, 0xFF, 0xFF, 0x4D, 0xFF, 0xFF, 0xF5, 0xFF, 0xFF, 0xFF, 0xFF, 0xFF,
  0xFE, 0xFF, 0xFF, 0xFD, 0xFF, 0xFF, 0xFF, 0xFF, 0xFF, 0xCA, 0xFF, 0xFF, 0x0A, 0xFF, 0xFF, 0x01,
  0xFF, 0xFF, 0x01, 0x00, 0x00, 0x00, 0x00, 0x00, 0x00, 0xFF, 0xFF, 0x02, 0x00, 0x00, 0x00, 0xFF,
  0xFF, 0x73, 0xFF, 0xFF, 0xFF, 0xFF, 0xFF, 0xFD, 0xFF, 0xFF, 0xFF, 0xFF, 0xFF, 0xFD, 0xFF, 0xFF,
  0xFF, 0xFF, 0xFF, 0x8B, 0xFF, 0xFF, 0x98, 0xFF, 0xFF, 0xFF, 0xFF, 0xFF, 0xFC, 0xFF, 0xFF, 0xFF,
  0xFF, 0xFF, 0xFD, 0xFF, 0xFF, 0xFF, 0xFF, 0xFF, 0xCF, 0xFF, 0xFF, 0x08, 0x00, 0x00, 0x00, 0xFF,
  0xFF, 0x01, 0xFF, 0xFF, 0x01, 0xFF, 0xFF, 0x01, 0xFF, 0xFF, 0x04, 0xFF, 0xFF, 0x98, 0xFF, 0xFF,
  0xFF, 0xFF, 0xFF, 0xFB, 0xFF, 0xFF, 0xFF, 0xFF, 0xFF, 0xFF, 0xFF, 0xFF, 0xFE, 0xFF, 0xFF, 0xFF,
  0xFF, 0xFF, 0xFA, 0xFF, 0xFF, 0xCC, 0xFF, 0xFF, 0xB1, 0xFF, 0xFF, 0xB4, 0xFF, 0xFF, 0xD9, 0xFF,
  0xFF, 0xFF, 0xFF, 0xFF, 0xFF, 0xFF, 0xFF, 0xFE, 0xFF, 0xFF, 0xFF, 0xFF, 0xFF, 0xFC, 0xFF, 0xFF,
  0xFF, 0xFF, 0xFF, 0xE2, 0xFF, 0xFF, 0x29, 0x00, 0x00, 0x00, 0xFF, 0xFF, 0x02, 0x00, 0x00, 0x00,
  0xFF, 0xFF, 0x01, 0x00, 0x00, 0x00, 0xFF, 0xFF, 0x20, 0xFF, 0xFF, 0xD7, 0xFF, 0xFF, 0xFF, 0xFF,
  0xFF, 0xFC, 0xFF, 0xFF, 0xFF, 0xFF, 0xFF, 0xFF, 0xFF, 0xFF, 0xFF, 0xFF, 0xFF, 0xFE, 0xFF, 0xFF,
  0xFF, 0xFF, 0xFF, 0xFC, 0xFF, 0xFF, 0xEE, 0xFF, 0xFF, 0xEF, 0xFF, 0xFF, 0xFB, 0xFF, 0xFF, 0xFF,
  0xFF, 0xFF, 0xFF, 0xFF, 0xFF, 0xF9, 0xFF, 0xFF, 0xFA, 0xFF, 0xFF, 0xFF, 0xFF, 0xFF, 0xFF, 0xFF,
  0xFF, 0xFF, 0xFF, 0xFF, 0xFE, 0xFF, 0xFF, 0xFF, 0xFF, 0xFF, 0x7E, 0x00, 0x00, 0x00, 0xFF, 0xFF,
  0x02, 0xFF, 0xFF, 0x02, 0x00, 0x00, 0x00, 0xFF, 0xFF, 0x3A, 0xFF, 0xFF, 0xEE, 0xFF, 0xFF, 0xFF,
  0xFF, 0xFF, 0xFE, 0xFF, 0xFF, 0xFF, 0xFF, 0xFF, 0xFE, 0xFF, 0xFF, 0xFF, 0xFF, 0xFF, 0x75, 0x00,
  0x00, 0x00, 0xFF, 0xFF, 0x02, 0xFF, 0xFF, 0x03, 0x00, 0x00, 0x00, 0xFF, 0xFF, 0x4F, 0xFF, 0xFF,
  0xF8, 0xFF, 0xFF, 0xFF, 0xFF, 0xFF, 0xFE, 0xFF, 0xFF, 0xFE, 0xFF, 0xFF, 0xFF, 0xFF, 0xFF, 0xFB,
  0xFF, 0xFF, 0x50, 0x00, 0x00, 0x00, 0xFF, 0xFF, 0x02, 0x00, 0x00, 0x00, 0x00, 0x00, 0x00, 0x00,
  0x00, 0x00, 0xFF, 0xFF, 0x02, 0x00, 0x00, 0x00, 0xFF, 0xFF, 0x32, 0xFF, 0xFF, 0xEB, 0xFF, 0xFF,
  0xFF, 0xFF, 0xFF, 0xFE, 0xFF, 0xFF, 0xFF, 0xFF, 0xFF, 0xFD, 0xFF, 0xFF, 0xFF, 0xFF, 0xFF, 0x7D,
  0x00, 0x00, 0x00, 0xFF, 0xFF, 0x02, 0xFF, 0xFF, 0x03, 0x00, 0x00, 0x00, 0xFF, 0xFF, 0x43, 0xFF,
  0xFF, 0xF9, 0xFF, 0xFF, 0xFF, 0xFF, 0xFF, 0xFE, 0xFF, 0xFF, 0xFF, 0xFF, 0xFF, 0xFF, 0xFF, 0xFF,
  0xF5, 0xFF, 0xFF, 0xEB, 0xFF, 0xFF, 0xFF, 0xFF, 0xFF, 0xFF, 0xFF, 0xFF, 0xFD, 0xFF, 0xFF, 0xF7,
  0xFF, 0xFF, 0xFF, 0xFF, 0xFF, 0xFF, 0xFF, 0xFF, 0xFE, 0xFF, 0xFF, 0xFF, 0xFF, 0xFF, 0xFF, 0xFF,
  0xFF, 0xFF, 0xFF, 0xFF, 0xFF, 0xFF, 0xFF, 0xFF, 0xFF, 0xFF, 0xDF, 0xFF, 0xFF, 0xFE, 0xFF, 0xFF,
  0xFF, 0xFF, 0xFF, 0xFF, 0xFF, 0xFF, 0xF9, 0xFF, 0xFF, 0xF8, 0xFF, 0xFF, 0xFF, 0xFF, 0xFF, 0xFF,
  0xFF, 0xFF, 0xFE, 0xFF, 0xFF, 0xFF, 0xFF, 0xFF, 0xFF, 0xFF, 0xFF, 0xFF, 0xFF, 0xFF, 0xFB, 0xFF,
  0xFF, 0xFE, 0xFF, 0xFF, 0xB2, 0x00, 0x00, 0x00, 0xFF, 0xFF, 0x7A, 0xFF, 0xFF, 0xFF, 0xFF, 0xFF,
  0xFB, 0xFF, 0xFF, 0xFF, 0xFF, 0xFF, 0xFE, 0xFF, 0xFF, 0xFF, 0xFF, 0xFF, 0xEC, 0xFF, 0xFF, 0x16,
  0xFF, 0xFF, 0xB8, 0xFF, 0xFF, 0xFF, 0xFF, 0xFF, 0xFC, 0xFF, 0xFF, 0xFF, 0xFF, 0xFF, 0xFE, 0xFF,
  0xFF, 0xFF, 0xFF, 0xFF, 0x47, 0x00, 0x00, 0x00, 0xFF, 0xFF, 0x03, 0x00, 0x00, 0x00, 0xFF, 0xFF,
  0x01, 0x00, 0x00, 0x00, 0xFF, 0xFF, 0x0C, 0xFF, 0xFF, 0xCE, 0xFF, 0xFF, 0xFF, 0xFF, 0xFF, 0xFD,
  0xFF, 0xFF, 0xFE, 0xFF, 0xFF, 0xFF, 0xFF, 0xFF, 0xF8, 0xFF, 0xFF, 0x33, 0xFF, 0xFF, 0x9A, 0xFF,
  0xFF, 0xFF, 0xFF, 0xFF, 0xFC, 0xFF, 0xFF, 0xFF, 0xFF, 0xFF, 0xFD, 0xFF, 0xFF, 0xFF, 0xFF, 0xFF,
  0xCF, 0xFF, 0xFF, 0x08, 0x00, 0x00, 0x00, 0xFF, 0xFF, 0x01, 0xFF, 0xFF, 0x02, 0x00, 0x00, 0x00,
  0xFF, 0xFF, 0x45, 0xFF, 0xFF, 0xFB, 0xFF, 0xFF, 0xFD, 0xFF, 0xFF, 0xFE, 0xFF, 0xFF, 0xFF, 0xFF,
  0xFF, 0xFE, 0xFF, 0xFF, 0xFF, 0xFF, 0xFF, 0xD1, 0xFF, 0xFF, 0x55, 0xFF, 0xFF, 0x14, 0xFF, 0xFF,
  0x07, 0xFF, 0xFF, 0x09, 0xFF, 0xFF, 0x1B, 0xFF, 0xFF, 0x6D, 0xFF, 0xFF, 0xEC, 0xFF, 0xFF, 0xFF,
  0xFF, 0xFF, 0xFE, 0xFF, 0xFF, 0xFF, 0xFF, 0xFF, 0xFD, 0xFF, 0xFF, 0xFF, 0xFF, 0xFF, 0x95, 0x00,
  0x00, 0x00, 0xFF, 0xFF, 0x01, 0xFF, 0xFF, 0x01, 0xFF, 0xFF, 0x02, 0x00, 0x00, 0x00, 0xFF, 0xFF,
  0x7A, 0xFF, 0xFF, 0xFF, 0xFF, 0xFF, 0xFD, 0xFF, 0xFF, 0xFF, 0xFF, 0xFF, 0xFF, 0xFF, 0xFF, 0xFF,
  0xFF, 0xFF, 0xFF, 0xFF, 0xFF, 0xFF, 0xFF, 0xFF, 0xBA, 0xFF, 0xFF, 0x55, 0xFF, 0xFF, 0x28, 0xFF,
  0xFF, 0x29, 0xFF, 0xFF, 0x50, 0xFF, 0xFF, 0xB0, 0xFF, 0xFF, 0xFE, 0xFF, 0xFF, 0xFF, 0xFF, 0xFF,
  0xFF, 0xFF, 0xFF, 0xFF, 0xFF, 0xFF, 0xFF, 0xFF, 0xFF, 0xFF, 0xFF, 0xFF, 0xFE, 0xFF, 0xFF, 0xFF,
  0xFF, 0xFF, 0x7E, 0x00, 0x00, 0x00, 0xFF, 0xFF, 0x02, 0xFF, 0xFF, 0x02, 0x00, 0x00, 0x00, 0xFF,
  0xFF, 0x3A, 0xFF, 0xFF, 0xEE, 0xFF, 0xFF, 0xFF, 0xFF, 0xFF, 0xFE, 0xFF, 0xFF, 0xFF, 0xFF, 0xFF,
  0xFE, 0xFF, 0xFF, 0xFF, 0xFF, 0xFF, 0x75, 0x00, 0x00, 0x00, 0xFF, 0xFF, 0x02, 0xFF, 0xFF, 0x03,
  0x00, 0x00, 0x00, 0xFF, 0xFF, 0x4F, 0xFF, 0xFF, 0xF8, 0xFF, 0xFF, 0xFF, 0xFF, 0xFF, 0xFE, 0xFF,
  0xFF, 0xFE, 0xFF, 0xFF, 0xFF, 0xFF, 0xFF, 0xFB, 0xFF, 0xFF, 0x50, 0x00, 0x00, 0x00, 0xFF, 0xFF,
  0x02, 0x00, 0x00, 0x00, 0x00, 0x00, 0x00, 0x00, 0x00, 0x00, 0xFF, 0xFF, 0x02, 0x00, 0x00, 0x00,
  0xFF, 0xFF, 0x32, 0xFF, 0xFF, 0xEB, 0xFF, 0xFF, 0xFF, 0xFF, 0xFF, 0xFE, 0xFF, 0xFF, 0xFF, 0xFF,
  0xFF, 0xFD, 0xFF, 0xFF, 0xFF, 0xFF, 0xFF, 0x7D, 0x00, 0x00, 0x00, 0xFF, 0xFF, 0x02, 0xFF, 0xFF,
  0x03, 0x00, 0x00, 0x00, 0xFF, 0xFF, 0x43, 0xFF, 0xFF, 0xF9, 0xFF, 0xFF, 0xFF, 0xFF, 0xFF, 0xFE,
  0xFF, 0xFF, 0xFF, 0xFF, 0xFF, 0xFF, 0xFF, 0xFF, 0xFF, 0xFF, 0xFF, 0xFF, 0xFF, 0xFF, 0xFB, 0xFF,
  0xFF, 0xA4, 0xFF, 0xFF, 0x59, 0xFF, 0xFF, 0x47, 0xFF, 0xFF, 0x71, 0xFF, 0xFF, 0xD2, 0xFF, 0xFF,
  0xFF, 0xFF, 0xFF, 0xFE, 0xFF, 0xFF, 0xFF, 0xFF, 0xFF, 0xFF, 0xFF, 0xFF, 0xFF, 0xFF, 0xFF, 0xFE,
  0xFF, 0xFF, 0xFF, 0xFF, 0xFF, 0xFF, 0xFF, 0xFF, 0xE2, 0xFF, 0xFF, 0x80, 0xFF, 0xFF, 0x4A, 0xFF,
  0xFF, 0x48, 0xFF, 0xFF, 0x82, 0xFF, 0xFF, 0xE7, 0xFF, 0xFF, 0xFF, 0xFF, 0xFF, 0xFE, 0xFF, 0xFF,
  0xFF, 0xFF, 0xFF, 0xFF, 0xFF, 0xFF, 0xFE, 0xFF, 0xFF, 0xFF, 0xFF, 0xFF, 0xE9, 0xFF, 0xFF, 0x18,
  0xFF, 0xFF, 0x7A, 0xFF, 0xFF, 0xFF, 0xFF, 0xFF, 0xFB, 0xFF, 0xFF, 0xFF, 0xFF, 0xFF, 0xFE, 0xFF,
  0xFF, 0xFF, 0xFF, 0xFF, 0xEF, 0xFF, 0xFF, 0x08, 0xFF, 0xFF, 0x5D, 0xFF, 0xFF, 0xFF, 0xFF, 0xFF,
  0xFD, 0xFF, 0xFF, 0xFF, 0xFF, 0xFF, 0xFC, 0xFF, 0xFF, 0xFF, 0xFF, 0xFF, 0xA6, 0x00, 0x00, 0x00,
  0xFF, 0xFF, 0x02, 0x00, 0x00, 0x00, 0xFF, 0xFF, 0x03, 0x00, 0x00, 0x00, 0xFF, 0xFF, 0x4E, 0xFF,
  0xFF, 0xFC, 0xFF, 0xFF, 0xFE, 0xFF, 0xFF, 0xFF, 0xFF, 0xFF, 0xFC, 0xFF, 0xFF, 0xFF, 0xFF, 0xFF,
  0xBD, 0xFF, 0xFF, 0x02, 0xFF, 0xFF, 0xA3, 0xFF, 0xFF, 0xFF, 0xFF, 0xFF, 0xFC, 0xFF, 0xFF, 0xFF,
  0xFF, 0xFF, 0xFD, 0xFF, 0xFF, 0xFF, 0xFF, 0xFF, 0xCF, 0xFF, 0xFF, 0x08, 0x00, 0x00, 0x00, 0xFF,
  0xFF, 0x02, 0x00, 0x00, 0x00, 0xFF, 0xFF, 0x04, 0xFF, 0xFF, 0xAC, 0xFF, 0xFF, 0xFF, 0xFF, 0xFF,
  0xFC, 0xFF, 0xFF, 0xFF, 0xFF, 0xFF, 0xFD, 0xFF, 0xFF, 0xFF, 0xFF, 0xFF, 0xD0, 0xFF, 0xFF, 0x2A,
  0x00, 0x00, 0x00, 0x00, 0x00, 0x00, 0x00, 0x00, 0x00, 0x00, 0x00, 0x00, 0x00, 0x00, 0x00, 0x00,
  0x00, 0x00, 0xFF, 0xFF, 0x59, 0xFF, 0xFF, 0xF4, 0xFF, 0xFF, 0xFE, 0xFF, 0xFF, 0xFE, 0xFF, 0xFF,
  0xFD, 0xFF, 0xFF, 0xFE, 0xFF, 0xFF, 0xE4, 0xFF, 0xFF, 0x28, 0x00, 0x00, 0x00, 0xFF, 0xFF, 0x03,
  0x00, 0x00, 0x00, 0xFF, 0xFF, 0x11, 0xFF, 0xFF, 0xC7, 0xFF, 0xFF, 0xFF, 0xFF, 0xFF, 0xFD, 0xFF,
  0xFF, 0xFF, 0xFF, 0xFF, 0xFF, 0xFF, 0xFF, 0xFE, 0xFF, 0xFF, 0xFF, 0xFF, 0xFF, 0xA6, 0xFF, 0xFF,
  0x0F, 0x00, 0x00, 0x00, 0x00, 0x00, 0x00, 0x00, 0x00, 0x00, 0x00, 0x00, 0x00, 0xFF, 0xFF, 0x0B,
  0xFF, 0xFF, 0x96, 0xFF, 0xFF, 0xFF, 0xFF, 0xFF, 0xFE, 0xFF, 0xFF, 0xFF, 0xFF, 0xFF, 0xFF, 0xFF,
  0xFF, 0xFF, 0xFF, 0xFF, 0xFE, 0xFF, 0xFF, 0xFF, 0xFF, 0xFF, 0x7E, 0x00, 0x00, 0x00, 0xFF, 0xFF,
  0x02, 0xFF, 0xFF, 0x02, 0x00, 0x00, 0x00, 0xFF, 0xFF, 0x3A, 0xFF, 0xFF, 0xEE, 0xFF, 0xFF, 0xFF,
  0xFF, 0xFF, 0xFE, 0xFF, 0xFF, 0xFF, 0xFF, 0xFF, 0xFE, 0xFF, 0xFF, 0xFF, 0xFF, 0xFF, 0x75, 0x00,
  0x00, 0x00, 0xFF, 0xFF, 0x02, 0xFF, 0xFF, 0x03, 0x00, 0x00, 0x00, 0xFF, 0xFF, 0x4F, 0xFF, 0xFF,
  0xF8, 0xFF, 0xFF, 0xFF, 0xFF, 0xFF, 0xFE, 0xFF, 0xFF, 0xFE, 0xFF, 0xFF, 0xFF, 0xFF, 0xFF, 0xFB,
  0xFF, 0xFF, 0x50, 0x00, 0x00, 0x00, 0xFF, 0xFF, 0x02, 0x00, 0x00, 0x00, 0x00, 0x00, 0x00, 0x00,
  0x00, 0x00, 0xFF, 0xFF, 0x02, 0x00, 0x00, 0x00, 0xFF, 0xFF, 0x32, 0xFF, 0xFF, 0xEB, 0xFF, 0xFF,
  0xFF, 0xFF, 0xFF, 0xFE, 0xFF, 0xFF, 0xFF, 0xFF, 0xFF, 0xFD, 0xFF, 0xFF, 0xFF, 0xFF, 0xFF, 0x7D,
  0x00, 0x00, 0x00, 0xFF, 0xFF, 0x02, 0xFF, 0xFF, 0x03, 0x00, 0x00, 0x00, 0xFF, 0xFF, 0x43, 0xFF,
  0xFF, 0xF9, 0xFF, 0xFF, 0xFF, 0xFF, 0xFF, 0xFE, 0xFF, 0xFF, 0xFF, 0xFF, 0xFF, 0xFE, 0xFF, 0xFF,
  0xFE, 0xFF, 0xFF, 0xFD, 0xFF, 0xFF, 0x7A, 0x00, 0x00, 0x00, 0x00, 0x00, 0x00, 0x00, 0x00, 0x00,
  0x00, 0x00, 0x00, 0xFF, 0xFF, 0x26, 0xFF, 0xFF, 0xD6, 0xFF, 0xFF, 0xFF, 0xFF, 0xFF, 0xFD, 0xFF,
  0xFF, 0xFF, 0xFF, 0xFF, 0xFF, 0xFF, 0xFF, 0xFD, 0xFF, 0xFF, 0xFE, 0xFF, 0xFF, 0xEB, 0xFF, 0xFF,
  0x38, 0x00, 0x00, 0x00, 0x00, 0x00, 0x00, 0x00, 0x00, 0x00, 0x00, 0x00, 0x00, 0xFF, 0xFF, 0x3D,
  0xFF, 0xFF, 0xE8, 0xFF, 0xFF, 0xFF, 0xFF, 0xFF, 0xFE, 0xFF, 0xFF, 0xFF, 0xFF, 0xFF, 0xFE, 0xFF,
  0xFF, 0xFF, 0xFF, 0xFF, 0xF6, 0xFF, 0xFF, 0x3B, 0xFF, 0xFF, 0x7A, 0xFF, 0xFF, 0xFF, 0xFF, 0xFF,
  0xFB, 0xFF, 0xFF, 0xFF, 0xFF, 0xFF, 0xFE, 0xFF, 0xFF, 0xFF, 0xFF, 0xFF, 0xEE, 0xFF, 0xFF, 0x10,
  0xFF, 0xFF, 0x11, 0xFF, 0xFF, 0xE2, 0xFF, 0xFF, 0xFF, 0xFF, 0xFF, 0xFD, 0xFF, 0xFF, 0xFD, 0xFF,
  0xFF, 0xFF, 0xFF, 0xFF, 0xEE, 0xFF, 0xFF, 0x24, 0x00, 0x00, 0x00, 0xFF, 0xFF, 0x02, 0xFF, 0xFF,
  0x01, 0xFF, 0xFF, 0x01, 0xFF, 0xFF, 0xAA, 0xFF, 0xFF, 0xFF, 0xFF, 0xFF, 0xFC, 0xFF, 0xFF, 0xFF,
  0xFF, 0xFF, 0xFE, 0xFF, 0xFF, 0xFF, 0xFF, 0xFF, 0x66, 0x00, 0x00, 0x00, 0xFF, 0xFF, 0xA7, 0xFF,
  0xFF, 0xFF, 0xFF, 0xFF, 0xFC, 0xFF, 0xFF, 0xFF, 0xFF, 0xFF, 0xFD, 0xFF, 0xFF, 0xFF, 0xFF, 0xFF,
  0xCF, 0xFF, 0xFF, 0x08, 0x00, 0x00, 0x00, 0xFF, 0xFF, 0x03, 0x00, 0x00, 0x00, 0xFF, 0xFF, 0x2C,
  0xFF, 0xFF, 0xED, 0xFF, 0xFF, 0xFF, 0xFF, 0xFF, 0xFD, 0xFF, 0xFF, 0xFE, 0xFF, 0xFF, 0xFE, 0xFF,
  0xFF, 0xFC, 0xFF, 0xFF, 0x57, 0x00, 0x00, 0x00, 0xFF, 0xFF, 0x06, 0xFF, 0xFF, 0x04, 0xFF, 0xFF,
  0x03, 0xFF, 0xFF, 0x03, 0xFF, 0xFF, 0x04, 0xFF, 0xFF, 0x04, 0xFF, 0xFF, 0x04, 0xFF, 0xFF, 0xA8,
  0xFF, 0xFF, 0xFF, 0xFF, 0xFF, 0xFC, 0xFF, 0xFF, 0xFF, 0xFF, 0xFF, 0xFE, 0xFF, 0xFF, 0xFF, 0xFF,
  0xFF, 0x67, 0x00, 0x00, 0x00, 0xFF, 0xFF, 0x05, 0x00, 0x00, 0x00, 0xFF, 0xFF, 0x3A, 0xFF, 0xFF,
  0xF3, 0xFF, 0xFF, 0xFF, 0xFF, 0xFF, 0xFE, 0xFF, 0xFF, 0xFF, 0xFF, 0xFF, 0xFD, 0xFF, 0xFF, 0xFF,
  0xFF, 0xFF, 0xDE, 0xFF, 0xFF, 0x23, 0x00, 0x00, 0x00, 0xFF, 0xFF, 0x04, 0xFF, 0xFF, 0x02, 0xFF,
  0xFF, 0x02, 0xFF, 0xFF, 0x04, 0x00, 0x00, 0x00, 0xFF, 0xFF, 0x17, 0xFF, 0xFF, 0xCF, 0xFF, 0xFF,
  0xFF, 0xFF, 0xFF, 0xFD, 0xFF, 0xFF, 0xFF, 0xFF, 0xFF, 0xFF, 0xFF, 0xFF, 0xFE, 0xFF, 0xFF, 0xFF,
  0xFF, 0xFF, 0x7E, 0x00, 0x00, 0x00, 0xFF, 0xFF, 0x02, 0xFF, 0xFF, 0x02, 0x00, 0x00, 0x00, 0xFF,
  0xFF, 0x3A, 0xFF, 0xFF, 0xEE, 0xFF, 0xFF, 0xFF, 0xFF, 0xFF, 0xFE, 0xFF, 0xFF, 0xFF, 0xFF, 0xFF,
  0xFE, 0xFF, 0xFF, 0xFF, 0xFF, 0xFF, 0x75, 0x00, 0x00, 0x00, 0xFF, 0xFF, 0x02, 0xFF, 0xFF, 0x03,
  0x00, 0x00, 0x00, 0xFF, 0xFF, 0x4F, 0xFF, 0xFF, 0xF8, 0xFF, 0xFF, 0xFF, 0xFF, 0xFF, 0xFE, 0xFF,
  0xFF, 0xFE, 0xFF, 0xFF, 0xFF, 0xFF, 0xFF, 0xFB, 0xFF, 0xFF, 0x50, 0x00, 0x00, 0x00, 0xFF, 0xFF,
  0x02, 0x00, 0x00, 0x00, 0x00, 0x00, 0x00, 0x00, 0x00, 0x00, 0xFF, 0xFF, 0x02, 0x00, 0x00, 0x00,
  0xFF, 0xFF, 0x32, 0xFF, 0xFF, 0xEB, 0xFF, 0xFF, 0xFF, 0xFF, 0xFF, 0xFE, 0xFF, 0xFF, 0xFF, 0xFF,
  0xFF, 0xFD, 0xFF, 0xFF, 0xFF, 0xFF, 0xFF, 0x7D, 0x00, 0x00, 0x00, 0xFF, 0xFF, 0x02, 0xFF, 0xFF,
  0x03, 0x00, 0x00, 0x00, 0xFF, 0xFF, 0x43, 0xFF, 0xFF, 0xF9, 0xFF, 0xFF, 0xFF, 0xFF, 0xFF, 0xFE,
  0xFF, 0xFF, 0xFF, 0xFF, 0xFF, 0xFC, 0xFF, 0xFF, 0xFF, 0xFF, 0xFF, 0xBE, 0xFF, 0xFF, 0x04, 0xFF,
  0xFF, 0x01, 0xFF, 0xFF, 0x03, 0xFF, 0xFF, 0x02, 0xFF, 0xFF, 0x05, 0x00, 0x00, 0x00, 0xFF, 0xFF,
  0x6D, 0xFF, 0xFF, 0xFF, 0xFF, 0xFF, 0xFD, 0xFF, 0xFF, 0xFF, 0xFF, 0xFF, 0xFF, 0xFF, 0xFF, 0xFC,
  0xFF, 0xFF, 0xFF, 0xFF, 0xFF, 0x88, 0x00, 0x00, 0x00, 0xFF, 0xFF, 0x04, 0xFF, 0xFF, 0x02, 0xFF,
  0xFF, 0x02, 0xFF, 0xFF, 0x05, 0x00, 0x00, 0x00, 0xFF, 0xFF, 0x92, 0xFF, 0xFF, 0xFF, 0xFF, 0xFF,
  0xFC, 0xFF, 0xFF, 0xFF, 0xFF, 0xFF, 0xFE, 0xFF, 0xFF, 0xFF, 0xFF, 0xFF, 0xFD, 0xFF, 0xFF, 0x4A,
  0xFF, 0xFF, 0x7A, 0xFF, 0xFF, 0xFF, 0xFF, 0xFF, 0xFB, 0xFF, 0xFF, 0xFF, 0xFF, 0xFF, 0xFE, 0xFF,
  0xFF, 0xFF, 0xFF, 0xFF, 0xEC, 0xFF, 0xFF, 0x17, 0x00, 0x00, 0x00, 0xFF, 0xFF, 0x90, 0xFF, 0xFF,
  0xFF, 0xFF, 0xFF, 0xFC, 0xFF, 0xFF, 0xFF, 0xFF, 0xFF, 0xFD, 0xFF, 0xFF, 0xFF, 0xFF, 0xFF, 0x7A,
  0x00, 0x00, 0x00, 0xFF, 0xFF, 0x04, 0x00, 0x00, 0x00, 0xFF, 0xFF, 0x29, 0xFF, 0xFF, 0xF1, 0xFF,
  0xFF, 0xFF, 0xFF, 0xFF, 0xFD, 0xFF, 0xFF, 0xFE, 0xFF, 0xFF, 0xFF, 0xFF, 0xFF, 0xDF, 0xFF, 0xFF,
  0x1B, 0x00, 0x00, 0x00, 0xFF, 0xFF, 0xA6, 0xFF, 0xFF, 0xFF, 0xFF, 0xFF, 0xFC, 0xFF, 0xFF, 0xFF,
  0xFF, 0xFF, 0xFD, 0xFF, 0xFF, 0xFF, 0xFF, 0xFF, 0xCF, 0xFF, 0xFF, 0x08, 0x00, 0x00, 0x00, 0xFF,
  0xFF, 0x03, 0x00, 0x00, 0x00, 0xFF, 0xFF, 0x5C, 0xFF, 0xFF, 0xFF, 0xFF, 0xFF, 0xFE, 0xFF, 0xFF,
  0xFF, 0xFF, 0xFF, 0xFD, 0xFF, 0xFF, 0xFF, 0xFF, 0xFF, 0xD3, 0xFF, 0xFF, 0x0E, 0x00, 0x00, 0x00,
  0x00, 0x00, 0x00, 0x00, 0x00, 0x00, 0x00, 0x00, 0x00, 0x00, 0x00, 0x00, 0x00, 0x00, 0x00, 0x00,
  0x00, 0x00, 0x00, 0x00, 0x00, 0xFF, 0xFF, 0x5B, 0xFF, 0xFF, 0xFE, 0xFF, 0xFF, 0xFE, 0xFF, 0xFF,
  0xFE, 0xFF, 0xFF, 0xFD, 0xFF, 0xFF, 0xFF, 0xFF, 0xFF, 0x99, 0xFF, 0xFF, 0x01, 0xFF, 0xFF, 0x02,
  0x00, 0x00, 0x00, 0xFF, 0xFF, 0x64, 0xFF, 0xFF, 0xFF, 0xFF, 0xFF, 0xFF, 0xFF, 0xFF, 0xFF, 0xFF,
  0xFF, 0xFF, 0xFF, 0xFF, 0xFD, 0xFF, 0xFF, 0xFF, 0xFF, 0xFF, 0x8C, 0x00, 0x00, 0x00, 0xFF, 0xFF,
  0x02, 0xFF, 0xFF, 0x01, 0x00, 0x00, 0x00, 0x00, 0x00, 0x00, 0x00, 0x00, 0x00, 0xFF, 0xFF, 0x03,
  0x00, 0x00, 0x00, 0xFF, 0xFF, 0x7E, 0xFF, 0xFF, 0xFF, 0xFF, 0xFF, 0xFD, 0xFF, 0xFF, 0xFF, 0xFF,
  0xFF, 0xFF, 0xFF, 0xFF, 0xFE, 0xFF, 0xFF, 0xFF, 0xFF, 0xFF, 0x7E, 0x00, 0x00, 0x00, 0xFF, 0xFF,
  0x02, 0xFF, 0xFF, 0x02, 0x00, 0x00, 0x00, 0xFF, 0xFF, 0x3A, 0xFF, 0xFF, 0xEE, 0xFF, 0xFF, 0xFF,
  0xFF, 0xFF, 0xFE, 0xFF, 0xFF, 0xFF, 0xFF, 0xFF, 0xFE, 0xFF, 0xFF, 0xFF, 0xFF, 0xFF, 0x75, 0x00,
  0x00, 0x00, 0xFF, 0xFF, 0x02, 0xFF, 0xFF, 0x03, 0x00, 0x00, 0x00, 0xFF, 0xFF, 0x4F, 0xFF, 0xFF,
  0xF8, 0xFF, 0xFF, 0xFF, 0xFF, 0xFF, 0xFE, 0xFF, 0xFF, 0xFE, 0xFF, 0xFF, 0xFF, 0xFF, 0xFF, 0xFB,
  0xFF, 0xFF, 0x50, 0x00, 0x00, 0x00, 0xFF, 0xFF, 0x02, 0x00, 0x00, 0x00, 0x00, 0x00, 0x00, 0x00,
  0x00, 0x00, 0xFF, 0xFF, 0x02, 0x00, 0x00, 0x00, 0xFF, 0xFF, 0x32, 0xFF, 0xFF, 0xEB, 0xFF, 0xFF,
  0xFF, 0xFF, 0xFF, 0xFE, 0xFF, 0xFF, 0xFF, 0xFF, 0xFF, 0xFD, 0xFF, 0xFF, 0xFF, 0xFF, 0xFF, 0x7D,
  0x00, 0x00, 0x00, 0xFF, 0xFF, 0x02, 0xFF, 0xFF, 0x03, 0x00, 0x00, 0x00, 0xFF, 0xFF, 0x43, 0xFF,
  0xFF, 0xF9, 0xFF, 0xFF, 0xFF, 0xFF, 0xFF, 0xFE, 0xFF, 0xFF, 0xFF, 0xFF, 0xFF, 0xFD, 0xFF, 0xFF,
  0xFF, 0xFF, 0xFF, 0x73, 0x00, 0x00, 0x00, 0xFF, 0xFF, 0x02, 0x00, 0x00, 0x00, 0x00, 0x00, 0x00,
  0xFF, 0xFF, 0x03, 0xFF, 0xFF, 0x01, 0xFF, 0xFF, 0x3E, 0xFF, 0xFF, 0xFF, 0xFF, 0xFF, 0xFD, 0xFF,
  0xFF, 0xFF, 0xFF, 0xFF, 0xFF, 0xFF, 0xFF, 0xFE, 0xFF, 0xFF, 0xFF, 0xFF, 0xFF, 0x47, 0xFF, 0xFF,
  0x01, 0xFF, 0xFF, 0x03, 0x00, 0x00, 0x00, 0x00, 0x00, 0x00, 0xFF, 0xFF, 0x03, 0xFF, 0xFF, 0x02,
  0xFF, 0xFF, 0x61, 0xFF, 0xFF, 0xFF, 0xFF, 0xFF, 0xFD, 0xFF, 0xFF, 0xFF, 0xFF, 0xFF, 0xFE, 0xFF,
  0xFF, 0xFF, 0xFF, 0xFF, 0xFE, 0xFF, 0xFF, 0x4C, 0xFF, 0xFF, 0x7A, 0xFF, 0xFF, 0xFF, 0xFF, 0xFF,
  0xFB, 0xFF, 0xFF, 0xFF, 0xFF, 0xFF, 0xFE, 0xFF, 0xFF, 0xFF, 0xFF, 0xFF, 0xEC, 0xFF, 0xFF, 0x17,
  0xFF, 0xFF, 0x01, 0xFF, 0xFF, 0x37, 0xFF, 0xFF, 0xF7, 0xFF, 0xFF, 0xFE, 0xFF, 0xFF, 0xFE, 0xFF,
  0xFF, 0xFD, 0xFF, 0xFF, 0xFF, 0xFF, 0xFF, 0xD5, 0xFF, 0xFF, 0x0E, 0xFF, 0xFF, 0x01, 0x00, 0x00,
  0x00, 0xFF, 0xFF, 0x82, 0xFF, 0xFF, 0xFF, 0xFF, 0xFF, 0xFC, 0xFF, 0xFF, 0xFF, 0xFF, 0xFF, 0xFD,
  0xFF, 0xFF, 0xFF, 0xFF, 0xFF, 0x8E, 0x00, 0x00, 0x00, 0x00, 0x00, 0x00, 0xFF, 0xFF, 0xA4, 0xFF,
  0xFF, 0xFF, 0xFF, 0xFF, 0xFC, 0xFF, 0xFF, 0xFF, 0xFF, 0xFF, 0xFD, 0xFF, 0xFF, 0xFF, 0xFF, 0xFF,
  0xCF, 0xFF, 0xFF, 0x08, 0x00, 0x00, 0x00, 0xFF, 0xFF, 0x02, 0x00, 0x00, 0x00, 0xFF, 0xFF, 0x88,
  0xFF, 0xFF, 0xFF, 0xFF, 0xFF, 0xFD, 0xFF, 0xFF, 0xFF, 0xFF, 0xFF, 0xFE, 0xFF, 0xFF, 0xFF, 0xFF,
  0xFF, 0xDE, 0xFF, 0xFF, 0x82, 0xFF, 0xFF, 0x7D, 0xFF, 0xFF, 0x7E, 0xFF, 0xFF, 0x7E, 0xFF, 0xFF,
  0x7E, 0xFF, 0xFF, 0x7E, 0xFF, 0xFF, 0x7E, 0xFF, 0xFF, 0x7F, 0xFF, 0xFF, 0x7B, 0xFF, 0xFF, 0xA6,
  0xFF, 0xFF, 0xFD, 0xFF, 0xFF, 0xFF, 0xFF, 0xFF, 0xFE, 0xFF, 0xFF, 0xFD, 0xFF, 0xFF, 0xFF, 0xFF,
  0xFF, 0xB8, 0xFF, 0xFF, 0x07, 0x00, 0x00, 0x00, 0x00, 0x00, 0x00, 0xFF, 0xFF, 0x87, 0xFF, 0xFF,
  0xFF, 0xFF, 0xFF, 0xFE, 0xFF, 0xFF, 0xFF, 0xFF, 0xFF, 0xFF, 0xFF, 0xFF, 0xFE, 0xFF, 0xFF, 0xFE,
  0xFF, 0xFF, 0x55, 0xFF, 0xFF, 0x01, 0xFF, 0xFF, 0x03, 0x00, 0x00, 0x00, 0x00, 0x00, 0x00, 0x00,
  0x00, 0x00, 0x00, 0x00, 0x00, 0xFF, 0xFF, 0x02, 0xFF, 0xFF, 0x01, 0xFF, 0xFF, 0x45, 0xFF, 0xFF,
  0xF4, 0xFF, 0xFF, 0xFF, 0xFF, 0xFF, 0xFE, 0xFF, 0xFF, 0xFF, 0xFF, 0xFF, 0xFE, 0xFF, 0xFF, 0xFF,
  0xFF, 0xFF, 0x7E, 0x00, 0x00, 0x00, 0xFF, 0xFF, 0x02, 0xFF, 0xFF, 0x02, 0x00, 0x00, 0x00, 0xFF,
  0xFF, 0x3A, 0xFF, 0xFF, 0xEE, 0xFF, 0xFF, 0xFF, 0xFF, 0xFF, 0xFE, 0xFF, 0xFF, 0xFF, 0xFF, 0xFF,
  0xFE, 0xFF, 0xFF, 0xFF, 0xFF, 0xFF, 0x75, 0x00, 0x00, 0x00, 0xFF, 0xFF, 0x02, 0xFF, 0xFF, 0x03,
  0x00, 0x00, 0x00, 0xFF, 0xFF, 0x4F, 0xFF, 0xFF, 0xF8, 0xFF, 0xFF, 0xFF, 0xFF, 0xFF, 0xFE, 0xFF,
  0xFF, 0xFE, 0xFF, 0xFF, 0xFF, 0xFF, 0xFF, 0xFB, 0xFF, 0xFF, 0x50, 0x00, 0x00, 0x00, 0xFF, 0xFF,
  0x02, 0x00, 0x00, 0x00, 0x00, 0x00, 0x00, 0x00, 0x00, 0x00, 0xFF, 0xFF, 0x02, 0x00, 0x00, 0x00,
  0xFF, 0xFF, 0x32, 0xFF, 0xFF, 0xEB, 0xFF, 0xFF, 0xFF, 0xFF, 0xFF, 0xFE, 0xFF, 0xFF, 0xFF, 0xFF,
  0xFF, 0xFD, 0xFF, 0xFF, 0xFF, 0xFF, 0xFF, 0x7D, 0x00, 0x00, 0x00, 0xFF, 0xFF, 0x02, 0xFF, 0xFF,
  0x03, 0x00, 0x00, 0x00, 0xFF, 0xFF, 0x43, 0xFF, 0xFF, 0xF9, 0xFF, 0xFF, 0xFF, 0xFF, 0xFF, 0xFE,
  0xFF, 0xFF, 0xFF, 0xFF, 0xFF, 0xFE, 0xFF, 0xFF, 0xFF, 0xFF, 0xFF, 0x59, 0xFF, 0xFF, 0x01, 0xFF,
  0xFF, 0x02, 0x00, 0x00, 0x00, 0x00, 0x00, 0x00, 0xFF, 0xFF, 0x03, 0x00, 0x00, 0x00, 0xFF, 0xFF,
  0x3A, 0xFF, 0xFF, 0xFF, 0xFF, 0xFF, 0xFE, 0xFF, 0xFF, 0xFF, 0xFF, 0xFF, 0xFE, 0xFF, 0xFF, 0xFF,
  0xFF, 0xFF, 0xFC, 0xFF, 0xFF, 0x3A, 0x00, 0x00, 0x00, 0xFF, 0xFF, 0x03, 0x00, 0x00, 0x00, 0x00,
  0x00, 0x00, 0xFF, 0xFF, 0x03, 0x00, 0x00, 0x00, 0xFF, 0xFF, 0x5D, 0xFF, 0xFF, 0xFF, 0xFF, 0xFF,
  0xFE, 0xFF, 0xFF, 0xFF, 0xFF, 0xFF, 0xFE, 0xFF, 0xFF, 0xFF, 0xFF, 0xFF, 0xFE, 0xFF, 0xFF, 0x4C,
  0xFF, 0xFF, 0x7A, 0xFF, 0xFF, 0xFF, 0xFF, 0xFF, 0xFB, 0xFF, 0xFF, 0xFF, 0xFF, 0xFF, 0xFE, 0xFF,
  0xFF, 0xFF, 0xFF, 0xFF, 0xEC, 0xFF, 0xFF, 0x15, 0x00, 0x00, 0x00, 0xFF, 0xFF, 0x03, 0xFF, 0xFF,
  0xB9, 0xFF, 0xFF, 0xFF, 0xFF, 0xFF, 0xFC, 0xFF, 0xFF, 0xFF, 0xFF, 0xFF, 0xFE, 0xFF, 0xFF, 0xFD,
  0xFF, 0xFF, 0x5A, 0x00, 0x00, 0x00, 0xFF, 0xFF, 0x16, 0xFF, 0xFF, 0xDB, 0xFF, 0xFF, 0xFF, 0xFF,
  0xFF, 0xFD, 0xFF, 0xFF, 0xFE, 0xFF, 0xFF, 0xFF, 0xFF, 0xFF, 0xF6, 0xFF, 0xFF, 0x38, 0x00, 0x00,
  0x00, 0x00, 0x00, 0x00, 0xFF, 0xFF, 0xA4, 0xFF, 0xFF, 0xFF, 0xFF, 0xFF, 0xFC, 0xFF, 0xFF, 0xFF,
  0xFF, 0xFF, 0xFD, 0xFF, 0xFF, 0xFF, 0xFF, 0xFF, 0xCF, 0xFF, 0xFF, 0x08, 0x00, 0x00, 0x00, 0xFF,
  0xFF, 0x01, 0x00, 0x00, 0x00, 0xFF, 0xFF, 0xA8, 0xFF, 0xFF, 0xFF, 0xFF, 0xFF, 0xFC, 0xFF, 0xFF,
  0xFF, 0xFF, 0xFF, 0xFF, 0xFF, 0xFF, 0xFF, 0xFF, 0xFF, 0xFF, 0xFF, 0xFF, 0xFF, 0xFF, 0xFF, 0xFF,
  0xFF, 0xFF, 0xFF, 0xFF, 0xFF, 0xFF, 0xFF, 0xFF, 0xFF, 0xFF, 0xFF, 0xFF, 0xFF, 0xFF, 0xFF, 0xFF,
  0xFF, 0xFF, 0xFF, 0xFF, 0xFF, 0xFF, 0xFF, 0xFF, 0xFF, 0xFF, 0xFF, 0xFF, 0xFF, 0xFF, 0xFF, 0xFF,
  0xFF, 0xFF, 0xFF, 0xFD, 0xFF, 0xFF, 0xFF, 0xFF, 0xFF, 0xCE, 0xFF, 0xFF, 0x10, 0x00, 0x00, 0x00,
  0x00, 0x00, 0x00, 0xFF, 0xFF, 0x9A, 0xFF, 0xFF, 0xFF, 0xFF, 0xFF, 0xFD, 0xFF, 0xFF, 0xFF, 0xFF,
  0xFF, 0xFE, 0xFF, 0xFF, 0xFF, 0xFF, 0xFF, 0xEF, 0xFF, 0xFF, 0x3A, 0x00, 0x00, 0x00, 0xFF, 0xFF,
  0x02, 0x00, 0x00, 0x00, 0x00, 0x00, 0x00, 0x00, 0x00, 0x00, 0x00, 0x00, 0x00, 0xFF, 0xFF, 0x02,
  0x00, 0x00, 0x00, 0xFF, 0xFF, 0x27, 0xFF, 0xFF, 0xE3, 0xFF, 0xFF, 0xFF, 0xFF, 0xFF, 0xFD, 0xFF,
  0xFF, 0xFF, 0xFF, 0xFF, 0xFE, 0xFF, 0xFF, 0xFF, 0xFF, 0xFF, 0x7E, 0x00, 0x00, 0x00, 0xFF, 0xFF,
  0x02, 0xFF, 0xFF, 0x02, 0x00, 0x00, 0x00, 0xFF, 0xFF, 0x3A, 0xFF, 0xFF, 0xEE, 0xFF, 0xFF, 0xFF,
  0xFF, 0xFF, 0xFE, 0xFF, 0xFF, 0xFF, 0xFF, 0xFF, 0xFE, 0xFF, 0xFF, 0xFF, 0xFF, 0xFF, 0x75, 0x00,
  0x00, 0x00, 0xFF, 0xFF, 0x02, 0xFF, 0xFF, 0x03, 0x00, 0x00, 0x00, 0xFF, 0xFF, 0x4F, 0xFF, 0xFF,
  0xF8, 0xFF, 0xFF, 0xFF, 0xFF, 0xFF, 0xFE, 0xFF, 0xFF, 0xFE, 0xFF, 0xFF, 0xFF, 0xFF, 0xFF, 0xFB,
  0xFF, 0xFF, 0x50, 0x00, 0x00, 0x00, 0xFF, 0xFF, 0x02, 0x00, 0x00, 0x00, 0x00, 0x00, 0x00, 0x00,
  0x00, 0x00, 0xFF, 0xFF, 0x02, 0x00, 0x00, 0x00, 0xFF, 0xFF, 0x32, 0xFF, 0xFF, 0xEB, 0xFF, 0xFF,
  0xFF, 0xFF, 0xFF, 0xFE, 0xFF, 0xFF, 0xFF, 0xFF, 0xFF, 0xFD, 0xFF, 0xFF, 0xFF, 0xFF, 0xFF, 0x7D,
  0x00, 0x00, 0x00, 0xFF, 0xFF, 0x02, 0xFF, 0xFF, 0x03, 0x00, 0x00, 0x00, 0xFF, 0xFF, 0x43, 0xFF,
  0xFF, 0xF9, 0xFF, 0xFF, 0xFF, 0xFF, 0xFF, 0xFE, 0xFF, 0xFF, 0xFF, 0xFF, 0xFF, 0xFE, 0xFF, 0xFF,
  0xFF, 0xFF, 0xFF, 0x54, 0x00, 0x00, 0x00, 0xFF, 0xFF, 0x02, 0x00, 0x00, 0x00, 0x00, 0x00, 0x00,
  0xFF, 0xFF, 0x03, 0x00, 0x00, 0x00, 0xFF, 0xFF, 0x3A, 0xFF, 0xFF, 0xFF, 0xFF, 0xFF, 0xFE, 0xFF,
  0xFF, 0xFF, 0xFF, 0xFF, 0xFE, 0xFF, 0xFF, 0xFF, 0xFF, 0xFF, 0xFB, 0xFF, 0xFF, 0x3A, 0x00, 0x00,
  0x00, 0xFF, 0xFF, 0x03, 0x00, 0x00, 0x00, 0x00, 0x00, 0x00, 0xFF, 0xFF, 0x03, 0x00, 0x00, 0x00,
  0xFF, 0xFF, 0x5D, 0xFF, 0xFF, 0xFF, 0xFF, 0xFF, 0xFE, 0xFF, 0xFF, 0xFF, 0xFF, 0xFF, 0xFE, 0xFF,
  0xFF, 0xFF, 0xFF, 0xFF, 0xFE, 0xFF, 0xFF, 0x4C, 0xFF, 0xFF, 0x7A, 0xFF, 0xFF, 0xFF, 0xFF, 0xFF,
  0xFB, 0xFF, 0xFF, 0xFF, 0xFF, 0xFF, 0xFE, 0xFF, 0xFF, 0xFF, 0xFF, 0xFF, 0xEC, 0xFF, 0xFF, 0x15,
  0x00, 0x00, 0x00, 0x00, 0x00, 0x00, 0xFF, 0xFF, 0x5E, 0xFF, 0xFF, 0xFF, 0xFF, 0xFF, 0xFD, 0xFF,
  0xFF, 0xFF, 0xFF, 0xFF, 0xFD, 0xFF, 0xFF, 0xFF, 0xFF, 0xFF, 0xB8, 0x00, 0x00, 0x00, 0xFF, 0xFF,
  0x60, 0xFF, 0xFF, 0xFF, 0xFF, 0xFF, 0xFD, 0xFF, 0xFF, 0xFF, 0xFF, 0xFF, 0xFD, 0xFF, 0xFF, 0xFF,
  0xFF, 0xFF, 0xB8, 0xFF, 0xFF, 0x03, 0xFF, 0xFF, 0x02, 0x00, 0x00, 0x00, 0xFF, 0xFF, 0xA4, 0xFF,
  0xFF, 0xFF, 0xFF, 0xFF, 0xFC, 0xFF, 0xFF, 0xFF, 0xFF, 0xFF, 0xFD, 0xFF, 0xFF, 0xFF, 0xFF, 0xFF,
  0xCF, 0xFF, 0xFF, 0x08, 0x00, 0x00, 0x00, 0xFF, 0xFF, 0x01, 0x00, 0x00, 0x00, 0xFF, 0xFF, 0xAE,
  0xFF, 0xFF, 0xFF, 0xFF, 0xFF, 0xFC, 0xFF, 0xFF, 0xFF, 0xFF, 0xFF, 0xFF, 0xFF, 0xFF, 0xFF, 0xFF,
  0xFF, 0xFE, 0xFF, 0xFF, 0xFC, 0xFF, 0xFF, 0xFB, 0xFF, 0xFF, 0xFB, 0xFF, 0xFF, 0xFB, 0xFF, 0xFF,
  0xFB, 0xFF, 0xFF, 0xFB, 0xFF, 0xFF, 0xFB, 0xFF, 0xFF, 0xFB, 0xFF, 0xFF, 0xFB, 0xFF, 0xFF, 0xFC,
  0xFF, 0xFF, 0xFD, 0xFF, 0xFF, 0xFD, 0xFF, 0xFF, 0xFD, 0xFF, 0xFF, 0xFB, 0xFF, 0xFF, 0xFD, 0xFF,
  0xFF, 0xD4, 0xFF, 0xFF, 0x12, 0x00, 0x00, 0x00, 0x00, 0x00, 0x00, 0xFF, 0xFF, 0xA5, 0xFF, 0xFF,
  0xFF, 0xFF, 0xFF, 0xFD, 0xFF, 0xFF, 0xFF, 0xFF, 0xFF, 0xFE, 0xFF, 0xFF, 0xFF, 0xFF, 0xFF, 0xE2,
  0xFF, 0xFF, 0x2D, 0x00, 0x00, 0x00, 0xFF, 0xFF, 0x02, 0x00, 0x00, 0x00, 0x00, 0x00, 0x00, 0x00,
  0x00, 0x00, 0x00, 0x00, 0x00, 0xFF, 0xFF, 0x01, 0x00, 0x00, 0x00, 0xFF, 0xFF, 0x1A, 0xFF, 0xFF,
  0xDC, 0xFF, 0xFF, 0xFF, 0xFF, 0xFF, 0xFD, 0xFF, 0xFF, 0xFF, 0xFF, 0xFF, 0xFE, 0xFF, 0xFF, 0xFF,
  0xFF, 0xFF, 0x7E, 0x00, 0x00, 0x00, 0xFF, 0xFF, 0x02, 0xFF, 0xFF, 0x02, 0x00, 0x00, 0x00, 0xFF,
  0xFF, 0x3A, 0xFF, 0xFF, 0xEE, 0xFF, 0xFF, 0xFF, 0xFF, 0xFF, 0xFE, 0xFF, 0xFF, 0xFF, 0xFF, 0xFF,
  0xFE, 0xFF, 0xFF, 0xFF, 0xFF, 0xFF, 0x75, 0x00, 0x00, 0x00, 0xFF, 0xFF, 0x02, 0xFF, 0xFF, 0x03,
  0x00, 0x00, 0x00, 0xFF, 0xFF, 0x4F, 0xFF, 0xFF, 0xF8, 0xFF, 0xFF, 0xFF, 0xFF, 0xFF, 0xFE, 0xFF,
  0xFF, 0xFE, 0xFF, 0xFF, 0xFF, 0xFF, 0xFF, 0xFB, 0xFF, 0xFF, 0x50, 0x00, 0x00, 0x00, 0xFF, 0xFF,
  0x02, 0x00, 0x00, 0x00, 0x00, 0x00, 0x00, 0x00, 0x00, 0x00, 0xFF, 0xFF, 0x02, 0x00, 0x00, 0x00,
  0xFF, 0xFF, 0x32, 0xFF, 0xFF, 0xEB, 0xFF, 0xFF, 0xFF, 0xFF, 0xFF, 0xFE, 0xFF, 0xFF, 0xFF, 0xFF,
  0xFF, 0xFD, 0xFF, 0xFF, 0xFF, 0xFF, 0xFF, 0x7D, 0x00, 0x00, 0x00, 0xFF, 0xFF, 0x02, 0xFF, 0xFF,
  0x03, 0x00, 0x00, 0x00, 0xFF, 0xFF, 0x43, 0xFF, 0xFF, 0xF9, 0xFF, 0xFF, 0xFF, 0xFF, 0xFF, 0xFE,
  0xFF, 0xFF, 0xFF, 0xFF, 0xFF, 0xFE, 0xFF, 0xFF, 0xFF, 0xFF, 0xFF, 0x54, 0x00, 0x00, 0x00, 0xFF,
  0xFF, 0x02, 0x00, 0x00, 0x00, 0x00, 0x00, 0x00, 0xFF, 0xFF, 0x03, 0x00, 0x00, 0x00, 0xFF, 0xFF,
  0x3A, 0xFF, 0xFF, 0xFF, 0xFF, 0xFF, 0xFE, 0xFF, 0xFF, 0xFF, 0xFF, 0xFF, 0xFE, 0xFF, 0xFF, 0xFF,
  0xFF, 0xFF, 0xFB, 0xFF, 0xFF, 0x3A, 0x00, 0x00, 0x00, 0xFF, 0xFF, 0x03, 0x00, 0x00, 0x00, 0x00,
  0x00, 0x00, 0xFF, 0xFF, 0x03, 0x00, 0x00, 0x00, 0xFF, 0xFF, 0x5D, 0xFF, 0xFF, 0xFF, 0xFF, 0xFF,
  0xFE, 0xFF, 0xFF, 0xFF, 0xFF, 0xFF, 0xFE, 0xFF, 0xFF, 0xFF, 0xFF, 0xFF, 0xFE, 0xFF, 0xFF, 0x4C,
  0xFF, 0xFF, 0x7A, 0xFF, 0xFF, 0xFF, 0xFF, 0xFF, 0xFB, 0xFF, 0xFF, 0xFF, 0xFF, 0xFF, 0xFE, 0xFF,
  0xFF, 0xFF, 0xFF, 0xFF, 0xEC, 0xFF, 0xFF, 0x15, 0x00, 0x00, 0x00, 0x00, 0x00, 0x00, 0xFF, 0xFF,
  0x14, 0xFF, 0xFF, 0xDD, 0xFF, 0xFF, 0xFF, 0xFF, 0xFF, 0xFD, 0xFF, 0xFF, 0xFE, 0xFF, 0xFF, 0xFF,
  0xFF, 0xFF, 0xF3, 0xFF, 0xFF, 0x37, 0xFF, 0xFF, 0xAF, 0xFF, 0xFF, 0xFE, 0xFF, 0xFF, 0xFC, 0xFF,
  0xFF, 0xFF, 0xFF, 0xFF, 0xFE, 0xFF, 0xFF, 0xFF, 0xFF, 0xFF, 0x60, 0x00, 0x00, 0x00, 0xFF, 0xFF,
  0x05, 0x00, 0x00, 0x00, 0xFF, 0xFF, 0xA4, 0xFF, 0xFF, 0xFF, 0xFF, 0xFF, 0xFC, 0xFF, 0xFF, 0xFF,
  0xFF, 0xFF, 0xFD, 0xFF, 0xFF, 0xFF, 0xFF, 0xFF, 0xCF, 0xFF, 0xFF, 0x08, 0x00, 0x00, 0x00, 0xFF,
  0xFF, 0x01, 0x00, 0x00, 0x00, 0xFF, 0xFF, 0xAE, 0xFF, 0xFF, 0xFF, 0xFF, 0xFF, 0xFC, 0xFF, 0xFF,
  0xFF, 0xFF, 0xFF, 0xFF, 0xFF, 0xFF, 0xFF, 0xFF, 0xFF, 0xFF, 0xFF, 0xFF, 0xFF, 0xFF, 0xFF, 0xFF,
  0xFF, 0xFF, 0xFF, 0xFF, 0xFF, 0xFF, 0xFF, 0xFF, 0xFF, 0xFF, 0xFF, 0xFF, 0xFF, 0xFF, 0xFF, 0xFF,
  0xFF, 0xFF, 0xFF, 0xFF, 0xFF, 0xFF, 0xFF, 0xFF, 0xFF, 0xFF, 0xFF, 0xFF, 0xFF, 0xFF, 0xFF, 0xFF,
  0xFF, 0xFF, 0xFF, 0xFF, 0xFF, 0xFF, 0xFF, 0xFF, 0xFF, 0xDD, 0xFF, 0xFF, 0x12, 0x00, 0x00, 0x00,
  0x00, 0x00, 0x00, 0xFF, 0xFF, 0xA4, 0xFF, 0xFF, 0xFF, 0xFF, 0xFF, 0xFD, 0xFF, 0xFF, 0xFF, 0xFF,
  0xFF, 0xFE, 0xFF, 0xFF, 0xFF, 0xFF, 0xFF, 0xE4, 0xFF, 0xFF, 0x2E, 0x00, 0x00, 0x00, 0xFF, 0xFF,
  0x02, 0x00, 0x00, 0x00, 0x00, 0x00, 0x00, 0x00, 0x00, 0x00, 0x00, 0x00, 0x00, 0xFF, 0xFF, 0x02,
  0x00, 0x00, 0x00, 0xFF, 0xFF, 0x1C, 0xFF, 0xFF, 0xDD, 0xFF, 0xFF, 0xFF, 0xFF, 0xFF, 0xFD, 0xFF,
  0xFF, 0xFF, 0xFF, 0xFF, 0xFE, 0xFF, 0xFF, 0xFF, 0xFF, 0xFF, 0x7E, 0x00, 0x00, 0x00, 0xFF, 0xFF,
  0x02, 0xFF, 0xFF, 0x02, 0x00, 0x00, 0x00, 0xFF, 0xFF, 0x3A, 0xFF, 0xFF, 0xEE, 0xFF, 0xFF, 0xFF,
  0xFF, 0xFF, 0xFE, 0xFF, 0xFF, 0xFF, 0xFF, 0xFF, 0xFE, 0xFF, 0xFF, 0xFF, 0xFF, 0xFF, 0x75, 0x00,
  0x00, 0x00, 0xFF, 0xFF, 0x02, 0xFF, 0xFF, 0x03, 0x00, 0x00, 0x00, 0xFF, 0xFF, 0x4F, 0xFF, 0xFF,
  0xF8, 0xFF, 0xFF, 0xFF, 0xFF, 0xFF, 0xFE, 0xFF, 0xFF, 0xFE, 0xFF, 0xFF, 0xFF, 0xFF, 0xFF, 0xFB,
  0xFF, 0xFF, 0x50, 0x00, 0x00, 0x00, 0xFF, 0xFF, 0x02, 0x00, 0x00, 0x00, 0x00, 0x00, 0x00, 0x00,
  0x00, 0x00, 0xFF, 0xFF, 0x02, 0x00, 0x00, 0x00, 0xFF, 0xFF, 0x32, 0xFF, 0xFF, 0xEB, 0xFF, 0xFF,
  0xFF, 0xFF, 0xFF, 0xFE, 0xFF, 0xFF, 0xFF, 0xFF, 0xFF, 0xFD, 0xFF, 0xFF, 0xFF, 0xFF, 0xFF, 0x7D,
  0x00, 0x00, 0x00, 0xFF, 0xFF, 0x02, 0xFF, 0xFF, 0x03, 0x00, 0x00, 0x00, 0xFF, 0xFF, 0x43, 0xFF,
  0xFF, 0xF9, 0xFF, 0xFF, 0xFF, 0xFF, 0xFF, 0xFE, 0xFF, 0xFF, 0xFF, 0xFF, 0xFF, 0xFE, 0xFF, 0xFF,
  0xFF, 0xFF, 0xFF, 0x54, 0x00, 0x00, 0x00, 0xFF, 0xFF, 0x02, 0x00, 0x00, 0x00, 0x00, 0x00, 0x00,
  0xFF, 0xFF, 0x03, 0x00, 0x00, 0x00, 0xFF, 0xFF, 0x3A, 0xFF, 0xFF, 0xFF, 0xFF, 0xFF, 0xFE, 0xFF,
  0xFF, 0xFF, 0xFF, 0xFF, 0xFE, 0xFF, 0xFF, 0xFF, 0xFF, 0xFF, 0xFB, 0xFF, 0xFF, 0x3A, 0x00, 0x00,
  0x00, 0xFF, 0xFF, 0x03, 0x00, 0x00, 0x00, 0x00, 0x00, 0x00, 0xFF, 0xFF, 0x03, 0x00, 0x00, 0x00,
  0xFF, 0xFF, 0x5D, 0xFF, 0xFF, 0xFF, 0xFF, 0xFF, 0xFE, 0xFF, 0xFF, 0xFF, 0xFF, 0xFF, 0xFE, 0xFF,
  0xFF, 0xFF, 0xFF, 0xFF, 0xFE, 0xFF, 0xFF, 0x4C, 0xFF, 0xFF, 0x7A, 0xFF, 0xFF, 0xFF, 0xFF, 0xFF,
  0xFB, 0xFF, 0xFF, 0xFF, 0xFF, 0xFF, 0xFE, 0xFF, 0xFF, 0xFF, 0xFF, 0xFF, 0xEC, 0xFF, 0xFF, 0x15,
  0x00, 0x00, 0x00, 0xFF, 0xFF, 0x03, 0x00, 0x00, 0x00, 0xFF, 0xFF, 0x8A, 0xFF, 0xFF, 0xFF, 0xFF,
  0xFF, 0xFC, 0xFF, 0xFF, 0xFF, 0xFF, 0xFF, 0xFF, 0xFF, 0xFF, 0xFF, 0xFF, 0xFF, 0xD0, 0xFF, 0xFF,
  0xF3, 0xFF, 0xFF, 0xFF, 0xFF, 0xFF, 0xFF, 0xFF, 0xFF, 0xFD, 0xFF, 0xFF, 0xFF, 0xFF, 0xFF, 0xDE,
  0xFF, 0xFF, 0x15, 0x00, 0x00, 0x00, 0xFF, 0xFF, 0x03, 0x00, 0x00, 0x00, 0xFF, 0xFF, 0xA4, 0xFF,
  0xFF, 0xFF, 0xFF, 0xFF, 0xFC, 0xFF, 0xFF, 0xFF, 0xFF, 0xFF, 0xFD, 0xFF, 0xFF, 0xFF, 0xFF, 0xFF,
  0xCF, 0xFF, 0xFF, 0x08, 0x00, 0x00, 0x00, 0xFF, 0xFF, 0x01, 0x00, 0x00, 0x00, 0xFF, 0xFF, 0xA6,
  0xFF, 0xFF, 0xFF, 0xFF, 0xFF, 0xFC, 0xFF, 0xFF, 0xFF, 0xFF, 0xFF, 0xFE, 0xFF, 0xFF, 0xFF, 0xFF,
  0xFF, 0xE0, 0xFF, 0xFF, 0x8D, 0xFF, 0xFF, 0x8B, 0xFF, 0xFF, 0x8B, 0xFF, 0xFF, 0x8B, 0xFF, 0xFF,
  0x8B, 0xFF, 0xFF, 0x8B, 0xFF, 0xFF, 0x8B, 0xFF, 0xFF, 0x8B, 0xFF, 0xFF, 0x8B, 0xFF, 0xFF, 0x8B,
  0xFF, 0xFF, 0x8B, 0xFF, 0xFF, 0x8B, 0xFF, 0xFF, 0x8B, 0xFF, 0xFF, 0x8A, 0xFF, 0xFF, 0x8E, 0xFF,
  0xFF, 0x73, 0xFF, 0xFF, 0x09, 0x00, 0x00, 0x00, 0x00, 0x00, 0x00, 0xFF, 0xFF, 0x95, 0xFF, 0xFF,
  0xFF, 0xFF, 0xFF, 0xFD, 0xFF, 0xFF, 0xFF, 0xFF, 0xFF, 0xFE, 0xFF, 0xFF, 0xFF, 0xFF, 0xFF, 0xF3,
  0xFF, 0xFF, 0x3E, 0x00, 0x00, 0x00, 0xFF, 0xFF, 0x03, 0x00, 0x00, 0x00, 0x00, 0x00, 0x00, 0x00,
  0x00, 0x00, 0x00, 0x00, 0x00, 0xFF, 0xFF, 0x02, 0x00, 0x00, 0x00, 0xFF, 0xFF, 0x2B, 0xFF, 0xFF,
  0xE5, 0xFF, 0xFF, 0xFF, 0xFF, 0xFF, 0xFD, 0xFF, 0xFF, 0xFF, 0xFF, 0xFF, 0xFE, 0xFF, 0xFF, 0xFF,
  0xFF, 0xFF, 0x7E, 0x00, 0x00, 0x00, 0xFF, 0xFF, 0x02, 0xFF, 0xFF, 0x02, 0x00, 0x00, 0x00, 0xFF,
  0xFF, 0x3A, 0xFF, 0xFF, 0xEE, 0xFF, 0xFF, 0xFF, 0xFF, 0xFF, 0xFE, 0xFF, 0xFF, 0xFF, 0xFF, 0xFF,
  0xFE, 0xFF, 0xFF, 0xFF, 0xFF, 0xFF, 0x75, 0x00, 0x00, 0x00, 0xFF, 0xFF, 0x02, 0xFF, 0xFF, 0x03,
  0x00, 0x00, 0x00, 0xFF, 0xFF, 0x4F, 0xFF, 0xFF, 0xF8, 0xFF, 0xFF, 0xFF, 0xFF, 0xFF, 0xFE, 0xFF,
  0xFF, 0xFE, 0xFF, 0xFF, 0xFF, 0xFF, 0xFF, 0xFB, 0xFF, 0xFF, 0x50, 0x00, 0x00, 0x00, 0xFF, 0xFF,
  0x02, 0x00, 0x00, 0x00, 0x00, 0x00, 0x00, 0x00, 0x00, 0x00, 0xFF, 0xFF, 0x02, 0x00, 0x00, 0x00,
  0xFF, 0xFF, 0x32, 0xFF, 0xFF, 0xEA, 0xFF, 0xFF, 0xFF, 0xFF, 0xFF, 0xFE, 0xFF, 0xFF, 0xFF, 0xFF,
  0xFF, 0xFD, 0xFF, 0xFF, 0xFF, 0xFF, 0xFF, 0x7D, 0x00, 0x00, 0x00, 0xFF, 0xFF, 0x02, 0xFF, 0xFF,
  0x03, 0x00, 0x00, 0x00, 0xFF, 0xFF, 0x43, 0xFF, 0xFF, 0xF9, 0xFF, 0xFF, 0xFF, 0xFF, 0xFF, 0xFE,
  0xFF, 0xFF, 0xFF, 0xFF, 0xFF, 0xFE, 0xFF, 0xFF, 0xFF, 0xFF, 0xFF, 0x54, 0x00, 0x00, 0x00, 0xFF,
  0xFF, 0x02, 0x00, 0x00, 0x00, 0x00, 0x00, 0x00, 0xFF, 0xFF, 0x03, 0x00, 0x00, 0x00, 0xFF, 0xFF,
  0x3A, 0xFF, 0xFF, 0xFF, 0xFF, 0xFF, 0xFE, 0xFF, 0xFF, 0xFF, 0xFF, 0xFF, 0xFE, 0xFF, 0xFF, 0xFF,
  0xFF, 0xFF, 0xFB, 0xFF, 0xFF, 0x3A, 0x00, 0x00, 0x00, 0xFF, 0xFF, 0x03, 0x00, 0x00, 0x00, 0x00,
  0x00, 0x00, 0xFF, 0xFF, 0x03, 0x00, 0x00, 0x00, 0xFF, 0xFF, 0x5D, 0xFF, 0xFF, 0xFF, 0xFF, 0xFF,
  0xFE, 0xFF, 0xFF, 0xFF, 0xFF, 0xFF, 0xFE, 0xFF, 0xFF, 0xFF, 0xFF, 0xFF, 0xFE, 0xFF, 0xFF, 0x4C,
  0xFF, 0xFF, 0x7A, 0xFF, 0xFF, 0xFF, 0xFF, 0xFF, 0xFB, 0xFF, 0xFF, 0xFF, 0xFF, 0xFF, 0xFE, 0xFF,
  0xFF, 0xFF, 0xFF, 0xFF, 0xEC, 0xFF, 0xFF, 0x15, 0x00, 0x00, 0x00, 0xFF, 0xFF, 0x03, 0x00, 0x00,
  0x00, 0xFF, 0xFF, 0x31, 0xFF, 0xFF, 0xF6, 0xFF, 0xFF, 0xFF, 0xFF, 0xFF, 0xFE, 0xFF, 0xFF, 0xFF,
  0xFF, 0xFF, 0xFF, 0xFF, 0xFF, 0xFF, 0xFF, 0xFF, 0xFF, 0xFF, 0xFF, 0xFF, 0xFF, 0xFF, 0xFF, 0xFF,
  0xFF, 0xFD, 0xFF, 0xFF, 0xFF, 0xFF, 0xFF, 0x89, 0x00, 0x00, 0x00, 0xFF, 0xFF, 0x02, 0xFF, 0xFF,
  0x02, 0x00, 0x00, 0x00, 0xFF, 0xFF, 0xA4, 0xFF, 0xFF, 0xFF, 0xFF, 0xFF, 0xFC, 0xFF, 0xFF, 0xFF,
  0xFF, 0xFF, 0xFD, 0xFF, 0xFF, 0xFF, 0xFF, 0xFF, 0xCF, 0xFF, 0xFF, 0x08, 0x00, 0x00, 0x00, 0xFF,
  0xFF, 0x02, 0x00, 0x00, 0x00, 0xFF, 0xFF, 0x8A, 0xFF, 0xFF, 0xFF, 0xFF, 0xFF, 0xFD, 0xFF, 0xFF,
  0xFF, 0xFF, 0xFF, 0xFD, 0xFF, 0xFF, 0xFF, 0xFF, 0xFF, 0xC2, 0xFF, 0xFF, 0x05, 0x00, 0x00, 0x00,
  0x00, 0x00, 0x00, 0x00, 0x00, 0x00, 0x00, 0x00, 0x00, 0x00, 0x00, 0x00, 0x00, 0x00, 0x00, 0x00,
  0x00, 0x00, 0x00, 0x00, 0x00, 0x00, 0x00, 0x00, 0x00, 0x00, 0x00, 0x00, 0x00, 0x00, 0x00, 0x00,
  0x00, 0x00, 0x00, 0x00, 0x00, 0x00, 0x00, 0x00, 0x00, 0x00, 0x00, 0x00, 0x00, 0xFF, 0xFF, 0x01,
  0x00, 0x00, 0x00, 0xFF, 0xFF, 0x82, 0xFF, 0xFF, 0xFF, 0xFF, 0xFF, 0xFD, 0xFF, 0xFF, 0xFF, 0xFF,
  0xFF, 0xFF, 0xFF, 0xFF, 0xFE, 0xFF, 0xFF, 0xFF, 0xFF, 0xFF, 0x5C, 0xFF, 0xFF, 0x01, 0xFF, 0xFF,
  0x03, 0x00, 0x00, 0x00, 0x00, 0x00, 0x00, 0x00, 0x00, 0x00, 0x00, 0x00, 0x00, 0xFF, 0xFF, 0x02,
  0xFF, 0xFF, 0x01, 0xFF, 0xFF, 0x4D, 0xFF, 0xFF, 0xF8, 0xFF, 0xFF, 0xFF, 0xFF, 0xFF, 0xFE, 0xFF,
  0xFF, 0xFF, 0xFF, 0xFF, 0xFE, 0xFF, 0xFF, 0xFF, 0xFF, 0xFF, 0x7E, 0x00, 0x00, 0x00, 0xFF, 0xFF,
  0x02, 0xFF, 0xFF, 0x02, 0x00, 0x00, 0x00, 0xFF, 0xFF, 0x3A, 0xFF, 0xFF, 0xEE, 0xFF, 0xFF, 0xFF,
  0xFF, 0xFF, 0xFE, 0xFF, 0xFF, 0xFF, 0xFF, 0xFF, 0xFE, 0xFF, 0xFF, 0xFF, 0xFF, 0xFF, 0x75, 0x00,
  0x00, 0x00, 0xFF, 0xFF, 0x02, 0xFF, 0xFF, 0x03, 0x00, 0x00, 0x00, 0xFF, 0xFF, 0x4F, 0xFF, 0xFF,
  0xF8, 0xFF, 0xFF, 0xFF, 0xFF, 0xFF, 0xFE, 0xFF, 0xFF, 0xFE, 0xFF, 0xFF, 0xFF, 0xFF, 0xFF, 0xFE,
  0xFF, 0xFF, 0x5B, 0xFF, 0xFF, 0x01, 0xFF, 0xFF, 0x02, 0x00, 0x00, 0x00, 0x00, 0x00, 0x00, 0x00,
  0x00, 0x00, 0xFF, 0xFF, 0x02, 0xFF, 0xFF, 0x01, 0xFF, 0xFF, 0x36, 0xFF, 0xFF, 0xF1, 0xFF, 0xFF,
  0xFF, 0xFF, 0xFF, 0xFE, 0xFF, 0xFF, 0xFF, 0xFF, 0xFF, 0xFD, 0xFF, 0xFF, 0xFF, 0xFF, 0xFF, 0x7D,
  0x00, 0x00, 0x00, 0xFF, 0xFF, 0x02, 0xFF, 0xFF, 0x03, 0x00, 0x00, 0x00, 0xFF, 0xFF, 0x43, 0xFF,
  0xFF, 0xF9, 0xFF, 0xFF, 0xFF, 0xFF, 0xFF, 0xFE, 0xFF, 0xFF, 0xFF, 0xFF, 0xFF, 0xFE, 0xFF, 0xFF,
  0xFF, 0xFF, 0xFF, 0x54, 0x00, 0x00, 0x00, 0xFF, 0xFF, 0x02, 0x00, 0x00, 0x00, 0x00, 0x00, 0x00,
  0xFF, 0xFF, 0x03, 0x00, 0x00, 0x00, 0xFF, 0xFF, 0x3A, 0xFF, 0xFF, 0xFF, 0xFF, 0xFF, 0xFE, 0xFF,
  0xFF, 0xFF, 0xFF, 0xFF, 0xFE, 0xFF, 0xFF, 0xFF, 0xFF, 0xFF, 0xFB, 0xFF, 0xFF, 0x3A, 0x00, 0x00,
  0x00, 0xFF, 0xFF, 0x03, 0x00, 0x00, 0x00, 0x00, 0x00, 0x00, 0xFF, 0xFF, 0x03, 0x00, 0x00, 0x00,
  0xFF, 0xFF, 0x5D, 0xFF, 0xFF, 0xFF, 0xFF, 0xFF, 0xFE, 0xFF, 0xFF, 0xFF, 0xFF, 0xFF, 0xFE, 0xFF,
  0xFF, 0xFF, 0xFF, 0xFF, 0xFE, 0xFF, 0xFF, 0x4C, 0xFF, 0xFF, 0x7A, 0xFF, 0xFF, 0xFF, 0xFF, 0xFF,
  0xFB, 0xFF, 0xFF, 0xFF, 0xFF, 0xFF, 0xFE, 0xFF, 0xFF, 0xFF, 0xFF, 0xFF, 0xEC, 0xFF, 0xFF, 0x15,
  0x00, 0x00, 0x00, 0xFF, 0xFF, 0x02, 0xFF, 0xFF, 0x01, 0xFF, 0xFF, 0x01, 0xFF, 0xFF, 0xB5, 0xFF,
  0xFF, 0xFF, 0xFF, 0xFF, 0xFC, 0xFF, 0xFF, 0xFF, 0xFF, 0xFF, 0xFF, 0xFF, 0xFF, 0xFE, 0xFF, 0xFF,
  0xFF, 0xFF, 0xFF, 0xFF, 0xFF, 0xFF, 0xFE, 0xFF, 0xFF, 0xFF, 0xFF, 0xFF, 0xF4, 0xFF, 0xFF, 0x33,
  0x00, 0x00, 0x00, 0xFF, 0xFF, 0x03, 0xFF, 0xFF, 0x02, 0x00, 0x00, 0x00, 0xFF, 0xFF, 0xA4, 0xFF,
  0xFF, 0xFF, 0xFF, 0xFF, 0xFC, 0xFF, 0xFF, 0xFF, 0xFF, 0xFF, 0xFD, 0xFF, 0xFF, 0xFF, 0xFF, 0xFF,
  0xCF, 0xFF, 0xFF, 0x08, 0x00, 0x00, 0x00, 0xFF, 0xFF, 0x03, 0x00, 0x00, 0x00, 0xFF, 0xFF, 0x5F,
  0xFF, 0xFF, 0xFF, 0xFF, 0xFF, 0xFD, 0xFF, 0xFF, 0xFF, 0xFF, 0xFF, 0xFD, 0xFF, 0xFF, 0xFF, 0xFF,
  0xFF, 0xE2, 0xFF, 0xFF, 0x23, 0xFF, 0xFF, 0x03, 0xFF, 0xFF, 0x04, 0xFF, 0xFF, 0x01, 0xFF, 0xFF,
  0x02, 0xFF, 0xFF, 0x02, 0xFF, 0xFF, 0x02, 0xFF, 0xFF, 0x01, 0xFF, 0xFF, 0x03, 0x00, 0x00, 0x00,
  0x00, 0x00, 0x00, 0x00, 0x00, 0x00, 0x00, 0x00, 0x00, 0x00, 0x00, 0x00, 0x00, 0x00, 0x00, 0x00,
  0x00, 0x00, 0x00, 0x00, 0x00, 0xFF, 0xFF, 0x02, 0x00, 0x00, 0x00, 0xFF, 0xFF, 0x60, 0xFF, 0xFF,
  0xFF, 0xFF, 0xFF, 0xFE, 0xFF, 0xFF, 0xFF, 0xFF, 0xFF, 0xFF, 0xFF, 0xFF, 0xFD, 0xFF, 0xFF, 0xFF,
  0xFF, 0xFF, 0x95, 0x00, 0x00, 0x00, 0xFF, 0xFF, 0x02, 0x00, 0x00, 0x00, 0x00, 0x00, 0x00, 0x00,
  0x00, 0x00, 0x00, 0x00, 0x00, 0xFF, 0xFF, 0x02, 0x00, 0x00, 0x00, 0xFF, 0xFF, 0x88, 0xFF, 0xFF,
  0xFF, 0xFF, 0xFF, 0xFD, 0xFF, 0xFF, 0xFF, 0xFF, 0xFF, 0xFF, 0xFF, 0xFF, 0xFE, 0xFF, 0xFF, 0xFF,
  0xFF, 0xFF, 0x7E, 0x00, 0x00, 0x00, 0xFF, 0xFF, 0x02, 0xFF, 0xFF, 0x02, 0x00, 0x00, 0x00, 0xFF,
  0xFF, 0x3A, 0xFF, 0xFF, 0xEE, 0xFF, 0xFF, 0xFF, 0xFF, 0xFF, 0xFE, 0xFF, 0xFF, 0xFF, 0xFF, 0xFF,
  0xFE, 0xFF, 0xFF, 0xFF, 0xFF, 0xFF, 0x75, 0x00, 0x00, 0x00, 0xFF, 0xFF, 0x02, 0xFF, 0xFF, 0x03,
  0x00, 0x00, 0x00, 0xFF, 0xFF, 0x50, 0xFF, 0xFF, 0xF8, 0xFF, 0xFF, 0xFF, 0xFF, 0xFF, 0xFE, 0xFF,
  0xFF, 0xFF, 0xFF, 0xFF, 0xFD, 0xFF, 0xFF, 0xFF, 0xFF, 0xFF, 0x7B, 0x00, 0x00, 0x00, 0xFF, 0xFF,
  0x03, 0x00, 0x00, 0x00, 0x00, 0x00, 0x00, 0x00, 0x00, 0x00, 0xFF, 0xFF, 0x04, 0x00, 0x00, 0x00,
  0xFF, 0xFF, 0x61, 0xFF, 0xFF, 0xFE, 0xFF, 0xFF, 0xFE, 0xFF, 0xFF, 0xFE, 0xFF, 0xFF, 0xFF, 0xFF,
  0xFF, 0xFD, 0xFF, 0xFF, 0xFF, 0xFF, 0xFF, 0x7D, 0x00, 0x00, 0x00, 0xFF, 0xFF, 0x02, 0xFF, 0xFF,
  0x03, 0x00, 0x00, 0x00, 0xFF, 0xFF, 0x43, 0xFF, 0xFF, 0xF9, 0xFF, 0xFF, 0xFF, 0xFF, 0xFF, 0xFE,
  0xFF, 0xFF, 0xFF, 0xFF, 0xFF, 0xFE, 0xFF, 0xFF, 0xFF, 0xFF, 0xFF, 0x54, 0x00, 0x00, 0x00, 0xFF,
  0xFF, 0x02, 0x00, 0x00, 0x00, 0x00, 0x00, 0x00, 0xFF, 0xFF, 0x03, 0x00, 0x00, 0x00, 0xFF, 0xFF,
  0x3A, 0xFF, 0xFF, 0xFF, 0xFF, 0xFF, 0xFE, 0xFF, 0xFF, 0xFF, 0xFF, 0xFF, 0xFE, 0xFF, 0xFF, 0xFF,
  0xFF, 0xFF, 0xFB, 0xFF, 0xFF, 0x3A, 0x00, 0x00, 0x00, 0xFF, 0xFF, 0x03, 0x00, 0x00, 0x00, 0x00,
  0x00, 0x00, 0xFF, 0xFF, 0x03, 0x00, 0x00, 0x00, 0xFF, 0xFF, 0x5D, 0xFF, 0xFF, 0xFF, 0xFF, 0xFF,
  0xFE, 0xFF, 0xFF, 0xFF, 0xFF, 0xFF, 0xFE, 0xFF, 0xFF, 0xFF, 0xFF, 0xFF, 0xFE, 0xFF, 0xFF, 0x4C,
  0xFF, 0xFF, 0x7A, 0xFF, 0xFF, 0xFF, 0xFF, 0xFF, 0xFB, 0xFF, 0xFF, 0xFF, 0xFF, 0xFF, 0xFE, 0xFF,
  0xFF, 0xFF, 0xFF, 0xFF, 0xEC, 0xFF, 0xFF, 0x15, 0x00, 0x00, 0x00, 0xFF, 0xFF, 0x01, 0xFF, 0xFF,
  0x03, 0x00, 0x00, 0x00, 0xFF, 0xFF, 0x59, 0xFF, 0xFF, 0xFF, 0xFF, 0xFF, 0xFD, 0xFF, 0xFF, 0xFE,
  0xFF, 0xFF, 0xFF, 0xFF, 0xFF, 0xFF, 0xFF, 0xFF, 0xFF, 0xFF, 0xFF, 0xFF, 0xFF, 0xFF, 0xFD, 0xFF,
  0xFF, 0xFF, 0xFF, 0xFF, 0xB7, 0xFF, 0xFF, 0x02, 0x00, 0x00, 0x00, 0xFF, 0xFF, 0x01, 0xFF, 0xFF,
  0x02, 0x00, 0x00, 0x00, 0xFF, 0xFF, 0xA4, 0xFF, 0xFF, 0xFF, 0xFF, 0xFF, 0xFC, 0xFF, 0xFF, 0xFF,
  0xFF, 0xFF, 0xFD, 0xFF, 0xFF, 0xFF, 0xFF, 0xFF, 0xCF, 0xFF, 0xFF, 0x08, 0x00, 0x00, 0x00, 0xFF,
  0xFF, 0x03, 0x00, 0x00, 0x00, 0xFF, 0xFF, 0x32, 0xFF, 0xFF, 0xF1, 0xFF, 0xFF, 0xFE, 0xFF, 0xFF,
  0xFE, 0xFF, 0xFF, 0xFF, 0xFF, 0xFF, 0xFE, 0xFF, 0xFF, 0xFF, 0xFF, 0xFF, 0x6E, 0x00, 0x00, 0x00,
  0xFF, 0xFF, 0x05, 0xFF, 0xFF, 0x02, 0xFF, 0xFF, 0x01, 0xFF, 0xFF, 0x01, 0xFF, 0xFF, 0x01, 0xFF,
  0xFF, 0x04, 0x00, 0x00, 0x00, 0xFF, 0xFF, 0x32, 0xFF, 0xFF, 0x7A, 0xFF, 0xFF, 0x64, 0xFF, 0xFF,
  0x53, 0xFF, 0xFF, 0x45, 0xFF, 0xFF, 0x3A, 0xFF, 0xFF, 0x1F, 0xFF, 0xFF, 0x01, 0xFF, 0xFF, 0x01,
  0x00, 0x00, 0x00, 0xFF, 0xFF, 0x35, 0xFF, 0xFF, 0xF0, 0xFF, 0xFF, 0xFF, 0xFF, 0xFF, 0xFE, 0xFF,
  0xFF, 0xFF, 0xFF, 0xFF, 0xFE, 0xFF, 0xFF, 0xFF, 0xFF, 0xFF, 0xE5, 0xFF, 0xFF, 0x2E, 0x00, 0x00,
  0x00, 0xFF, 0xFF, 0x05, 0xFF, 0xFF, 0x02, 0xFF, 0xFF, 0x02, 0xFF, 0xFF, 0x05, 0x00, 0x00, 0x00,
  0xFF, 0xFF, 0x21, 0xFF, 0xFF, 0xDC, 0xFF, 0xFF, 0xFF, 0xFF, 0xFF, 0xFD, 0xFF, 0xFF, 0xFF, 0xFF,
  0xFF, 0xFF, 0xFF, 0xFF, 0xFE, 0xFF, 0xFF, 0xFF, 0xFF, 0xFF, 0x7E, 0x00, 0x00, 0x00, 0xFF, 0xFF,
  0x02, 0xFF, 0xFF, 0x02, 0x00, 0x00, 0x00, 0xFF, 0xFF, 0x3A, 0xFF, 0xFF, 0xEE, 0xFF, 0xFF, 0xFF,
  0xFF, 0xFF, 0xFE, 0xFF, 0xFF, 0xFF, 0xFF, 0xFF, 0xFE, 0xFF, 0xFF, 0xFF, 0xFF, 0xFF, 0x75, 0x00,
  0x00, 0x00, 0xFF, 0xFF, 0x02, 0xFF, 0xFF, 0x02, 0x00, 0x00, 0x00, 0xFF, 0xFF, 0x44, 0xFF, 0xFF,
  0xF4, 0xFF, 0xFF, 0xFF, 0xFF, 0xFF, 0xFE, 0xFF, 0xFF, 0xFF, 0xFF, 0xFF, 0xFD, 0xFF, 0xFF, 0xFF,
  0xFF, 0xFF, 0xCA, 0xFF, 0xFF, 0x11, 0x00, 0x00, 0x00, 0xFF, 0xFF, 0x02, 0xFF, 0xFF, 0x03, 0xFF,
  0xFF, 0x01, 0x00, 0x00, 0x00, 0xFF, 0xFF, 0x0E, 0xFF, 0xFF, 0xC9, 0xFF, 0xFF, 0xFF, 0xFF, 0xFF,
  0xFD, 0xFF, 0xFF, 0xFF, 0xFF, 0xFF, 0xFF, 0xFF, 0xFF, 0xFD, 0xFF, 0xFF, 0xFF, 0xFF, 0xFF, 0x7D,
  0x00, 0x00, 0x00, 0xFF, 0xFF, 0x02, 0xFF, 0xFF, 0x03, 0x00, 0x00, 0x00, 0xFF, 0xFF, 0x43, 0xFF,
  0xFF, 0xF9, 0xFF, 0xFF, 0xFF, 0xFF, 0xFF, 0xFE, 0xFF, 0xFF, 0xFF, 0xFF, 0xFF, 0xFE, 0xFF, 0xFF,
  0xFF, 0xFF, 0xFF, 0x54, 0x00, 0x00, 0x00, 0xFF, 0xFF, 0x02, 0x00, 0x00, 0x00, 0x00, 0x00, 0x00,
  0xFF, 0xFF, 0x03, 0x00, 0x00, 0x00, 0xFF, 0xFF, 0x3A, 0xFF, 0xFF, 0xFF, 0xFF, 0xFF, 0xFE, 0xFF,
  0xFF, 0xFF, 0xFF, 0xFF, 0xFE, 0xFF, 0xFF, 0xFF, 0xFF, 0xFF, 0xFB, 0xFF, 0xFF, 0x3A, 0x00, 0x00,
  0x00, 0xFF, 0xFF, 0x03, 0x00, 0x00, 0x00, 0x00, 0x00, 0x00, 0xFF, 0xFF, 0x03, 0x00, 0x00, 0x00,
  0xFF, 0xFF, 0x5D, 0xFF, 0xFF, 0xFF, 0xFF, 0xFF, 0xFE, 0xFF, 0xFF, 0xFF, 0xFF, 0xFF, 0xFE, 0xFF,
  0xFF, 0xFF, 0xFF, 0xFF, 0xFE, 0xFF, 0xFF, 0x4C, 0xFF, 0xFF, 0x7A, 0xFF, 0xFF, 0xFF, 0xFF, 0xFF,
  0xFB, 0xFF, 0xFF, 0xFF, 0xFF, 0xFF, 0xFE, 0xFF, 0xFF, 0xFF, 0xFF, 0xFF, 0xEC, 0xFF, 0xFF, 0x15,
  0x00, 0x00, 0x00, 0xFF, 0xFF, 0x01, 0xFF, 0xFF, 0x01, 0x00, 0x00, 0x00, 0xFF, 0xFF, 0x11, 0xFF,
  0xFF, 0xDA, 0xFF, 0xFF, 0xFF, 0xFF, 0xFF, 0xFD, 0xFF, 0xFF, 0xFF, 0xFF, 0xFF, 0xFF, 0xFF, 0xFF,
  0xFF, 0xFF, 0xFF, 0xFE, 0xFF, 0xFF, 0xFE, 0xFF, 0xFF, 0xFF, 0xFF, 0xFF, 0x5A, 0x00, 0x00, 0x00,
  0xFF, 0xFF, 0x03, 0x00, 0x00, 0x00, 0xFF, 0xFF, 0x02, 0x00, 0x00, 0x00, 0xFF, 0xFF, 0xA4, 0xFF,
  0xFF, 0xFF, 0xFF, 0xFF, 0xFC, 0xFF, 0xFF, 0xFF, 0xFF, 0xFF, 0xFD, 0xFF, 0xFF, 0xFF, 0xFF, 0xFF,
  0xCF, 0xFF, 0xFF, 0x08, 0x00, 0x00, 0x00, 0xFF, 0xFF, 0x01, 0x00, 0x00, 0x00, 0xFF, 0xFF, 0x06,
  0xFF, 0xFF, 0xB3, 0xFF, 0xFF, 0xFF, 0xFF, 0xFF, 0xFD, 0xFF, 0xFF, 0xFF, 0xFF, 0xFF, 0xFE, 0xFF,
  0xFF, 0xFF, 0xFF, 0xFF, 0xE0, 0xFF, 0xFF, 0x31, 0x00, 0x00, 0x00, 0x00, 0x00, 0x00, 0x00, 0x00,
  0x00, 0x00, 0x00, 0x00, 0x00, 0x00, 0x00, 0x00, 0x00, 0x00, 0xFF, 0xFF, 0x16, 0xFF, 0xFF, 0xC6,
  0xFF, 0xFF, 0xFF, 0xFF, 0xFF, 0xFF, 0xFF, 0xFF, 0xFE, 0xFF, 0xFF, 0xF9, 0xFF, 0xFF, 0xFC, 0xFF,
  0xFF, 0x99, 0xFF, 0xFF, 0x02, 0xFF, 0xFF, 0x01, 0x00, 0x00, 0x00, 0xFF, 0xFF, 0x0D, 0xFF, 0xFF,
  0xC0, 0xFF, 0xFF, 0xFE, 0xFF, 0xFF, 0xFC, 0xFF, 0xFF, 0xFF, 0xFF, 0xFF, 0xFF, 0xFF, 0xFF, 0xFE,
  0xFF, 0xFF, 0xFF, 0xFF, 0xFF, 0xBB, 0xFF, 0xFF, 0x1A, 0x00, 0x00, 0x00, 0x00, 0x00, 0x00, 0x00,
  0x00, 0x00, 0x00, 0x00, 0x00, 0xFF, 0xFF, 0x18, 0xFF, 0xFF, 0xB6, 0xFF, 0xFF, 0xFF, 0xFF, 0xFF,
  0xFE, 0xFF, 0xFF, 0xFF, 0xFF, 0xFF, 0xFF, 0xFF, 0xFF, 0xFF, 0xFF, 0xFF, 0xFE, 0xFF, 0xFF, 0xFF,
  0xFF, 0xFF, 0x7E, 0x00, 0x00, 0x00, 0xFF, 0xFF, 0x02, 0xFF, 0xFF, 0x02, 0x00, 0x00, 0x00, 0xFF,
  0xFF, 0x3A, 0xFF, 0xFF, 0xEE, 0xFF, 0xFF, 0xFF, 0xFF, 0xFF, 0xFE, 0xFF, 0xFF, 0xFF, 0xFF, 0xFF,
  0xFE, 0xFF, 0xFF, 0xFF, 0xFF, 0xFF, 0x75, 0x00, 0x00, 0x00, 0xFF, 0xFF, 0x02, 0xFF, 0xFF, 0x02,
  0x00, 0x00, 0x00, 0xFF, 0xFF, 0x24, 0xFF, 0xFF, 0xE8, 0xFF, 0xFF, 0xFF, 0xFF, 0xFF, 0xFE, 0xFF,
  0xFF, 0xFF, 0xFF, 0xFF, 0xFF, 0xFF, 0xFF, 0xFE, 0xFF, 0xFF, 0xFF, 0xFF, 0xFF, 0xA3, 0xFF, 0xFF,
  0x1E, 0x00, 0x00, 0x00, 0x00, 0x00, 0x00, 0x00, 0x00, 0x00, 0xFF, 0xFF, 0x22, 0xFF, 0xFF, 0xAD,
  0xFF, 0xFF, 0xFF, 0xFF, 0xFF, 0xFE, 0xFF, 0xFF, 0xFF, 0xFF, 0xFF, 0xFF, 0xFF, 0xFF, 0xFF, 0xFF,
  0xFF, 0xFD, 0xFF, 0xFF, 0xFF, 0xFF, 0xFF, 0x7D, 0x00, 0x00, 0x00, 0xFF, 0xFF, 0x02, 0xFF, 0xFF,
  0x03, 0x00, 0x00, 0x00, 0xFF, 0xFF, 0x43, 0xFF, 0xFF, 0xF9, 0xFF, 0xFF, 0xFF, 0xFF, 0xFF, 0xFE,
  0xFF, 0xFF, 0xFF, 0xFF, 0xFF, 0xFE, 0xFF, 0xFF, 0xFF, 0xFF, 0xFF, 0x54, 0x00, 0x00, 0x00, 0xFF,
  0xFF, 0x02, 0x00, 0x00, 0x00, 0x00, 0x00, 0x00, 0xFF, 0xFF, 0x03, 0x00, 0x00, 0x00, 0xFF, 0xFF,
  0x3A, 0xFF, 0xFF, 0xFF, 0xFF, 0xFF, 0xFE, 0xFF, 0xFF, 0xFF, 0xFF, 0xFF, 0xFE, 0xFF, 0xFF, 0xFF,
  0xFF, 0xFF, 0xFB, 0xFF, 0xFF, 0x3A, 0x00, 0x00, 0x00, 0xFF, 0xFF, 0x03, 0x00, 0x00, 0x00, 0x00,
  0x00, 0x00, 0xFF, 0xFF, 0x03, 0x00, 0x00, 0x00, 0xFF, 0xFF, 0x5D, 0xFF, 0xFF, 0xFF, 0xFF, 0xFF,
  0xFE, 0xFF, 0xFF, 0xFF, 0xFF, 0xFF, 0xFE, 0xFF, 0xFF, 0xFF, 0xFF, 0xFF, 0xFE, 0xFF, 0xFF, 0x4C,
  0xFF, 0xFF, 0x7A, 0xFF, 0xFF, 0xFF, 0xFF, 0xFF, 0xFB, 0xFF, 0xFF, 0xFF, 0xFF, 0xFF, 0xFE, 0xFF,
  0xFF, 0xFF, 0xFF, 0xFF, 0xEC, 0xFF, 0xFF, 0x15, 0x00, 0x00, 0x00, 0xFF, 0xFF, 0x01, 0x00, 0x00,
  0x00, 0xFF, 0xFF, 0x02, 0x00, 0x00, 0x00, 0xFF, 0xFF, 0x85, 0xFF, 0xFF, 0xFF, 0xFF, 0xFF, 0xFC,
  0xFF, 0xFF, 0xFF, 0xFF, 0xFF, 0xFF, 0xFF, 0xFF, 0xFF, 0xFF, 0xFF, 0xFD, 0xFF, 0xFF, 0xFF, 0xFF,
  0xFF, 0xDA, 0xFF, 0xFF, 0x12, 0x00, 0x00, 0x00, 0xFF, 0xFF, 0x01, 0x00, 0x00, 0x00, 0xFF, 0xFF,
  0x02, 0x00, 0x00, 0x00, 0xFF, 0xFF, 0xA4, 0xFF, 0xFF, 0xFF, 0xFF, 0xFF, 0xFC, 0xFF, 0xFF, 0xFF,
  0xFF, 0xFF, 0xFD, 0xFF, 0xFF, 0xFF, 0xFF, 0xFF, 0xCF, 0xFF, 0xFF, 0x08, 0x00, 0x00, 0x00, 0xFF,
  0xFF, 0x01, 0xFF, 0xFF, 0x02, 0x00, 0x00, 0x00, 0xFF, 0xFF, 0x4D, 0xFF, 0xFF, 0xFA, 0xFF, 0xFF,
  0xFD, 0xFF, 0xFF, 0xFE, 0xFF, 0xFF, 0xFF, 0xFF, 0xFF, 0xFE, 0xFF, 0xFF, 0xFF, 0xFF, 0xFF, 0xE0,
  0xFF, 0xFF, 0x61, 0xFF, 0xFF, 0x13, 0xFF, 0xFF, 0x03, 0xFF, 0xFF, 0x01, 0xFF, 0xFF, 0x09, 0xFF,
  0xFF, 0x40, 0xFF, 0xFF, 0xBF, 0xFF, 0xFF, 0xFF, 0xFF, 0xFF, 0xFC, 0xFF, 0xFF, 0xFE, 0xFF, 0xFF,
  0xFE, 0xFF, 0xFF, 0xFE, 0xFF, 0xFF, 0xF8, 0xFF, 0xFF, 0x4F, 0x00, 0x00, 0x00, 0xFF, 0xFF, 0x03,
  0xFF, 0xFF, 0x02, 0x00, 0x00, 0x00, 0xFF, 0xFF, 0x6D, 0xFF, 0xFF, 0xFF, 0xFF, 0xFF, 0xFD, 0xFF,
  0xFF, 0xFF, 0xFF, 0xFF, 0xFF, 0xFF, 0xFF, 0xFF, 0xFF, 0xFF, 0xFE, 0xFF, 0xFF, 0xFF, 0xFF, 0xFF,
  0xD0, 0xFF, 0xFF, 0x6B, 0xFF, 0xFF, 0x3F, 0xFF, 0xFF, 0x3B, 0xFF, 0xFF, 0x68, 0xFF, 0xFF, 0xCA,
  0xFF, 0xFF, 0xFF, 0xFF, 0xFF, 0xFF, 0xFF, 0xFF, 0xFF, 0xFF, 0xFF, 0xFF, 0xFF, 0xFF, 0xFF, 0xFF,
  0xFF, 0xFF, 0xFF, 0xFF, 0xFE, 0xFF, 0xFF, 0xFF, 0xFF, 0xFF, 0x7E, 0x00, 0x00, 0x00, 0xFF, 0xFF,
  0x02, 0xFF, 0xFF, 0x02, 0x00, 0x00, 0x00, 0xFF, 0xFF, 0x3A, 0xFF, 0xFF, 0xEE, 0xFF, 0xFF, 0xFF,
  0xFF, 0xFF, 0xFE, 0xFF, 0xFF, 0xFF, 0xFF, 0xFF, 0xFE, 0xFF, 0xFF, 0xFF, 0xFF, 0xFF, 0x75, 0x00,
  0x00, 0x00, 0xFF, 0xFF, 0x02, 0xFF, 0xFF, 0x01, 0x00, 0x00, 0x00, 0xFF, 0xFF, 0x09, 0xFF, 0xFF,
  0xBD, 0xFF, 0xFF, 0xFF, 0xFF, 0xFF, 0xFD, 0xFF, 0xFF, 0xFF, 0xFF, 0xFF, 0xFF, 0xFF, 0xFF, 0xFF,
  0xFF, 0xFF, 0xFE, 0xFF, 0xFF, 0xFF, 0xFF, 0xFF, 0xDE, 0xFF, 0xFF, 0x9F, 0xFF, 0xFF, 0x8C, 0xFF,
  0xFF, 0xAA, 0xFF, 0xFF, 0xE2, 0xFF, 0xFF, 0xFF, 0xFF, 0xFF, 0xFF, 0xFF, 0xFF, 0xFF, 0xFF, 0xFF,
  0xFF, 0xFF, 0xFF, 0xFF, 0xFF, 0xFF, 0xFF, 0xFF, 0xFF, 0xFD, 0xFF, 0xFF, 0xFF, 0xFF, 0xFF, 0x7D,
  0x00, 0x00, 0x00, 0xFF, 0xFF, 0x02, 0xFF, 0xFF, 0x03, 0x00, 0x00, 0x00, 0xFF, 0xFF, 0x43, 0xFF,
  0xFF, 0xF9, 0xFF, 0xFF, 0xFF, 0xFF, 0xFF, 0xFE, 0xFF, 0xFF, 0xFF, 0xFF, 0xFF, 0xFE, 0xFF, 0xFF,
  0xFF, 0xFF, 0xFF, 0x54, 0x00, 0x00, 0x00, 0xFF, 0xFF, 0x02, 0x00, 0x00, 0x00, 0x00, 0x00, 0x00,
  0xFF, 0xFF, 0x03, 0x00, 0x00, 0x00, 0xFF, 0xFF, 0x3A, 0xFF, 0xFF, 0xFF, 0xFF, 0xFF, 0xFE, 0xFF,
  0xFF, 0xFF, 0xFF, 0xFF, 0xFE, 0xFF, 0xFF, 0xFF, 0xFF, 0xFF, 0xFB, 0xFF, 0xFF, 0x3A, 0x00, 0x00,
  0x00, 0xFF, 0xFF, 0x03, 0x00, 0x00, 0x00, 0x00, 0x00, 0x00, 0xFF, 0xFF, 0x03, 0x00, 0x00, 0x00,
  0xFF, 0xFF, 0x5D, 0xFF, 0xFF, 0xFF, 0xFF, 0xFF, 0xFE, 0xFF, 0xFF, 0xFF, 0xFF, 0xFF, 0xFE, 0xFF,
  0xFF, 0xFF, 0xFF, 0xFF, 0xFE, 0xFF, 0xFF, 0x4C, 0xFF, 0xFF, 0x7A, 0xFF, 0xFF, 0xFF, 0xFF, 0xFF,
  0xFB, 0xFF, 0xFF, 0xFF, 0xFF, 0xFF, 0xFE, 0xFF, 0xFF, 0xFF, 0xFF, 0xFF, 0xEC, 0xFF, 0xFF, 0x15,
  0x00, 0x00, 0x00, 0xFF, 0xFF, 0x01, 0x00, 0x00, 0x00, 0xFF, 0xFF, 0x02, 0xFF, 0xFF, 0x01, 0xFF,
  0xFF, 0x2E, 0xFF, 0xFF, 0xF4, 0xFF, 0xFF, 0xFF, 0xFF, 0xFF, 0xFE, 0xFF, 0xFF, 0xFF, 0xFF, 0xFF,
  0xFF, 0xFF, 0xFF, 0xFD, 0xFF, 0xFF, 0xFF, 0xFF, 0xFF, 0x87, 0x00, 0x00, 0x00, 0xFF, 0xFF, 0x02,
  0x00, 0x00, 0x00, 0x00, 0x00, 0x00, 0xFF, 0xFF, 0x02, 0x00, 0x00, 0x00, 0xFF, 0xFF, 0xA4, 0xFF,
  0xFF, 0xFF, 0xFF, 0xFF, 0xFC, 0xFF, 0xFF, 0xFF, 0xFF, 0xFF, 0xFD, 0xFF, 0xFF, 0xFF, 0xFF, 0xFF,
  0xCF, 0xFF, 0xFF, 0x08, 0x00, 0x00, 0x00, 0xFF, 0xFF, 0x01, 0xFF, 0xFF, 0x01, 0xFF, 0xFF, 0x01,
  0xFF, 0xFF, 0x05, 0xFF, 0xFF, 0xA6, 0xFF, 0xFF, 0xFF, 0xFF, 0xFF, 0xFB, 0xFF, 0xFF, 0xFF, 0xFF,
  0xFF, 0xFF, 0xFF, 0xFF, 0xFE, 0xFF, 0xFF, 0xFF, 0xFF, 0xFF, 0xFF, 0xFF, 0xFF, 0xE0, 0xFF, 0xFF,
  0xC0, 0xFF, 0xFF, 0xB9, 0xFF, 0xFF, 0xD7, 0xFF, 0xFF, 0xF8, 0xFF, 0xFF, 0xFF, 0xFF, 0xFF, 0xFE,
  0xFF, 0xFF, 0xFF, 0xFF, 0xFF, 0xFF, 0xFF, 0xFF, 0xFB, 0xFF, 0xFF, 0xFF, 0xFF, 0xFF, 0xB6, 0xFF,
  0xFF, 0x08, 0x00, 0x00, 0x00, 0x00, 0x00, 0x00, 0xFF, 0xFF, 0x02, 0x00, 0x00, 0x00, 0xFF, 0xFF,
  0x14, 0xFF, 0xFF, 0xCE, 0xFF, 0xFF, 0xFF, 0xFF, 0xFF, 0xFC, 0xFF, 0xFF, 0xFF, 0xFF, 0xFF, 0xFF,
  0xFF, 0xFF, 0xFF, 0xFF, 0xFF, 0xFE, 0xFF, 0xFF, 0xFF, 0xFF, 0xFF, 0xFF, 0xFF, 0xFF, 0xF7, 0xFF,
  0xFF, 0xF5, 0xFF, 0xFF, 0xFF, 0xFF, 0xFF, 0xFF, 0xFF, 0xFF, 0xFE, 0xFF, 0xFF, 0xF9, 0xFF, 0xFF,
  0xF9, 0xFF, 0xFF, 0xFF, 0xFF, 0xFF, 0xFF, 0xFF, 0xFF, 0xFF, 0xFF, 0xFF, 0xFE, 0xFF, 0xFF, 0xFF,
  0xFF, 0xFF, 0x7E, 0x00, 0x00, 0x00, 0xFF, 0xFF, 0x02, 0xFF, 0xFF, 0x02, 0x00, 0x00, 0x00, 0xFF,
  0xFF, 0x3A, 0xFF, 0xFF, 0xEE, 0xFF, 0xFF, 0xFF, 0xFF, 0xFF, 0xFE, 0xFF, 0xFF, 0xFF, 0xFF, 0xFF,
  0xFE, 0xFF, 0xFF, 0xFF, 0xFF, 0xFF, 0x75, 0x00, 0x00, 0x00, 0xFF, 0xFF, 0x02, 0x00, 0x00, 0x00,
  0xFF, 0xFF, 0x02, 0x00, 0x00, 0x00, 0xFF, 0xFF, 0x6C, 0xFF, 0xFF, 0xFF, 0xFF, 0xFF, 0xFD, 0xFF,
  0xFF, 0xFF, 0xFF, 0xFF, 0xFF, 0xFF, 0xFF, 0xFF, 0xFF, 0xFF, 0xFF, 0xFF, 0xFF, 0xFE, 0xFF, 0xFF,
  0xFF, 0xFF, 0xFF, 0xFF, 0xFF, 0xFF, 0xFF, 0xFF, 0xFF, 0xFF, 0xFF, 0xFF, 0xFF, 0xFF, 0xFF, 0xFC,
  0xFF, 0xFF, 0xDD, 0xFF, 0xFF, 0xE0, 0xFF, 0xFF, 0xFF, 0xFF, 0xFF, 0xFF, 0xFF, 0xFF, 0xFF, 0xFF,
  0xFF, 0xFD, 0xFF, 0xFF, 0xFF, 0xFF, 0xFF, 0x7D, 0x00, 0x00, 0x00, 0xFF, 0xFF, 0x02, 0xFF, 0xFF,
  0x03, 0x00, 0x00, 0x00, 0xFF, 0xFF, 0x43, 0xFF, 0xFF, 0xF9, 0xFF, 0xFF, 0xFF, 0xFF, 0xFF, 0xFE,
  0xFF, 0xFF, 0xFF, 0xFF, 0xFF, 0xFE, 0xFF, 0xFF, 0xFF, 0xFF, 0xFF, 0x54, 0x00, 0x00, 0x00, 0xFF,
  0xFF, 0x02, 0x00, 0x00, 0x00, 0x00, 0x00, 0x00, 0xFF, 0xFF, 0x03, 0x00, 0x00, 0x00, 0xFF, 0xFF,
  0x3A, 0xFF, 0xFF, 0xFF, 0xFF, 0xFF, 0xFE, 0xFF, 0xFF, 0xFF, 0xFF, 0xFF, 0xFE, 0xFF, 0xFF, 0xFF,
  0xFF, 0xFF, 0xFB, 0xFF, 0xFF, 0x3A, 0x00, 0x00, 0x00, 0xFF, 0xFF, 0x03, 0x00, 0x00, 0x00, 0x00,
  0x00, 0x00, 0xFF, 0xFF, 0x03, 0x00, 0x00, 0x00, 0xFF, 0xFF, 0x5D, 0xFF, 0xFF, 0xFF, 0xFF, 0xFF,
  0xFE, 0xFF, 0xFF, 0xFF, 0xFF, 0xFF, 0xFE, 0xFF, 0xFF, 0xFF, 0xFF, 0xFF, 0xFE, 0xFF, 0xFF, 0x4C,
  0xFF, 0xFF, 0x7A, 0xFF, 0xFF, 0xFF, 0xFF, 0xFF, 0xFB, 0xFF, 0xFF, 0xFF, 0xFF, 0xFF, 0xFE, 0xFF,
  0xFF, 0xFF, 0xFF, 0xFF, 0xEC, 0xFF, 0xFF, 0x15, 0x00, 0x00, 0x00, 0xFF, 0xFF, 0x01, 0x00, 0x00,
  0x00, 0x00, 0x00, 0x00, 0xFF, 0xFF, 0x01, 0x00, 0x00, 0x00, 0xFF, 0xFF, 0xB0, 0xFF, 0xFF, 0xFF,
  0xFF, 0xFF, 0xFC, 0xFF, 0xFF, 0xFF, 0xFF, 0xFF, 0xFE, 0xFF, 0xFF, 0xFF, 0xFF, 0xFF, 0xF3, 0xFF,
  0xFF, 0x2E, 0x00, 0x00, 0x00, 0xFF, 0xFF, 0x03, 0x00, 0x00, 0x00, 0x00, 0x00, 0x00, 0xFF, 0xFF,
  0x02, 0x00, 0x00, 0x00, 0xFF, 0xFF, 0xA4, 0xFF, 0xFF, 0xFF, 0xFF, 0xFF, 0xFC, 0xFF, 0xFF, 0xFF,
  0xFF, 0xFF, 0xFD, 0xFF, 0xFF, 0xFF, 0xFF, 0xFF, 0xCF, 0xFF, 0xFF, 0x08, 0x00, 0x00, 0x00, 0xFF,
  0xFF, 0x01, 0x00, 0x00, 0x00, 0xFF, 0xFF, 0x01, 0x00, 0x00, 0x00, 0xFF, 0xFF, 0x1B, 0xFF, 0xFF,
  0xCD, 0xFF, 0xFF, 0xFF, 0xFF, 0xFF, 0xFB, 0xFF, 0xFF, 0xFD, 0xFF, 0xFF, 0xFF, 0xFF, 0xFF, 0xFE,
  0xFF, 0xFF, 0xFE, 0xFF, 0xFF, 0xFF, 0xFF, 0xFF, 0xFF, 0xFF, 0xFF, 0xFF, 0xFF, 0xFF, 0xFF, 0xFF,
  0xFF, 0xFF, 0xFF, 0xFF, 0xFD, 0xFF, 0xFF, 0xFF, 0xFF, 0xFF, 0xFE, 0xFF, 0xFF, 0xFB, 0xFF, 0xFF,
  0xFF, 0xFF, 0xFF, 0xDA, 0xFF, 0xFF, 0x2D, 0x00, 0x00, 0x00, 0xFF, 0xFF, 0x01, 0x00, 0x00, 0x00,
  0x00, 0x00, 0x00, 0xFF, 0xFF, 0x01, 0x00, 0x00, 0x00, 0xFF, 0xFF, 0x47, 0xFF, 0xFF, 0xF4, 0xFF,
  0xFF, 0xFF, 0xFF, 0xFF, 0xFC, 0xFF, 0xFF, 0xFF, 0xFF, 0xFF, 0xFF, 0xFF, 0xFF, 0xFF, 0xFF, 0xFF,
  0xFD, 0xFF, 0xFF, 0xFD, 0xFF, 0xFF, 0xFF, 0xFF, 0xFF, 0xFF, 0xFF, 0xFF, 0xFC, 0xFF, 0xFF, 0xFB,
  0xFF, 0xFF, 0xFA, 0xFF, 0xFF, 0x89, 0xFF, 0xFF, 0xDC, 0xFF, 0xFF, 0xFF, 0xFF, 0xFF, 0xFE, 0xFF,
  0xFF, 0xFF, 0xFF, 0xFF, 0xFE, 0xFF, 0xFF, 0xFF, 0xFF, 0xFF, 0x7E, 0x00, 0x00, 0x00, 0xFF, 0xFF,
  0x02, 0xFF, 0xFF, 0x02, 0x00, 0x00, 0x00, 0xFF, 0xFF, 0x3A, 0xFF, 0xFF, 0xEE, 0xFF, 0xFF, 0xFF,
  0xFF, 0xFF, 0xFE, 0xFF, 0xFF, 0xFF, 0xFF, 0xFF, 0xFE, 0xFF, 0xFF, 0xFF, 0xFF, 0xFF, 0x75, 0x00,
  0x00, 0x00, 0xFF, 0xFF, 0x02, 0x00, 0x00, 0x00, 0xFF, 0xFF, 0x01, 0x00, 0x00, 0x00, 0xFF, 0xFF,
  0x13, 0xFF, 0xFF, 0xCB, 0xFF, 0xFF, 0xFF, 0xFF, 0xFF, 0xFB, 0xFF, 0xFF, 0xFF, 0xFF, 0xFF, 0xFF,
  0xFF, 0xFF, 0xFF, 0xFF, 0xFF, 0xFF, 0xFF, 0xFF, 0xFE, 0xFF, 0xFF, 0xFC, 0xFF, 0xFF, 0xFC, 0xFF,
  0xFF, 0xFB, 0xFF, 0xFF, 0xFB, 0xFF, 0xFF, 0xFF, 0xFF, 0xFF, 0x6C, 0xFF, 0xFF, 0xBD, 0xFF, 0xFF,
  0xFF, 0xFF, 0xFF, 0xFD, 0xFF, 0xFF, 0xFF, 0xFF, 0xFF, 0xFD, 0xFF, 0xFF, 0xFF, 0xFF, 0xFF, 0x7D,
  0x00, 0x00, 0x00, 0xFF, 0xFF, 0x02, 0xFF, 0xFF, 0x03, 0x00, 0x00, 0x00, 0xFF, 0xFF, 0x43, 0xFF,
  0xFF, 0xF9, 0xFF, 0xFF, 0xFF, 0xFF, 0xFF, 0xFE, 0xFF, 0xFF, 0xFF, 0xFF, 0xFF, 0xFE, 0xFF, 0xFF,
  0xFF, 0xFF, 0xFF, 0x54, 0x00, 0x00, 0x00, 0xFF, 0xFF, 0x02, 0x00, 0x00, 0x00, 0x00, 0x00, 0x00,
  0xFF, 0xFF, 0x03, 0x00, 0x00, 0x00, 0xFF, 0xFF, 0x3A, 0xFF, 0xFF, 0xFF, 0xFF, 0xFF, 0xFE, 0xFF,
  0xFF, 0xFF, 0xFF, 0xFF, 0xFE, 0xFF, 0xFF, 0xFF, 0xFF, 0xFF, 0xFB, 0xFF, 0xFF, 0x3A, 0x00, 0x00,
  0x00, 0xFF, 0xFF, 0x03, 0x00, 0x00, 0x00, 0x00, 0x00, 0x00, 0xFF, 0xFF, 0x03, 0x00, 0x00, 0x00,
  0xFF, 0xFF, 0x5D, 0xFF, 0xFF, 0xFF, 0xFF, 0xFF, 0xFE, 0xFF, 0xFF, 0xFF, 0xFF, 0xFF, 0xFE, 0xFF,
  0xFF, 0xFF, 0xFF, 0xFF, 0xFE, 0xFF, 0xFF, 0x4C, 0xFF, 0xFF, 0x79, 0xFF, 0xFF, 0xFC, 0xFF, 0xFF,
  0xF8, 0xFF, 0xFF, 0xFC, 0xFF, 0xFF, 0xFB, 0xFF, 0xFF, 0xFC, 0xFF, 0xFF, 0xE9, 0xFF, 0xFF, 0x15,
  0x00, 0x00, 0x00, 0xFF, 0xFF, 0x01, 0x00, 0x00, 0x00, 0x00, 0x00, 0x00, 0xFF, 0xFF, 0x03, 0x00,
  0x00, 0x00, 0xFF, 0xFF, 0x54, 0xFF, 0xFF, 0xFC, 0xFF, 0xFF, 0xF9, 0xFF, 0xFF, 0xFB, 0xFF, 0xFF,
  0xF8, 0xFF, 0xFF, 0xFC, 0xFF, 0xFF, 0xB0, 0xFF, 0xFF, 0x01, 0xFF, 0xFF, 0x01, 0x00, 0x00, 0x00,
  0x00, 0x00, 0x00, 0x00, 0x00, 0x00, 0xFF, 0xFF, 0x02, 0x00, 0x00, 0x00, 0xFF, 0xFF, 0xA2, 0xFF,
  0xFF, 0xFC, 0xFF, 0xFF, 0xF9, 0xFF, 0xFF, 0xFC, 0xFF, 0xFF, 0xFA, 0xFF, 0xFF, 0xFC, 0xFF, 0xFF,
  0xCC, 0xFF, 0xFF, 0x08, 0x00, 0x00, 0x00, 0xFF, 0xFF, 0x01, 0x00, 0x00, 0x00, 0x00, 0x00, 0x00,
  0xFF, 0xFF, 0x01, 0x00, 0x00, 0x00, 0xFF, 0xFF, 0x23, 0xFF, 0xFF, 0xBC, 0xFF, 0xFF, 0xFF, 0xFF,
  0xFF, 0xFF, 0xFF, 0xFF, 0xFB, 0xFF, 0xFF, 0xFC, 0xFF, 0xFF, 0xFD, 0xFF, 0xFF, 0xFC, 0xFF, 0xFF,
  0xFC, 0xFF, 0xFF, 0xFC, 0xFF, 0xFF, 0xFC, 0xFF, 0xFF, 0xFD, 0xFF, 0xFF, 0xFC, 0xFF, 0xFF, 0xFB,
  0xFF, 0xFF, 0xFF, 0xFF, 0xFF, 0xFF, 0xFF, 0xFF, 0xD3, 0xFF, 0xFF, 0x33, 0x00, 0x00, 0x00, 0xFF,
  0xFF, 0x02, 0x00, 0x00, 0x00, 0x00, 0x00, 0x00, 0x00, 0x00, 0x00, 0x00, 0x00, 0x00, 0xFF, 0xFF,
  0x02, 0x00, 0x00, 0x00, 0xFF, 0xFF, 0x68, 0xFF, 0xFF, 0xF5, 0xFF, 0xFF, 0xFF, 0xFF, 0xFF, 0xFB,
  0xFF, 0xFF, 0xFC, 0xFF, 0xFF, 0xFD, 0xFF, 0xFF, 0xFE, 0xFF, 0xFF, 0xFD, 0xFF, 0xFF, 0xFD, 0xFF,
  0xFF, 0xFB, 0xFF, 0xFF, 0xFE, 0xFF, 0xFF, 0xFF, 0xFF, 0xFF, 0x99, 0xFF, 0xFF, 0x28, 0xFF, 0xFF,
  0xDE, 0xFF, 0xFF, 0xFC, 0xFF, 0xFF, 0xFA, 0xFF, 0xFF, 0xFC, 0xFF, 0xFF, 0xFB, 0xFF, 0xFF, 0xFC,
  0xFF, 0xFF, 0x7C, 0x00, 0x00, 0x00, 0xFF, 0xFF, 0x02, 0xFF, 0xFF, 0x02, 0x00, 0x00, 0x00, 0xFF,
  0xFF, 0x39, 0xFF, 0xFF, 0xEB, 0xFF, 0xFF, 0xFC, 0xFF, 0xFF, 0xFB, 0xFF, 0xFF, 0xFC, 0xFF, 0xFF,
  0xFB, 0xFF, 0xFF, 0xFC, 0xFF, 0xFF, 0x74, 0x00, 0x00, 0x00, 0xFF, 0xFF, 0x02, 0x00, 0x00, 0x00,
  0x00, 0x00, 0x00, 0xFF, 0xFF, 0x01, 0x00, 0x00, 0x00, 0xFF, 0xFF, 0x37, 0xFF, 0xFF, 0xDF, 0xFF,
  0xFF, 0xFF, 0xFF, 0xFF, 0xFC, 0xFF, 0xFF, 0xFC, 0xFF, 0xFF, 0xFD, 0xFF, 0xFF, 0xFD, 0xFF, 0xFF,
  0xFD, 0xFF, 0xFF, 0xFD, 0xFF, 0xFF, 0xFB, 0xFF, 0xFF, 0xFF, 0xFF, 0xFF, 0xFF, 0xFF, 0xFF, 0x92,
  0xFF, 0xFF, 0x09, 0xFF, 0xFF, 0xC3, 0xFF, 0xFF, 0xFC, 0xFF, 0xFF, 0xFA, 0xFF, 0xFF, 0xFC, 0xFF,
  0xFF, 0xFA, 0xFF, 0xFF, 0xFC, 0xFF, 0xFF, 0x7B, 0x00, 0x00, 0x00, 0xFF, 0xFF, 0x02, 0xFF, 0xFF,
  0x03, 0x00, 0x00, 0x00, 0xFF, 0xFF, 0x42, 0xFF, 0xFF, 0xF6, 0xFF, 0xFF, 0xFC, 0xFF, 0xFF, 0xFB,
  0xFF, 0xFF, 0xFC, 0xFF, 0xFF, 0xFB, 0xFF, 0xFF, 0xFC, 0xFF, 0xFF, 0x53, 0x00, 0x00, 0x00, 0xFF,
  0xFF, 0x02, 0x00, 0x00, 0x00, 0x00, 0x00, 0x00, 0xFF, 0xFF, 0x03, 0x00, 0x00, 0x00, 0xFF, 0xFF,
  0x39, 0xFF, 0xFF, 0xFC, 0xFF, 0xFF, 0xFB, 0xFF, 0xFF, 0xFC, 0xFF, 0xFF, 0xFB, 0xFF, 0xFF, 0xFC,
  0xFF, 0xFF, 0xF8, 0xFF, 0xFF, 0x39, 0x00, 0x00, 0x00, 0xFF, 0xFF, 0x03, 0x00, 0x00, 0x00, 0x00,
  0x00, 0x00, 0xFF, 0xFF, 0x03, 0x00, 0x00, 0x00, 0xFF, 0xFF, 0x5C, 0xFF, 0xFF, 0xFC, 0xFF, 0xFF,
  0xFB, 0xFF, 0xFF, 0xFC, 0xFF, 0xFF, 0xFB, 0xFF, 0xFF, 0xFC, 0xFF, 0xFF, 0xFB, 0xFF, 0xFF, 0x4B,
  0xFF, 0xFF, 0x81, 0xFF, 0xFF, 0xFF, 0xFF, 0xFF, 0xFF, 0xFF, 0xFF, 0xFF, 0xFF, 0xFF, 0xFF, 0xFF,
  0xFF, 0xFF, 0xFF, 0xFF, 0xF9, 0xFF, 0xFF, 0x16, 0x00, 0x00, 0x00, 0xFF, 0xFF, 0x01, 0x00, 0x00,
  0x00, 0x00, 0x00, 0x00, 0xFF, 0xFF, 0x01, 0xFF, 0xFF, 0x01, 0xFF, 0xFF, 0x10, 0xFF, 0xFF, 0xDD,
  0xFF, 0xFF, 0xFF, 0xFF, 0xFF, 0xFF, 0xFF, 0xFF, 0xFF, 0xFF, 0xFF, 0xFF, 0xFF, 0xFF, 0x4E, 0x00,
  0x00, 0x00, 0xFF, 0xFF, 0x03, 0x00, 0x00, 0x00, 0x00, 0x00, 0x00, 0x00, 0x00, 0x00, 0xFF, 0xFF,
  0x02, 0x00, 0x00, 0x00, 0xFF, 0xFF, 0xAD, 0xFF, 0xFF, 0xFF, 0xFF, 0xFF, 0xFF, 0xFF, 0xFF, 0xFF,
  0xFF, 0xFF, 0xFF, 0xFF, 0xFF, 0xFF, 0xFF, 0xFF, 0xDB, 0xFF, 0xFF, 0x08, 0x00, 0x00, 0x00, 0xFF,
  0xFF, 0x01, 0x00, 0x00, 0x00, 0x00, 0x00, 0x00, 0x00, 0x00, 0x00, 0xFF, 0xFF, 0x02, 0x00, 0x00,
  0x00, 0xFF, 0xFF, 0x0B, 0xFF, 0xFF, 0x7B, 0xFF, 0xFF, 0xE8, 0xFF, 0xFF, 0xFF, 0xFF, 0xFF, 0xFF,
  0xFF, 0xFF, 0xFF, 0xFF, 0xFF, 0xFF, 0xFF, 0xFF, 0xFF, 0xFF, 0xFF, 0xFF, 0xFF, 0xFF, 0xFF, 0xFF,
  0xFF, 0xFF, 0xFF, 0xFF, 0xFF, 0xFF, 0xFF, 0xFF, 0xFF, 0xFF, 0xF3, 0xFF, 0xFF, 0x96, 0xFF, 0xFF,
  0x18, 0x00, 0x00, 0x00, 0xFF, 0xFF, 0x02, 0x00, 0x00, 0x00, 0x00, 0x00, 0x00, 0x00, 0x00, 0x00,
  0x00, 0x00, 0x00, 0x00, 0x00, 0x00, 0x00, 0x00, 0x00, 0xFF, 0xFF, 0x02, 0x00, 0x00, 0x00, 0xFF,
  0xFF, 0x49, 0xFF, 0xFF, 0xD0, 0xFF, 0xFF, 0xFF, 0xFF, 0xFF, 0xFF, 0xFF, 0xFF, 0xFF, 0xFF, 0xFF,
  0xFF, 0xFF, 0xFF, 0xFF, 0xFF, 0xFF, 0xFF, 0xFF, 0xFF, 0xFF, 0xFF, 0xFF, 0xFF, 0xFF, 0xFF, 0x98,
  0xFF, 0xFF, 0x0A, 0xFF, 0xFF, 0x25, 0xFF, 0xFF, 0xF0, 0xFF, 0xFF, 0xFF, 0xFF, 0xFF, 0xFF, 0xFF,
  0xFF, 0xFF, 0xFF, 0xFF, 0xFF, 0xFF, 0xFF, 0xFF, 0xFF, 0xFF, 0x85, 0x00, 0x00, 0x00, 0xFF, 0xFF,
  0x02, 0xFF, 0xFF, 0x02, 0x00, 0x00, 0x00, 0xFF, 0xFF, 0x3D, 0xFF, 0xFF, 0xFC, 0xFF, 0xFF, 0xFF,
  0xFF, 0xFF, 0xFF, 0xFF, 0xFF, 0xFF, 0xFF, 0xFF, 0xFF, 0xFF, 0xFF, 0xFF, 0xFF, 0xFF, 0x7C, 0x00,
  0x00, 0x00, 0xFF, 0xFF, 0x02, 0x00, 0x00, 0x00, 0x00, 0x00, 0x00, 0x00, 0x00, 0x00, 0xFF, 0xFF,
  0x01, 0x00, 0x00, 0x00, 0xFF, 0xFF, 0x32, 0xFF, 0xFF, 0xC5, 0xFF, 0xFF, 0xFF, 0xFF, 0xFF, 0xFF,
  0xFF, 0xFF, 0xFF, 0xFF, 0xFF, 0xFF, 0xFF, 0xFF, 0xFF, 0xFF, 0xFF, 0xFF, 0xFF, 0xFF, 0xFF, 0xFF,
  0xFF, 0xF7, 0xFF, 0xFF, 0x82, 0xFF, 0xFF, 0x05, 0xFF, 0xFF, 0x04, 0xFF, 0xFF, 0xD2, 0xFF, 0xFF,
  0xFF, 0xFF, 0xFF, 0xFF, 0xFF, 0xFF, 0xFF, 0xFF, 0xFF, 0xFF, 0xFF, 0xFF, 0xFF, 0xFF, 0xFF, 0x84,
  0x00, 0x00, 0x00, 0xFF, 0xFF, 0x02, 0xFF, 0xFF, 0x03, 0x00, 0x00, 0x00, 0xFF, 0xFF, 0x47, 0xFF,
  0xFF, 0xFF, 0xFF, 0xFF, 0xFF, 0xFF, 0xFF, 0xFF, 0xFF, 0xFF, 0xFF, 0xFF, 0xFF, 0xFF, 0xFF, 0xFF,
  0xFF, 0xFF, 0xFF, 0x59, 0x00, 0x00, 0x00, 0xFF, 0xFF, 0x02, 0x00, 0x00, 0x00, 0x00, 0x00, 0x00,
  0xFF, 0xFF, 0x03, 0x00, 0x00, 0x00, 0xFF, 0xFF, 0x3D, 0xFF, 0xFF, 0xFF, 0xFF, 0xFF, 0xFF, 0xFF,
  0xFF, 0xFF, 0xFF, 0xFF, 0xFF, 0xFF, 0xFF, 0xFF, 0xFF, 0xFF, 0xFF, 0xFF, 0xFF, 0x3D, 0x00, 0x00,
  0x00, 0xFF, 0xFF, 0x03, 0x00, 0x00, 0x00, 0x00, 0x00, 0x00, 0xFF, 0xFF, 0x03, 0x00, 0x00, 0x00,
  0xFF, 0xFF, 0x62, 0xFF, 0xFF, 0xFF, 0xFF, 0xFF, 0xFF, 0xFF, 0xFF, 0xFF, 0xFF, 0xFF, 0xFF, 0xFF,
  0xFF, 0xFF, 0xFF, 0xFF, 0xFF, 0xFF, 0xFF, 0x50, 0xFF, 0xFF, 0x4B, 0xFF, 0xFF, 0xA2, 0xFF, 0xFF,
  0x9B, 0xFF, 0xFF, 0x9E, 0xFF, 0xFF, 0x9D, 0xFF, 0xFF, 0x9F, 0xFF, 0xFF, 0x92, 0xFF, 0xFF, 0x0D,
  0x00, 0x00, 0x00, 0xFF, 0xFF, 0x01, 0x00, 0x00, 0x00, 0x00, 0x00, 0x00, 0x00, 0x00, 0x00, 0xFF,
  0xFF, 0x01, 0x00, 0x00, 0x00, 0xFF, 0xFF, 0x48, 0xFF, 0xFF, 0x7F, 0xFF, 0xFF, 0x7B, 0xFF, 0xFF,
  0x7E, 0xFF, 0xFF, 0x70, 0xFF, 0xFF, 0x0A, 0x00, 0x00, 0x00, 0xFF, 0xFF, 0x01, 0x00, 0x00, 0x00,
  0x00, 0x00, 0x00, 0x00, 0x00, 0x00, 0xFF, 0xFF, 0x01, 0x00, 0x00, 0x00, 0xFF, 0xFF, 0x65, 0xFF,
  0xFF, 0xA1, 0xFF, 0xFF, 0x9C, 0xFF, 0xFF, 0x9E, 0xFF, 0xFF, 0x9D, 0xFF, 0xFF, 0xA0, 0xFF, 0xFF,
  0x80, 0xFF, 0xFF, 0x05, 0x00, 0x00, 0x00, 0x00, 0x00, 0x00, 0x00, 0x00, 0x00, 0x00, 0x00, 0x00,
  0x00, 0x00, 0x00, 0x00, 0x00, 0x00, 0xFF, 0xFF, 0x02, 0x00, 0x00, 0x00, 0x00, 0x00, 0x00, 0xFF,
  0xFF, 0x1B, 0xFF, 0xFF, 0x6B, 0xFF, 0xFF, 0xAC, 0xFF, 0xFF, 0xD8, 0xFF, 0xFF, 0xEA, 0xFF, 0xFF,
  0xEF, 0xFF, 0xFF, 0xF2, 0xFF, 0xFF, 0xEB, 0xFF, 0xFF, 0xE0, 0xFF, 0xFF, 0xB8, 0xFF, 0xFF, 0x73,
  0xFF, 0xFF, 0x29, 0x00, 0x00, 0x00, 0x00, 0x00, 0x00, 0xFF, 0xFF, 0x02, 0x00, 0x00, 0x00, 0x00,
  0x00, 0x00, 0x00, 0x00, 0x00, 0x00, 0x00, 0x00, 0x00, 0x00, 0x00, 0x00, 0x00, 0x00, 0x00, 0x00,
  0x00, 0x00, 0x00, 0x00, 0xFF, 0xFF, 0x02, 0x00, 0x00, 0x00, 0xFF, 0xFF, 0x12, 0xFF, 0xFF, 0x67,
  0xFF, 0xFF, 0xAF, 0xFF, 0xFF, 0xDF, 0xFF, 0xFF, 0xEA, 0xFF, 0xFF, 0xE9, 0xFF, 0xFF, 0xDC, 0xFF,
  0xFF, 0xA4, 0xFF, 0xFF, 0x47, 0x00, 0x00, 0x00, 0x00, 0x00, 0x00, 0xFF, 0xFF, 0x19, 0xFF, 0xFF,
  0x8C, 0xFF, 0xFF, 0x9F, 0xFF, 0xFF, 0x9D, 0xFF, 0xFF, 0x9E, 0xFF, 0xFF, 0x9D, 0xFF, 0xFF, 0xA0,
  0xFF, 0xFF, 0x4E, 0x00, 0x00, 0x00, 0xFF, 0xFF, 0x01, 0xFF, 0xFF, 0x01, 0x00, 0x00, 0x00, 0xFF,
  0xFF, 0x24, 0xFF, 0xFF, 0x93, 0xFF, 0xFF, 0x9F, 0xFF, 0xFF, 0x9D, 0xFF, 0xFF, 0x9E, 0xFF, 0xFF,
  0x9D, 0xFF, 0xFF, 0x9F, 0xFF, 0xFF, 0x48, 0x00, 0x00, 0x00, 0xFF, 0xFF, 0x01, 0x00, 0x00, 0x00,
  0x00, 0x00, 0x00, 0x00, 0x00, 0x00, 0x00, 0x00, 0x00, 0xFF, 0xFF, 0x02, 0x00, 0x00, 0x00, 0xFF,
  0xFF, 0x0A, 0xFF, 0xFF, 0x5C, 0xFF, 0xFF, 0xA3, 0xFF, 0xFF, 0xD2, 0xFF, 0xFF, 0xE3, 0xFF, 0xFF,
  0xDF, 0xFF, 0xFF, 0xC5, 0xFF, 0xFF, 0x85, 0xFF, 0xFF, 0x30, 0x00, 0x00, 0x00, 0x00, 0x00, 0x00,
  0xFF, 0xFF, 0x05, 0xFF, 0xFF, 0x7B, 0xFF, 0xFF, 0xA0, 0xFF, 0xFF, 0x9D, 0xFF, 0xFF, 0x9E, 0xFF,
  0xFF, 0x9D, 0xFF, 0xFF, 0xA0, 0xFF, 0xFF, 0x4D, 0x00, 0x00, 0x00, 0xFF, 0xFF, 0x01, 0xFF, 0xFF,
  0x02, 0x00, 0x00, 0x00, 0xFF, 0xFF, 0x2A, 0xFF, 0xFF, 0x9A, 0xFF, 0xFF, 0x9E, 0xFF, 0xFF, 0x9D,
  0xFF, 0xFF, 0x9E, 0xFF, 0xFF, 0x9D, 0xFF, 0xFF, 0x9F, 0xFF, 0xFF, 0x34, 0x00, 0x00, 0x00, 0xFF,
  0xFF, 0x01, 0x00, 0x00, 0x00, 0x00, 0x00, 0x00, 0xFF, 0xFF, 0x02, 0x00, 0x00, 0x00, 0xFF, 0xFF,
  0x24, 0xFF, 0xFF, 0x9F, 0xFF, 0xFF, 0x9D, 0xFF, 0xFF, 0x9E, 0xFF, 0xFF, 0x9D, 0xFF, 0xFF, 0x9E,
  0xFF, 0xFF, 0x9B, 0xFF, 0xFF, 0x24, 0x00, 0x00, 0x00, 0xFF, 0xFF, 0x02, 0x00, 0x00, 0x00, 0x00,
  0x00, 0x00, 0xFF, 0xFF, 0x02, 0x00, 0x00, 0x00, 0xFF, 0xFF, 0x39, 0xFF, 0xFF, 0x9F, 0xFF, 0xFF,
  0x9D, 0xFF, 0xFF, 0x9E, 0xFF, 0xFF, 0x9D, 0xFF, 0xFF, 0x9E, 0xFF, 0xFF, 0x9D, 0xFF, 0xFF, 0x2F,
  0x00, 0x00, 0x00, 0x00, 0x00, 0x00, 0x00, 0x00, 0x00, 0x00, 0x00, 0x00, 0x00, 0x00, 0x00, 0x00,
  0x00, 0x00, 0x00, 0x00, 0x00, 0x00, 0x00, 0x00, 0x00, 0x00, 0x00, 0x00, 0x00, 0x00, 0x00, 0x00,
  0x00, 0x00, 0x00, 0x00, 0x00, 0x00, 0x00, 0x00, 0x00, 0x00, 0xFF, 0xFF, 0x01, 0x00, 0x00, 0x00,
  0x00, 0x00, 0x00, 0x00, 0x00, 0x00, 0x00, 0x00, 0x00, 0x00, 0x00, 0x00, 0x00, 0x00, 0x00, 0x00,
  0x00, 0x00, 0x00, 0x00, 0x00, 0x00, 0x00, 0x00, 0x00, 0x00, 0x00, 0x00, 0x00, 0x00, 0x00, 0x00,
  0x00, 0x00, 0x00, 0x00, 0x00, 0x00, 0x00, 0x00, 0x00, 0x00, 0x00, 0x00, 0x00, 0x00, 0x00, 0x00,
  0x00, 0x00, 0x00, 0x00, 0x00, 0x00, 0x00, 0x00, 0x00, 0x00, 0x00, 0x00, 0x00, 0x00, 0x00, 0x00,
  0x00, 0x00, 0x00, 0x00, 0x00, 0x00, 0x00, 0x00, 0x00, 0x00, 0x00, 0x00, 0x00, 0x00, 0x00, 0x00,
  0x00, 0xFF, 0xFF, 0x01, 0xFF, 0xFF, 0x03, 0x00, 0x00, 0x00, 0x00, 0x00, 0x00, 0x00, 0x00, 0x00,
  0xFF, 0xFF, 0x05, 0xFF, 0xFF, 0x1B, 0xFF, 0xFF, 0x29, 0xFF, 0xFF, 0x2F, 0xFF, 0xFF, 0x1F, 0xFF,
  0xFF, 0x08, 0x00, 0x00, 0x00, 0x00, 0x00, 0x00, 0x00, 0x00, 0x00, 0xFF, 0xFF, 0x02, 0xFF, 0xFF,
  0x02, 0x00, 0x00, 0x00, 0x00, 0x00, 0x00, 0x00, 0x00, 0x00, 0x00, 0x00, 0x00, 0x00, 0x00, 0x00,
  0x00, 0x00, 0x00, 0x00, 0x00, 0x00, 0x00, 0x00, 0x00, 0x00, 0x00, 0x00, 0x00, 0x00, 0x00, 0xFF,
  0xFF, 0x02, 0x00, 0x00, 0x00, 0x00, 0x00, 0x00, 0x00, 0x00, 0x00, 0xFF, 0xFF, 0x07, 0xFF, 0xFF,
  0x1B, 0xFF, 0xFF, 0x19, 0xFF, 0xFF, 0x06, 0x00, 0x00, 0x00, 0x00, 0x00, 0x00, 0xFF, 0xFF, 0x01,
  0xFF, 0xFF, 0x01, 0x00, 0x00, 0x00, 0x00, 0x00, 0x00, 0x00, 0x00, 0x00, 0x00, 0x00, 0x00, 0x00,
  0x00, 0x00, 0x00, 0x00, 0x00, 0x00, 0x00, 0x00, 0x00, 0x00, 0x00, 0x00, 0x00, 0x00, 0x00, 0x00,
  0x00, 0x00, 0x00, 0x00, 0x00, 0x00, 0x00, 0x00, 0x00, 0x00, 0x00, 0x00, 0x00, 0x00, 0x00, 0x00,
  0x00, 0x00, 0x00, 0x00, 0x00, 0x00, 0x00, 0x00, 0x00, 0x00, 0x00, 0x00, 0x00, 0x00, 0x00, 0x00,
  0x00, 0x00, 0x00, 0x00, 0x00, 0x00, 0x00, 0x00, 0x00, 0x00, 0x00, 0x00, 0x00, 0x00, 0x00, 0x00,
  0x00, 0x00, 0x00, 0x00, 0xFF, 0xFF, 0x02, 0x00, 0x00, 0x00, 0x00, 0x00, 0x00, 0x00, 0x00, 0x00,
  0x00, 0x00, 0x00, 0xFF, 0xFF, 0x0A, 0xFF, 0xFF, 0x04, 0x00, 0x00, 0x00, 0x00, 0x00, 0x00, 0x00,
  0x00, 0x00, 0xFF, 0xFF, 0x02, 0xFF, 0xFF, 0x01, 0x00, 0x00, 0x00, 0x00, 0x00, 0x00, 0x00, 0x00,
  0x00, 0x00, 0x00, 0x00, 0x00, 0x00, 0x00, 0x00, 0x00, 0x00, 0x00, 0x00, 0x00, 0x00, 0x00, 0x00,
  0x00, 0x00, 0x00, 0x00, 0x00, 0x00, 0x00, 0x00, 0x00, 0x00, 0x00, 0x00, 0x00, 0x00, 0x00, 0x00,
  0x00, 0x00, 0x00, 0x00, 0x00, 0x00, 0x00, 0x00, 0x00, 0x00, 0x00, 0x00, 0x00, 0x00, 0x00, 0x00,
  0x00, 0x00, 0x00, 0x00, 0x00, 0x00, 0x00, 0x00, 0x00, 0x00, 0x00, 0x00, 0x00, 0x00, 0x00, 0x00,
  0x00, 0x00, 0x00, 0x00, 0x00, 0x00, 0x00, 0x00, 0x00, 0x00, 0x00, 0x00, 0x00, 0x00, 0x00, 0x00,
  0x00, 0x00, 0x00, 0x00, 0x00, 0x00, 0x00, 0x00, 0x00, 0x00, 0x00, 0x00, 0x00, 0x00, 0x00, 0x00,
  0x00, 0x00, 0x00, 0x00, 0x00, 0x00, 0x00, 0x00, 0x00, 0x00, 0x00, 0x00, 0x00, 0x00, 0x00, 0x00,
  0x00, 0x00, 0x00, 0x00, 0x00, 0x00, 0x00, 0x00, 0x00, 0x00, 0x00, 0x00, 0x00, 0x00, 0x00, 0x00,
  0x00, 0x00, 0x00, 0x00, 0x00, 0x00, 0x00, 0x00,
};
const lv_img_dsc_t txt_brightness_medium_active = {
  .header.always_zero = 0,
  .header.w = 168,
  .header.h = 35,
  .data_size = 17640,
  .header.cf = LV_IMG_CF_TRUE_COLOR_ALPHA,
  .data = txt_brightness_medium_active_data,
};

/* txt_brightness_medium_normal.png */
static const uint8_t txt_brightness_medium_normal_data[] = {
  0xEF, 0x7B, 0x02, 0xEF, 0x7B, 0x02, 0xEF, 0x7B, 0x02, 0xEF, 0x7B, 0x02, 0xEF, 0x7B, 0x02, 0xEF,
  0x7B, 0x02, 0xEF, 0x7B, 0x02, 0xEF, 0x7B, 0x02, 0xFF, 0xFF, 0x01, 0x00, 0x00, 0x00, 0x00, 0x00,
  0x00, 0x00, 0x00, 0x00, 0x00, 0x00, 0x00, 0x00, 0x00, 0x00, 0x00, 0x00, 0x00, 0x00, 0x00, 0x00,
  0x00, 0x00, 0x00, 0x00, 0x00, 0x00, 0x00, 0x00, 0x00, 0x00, 0x00, 0x00, 0x00, 0x00, 0x00, 0x00,
  0x00, 0x00, 0x00, 0x00, 0x00, 0x00, 0x00, 0x00, 0x00, 0x00, 0x00, 0x00, 0x00, 0x00, 0xEF, 0x7B,
  0x02, 0xEF, 0x7B, 0x02, 0xEF, 0x7B, 0x02, 0xEF, 0x7B, 0x02, 0xEF, 0x7B, 0x02, 0xEF, 0x7B, 0x02,
  0xEF, 0x7B, 0x02, 0xEF, 0x7B, 0x02, 0xFF, 0xFF, 0x01, 0x00, 0x00, 0x00, 0x00, 0x00, 0x00, 0x00,
  0x00, 0x00, 0x00, 0x00, 0x00, 0x00, 0x00, 0x00, 0x00, 0x00, 0x00, 0x00, 0x00, 0x00, 0x00, 0x00,
  0x00, 0x00, 0x00, 0x00, 0x00, 0x00, 0x00, 0x00, 0x00, 0x00, 0x00, 0x00, 0x00, 0x00, 0x00, 0x00,
  0x00, 0x00, 0x00, 0x00, 0x00, 0x00, 0x00, 0x00, 0x00, 0x00, 0x00, 0x00, 0x00, 0x00, 0x00, 0x00,
  0x00, 0x00, 0x00, 0x00, 0x00, 0x00, 0x00, 0x00, 0x00, 0x00, 0x00, 0x00, 0x00, 0x00, 0x00, 0x00,
  0x00, 0x00, 0x00, 0x00, 0x00, 0x00, 0x00, 0x00, 0x00, 0x00, 0x00, 0x00, 0x00, 0x00, 0x00, 0x00,
  0x00, 0x00, 0x00, 0x00, 0x00, 0x00, 0x00, 0x00, 0x00, 0x00, 0x00, 0x00, 0x00, 0x00, 0x00, 0x00,
  0x00, 0x00, 0x00, 0x00, 0x00, 0x00, 0x00, 0x00, 0x00, 0x00, 0x00, 0x00, 0x00, 0x00, 0x00, 0x00,
  0x00, 0x00, 0x00, 0x00, 0x00, 0x00, 0x00, 0x00, 0x00, 0x00, 0x00, 0x00, 0x00, 0x00, 0x00, 0x00,
  0x00, 0x00, 0x00, 0x00, 0x00, 0x00, 0xEF, 0x7B, 0x02, 0xEF, 0x7B, 0x02, 0xEF, 0x7B, 0x02, 0xEF,
  0x7B, 0x02, 0xEF, 0x7B, 0x02, 0xEF, 0x7B, 0x02, 0xFF, 0xFF, 0x01, 0x00, 0x00, 0x00, 0x00, 0x00,
  0x00, 0x00, 0x00, 0x00, 0x00, 0x00, 0x00, 0xFF, 0xFF, 0x01, 0x00, 0x00, 0x00, 0xEF, 0x7B, 0x18,
  0x10, 0x84, 0x5D, 0x30, 0x84, 0x6E, 0x30, 0x84, 0x3B, 0x00, 0x00, 0x00, 0x00, 0x00, 0x00, 0x00,
  0x00, 0x00, 0x00, 0x00, 0x00, 0x00, 0x00, 0x00, 0x00, 0x00, 0x00, 0x00, 0x00, 0x00, 0x00, 0x00,
  0x00, 0x00, 0x00, 0x00, 0x00, 0x00, 0x00, 0x00, 0x00, 0x00, 0x00, 0x00, 0x00, 0x00, 0x00, 0x00,
  0x00, 0x00, 0x00, 0x00, 0x00, 0x00, 0x00, 0x00, 0x00, 0x00, 0x00, 0x00, 0x00, 0x00, 0x00, 0x00,
  0x00, 0x00, 0x00, 0x00, 0x00, 0x00, 0x00, 0x00, 0x00, 0x00, 0x00, 0x00, 0x00, 0x00, 0x00, 0x00,
  0x00, 0x00, 0x00, 0x00, 0x00, 0x00, 0x00, 0x00, 0x00, 0x00, 0x00, 0x00, 0x00, 0x00, 0x00, 0x00,
  0x00, 0x00, 0x00, 0x00, 0x00, 0x00, 0x00, 0x00, 0x00, 0x00, 0x00, 0x00, 0x00, 0x00, 0x00, 0x00,
  0x00, 0x00, 0x00, 0x00, 0x00, 0x00, 0x00, 0x00, 0x00, 0x00, 0x00, 0x00, 0x00, 0x00, 0x00, 0x00,
  0x00, 0x00, 0x00, 0x00, 0x00, 0x00, 0x00, 0x00, 0x00, 0x00, 0x00, 0x00, 0x00, 0x00, 0x00, 0x00,
  0x00, 0x00, 0x00, 0x00, 0x00, 0x00, 0x00, 0x00, 0x00, 0x00, 0x00, 0x00, 0x00, 0x00, 0x00, 0x00,
  0x00, 0x00, 0x00, 0x00, 0x00, 0x00, 0x00, 0x00, 0x00, 0x00, 0x00, 0x00, 0x00, 0x00, 0x00, 0x00,
  0x00, 0x00, 0x00, 0x00, 0x00, 0x00, 0x00, 0x00, 0x00, 0x00, 0x00, 0x00, 0x00, 0x00, 0x00, 0x00,
  0x00, 0x00, 0x00, 0x00, 0x00, 0x00, 0x00, 0x00, 0x00, 0x00, 0x00, 0x00, 0x00, 0x00, 0x00, 0x00,
  0x00, 0x00, 0x00, 0x00, 0x00, 0x00, 0x00, 0x00, 0x00, 0x00, 0x00, 0x00, 0x00, 0x00, 0x00, 0x00,
  0x00, 0x00, 0x00, 0x00, 0x00, 0x00, 0x00, 0x00, 0x00, 0x00, 0x00, 0x00, 0x00, 0x00, 0x00, 0x00,
  0x00, 0x00, 0x00, 0x00, 0x00, 0x00, 0x00, 0x00, 0x00, 0x00, 0x00, 0x00, 0x00, 0x00, 0x00, 0x00,
  0x00, 0x00, 0x00, 0x00, 0x00, 0x00, 0x00, 0x00, 0x00, 0x00, 0x00, 0x00, 0x00, 0x00, 0x00, 0x00,
  0x00, 0x00, 0x00, 0x00, 0x00, 0x00, 0x00, 0x00, 0x00, 0x00, 0x00, 0x00, 0x00, 0x00, 0x00, 0x00,
  0x00, 0x00, 0x00, 0x00, 0x00, 0x00, 0x00, 0x00, 0x00, 0x00, 0x00, 0x00, 0x00, 0x00, 0x00, 0x00,
  0x00, 0x00, 0x00, 0x00, 0x00, 0x00, 0x00, 0x00, 0x00, 0x00, 0x00, 0x00, 0x00, 0x00, 0x00, 0x00,
  0x00, 0x00, 0x00, 0x00, 0x00, 0x00, 0x00, 0x00, 0x00, 0x00, 0x00, 0x00, 0x00, 0x00, 0x00, 0x00,
  0x00, 0x00, 0x00, 0x00, 0x00, 0x00, 0x00, 0x00, 0x00, 0x00, 0x00, 0x00, 0x00, 0x00, 0x00, 0x00,
  0x00, 0x00, 0x00, 0x00, 0x00, 0x00, 0x00, 0x00, 0x00, 0x00, 0x00, 0x00, 0x00, 0x00, 0x00, 0x00,
  0x00, 0x00, 0x00, 0x00, 0x00, 0x00, 0x00, 0x00, 0x00, 0x00, 0x00, 0x00, 0x00, 0x00, 0x00, 0x00,
  0x00, 0x00, 0x00, 0x00, 0x00, 0x00, 0x00, 0x00, 0x00, 0x00, 0x00, 0x00, 0x00, 0x00, 0x00, 0x00,
  0x00, 0x00, 0x00, 0x00, 0x00, 0x00, 0x00, 0x00, 0x00, 0x00, 0x00, 0x00, 0x00, 0x00, 0x00, 0x00,
  0x00, 0x00, 0x00, 0x00, 0x00, 0x00, 0x00, 0x00, 0x00, 0x00, 0x00, 0x00, 0x00, 0x00, 0x00, 0x00,
  0x00, 0x00, 0x00, 0x00, 0x00, 0x00, 0x00, 0x00, 0x00, 0x00, 0x00, 0x00, 0x00, 0x00, 0x00, 0x00,
  0x00, 0x00, 0x00, 0x00, 0x00, 0x00, 0x00, 0x00, 0x00, 0x00, 0x00, 0x00, 0x00, 0x00, 0x00, 0x00,
  0x00, 0x00, 0x00, 0x00, 0x00, 0x00, 0x00, 0x00, 0x00, 0x00, 0x00, 0x00, 0x00, 0x00, 0x00, 0x00,
  0x00, 0x00, 0x00, 0x00, 0x00, 0x00, 0x00, 0x00, 0x00, 0x00, 0x00, 0x00, 0xFF, 0xFF, 0x01, 0x00,
  0x00, 0x00, 0x10, 0x84, 0x43, 0x30, 0x84, 0xDC, 0x30, 0x84, 0xFF, 0x51, 0x8C, 0xFF, 0x30, 0x84,
  0xF5, 0x10, 0x84, 0x9E, 0xEF, 0x7B, 0x08, 0xFF, 0xFF, 0x01, 0x00, 0x00, 0x01, 0x00, 0x00, 0x00,
  0x00, 0x00, 0x00, 0x00, 0x00, 0x00, 0x00, 0x00, 0x00, 0x00, 0x00, 0x00, 0x00, 0x00, 0x00, 0x00,
  0x00, 0x00, 0x00, 0x00, 0x00, 0x00, 0x00, 0x00, 0x00, 0x00, 0x00, 0x00, 0x00, 0x00, 0x00, 0x00,
  0x00, 0x00, 0x00, 0x00, 0x00, 0x00, 0x00, 0x00, 0x00, 0x00, 0x00, 0x00, 0x00, 0x00, 0x00, 0x00,
  0x00, 0x00, 0x00, 0x00, 0x00, 0x00, 0x00, 0x00, 0x00, 0x00, 0x00, 0x00, 0x00, 0x00, 0x00, 0x00,
  0x00, 0x00, 0x00, 0x00, 0x00, 0x00, 0x00, 0x00, 0x00, 0x00, 0x00, 0x00, 0x00, 0x00, 0x00, 0x00,
  0x00, 0x00, 0x00, 0x00, 0x00, 0x00, 0x00, 0x00, 0x00, 0x00, 0x00, 0x00, 0x00, 0x00, 0x00, 0x00,
  0x00, 0x00, 0x00, 0x00, 0x00, 0x00, 0x00, 0x00, 0x00, 0x00, 0x00, 0x00, 0x00, 0x00, 0x00, 0x00,
  0x00, 0x00, 0x00, 0x00, 0x00, 0x00, 0x00, 0x00, 0x00, 0x00, 0x00, 0x00, 0x00, 0x00, 0x00, 0x00,
  0x00, 0x00, 0x00, 0x00, 0x00, 0x00, 0x00, 0x00, 0x00, 0x00, 0x00, 0x00, 0x00, 0x00, 0x00, 0x00,
  0x00, 0x00, 0x00, 0x00, 0x00, 0x00, 0x00, 0x00, 0x00, 0x00, 0x00, 0x00, 0x00, 0x00, 0x00, 0x00,
  0x00, 0x00, 0x00, 0x00, 0x00, 0x00, 0x00, 0x00, 0x00, 0x00, 0x00, 0x00, 0x00, 0x00, 0x00, 0x00,
  0x00, 0x00, 0x00, 0x00, 0x00, 0x00, 0x00, 0x00, 0x00, 0x00, 0x00, 0x00, 0x00, 0x00, 0x00, 0x00,
  0x10, 0x84, 0x94, 0x10, 0x84, 0x94, 0x10, 0x84, 0x94, 0x10, 0x84, 0x94, 0x10, 0x84, 0x94, 0x10,
  0x84, 0x94, 0x10, 0x84, 0x93, 0x30, 0x84, 0x9B, 0xEF, 0x7B, 0x42, 0x00, 0x00, 0x00, 0xEF, 0x7B,
  0x02, 0x00, 0x00, 0x00, 0x00, 0x00, 0x00, 0x00, 0x00, 0x00, 0x00, 0x00, 0x00, 0x00, 0x00, 0x00,
  0x00, 0x00, 0x00, 0x00, 0x00, 0x00, 0x00, 0x00, 0x00, 0x00, 0x00, 0x00, 0x00, 0x00, 0x00, 0x00,
  0x00, 0x00, 0x00, 0x00, 0x00, 0x00, 0x00, 0x01, 0x00, 0x00, 0x00, 0x71, 0x8C, 0x09, 0x10, 0x84,
  0x82, 0x10, 0x84, 0x99, 0x10, 0x84, 0x93, 0x10, 0x84, 0x94, 0x10, 0x84, 0x94, 0x10, 0x84, 0x94,
  0x10, 0x84, 0x92, 0x10, 0x84, 0x9F, 0x10, 0x84, 0x4C, 0x00, 0x00, 0x00, 0xEF, 0x7B, 0x02, 0x00,
  0x00, 0x00, 0x00, 0x00, 0x00, 0x00, 0x00, 0x00, 0x00, 0x00, 0x00, 0x00, 0x00, 0x00, 0x00, 0x00,
  0x00, 0x00, 0x00, 0x00, 0x00, 0x00, 0x00, 0x00, 0x00, 0x00, 0x00, 0x00, 0x00, 0x00, 0x00, 0x00,
  0x00, 0x00, 0x00, 0x00, 0x00, 0x00, 0x00, 0x00, 0x00, 0x00, 0x00, 0x00, 0x00, 0x00, 0x00, 0x00,
  0x00, 0x00, 0x00, 0x00, 0x00, 0x00, 0x00, 0x00, 0x00, 0x00, 0x00, 0x00, 0x00, 0x00, 0x00, 0x00,
  0x00, 0x00, 0x00, 0x00, 0x00, 0x00, 0x00, 0x00, 0x00, 0x00, 0x00, 0x00, 0x00, 0x00, 0x00, 0x00,
  0x00, 0x00, 0x00, 0x00, 0x00, 0x00, 0x00, 0x00, 0x00, 0x00, 0x00, 0x00, 0x00, 0x00, 0x00, 0x00,
  0x00, 0x00, 0x00, 0x00, 0x00, 0x00, 0x00, 0x00, 0x00, 0x00, 0x00, 0x00, 0x00, 0x00, 0x00, 0x00,
  0x00, 0x00, 0x00, 0x00, 0x00, 0x00, 0x00, 0x00, 0x00, 0x00, 0x00, 0x00, 0x00, 0xFF, 0xFF, 0x01,
  0x00, 0x00, 0x00, 0x30, 0x84, 0x1B, 0x10, 0x84, 0x8E, 0x30, 0x84, 0x96, 0x10, 0x84, 0x94, 0x10,
  0x84, 0x94, 0x10, 0x84, 0x93, 0x10, 0x84, 0x9B, 0xEF, 0x7B, 0x4E, 0x00, 0x00, 0x00, 0xEF, 0x7B,
  0x02, 0xEF, 0x7B, 0x02, 0x00, 0x00, 0x00, 0xEF, 0x7B, 0x1A, 0x10, 0x84, 0xE2, 0x51, 0x8C, 0xFF,
  0x10, 0x84, 0xFB, 0x10, 0x84, 0xFB, 0x10, 0x84, 0xFF, 0x71, 0x8C, 0xFF, 0x10, 0x84, 0x81, 0x00,
  0x00, 0x00, 0xAA, 0x52, 0x03, 0x00, 0x00, 0x00, 0x00, 0x00, 0x00, 0x00, 0x00, 0x00, 0x00, 0x00,
  0x00, 0x00, 0x00, 0x00, 0x00, 0x00, 0x00, 0x00, 0x00, 0x00, 0x00, 0x00, 0x00, 0x00, 0x00, 0x00,
  0x00, 0x00, 0x00, 0x00, 0x00, 0x00, 0x00, 0x00, 0x00, 0x00, 0x00, 0x00, 0x00, 0x00, 0x00, 0x00,
  0x00, 0x00, 0x00, 0x00, 0x00, 0x00, 0x00, 0x00, 0x00, 0x00, 0x00, 0x00, 0x00, 0x00, 0x00, 0x00,
  0x00, 0x00, 0x00, 0x00, 0x00, 0x00, 0x00, 0x00, 0x00, 0x00, 0x00, 0x00, 0x00, 0x00, 0x00, 0x00,
  0x00, 0x00, 0x00, 0x00, 0x00, 0x00, 0x00, 0x00, 0x00, 0x00, 0x00, 0x00, 0x00, 0x00, 0x00, 0x00,
  0x00, 0x00, 0x00, 0x00, 0x00, 0x00, 0x00, 0x00, 0x00, 0x00, 0x00, 0x00, 0x00, 0x00, 0x00, 0x00,
  0x00, 0x00, 0x00, 0x00, 0x00, 0x00, 0x00, 0x00, 0x00, 0x00, 0x00, 0x00, 0x00, 0x00, 0x00, 0x00,
  0x00, 0x00, 0x00, 0x00, 0x00, 0x00, 0x00, 0x00, 0x00, 0x00, 0x00, 0x00, 0x00, 0x00, 0x00, 0x00,
  0x00, 0x00, 0x00, 0x00, 0x00, 0x00, 0x00, 0x00, 0x00, 0x00, 0x00, 0x00, 0x00, 0x00, 0x00, 0x00,
  0x00, 0x00, 0x00, 0x00, 0x00, 0x00, 0x00, 0x00, 0x00, 0x00, 0x00, 0x00, 0x00, 0x00, 0x00, 0x00,
  0x00, 0x00, 0x00, 0x00, 0x00, 0x00, 0x00, 0x00, 0x00, 0x00, 0x00, 0x00, 0x00, 0x00, 0x00, 0x00,
  0x00, 0x00, 0x00, 0x00, 0x00, 0x00, 0x00, 0x00, 0x51, 0x8C, 0xFF, 0x51, 0x8C, 0xFF, 0x51, 0x8C,
  0xFF, 0x51, 0x8C, 0xFF, 0x51, 0x8C, 0xFF, 0x51, 0x8C, 0xFF, 0x30, 0x84, 0xFF, 0x71, 0x8C, 0xFF,
  0x10, 0x84, 0xC2, 0x55, 0xAD, 0x03, 0xEF, 0x7B, 0x02, 0x00, 0x00, 0x00, 0x00, 0x00, 0x00, 0x00,
  0x00, 0x00, 0x00, 0x00, 0x00, 0x00, 0x00, 0x00, 0x00, 0x00, 0x00, 0x00, 0x00, 0x00, 0x00, 0x00,
  0x00, 0x00, 0x00, 0x00, 0x00, 0x00, 0x00, 0x00, 0x00, 0x00, 0x00, 0x00, 0x00, 0x55, 0xAD, 0x03,
  0x00, 0x00, 0x01, 0x10, 0x84, 0x4B, 0x51, 0x8C, 0xFF, 0x30, 0x84, 0xFF, 0x51, 0x8C, 0xFF, 0x51,
  0x8C, 0xFF, 0x51, 0x8C, 0xFF, 0x51, 0x8C, 0xFF, 0x30, 0x84, 0xFF, 0xB2, 0x94, 0xFF, 0x30, 0x84,
  0x86, 0x00, 0x00, 0x00, 0x55, 0xAD, 0x03, 0x00, 0x00, 0x00, 0x00, 0x00, 0x00, 0x00, 0x00, 0x00,
  0x00, 0x00, 0x00, 0x00, 0x00, 0x00, 0x00, 0x00, 0x00, 0x00, 0x00, 0x00, 0x00, 0x00, 0x00, 0x00,
  0x00, 0x00, 0x00, 0x00, 0x00, 0x00, 0x00, 0x00, 0x00, 0x00, 0x00, 0x00, 0x00, 0x00, 0x00, 0x00,
  0x00, 0x00, 0x00, 0x00, 0x00, 0x00, 0x00, 0x00, 0x00, 0x00, 0x00, 0x00, 0x00, 0x00, 0x00, 0x00,
  0x00, 0x00, 0x00, 0x00, 0x00, 0x00, 0x00, 0x00, 0x00, 0x00, 0x00, 0x00, 0x00, 0x00, 0x00, 0x00,
  0x00, 0x00, 0x00, 0x00, 0x00, 0x00, 0x00, 0x00, 0x00, 0x00, 0x00, 0x00, 0x00, 0x00, 0x00, 0x00,
  0x00, 0x00, 0x00, 0x00, 0x00, 0x00, 0x00, 0x00, 0x00, 0x00, 0x00, 0x00, 0x00, 0x00, 0x00, 0x00,
  0x00, 0x00, 0x00, 0x00, 0x00, 0x00, 0x00, 0x00, 0x00, 0x00, 0x00, 0x00, 0x00, 0x00, 0x00, 0x00,
  0x00, 0x00, 0x00, 0x00, 0x00, 0xEF, 0x7B, 0x02, 0x00, 0x00, 0x00, 0xEF, 0x7B, 0x30, 0x30, 0x84,
  0xF8, 0x51, 0x8C, 0xFF, 0x30, 0x84, 0xFF, 0x51, 0x8C, 0xFF, 0x30, 0x84, 0xFF, 0x92, 0x94, 0xFF,
  0x10, 0x84, 0x8F, 0x00, 0x00, 0x00, 0xEF, 0x7B, 0x04, 0xAA, 0x52, 0x03, 0x00, 0x00, 0x00, 0x10,
  0x84, 0x5B, 0x10, 0x84, 0xFF, 0x10, 0x84, 0xFD, 0x10, 0x84, 0xFF, 0x10, 0x84, 0xFF, 0x10, 0x84,
  0xFC, 0x30, 0x84, 0xFC, 0x10, 0x84, 0xC3, 0x55, 0xAD, 0x03, 0x00, 0x00, 0x00, 0x00, 0x00, 0x00,
  0x00, 0x00, 0x00, 0x00, 0x00, 0x00, 0x00, 0x00, 0x00, 0x00, 0x00, 0x00, 0x00, 0x00, 0x00, 0x00,
  0x00, 0x00, 0x00, 0x00, 0x00, 0x00, 0x00, 0x00, 0x00, 0x00, 0x00, 0x00, 0x00, 0x00, 0x00, 0x00,
  0x00, 0x00, 0x00, 0x00, 0x00, 0x00, 0x00, 0x00, 0x00, 0x00, 0x00, 0x00, 0x00, 0x00, 0x00, 0x00,
  0x00, 0x00, 0x00, 0x00, 0x00, 0x00, 0x00, 0x00, 0x00, 0x00, 0x00, 0x00, 0x00, 0x00, 0x00, 0x00,
  0x00, 0x00, 0x00, 0x00, 0x00, 0x00, 0x00, 0x00, 0x00, 0x00, 0x00, 0x00, 0x00, 0x00, 0x00, 0x00,
  0x00, 0x00, 0x00, 0x00, 0x00, 0x00, 0x00, 0x00, 0x00, 0x00, 0x00, 0x00, 0x00, 0x00, 0x00, 0x00,
  0x00, 0x00, 0x00, 0x00, 0x00, 0x00, 0x00, 0x00, 0x00, 0x00, 0x00, 0x00, 0x00, 0x00, 0x00, 0x00,
  0x00, 0x00, 0x00, 0x00, 0x00, 0x00, 0x00, 0x00, 0x00, 0x00, 0x00, 0x00, 0x00, 0x00, 0x00, 0x00,
  0x00, 0x00, 0x00, 0x00, 0x00, 0x00, 0x00, 0x00, 0x00, 0x00, 0x00, 0x00, 0x00, 0x00, 0x00, 0x00,
  0x00, 0x00, 0x00, 0x00, 0x00, 0x00, 0x00, 0x00, 0x00, 0x00, 0x00, 0x00, 0x00, 0x00, 0x00, 0x00,
  0x00, 0x00, 0x00, 0x00, 0x00, 0x00, 0x00, 0x00, 0x00, 0x00, 0x00, 0x00, 0x00, 0x00, 0x00, 0x00,
  0x00, 0x00, 0x00, 0x00, 0x00, 0x00, 0x00, 0x00, 0x00, 0x00, 0x00, 0x00, 0x00, 0x00, 0x00, 0x00,
  0x10, 0x84, 0xFC, 0x10, 0x84, 0xFC, 0x10, 0x84, 0xFC, 0x10, 0x84, 0xFC, 0x10, 0x84, 0xFC, 0x10,
  0x84, 0xFC, 0x10, 0x84, 0xFC, 0x10, 0x84, 0xFB, 0x30, 0x84, 0xFD, 0xEF, 0x7B, 0x3D, 0x00, 0x00,
  0x01, 0x55, 0xAD, 0x03, 0x00, 0x00, 0x00, 0x00, 0x00, 0x00, 0x00, 0x00, 0x00, 0x00, 0x00, 0x00,
  0x00, 0x00, 0x00, 0x00, 0x00, 0x00, 0x00, 0x00, 0x00, 0x00, 0x00, 0x00, 0x00, 0x00, 0x00, 0x00,
  0x00, 0x00, 0x00, 0x00, 0x00, 0xFF, 0xFF, 0x01, 0x00, 0x00, 0x00, 0x10, 0x84, 0xB3, 0x30, 0x84,
  0xFD, 0x10, 0x84, 0xF9, 0x10, 0x84, 0xFD, 0x10, 0x84, 0xFC, 0x10, 0x84, 0xFC, 0x10, 0x84, 0xFC,
  0x10, 0x84, 0xF9, 0x51, 0x8C, 0xFC, 0x30, 0x84, 0x7F, 0x00, 0x00, 0x00, 0x55, 0xAD, 0x03, 0x00,
  0x00, 0x00, 0x00, 0x00, 0x00, 0x00, 0x00, 0x00, 0x00, 0x00, 0x00, 0x00, 0x00, 0x00, 0x00, 0x00,
  0x00, 0x00, 0x00, 0x00, 0x00, 0x00, 0x00, 0x00, 0x00, 0x00, 0x00, 0x00, 0x00, 0x00, 0x00, 0x00,
  0x00, 0x00, 0x00, 0x00, 0x00, 0x00, 0x00, 0x00, 0x00, 0x00, 0x00, 0x00, 0x00, 0x00, 0x00, 0x00,
  0x00, 0x00, 0x00, 0x00, 0x00, 0x00, 0x00, 0x00, 0x00, 0x00, 0x00, 0x00, 0x00, 0x00, 0x00, 0x00,
  0x00, 0x00, 0x00, 0x00, 0x00, 0x00, 0x00, 0x00, 0x00, 0x00, 0x00, 0x00, 0x00, 0x00, 0x00, 0x00,
  0x00, 0x00, 0x00, 0x00, 0x00, 0x00, 0x00, 0x00, 0x00, 0x00, 0x00, 0x00, 0x00, 0x00, 0x00, 0x00,
  0x00, 0x00, 0x00, 0x00, 0x00, 0x00, 0x00, 0x00, 0x00, 0x00, 0x00, 0x00, 0x00, 0x00, 0x00, 0x00,
  0x00, 0x00, 0x00, 0x00, 0x00, 0x00, 0x00, 0x00, 0x00, 0x00, 0x00, 0x00, 0x00, 0xEF, 0x7B, 0x02,
  0x00, 0x00, 0x00, 0xEF, 0x7B, 0x2C, 0x30, 0x84, 0xE9, 0x10, 0x84, 0xFC, 0x10, 0x84, 0xFB, 0x10,
  0x84, 0xFC, 0x10, 0x84, 0xF9, 0x30, 0x84, 0xFC, 0x10, 0x84, 0x86, 0x00, 0x00, 0x00, 0xEF, 0x7B,
  0x04, 0xAA, 0x52, 0x03, 0x00, 0x00, 0x00, 0x10, 0x84, 0x4B, 0x10, 0x84, 0xFD, 0x10, 0x84, 0xFC,
  0x10, 0x84, 0xFE, 0x10, 0x84, 0xFF, 0x10, 0x84, 0xFB, 0x30, 0x84, 0xFE, 0x10, 0x84, 0xBF, 0xEF,
  0x7B, 0x02, 0x00, 0x00, 0x00, 0x00, 0x00, 0x00, 0x00, 0x00, 0x00, 0x00, 0x00, 0x00, 0x00, 0x00,
  0x00, 0x00, 0x00, 0x00, 0x00, 0x00, 0x00, 0x00, 0x00, 0x00, 0x00, 0x00, 0x00, 0x00, 0x00, 0x00,
  0x00, 0x00, 0x00, 0x00, 0x00, 0x00, 0x00, 0x00, 0x00, 0x00, 0x00, 0x00, 0x00, 0x00, 0x00, 0x00,
  0x00, 0x00, 0x00, 0x00, 0x00, 0x00, 0x00, 0x00, 0x00, 0x00, 0x00, 0x00, 0x00, 0x00, 0x00, 0x00,
  0x00, 0x00, 0x00, 0x00, 0x00, 0x00, 0x00, 0x00, 0x00, 0x00, 0x00, 0x00, 0x00, 0x00, 0x00, 0x00,
  0x00, 0x00, 0x00, 0x00, 0x00, 0x00, 0x00, 0x00, 0x00, 0x00, 0x00, 0x00, 0x00, 0x00, 0x00, 0x00,
  0x00, 0x00, 0x00, 0x00, 0x00, 0x00, 0x00, 0x00, 0x00, 0x00, 0x00, 0x00, 0x00, 0x00, 0x00, 0x00,
  0x00, 0x00, 0x00, 0x00, 0x00, 0x00, 0x00, 0x00, 0x00, 0x00, 0x00, 0x00, 0x00, 0x00, 0x00, 0x00,
  0x00, 0x00, 0x00, 0x00, 0x00, 0x00, 0x00, 0x00, 0x00, 0x00, 0x00, 0x00, 0x00, 0x00, 0x00, 0x00,
  0x00, 0x00, 0x00, 0x00, 0x00, 0x00, 0x00, 0x00, 0x00, 0x00, 0x00, 0x00, 0x00, 0x00, 0x00, 0x00,
  0x00, 0x00, 0x00, 0x00, 0x00, 0x00, 0x00, 0x00, 0x00, 0x00, 0x00, 0x00, 0x00, 0x00, 0x00, 0x00,
  0x00, 0x00, 0x00, 0x00, 0x00, 0x00, 0x00, 0x00, 0x00, 0x00, 0x00, 0x00, 0x00, 0x00, 0x00, 0x00,
  0x00, 0x00, 0x00, 0x00, 0x00, 0x00, 0x00, 0x00, 0x10, 0x84, 0xFF, 0x10, 0x84, 0xFF, 0x10, 0x84,
  0xFF, 0x10, 0x84, 0xFF, 0x10, 0x84, 0xFF, 0x10, 0x84, 0xFF, 0x10, 0x84, 0xFF, 0x10, 0x84, 0xFB,
  0x51, 0x8C, 0xFF, 0x10, 0x84, 0xA0, 0x00, 0x00, 0x00, 0xEF, 0x7B, 0x02, 0x00, 0x00, 0x00, 0x00,
  0x00, 0x00, 0x00, 0x00, 0x00, 0x00, 0x00, 0x00, 0x00, 0x00, 0x00, 0x00, 0x00, 0x00, 0x00, 0x00,
  0x00, 0x00, 0x00, 0x00, 0x00, 0x00, 0x00, 0x00, 0x00, 0x00, 0xEF, 0x7B, 0x02, 0x00, 0x00, 0x00,
  0xEF, 0x7B, 0x30, 0x10, 0x84, 0xF4, 0x10, 0x84, 0xFE, 0x10, 0x84, 0xFE, 0x10, 0x84, 0xFF, 0x10,
  0x84, 0xFF, 0x10, 0x84, 0xFF, 0x10, 0x84, 0xFF, 0x10, 0x84, 0xFB, 0x71, 0x8C, 0xFF, 0x30, 0x84,
  0x80, 0x00, 0x00, 0x00, 0x55, 0xAD, 0x03, 0x00, 0x00, 0x00, 0x00, 0x00, 0x00, 0x00, 0x00, 0x00,
  0x00, 0x00, 0x00, 0x00, 0x00, 0x00, 0x00, 0x00, 0x00, 0x00, 0x00, 0x00, 0x00, 0x00, 0x00, 0x00,
  0x00, 0x00, 0x00, 0x00, 0x00, 0x00, 0x00, 0x00, 0x00, 0x00, 0x00, 0x00, 0x00, 0x00, 0x00, 0x00,
  0x00, 0x00, 0x00, 0x00, 0x00, 0x00, 0x00, 0x00, 0x00, 0x00, 0x00, 0x00, 0x00, 0x00, 0x00, 0x00,
  0x00, 0x00, 0x00, 0x00, 0x00, 0x00, 0x00, 0x00, 0x00, 0x00, 0x00, 0x00, 0x00, 0x00, 0x00, 0x00,
  0x00, 0x00, 0x00, 0x00, 0x00, 0x00, 0x00, 0x00, 0x00, 0x00, 0x00, 0x00, 0x00, 0x00, 0x00, 0x00,
  0x00, 0x00, 0x00, 0x00, 0x00, 0x00, 0x00, 0x00, 0x00, 0x00, 0x00, 0x00, 0x00, 0x00, 0x00, 0x00,
  0x00, 0x00, 0x00, 0x00, 0x00, 0x00, 0x00, 0x00, 0x00, 0x00, 0x00, 0x00, 0x00, 0x00, 0x00, 0x00,
  0x00, 0x00, 0x00, 0x00, 0x00, 0xEF, 0x7B, 0x02, 0x00, 0x00, 0x00, 0xEF, 0x7B, 0x2D, 0x30, 0x84,
  0xEC, 0x10, 0x84, 0xFF, 0x10, 0x84, 0xFE, 0x10, 0x84, 0xFF, 0x10, 0x84, 0xFC, 0x51, 0x8C, 0xFF,
  0x10, 0x84, 0x88, 0x00, 0x00, 0x00, 0xEF, 0x7B, 0x04, 0x00, 0x00, 0x01, 0x00, 0x00, 0x01, 0xEF,
  0x7B, 0x0C, 0x10, 0x84, 0xC8, 0x71, 0x8C, 0xFF, 0x10, 0x84, 0xFF, 0x10, 0x84, 0xFF, 0x30, 0x84,
  0xFF, 0x51, 0x8C, 0xFF, 0x10, 0x84, 0x5C, 0x00, 0x00, 0x00, 0xEF, 0x7B, 0x02, 0x00, 0x00, 0x00,
  0x00, 0x00, 0x00, 0x00, 0x00, 0x00, 0x00, 0x00, 0x00, 0x00, 0x00, 0x00, 0x00, 0x00, 0x00, 0x00,
  0x00, 0x00, 0x00, 0x00, 0x00, 0x00, 0x00, 0x00, 0x00, 0x00, 0x00, 0x00, 0x00, 0x00, 0x00, 0x00,
  0x00, 0x00, 0x00, 0x00, 0x00, 0x00, 0x00, 0x00, 0x00, 0x00, 0x00, 0x00, 0x00, 0x00, 0x00, 0x00,
  0x00, 0x00, 0x00, 0x00, 0x00, 0x00, 0x00, 0x00, 0x00, 0x00, 0x00, 0x00, 0x00, 0x00, 0x00, 0x00,
  0x00, 0x00, 0x00, 0x00, 0x00, 0x00, 0x00, 0x00, 0x00, 0x00, 0x00, 0x00, 0x00, 0x00, 0x00, 0x00,
  0x00, 0x00, 0x00, 0x00, 0x00, 0x00, 0x00, 0x00, 0x00, 0x00, 0x00, 0x00, 0x00, 0x00, 0x00, 0x00,
  0x00, 0x00, 0x00, 0x00, 0x00, 0x00, 0x00, 0x00, 0x00, 0x00, 0x00, 0x00, 0x00, 0x00, 0x00, 0x00,
  0x00, 0x00, 0x00, 0x00, 0x00, 0x00, 0x00, 0x00, 0x00, 0x00, 0x00, 0x00, 0x00, 0x00, 0x00, 0x00,
  0x00, 0x00, 0x00, 0x00, 0x00, 0x00, 0x00, 0x00, 0x00, 0x00, 0x00, 0x00, 0x00, 0x00, 0x00, 0x00,
  0x00, 0x00, 0x00, 0x00, 0x00, 0x00, 0x00, 0x00, 0x00, 0x00, 0x00, 0x00, 0x00, 0x00, 0x00, 0x00,
  0x00, 0x00, 0x00, 0x00, 0x00, 0x00, 0x00, 0x00, 0x00, 0x00, 0x00, 0x00, 0x00, 0x00, 0x00, 0x00,
  0x00, 0x00, 0x00, 0x00, 0x00, 0x00, 0x00, 0x00, 0x00, 0x00, 0x00, 0x00, 0x00, 0x00, 0x00, 0x00,
  0x10, 0x84, 0xFF, 0x10, 0x84, 0xFF, 0x10, 0x84, 0xFF, 0x10, 0x84, 0xFF, 0x10, 0x84, 0xFF, 0x10,
  0x84, 0xFF, 0x10, 0x84, 0xFF, 0x10, 0x84, 0xFE, 0x10, 0x84, 0xFF, 0x10, 0x84, 0xED, 0xCF, 0x7B,
  0x1D, 0x00, 0x00, 0x00, 0xFF, 0xFF, 0x01, 0x00, 0x00, 0x00, 0x00, 0x00, 0x00, 0x00, 0x00, 0x00,
  0x00, 0x00, 0x00, 0x00, 0x00, 0x00, 0x00, 0x00, 0x00, 0x00, 0x00, 0x00, 0x00, 0x00, 0x00, 0x00,
  0x00, 0x00, 0xAA, 0x52, 0x03, 0x00, 0x00, 0x00, 0x10, 0x84, 0x86, 0x51, 0x8C, 0xFF, 0x10, 0x84,
  0xFC, 0x10, 0x84, 0xFF, 0x10, 0x84, 0xFF, 0x10, 0x84, 0xFF, 0x10, 0x84, 0xFF, 0x10, 0x84, 0xFF,
  0x10, 0x84, 0xFB, 0x71, 0x8C, 0xFF, 0x30, 0x84, 0x80, 0x00, 0x00, 0x00, 0x55, 0xAD, 0x03, 0x00,
  0x00, 0x00, 0x00, 0x00, 0x00, 0x00, 0x00, 0x00, 0x00, 0x00, 0x00, 0x00, 0x00, 0x00, 0x00, 0x00,
  0x00, 0x00, 0x00, 0x00, 0x00, 0x00, 0x00, 0x00, 0x00, 0x00, 0x00, 0x00, 0x00, 0x00, 0x00, 0x00,
  0x00, 0x00, 0x00, 0x00, 0x00, 0x00, 0x00, 0x00, 0x00, 0x00, 0x00, 0x00, 0x00, 0x00, 0x00, 0x00,
  0x00, 0x00, 0x00, 0x00, 0x00, 0x00, 0x00, 0x00, 0x00, 0x00, 0x00, 0x00, 0x00, 0x00, 0x00, 0x00,
  0x00, 0x00, 0x00, 0x00, 0x00, 0x00, 0x00, 0x00, 0x00, 0x00, 0x00, 0x00, 0x00, 0x00, 0x00, 0x00,
  0x00, 0x00, 0x00, 0x00, 0x00, 0x00, 0x00, 0x00, 0x00, 0x00, 0x00, 0x00, 0x00, 0x00, 0x00, 0x00,
  0x00, 0x00, 0x00, 0x00, 0x00, 0x00, 0x00, 0x00, 0x00, 0x00, 0x00, 0x00, 0x00, 0x00, 0x00, 0x00,
  0x00, 0x00, 0x00, 0x00, 0x00, 0x00, 0x00, 0x00, 0x00, 0x00, 0x00, 0x00, 0x00, 0xEF, 0x7B, 0x02,
  0x00, 0x00, 0x00, 0xEF, 0x7B, 0x2D, 0x30, 0x84, 0xEC, 0x10, 0x84, 0xFF, 0x10, 0x84, 0xFE, 0x10,
  0x84, 0xFF, 0x10, 0x84, 0xFC, 0x51, 0x8C, 0xFF, 0x10, 0x84, 0x88, 0x00, 0x00, 0x00, 0xEF, 0x7B,
  0x04, 0x00, 0x00, 0x00, 0x00, 0x00, 0x01, 0x00, 0x00, 0x00, 0x10, 0x84, 0x23, 0x10, 0x84, 0xAE,
  0x30, 0x84, 0xF7, 0x30, 0x84, 0xF9, 0x30, 0x84, 0xE6, 0xEF, 0x7B, 0x68, 0x00, 0x00, 0x00, 0xFF,
  0xFF, 0x01, 0x00, 0x00, 0x00, 0x00, 0x00, 0x00, 0x00, 0x00, 0x00, 0x00, 0x00, 0x00, 0x00, 0x00,
  0x00, 0x00, 0x00, 0x00, 0x00, 0x00, 0x00, 0x00, 0x00, 0x00, 0x00, 0x00, 0x00, 0x00, 0x00, 0x00,
  0x00, 0x00, 0x00, 0x00, 0x00, 0x00, 0x00, 0x00, 0x00, 0x00, 0x00, 0x00, 0x00, 0x00, 0x00, 0x00,
  0x00, 0x00, 0x00, 0x00, 0x00, 0x00, 0x00, 0x00, 0x00, 0x00, 0x00, 0x00, 0x00, 0x00, 0x00, 0x00,
  0x00, 0x00, 0x00, 0x00, 0x00, 0x00, 0x00, 0x00, 0x00, 0x00, 0x00, 0x00, 0x00, 0x00, 0x00, 0x00,
  0x00, 0x00, 0x00, 0x00, 0x00, 0x00, 0x00, 0x00, 0x00, 0x00, 0x00, 0x00, 0x00, 0x00, 0x00, 0x00,
  0x00, 0x00, 0x00, 0x00, 0x00, 0x00, 0x00, 0x00, 0x00, 0x00, 0x00, 0x00, 0x00, 0x00, 0x00, 0x00,
  0x00, 0x00, 0x00, 0x00, 0x00, 0x00, 0x00, 0x00, 0x00, 0x00, 0x00, 0x00, 0x00, 0x00, 0x00, 0x00,
  0x00, 0x00, 0x00, 0x00, 0x00, 0x00, 0x00, 0x00, 0x00, 0x00, 0x00, 0x00, 0x00, 0x00, 0x00, 0x00,
  0x00, 0x00, 0x00, 0x00, 0x00, 0x00, 0x00, 0x00, 0x00, 0x00, 0x00, 0x00, 0x00, 0x00, 0x00, 0x00,
  0x00, 0x00, 0x00, 0x00, 0x00, 0x00, 0x00, 0x00, 0x00, 0x00, 0x00, 0x00, 0x00, 0x00, 0x00, 0x00,
  0x00, 0x00, 0x00, 0x00, 0x00, 0x00, 0x00, 0x00, 0x00, 0x00, 0x00, 0x00, 0x00, 0x00, 0x00, 0x00,
  0x00, 0x00, 0x00, 0x00, 0x00, 0x00, 0x00, 0x00, 0x10, 0x84, 0xFF, 0x10, 0x84, 0xFF, 0x10, 0x84,
  0xFF, 0x10, 0x84, 0xFF, 0x10, 0x84, 0xFF, 0x10, 0x84, 0xFF, 0x10, 0x84, 0xFF, 0x10, 0x84, 0xFF,
  0x10, 0x84, 0xFC, 0x51, 0x8C, 0xFF, 0x10, 0x84, 0x79, 0x00, 0x00, 0x00, 0x55, 0xAD, 0x03, 0x00,
  0x00, 0x00, 0x00, 0x00, 0x00, 0x00, 0x00, 0x00, 0x00, 0x00, 0x00, 0x00, 0x00, 0x00, 0x00, 0x00,
  0x00, 0x00, 0x00, 0x00, 0x00, 0x00, 0x00, 0xFF, 0xFF, 0x01, 0x00, 0x00, 0x00, 0x71, 0x8C, 0x12,
  0x10, 0x84, 0xDE, 0x30, 0x84, 0xFF, 0x10, 0x84, 0xFD, 0x10, 0x84, 0xFF, 0x10, 0x84, 0xFF, 0x10,
  0x84, 0xFF, 0x10, 0x84, 0xFF, 0x10, 0x84, 0xFF, 0x10, 0x84, 0xFB, 0x71, 0x8C, 0xFF, 0x30, 0x84,
  0x80, 0x00, 0x00, 0x00, 0x55, 0xAD, 0x03, 0x00, 0x00, 0x00, 0x00, 0x00, 0x00, 0x00, 0x00, 0x00,
  0x00, 0x00, 0x00, 0x00, 0x00, 0x00, 0x00, 0x00, 0x00, 0x00, 0x00, 0x00, 0x00, 0x00, 0x00, 0x00,
  0x00, 0x00, 0x00, 0x00, 0x00, 0x00, 0x00, 0x01, 0xFF, 0xFF, 0x01, 0xEF, 0x7B, 0x02, 0xEF, 0x7B,
  0x02, 0xEF, 0x7B, 0x02, 0xFF, 0xFF, 0x01, 0x00, 0x00, 0x01, 0x00, 0x00, 0x00, 0x00, 0x00, 0x00,
  0x00, 0x00, 0x00, 0x00, 0x00, 0x00, 0x00, 0x00, 0x00, 0x00, 0x00, 0x00, 0x00, 0x00, 0x00, 0x00,
  0x00, 0x00, 0x00, 0x00, 0x00, 0x00, 0x00, 0x00, 0x00, 0x00, 0x00, 0x00, 0x00, 0x00, 0x00, 0x00,
  0x00, 0x00, 0x00, 0x00, 0x00, 0x00, 0x00, 0x00, 0x00, 0x00, 0x00, 0x00, 0x00, 0x00, 0x00, 0x00,
  0x00, 0x00, 0x01, 0xEF, 0x7B, 0x02, 0xEF, 0x7B, 0x02, 0xEF, 0x7B, 0x02, 0xFF, 0xFF, 0x01, 0x00,
  0x00, 0x01, 0x00, 0x00, 0x00, 0xEF, 0x7B, 0x02, 0x00, 0x00, 0x00, 0xEF, 0x7B, 0x2D, 0x30, 0x84,
  0xEC, 0x10, 0x84, 0xFF, 0x10, 0x84, 0xFE, 0x10, 0x84, 0xFF, 0x10, 0x84, 0xFC, 0x51, 0x8C, 0xFF,
  0x10, 0x84, 0x88, 0x00, 0x00, 0x00, 0xEF, 0x7B, 0x04, 0x00, 0x00, 0x00, 0x00, 0x00, 0x00, 0x00,
  0x00, 0x01, 0x00, 0x00, 0x00, 0x00, 0x00, 0x00, 0x10, 0x84, 0x23, 0x10, 0x84, 0x2D, 0xEF, 0x7B,
  0x0E, 0x00, 0x00, 0x00, 0x00, 0x00, 0x01, 0x00, 0x00, 0x00, 0x00, 0x00, 0x00, 0x00, 0x00, 0x00,
  0x00, 0x00, 0x00, 0x00, 0x00, 0x00, 0x00, 0x00, 0x01, 0x00, 0x00, 0x01, 0x00, 0x00, 0x01, 0x00,
  0x00, 0x01, 0x00, 0x00, 0x01, 0x00, 0x00, 0x01, 0x00, 0x00, 0x00, 0x00, 0x00, 0x00, 0x00, 0x00,
  0x00, 0x00, 0x00, 0x00, 0x00, 0x00, 0x00, 0x00, 0x00, 0x00, 0x00, 0x00, 0x00, 0x00, 0x00, 0x00,
  0x00, 0x00, 0x00, 0x00, 0x00, 0x01, 0x00, 0x00, 0x01, 0x00, 0x00, 0x01, 0x00, 0x00, 0x01, 0x00,
  0x00, 0x01, 0x00, 0x00, 0x01, 0x00, 0x00, 0x01, 0x00, 0x00, 0x00, 0x00, 0x00, 0x00, 0x00, 0x00,
  0x00, 0x00, 0x00, 0x00, 0x00, 0x00, 0x00, 0x00, 0x00, 0x01, 0x00, 0x00, 0x01, 0x00, 0x00, 0x01,
  0x00, 0x00, 0x01, 0x00, 0x00, 0x01, 0x00, 0x00, 0x01, 0x00, 0x00, 0x00, 0x00, 0x00, 0x00, 0x00,
  0x00, 0x00, 0x00, 0x00, 0x00, 0x00, 0x00, 0x00, 0xFF, 0xFF, 0x01, 0xEF, 0x7B, 0x02, 0xEF, 0x7B,
  0x02, 0xEF, 0x7B, 0x02, 0x00, 0x00, 0x01, 0x00, 0x00, 0x00, 0x00, 0x00, 0x00, 0x00, 0x00, 0x00,
  0x00, 0x00, 0x00, 0x00, 0x00, 0x00, 0x00, 0x00, 0x00, 0x00, 0x00, 0x00, 0x00, 0x00, 0x00, 0x00,
  0x00, 0x01, 0xFF, 0xFF, 0x01, 0xEF, 0x7B, 0x02, 0xEF, 0x7B, 0x02, 0xEF, 0x7B, 0x02, 0x00, 0x00,
  0x01, 0x00, 0x00, 0x00, 0x00, 0x00, 0x00, 0x00, 0x00, 0x00, 0x00, 0x00, 0x00, 0x00, 0x00, 0x00,
  0x10, 0x84, 0xFF, 0x10, 0x84, 0xFF, 0x10, 0x84, 0xFF, 0x10, 0x84, 0xFF, 0x10, 0x84, 0xFF, 0x10,
  0x84, 0xFF, 0x10, 0x84, 0xFF, 0x10, 0x84, 0xFF, 0x10, 0x84, 0xFD, 0x30, 0x84, 0xFF, 0x10, 0x84,
  0xD2, 0x51, 0x8C, 0x0B, 0x00, 0x00, 0x00, 0x00, 0x00, 0x01, 0x00, 0x00, 0x00, 0x00, 0x00, 0x00,
  0x00, 0x00, 0x00, 0x00, 0x00, 0x00, 0x00, 0x00, 0x00, 0x00, 0x00, 0x00, 0x00, 0x00, 0x00, 0xAA,
  0x52, 0x03, 0x00, 0x00, 0x00, 0x10, 0x84, 0x60, 0x30, 0x84, 0xFF, 0x10, 0x84, 0xFE, 0x10, 0x84,
  0xFF, 0x10, 0x84, 0xFF, 0x10, 0x84, 0xFF, 0x10, 0x84, 0xFF, 0x10, 0x84, 0xFF, 0x10, 0x84, 0xFF,
  0x10, 0x84, 0xFB, 0x71, 0x8C, 0xFF, 0x30, 0x84, 0x80, 0x00, 0x00, 0x00, 0x55, 0xAD, 0x03, 0x00,
  0x00, 0x00, 0x00, 0x00, 0x00, 0x00, 0x00, 0x00, 0x00, 0x00, 0x00, 0x00, 0x00, 0x00, 0x00, 0x00,
  0x00, 0x00, 0x00, 0x00, 0x00, 0x00, 0x00, 0xEF, 0x7B, 0x02, 0xEF, 0x7B, 0x02, 0x00, 0x00, 0x00,
  0x00, 0x00, 0x00, 0x00, 0x00, 0x00, 0x00, 0x00, 0x00, 0x00, 0x00, 0x00, 0x00, 0x00, 0x00, 0x00,
  0x00, 0x00, 0xEF, 0x7B, 0x02, 0xEF, 0x7B, 0x02, 0x00, 0x00, 0x00, 0x00, 0x00, 0x00, 0x00, 0x00,
  0x00, 0x00, 0x00, 0x00, 0x00, 0x00, 0x00, 0x00, 0x00, 0x00, 0x00, 0x00, 0x00, 0x00, 0x00, 0x00,
  0x00, 0x00, 0x00, 0x00, 0x00, 0x00, 0x00, 0x00, 0x00, 0x00, 0x00, 0x00, 0x00, 0x00, 0x00, 0x00,
  0x00, 0x00, 0xEF, 0x7B, 0x02, 0xEF, 0x7B, 0x02, 0x00, 0x00, 0x00, 0x00, 0x00, 0x00, 0x00, 0x00,
  0x00, 0x00, 0x00, 0x00, 0x00, 0x00, 0x00, 0x00, 0x00, 0x00, 0xEF, 0x7B, 0x02, 0xEF, 0x7B, 0x02,
  0x00, 0x00, 0x00, 0xEF, 0x7B, 0x2D, 0x30, 0x84, 0xEC, 0x10, 0x84, 0xFF, 0x10, 0x84, 0xFE, 0x10,
  0x84, 0xFF, 0x10, 0x84, 0xFC, 0x51, 0x8C, 0xFF, 0x10, 0x84, 0x88, 0x00, 0x00, 0x00, 0xEF, 0x7B,
  0x04, 0x00, 0x00, 0x00, 0x00, 0x00, 0x00, 0x00, 0x00, 0x00, 0x00, 0x00, 0x01, 0x00, 0x00, 0x00,
  0x00, 0x00, 0x00, 0x00, 0x00, 0x00, 0x00, 0x00, 0x00, 0xFF, 0xFF, 0x01, 0x00, 0x00, 0x00, 0x00,
  0x00, 0x00, 0x00, 0x00, 0x00, 0x00, 0x00, 0x00, 0x00, 0x00, 0x00, 0x00, 0x00, 0x00, 0x00, 0x00,
  0x00, 0x00, 0x00, 0x00, 0x00, 0x00, 0x00, 0x00, 0x00, 0x00, 0x00, 0x00, 0x00, 0x00, 0x00, 0x00,
  0x00, 0x00, 0x00, 0x00, 0x00, 0x00, 0x00, 0x00, 0x00, 0x00, 0x00, 0x00, 0x00, 0x00, 0x00, 0x00,
  0x00, 0x00, 0x00, 0x00, 0x00, 0x00, 0x00, 0x00, 0x00, 0x00, 0x00, 0x00, 0x00, 0x00, 0x00, 0x00,
  0x00, 0x00, 0x00, 0x00, 0x00, 0x00, 0x00, 0x00, 0x00, 0x00, 0x00, 0x00, 0x00, 0x00, 0x00, 0x00,
  0x00, 0x00, 0x00, 0x00, 0x00, 0x00, 0x00, 0x00, 0x00, 0x00, 0x00, 0x00, 0x00, 0x00, 0x00, 0x00,
  0x00, 0x00, 0x00, 0x00, 0x00, 0x00, 0x00, 0x00, 0x00, 0x00, 0x00, 0x00, 0x00, 0x00, 0x00, 0x00,
  0x00, 0x00, 0x00, 0x00, 0x00, 0x00, 0x00, 0x00, 0x00, 0x00, 0xEF, 0x7B, 0x02, 0x00, 0x00, 0x01,
  0x00, 0x00, 0x00, 0x00, 0x00, 0x00, 0x00, 0x00, 0x00, 0x00, 0x00, 0x00, 0x00, 0x00, 0x00, 0xEF,
  0x7B, 0x02, 0xFF, 0xFF, 0x01, 0x00, 0x00, 0x00, 0x00, 0x00, 0x00, 0x00, 0x00, 0x00, 0x00, 0x00,
  0x00, 0x00, 0x00, 0x01, 0xEF, 0x7B, 0x02, 0x00, 0x00, 0x00, 0x00, 0x00, 0x00, 0x00, 0x00, 0x00,
  0x00, 0x00, 0x00, 0x00, 0x00, 0x00, 0x00, 0x00, 0x00, 0xEF, 0x7B, 0x02, 0xFF, 0xFF, 0x01, 0x00,
  0x00, 0x00, 0x00, 0x00, 0x00, 0x00, 0x00, 0x00, 0x10, 0x84, 0xFF, 0x10, 0x84, 0xFF, 0x10, 0x84,
  0xFF, 0x10, 0x84, 0xFF, 0x10, 0x84, 0xFF, 0x10, 0x84, 0xFF, 0x10, 0x84, 0xFF, 0x10, 0x84, 0xFF,
  0x10, 0x84, 0xFF, 0x10, 0x84, 0xFE, 0x10, 0x84, 0xFF, 0x10, 0x84, 0x55, 0x00, 0x00, 0x00, 0x55,
  0xAD, 0x03, 0x00, 0x00, 0x00, 0x00, 0x00, 0x00, 0x00, 0x00, 0x00, 0x00, 0x00, 0x00, 0x00, 0x00,
  0x00, 0x00, 0x00, 0x00, 0xFF, 0xFF, 0x01, 0x00, 0x00, 0x01, 0x6D, 0x6B, 0x07, 0x10, 0x84, 0xBC,
  0x30, 0x84, 0xFF, 0x10, 0x84, 0xFD, 0x10, 0x84, 0xFF, 0x10, 0x84, 0xFF, 0x10, 0x84, 0xFF, 0x10,
  0x84, 0xFF, 0x10, 0x84, 0xFF, 0x10, 0x84, 0xFF, 0x10, 0x84, 0xFB, 0x71, 0x8C, 0xFF, 0x30, 0x84,
  0x80, 0x00, 0x00, 0x00, 0x55, 0xAD, 0x03, 0x00, 0x00, 0x00, 0x00, 0x00, 0x00, 0x00, 0x00, 0x00,
  0x00, 0x00, 0x00, 0x00, 0x00, 0x00, 0x00, 0x00, 0x00, 0xEF, 0x7B, 0x02, 0xEF, 0x7B, 0x02, 0x00,
  0x00, 0x00, 0x00, 0x00, 0x00, 0xEF, 0x7B, 0x04, 0x10, 0x84, 0x1D, 0xEF, 0x7B, 0x2C, 0xEF, 0x7B,
  0x34, 0xEF, 0x7B, 0x2E, 0xCF, 0x7B, 0x1B, 0xEF, 0x7B, 0x04, 0x00, 0x00, 0x00, 0x00, 0x00, 0x00,
  0x00, 0x00, 0x01, 0xEF, 0x7B, 0x02, 0x00, 0x00, 0x00, 0x00, 0x00, 0x00, 0x00, 0x00, 0x00, 0x00,
  0x00, 0x00, 0x00, 0x00, 0x00, 0x00, 0x00, 0x00, 0x00, 0x00, 0x00, 0x00, 0x00, 0x00, 0x00, 0x00,
  0x00, 0x00, 0x00, 0x00, 0x00, 0x00, 0x00, 0xEF, 0x7B, 0x02, 0x00, 0x00, 0x00, 0x00, 0x00, 0x00,
  0xEF, 0x7B, 0x06, 0xCF, 0x7B, 0x23, 0x10, 0x84, 0x2F, 0x10, 0x84, 0x2F, 0xCF, 0x7B, 0x1D, 0x00,
  0x00, 0x00, 0x00, 0x00, 0x00, 0xEF, 0x7B, 0x02, 0xFF, 0xFF, 0x01, 0xEF, 0x7B, 0x2D, 0x30, 0x84,
  0xEC, 0x10, 0x84, 0xFF, 0x10, 0x84, 0xFE, 0x10, 0x84, 0xFF, 0x10, 0x84, 0xFC, 0x51, 0x8C, 0xFF,
  0x10, 0x84, 0x88, 0x00, 0x00, 0x00, 0xEF, 0x7B, 0x04, 0x00, 0x00, 0x00, 0x00, 0x00, 0x00, 0xFF,
  0xFF, 0x01, 0xAA, 0x52, 0x03, 0xAA, 0x52, 0x03, 0xEF, 0x7B, 0x04, 0xEF, 0x7B, 0x04, 0xAA, 0x52,
  0x03, 0xE7, 0x39, 0x04, 0x00, 0x00, 0x00, 0x00, 0x00, 0x00, 0x00, 0x00, 0x00, 0x00, 0x00, 0x00,
  0x00, 0x00, 0x00, 0x00, 0x00, 0x00, 0xAA, 0x52, 0x03, 0xAA, 0x52, 0x03, 0xEF, 0x7B, 0x02, 0xAA,
  0x52, 0x03, 0xEF, 0x7B, 0x02, 0xE7, 0x39, 0x04, 0x00, 0x00, 0x01, 0x00, 0x00, 0x00, 0x00, 0x00,
  0x00, 0x00, 0x00, 0x00, 0x00, 0x00, 0x00, 0x00, 0x00, 0x00, 0x00, 0x00, 0x00, 0x00, 0x00, 0x00,
  0x00, 0x00, 0x00, 0xFF, 0xFF, 0x01, 0xAA, 0x52, 0x03, 0xEF, 0x7B, 0x02, 0xAA, 0x52, 0x03, 0xEF,
  0x7B, 0x02, 0xE7, 0x39, 0x04, 0xEF, 0x7B, 0x02, 0x00, 0x00, 0x00, 0x00, 0x00, 0x00, 0x00, 0x00,
  0x00, 0x00, 0x00, 0x00, 0x00, 0x00, 0x00, 0xE7, 0x39, 0x04, 0xAA, 0x52, 0x03, 0xEF, 0x7B, 0x02,
  0xAA, 0x52, 0x03, 0xAA, 0x52, 0x03, 0xE7, 0x39, 0x04, 0x00, 0x00, 0x00, 0x00, 0x00, 0x00, 0xEF,
  0x7B, 0x02, 0x00, 0x00, 0x00, 0x00, 0x00, 0x00, 0xEF, 0x7B, 0x16, 0xEF, 0x7B, 0x2C, 0x10, 0x84,
  0x31, 0xEF, 0x7B, 0x25, 0xEF, 0x7B, 0x0A, 0x00, 0x00, 0x00, 0x00, 0x00, 0x00, 0xEF, 0x7B, 0x02,
  0x00, 0x00, 0x00, 0x00, 0x00, 0x00, 0xEF, 0x7B, 0x02, 0x00, 0x00, 0x00, 0x00, 0x00, 0x00, 0x00,
  0x00, 0x00, 0x30, 0x84, 0x19, 0x10, 0x84, 0x2D, 0xEF, 0x7B, 0x31, 0xEF, 0x7B, 0x26, 0xEF, 0x7B,
  0x0A, 0x00, 0x00, 0x00, 0x00, 0x00, 0x00, 0xEF, 0x7B, 0x02, 0x00, 0x00, 0x00, 0x00, 0x00, 0x00,
  0x10, 0x84, 0xFF, 0x10, 0x84, 0xFF, 0x10, 0x84, 0xFF, 0x10, 0x84, 0xFF, 0x10, 0x84, 0xFF, 0x10,
  0x84, 0xFF, 0x10, 0x84, 0xFF, 0x10, 0x84, 0xFF, 0x10, 0x84, 0xFF, 0x10, 0x84, 0xFC, 0x30, 0x84,
  0xFF, 0x10, 0x84, 0xB1, 0xEF, 0x7B, 0x04, 0xFF, 0xFF, 0x01, 0x00, 0x00, 0x00, 0x00, 0x00, 0x00,
  0x00, 0x00, 0x00, 0x00, 0x00, 0x00, 0x00, 0x00, 0x00, 0x00, 0x00, 0x00, 0xEF, 0x7B, 0x02, 0x00,
  0x00, 0x00, 0xEF, 0x7B, 0x3F, 0x10, 0x84, 0xF7, 0x10, 0x84, 0xFE, 0x10, 0x84, 0xFE, 0x10, 0x84,
  0xFF, 0x10, 0x84, 0xFF, 0x10, 0x84, 0xFF, 0x10, 0x84, 0xFF, 0x10, 0x84, 0xFF, 0x10, 0x84, 0xFF,
  0x10, 0x84, 0xFB, 0x71, 0x8C, 0xFF, 0x30, 0x84, 0x80, 0x00, 0x00, 0x00, 0x55, 0xAD, 0x03, 0x00,
  0x00, 0x00, 0x00, 0x00, 0x00, 0x00, 0x00, 0x00, 0x00, 0x00, 0x00, 0x00, 0x00, 0x00, 0xEF, 0x7B,
  0x02, 0x00, 0x00, 0x00, 0x00, 0x00, 0x00, 0xEF, 0x7B, 0x32, 0x10, 0x84, 0x87, 0x30, 0x84, 0xBD,
  0x10, 0x84, 0xDB, 0x10, 0x84, 0xEB, 0x10, 0x84, 0xF4, 0x10, 0x84, 0xEE, 0x10, 0x84, 0xD9, 0x30,
  0x84, 0xBC, 0x10, 0x84, 0x85, 0xEF, 0x7B, 0x38, 0x00, 0x00, 0x00, 0x00, 0x00, 0x00, 0xEF, 0x7B,
  0x02, 0x00, 0x00, 0x00, 0x00, 0x00, 0x00, 0x00, 0x00, 0x00, 0x00, 0x00, 0x00, 0x00, 0x00, 0x00,
  0x00, 0x00, 0x00, 0x00, 0x00, 0x00, 0x00, 0x00, 0x00, 0x00, 0x00, 0x01, 0x00, 0x00, 0x01, 0x00,
  0x00, 0x00, 0x10, 0x84, 0x25, 0x10, 0x84, 0x82, 0x30, 0x84, 0xC0, 0x10, 0x84, 0xE1, 0x10, 0x84,
  0xEF, 0x10, 0x84, 0xEF, 0x30, 0x84, 0xDC, 0x30, 0x84, 0xB2, 0x10, 0x84, 0x50, 0x00, 0x00, 0x00,
  0x00, 0x00, 0x00, 0xEF, 0x7B, 0x2F, 0x30, 0x84, 0xEC, 0x10, 0x84, 0xFF, 0x10, 0x84, 0xFE, 0x10,
  0x84, 0xFF, 0x10, 0x84, 0xFC, 0x51, 0x8C, 0xFF, 0x10, 0x84, 0x88, 0x00, 0x00, 0x00, 0xEF, 0x7B,
  0x04, 0xFF, 0xFF, 0x01, 0x00, 0x00, 0x00, 0xEF, 0x7B, 0x24, 0x30, 0x84, 0xB3, 0x30, 0x84, 0xBE,
  0x30, 0x84, 0xBC, 0x30, 0x84, 0xBD, 0x30, 0x84, 0xBB, 0x51, 0x8C, 0xC0, 0x10, 0x84, 0x6F, 0x00,
  0x00, 0x00, 0xFF, 0xFF, 0x01, 0xFF, 0xFF, 0x01, 0x00, 0x00, 0x00, 0xEF, 0x7B, 0x24, 0x30, 0x84,
  0xB6, 0x30, 0x84, 0xBE, 0x30, 0x84, 0xBC, 0x30, 0x84, 0xBD, 0x30, 0x84, 0xBC, 0x51, 0x8C, 0xC0,
  0x10, 0x84, 0x57, 0x00, 0x00, 0x00, 0xFF, 0xFF, 0x01, 0x00, 0x00, 0x00, 0x00, 0x00, 0x00, 0x00,
  0x00, 0x00, 0xFF, 0xFF, 0x01, 0x00, 0x00, 0x00, 0xEF, 0x7B, 0x0C, 0x10, 0x84, 0x9D, 0x51, 0x8C,
  0xBF, 0x30, 0x84, 0xBC, 0x30, 0x84, 0xBD, 0x30, 0x84, 0xBC, 0x51, 0x8C, 0xC0, 0x10, 0x84, 0x8E,
  0xEF, 0x7B, 0x06, 0x00, 0x00, 0x00, 0xFF, 0xFF, 0x01, 0x00, 0x00, 0x00, 0x2C, 0x63, 0x05, 0x30,
  0x84, 0xA3, 0x51, 0x8C, 0xBF, 0x30, 0x84, 0xBC, 0x30, 0x84, 0xBD, 0x30, 0x84, 0xBB, 0x51, 0x8C,
  0xC0, 0xEF, 0x7B, 0x50, 0xFF, 0xFF, 0x01, 0x00, 0x00, 0x00, 0xEF, 0x7B, 0x34, 0x30, 0x84, 0xA1,
  0x30, 0x84, 0xD4, 0x10, 0x84, 0xEB, 0x10, 0x84, 0xF1, 0x30, 0x84, 0xE2, 0x30, 0x84, 0xC6, 0x10,
  0x84, 0x82, 0xCF, 0x7B, 0x17, 0x00, 0x00, 0x00, 0xEF, 0x7B, 0x02, 0xFF, 0xFF, 0x01, 0x00, 0x00,
  0x00, 0x92, 0x94, 0x07, 0x10, 0x84, 0x5F, 0x10, 0x84, 0xB0, 0x10, 0x84, 0xD7, 0x10, 0x84, 0xEC,
  0x10, 0x84, 0xF1, 0x10, 0x84, 0xE4, 0x30, 0x84, 0xC5, 0x10, 0x84, 0x81, 0xCF, 0x7B, 0x1F, 0x00,
  0x00, 0x00, 0xEF, 0x7B, 0x02, 0x00, 0x00, 0x00, 0x10, 0x84, 0xFF, 0x10, 0x84, 0xFF, 0x10, 0x84,
  0xFF, 0x10, 0x84, 0xFF, 0x10, 0x84, 0xFF, 0x10, 0x84, 0xFF, 0x10, 0x84, 0xFF, 0x10, 0x84, 0xFF,
  0x10, 0x84, 0xFF, 0x10, 0x84, 0xFE, 0x10, 0x84, 0xFF, 0x10, 0x84, 0xF2, 0x10, 0x84, 0x2F, 0x00,
  0x00, 0x00, 0xEF, 0x7B, 0x02, 0x00, 0x00, 0x00, 0x00, 0x00, 0x00, 0x00, 0x00, 0x00, 0x00, 0x00,
  0x00, 0x00, 0x00, 0x00, 0xFF, 0xFF, 0x01, 0xEF, 0x7B, 0x02, 0x10, 0x84, 0x9A, 0x51, 0x8C, 0xFF,
  0x10, 0x84, 0xFC, 0x10, 0x84, 0xFF, 0x10, 0x84, 0xFF, 0x10, 0x84, 0xFE, 0x10, 0x84, 0xFF, 0x10,
  0x84, 0xFF, 0x10, 0x84, 0xFF, 0x10, 0x84, 0xFF, 0x10, 0x84, 0xFB, 0x71, 0x8C, 0xFF, 0x30, 0x84,
  0x80, 0x00, 0x00, 0x00, 0x55, 0xAD, 0x03, 0x00, 0x00, 0x00, 0x00, 0x00, 0x00, 0x00, 0x00, 0x00,
  0x00, 0x00, 0x00, 0xAA, 0x52, 0x03, 0x00, 0x00, 0x00, 0xEF, 0x7B, 0x22, 0x10, 0x84, 0x9D, 0x10,
  0x84, 0xF1, 0x51, 0x8C, 0xFF, 0x51, 0x8C, 0xFF, 0x30, 0x84, 0xFF, 0x10, 0x84, 0xFF, 0x10, 0x84,
  0xFF, 0x10, 0x84, 0xFF, 0x30, 0x84, 0xFF, 0x51, 0x8C, 0xFF, 0x51, 0x8C, 0xFF, 0x10, 0x84, 0xF6,
  0x10, 0x84, 0xA6, 0xEF, 0x7B, 0x24, 0x00, 0x00, 0x00, 0xEF, 0x7B, 0x02, 0x00, 0x00, 0x00, 0x00,
  0x00, 0x00, 0x00, 0x00, 0x00, 0x00, 0x00, 0x00, 0x00, 0x00, 0x00, 0x00, 0x00, 0x00, 0x00, 0x00,
  0x00, 0xEF, 0x7B, 0x02, 0x00, 0x00, 0x00, 0xEF, 0x7B, 0x70, 0x10, 0x84, 0xE7, 0x51, 0x8C, 0xFF,
  0x51, 0x8C, 0xFF, 0x30, 0x84, 0xFF, 0x10, 0x84, 0xFF, 0x10, 0x84, 0xFF, 0x30, 0x84, 0xFF, 0x51,
  0x8C, 0xFF, 0x30, 0x84, 0xFF, 0x10, 0x84, 0xA6, 0xAE, 0x73, 0x0D, 0x10, 0x84, 0x29, 0x30, 0x84,
  0xEE, 0x10, 0x84, 0xFF, 0x10, 0x84, 0xFE, 0x10, 0x84, 0xFF, 0x10, 0x84, 0xFC, 0x51, 0x8C, 0xFF,
  0x10, 0x84, 0x88, 0x00, 0x00, 0x00, 0xEF, 0x7B, 0x04, 0xEF, 0x7B, 0x02, 0x00, 0x00, 0x00, 0xEF,
  0x7B, 0x30, 0x10, 0x84, 0xF6, 0x51, 0x8C, 0xFF, 0x30, 0x84, 0xFF, 0x51, 0x8C, 0xFF, 0x30, 0x84,
  0xFF, 0x71, 0x8C, 0xFF, 0x10, 0x84, 0x9B, 0x00, 0x00, 0x00, 0xEF, 0x7B, 0x02, 0xEF, 0x7B, 0x02,
  0x00, 0x00, 0x00, 0x10, 0x84, 0x31, 0x10, 0x84, 0xFE, 0x51, 0x8C, 0xFF, 0x30, 0x84, 0xFF, 0x51,
  0x8C, 0xFF, 0x30, 0x84, 0xFF, 0x71, 0x8C, 0xFF, 0x10, 0x84, 0x77, 0x00, 0x00, 0x00, 0xEF, 0x7B,
  0x02, 0x00, 0x00, 0x00, 0x00, 0x00, 0x00, 0x00, 0x00, 0x00, 0xFF, 0xFF, 0x01, 0x00, 0x00, 0x00,
  0x30, 0x84, 0x11, 0x10, 0x84, 0xD9, 0x71, 0x8C, 0xFF, 0x30, 0x84, 0xFF, 0x51, 0x8C, 0xFF, 0x30,
  0x84, 0xFF, 0x71, 0x8C, 0xFF, 0x10, 0x84, 0xC4, 0x8E, 0x73, 0x09, 0x00, 0x00, 0x00, 0xEF, 0x7B,
  0x02, 0x00, 0x00, 0x00, 0xEF, 0x7B, 0x06, 0x10, 0x84, 0xDF, 0x71, 0x8C, 0xFF, 0x30, 0x84, 0xFF,
  0x51, 0x8C, 0xFF, 0x30, 0x84, 0xFF, 0x71, 0x8C, 0xFF, 0xEF, 0x7B, 0x70, 0x00, 0x00, 0x00, 0x10,
  0x84, 0x74, 0x10, 0x84, 0xF2, 0x51, 0x8C, 0xFF, 0x30, 0x84, 0xFF, 0x10, 0x84, 0xFF, 0x10, 0x84,
  0xFF, 0x30, 0x84, 0xFF, 0x30, 0x84, 0xFF, 0x51, 0x8C, 0xFF, 0x10, 0x84, 0xD1, 0xEF, 0x7B, 0x28,
  0x00, 0x00, 0x00, 0x00, 0x00, 0x00, 0x10, 0x84, 0x21, 0x10, 0x84, 0xB5, 0x30, 0x84, 0xFF, 0x51,
  0x8C, 0xFF, 0x30, 0x84, 0xFF, 0x10, 0x84, 0xFF, 0x10, 0x84, 0xFF, 0x30, 0x84, 0xFF, 0x30, 0x84,
  0xFF, 0x51, 0x8C, 0xFF, 0x30, 0x84, 0xDC, 0xEF, 0x7B, 0x42, 0x00, 0x00, 0x00, 0xEF, 0x7B, 0x02,
  0x10, 0x84, 0xFF, 0x10, 0x84, 0xFF, 0x10, 0x84, 0xFF, 0x10, 0x84, 0xFF, 0x10, 0x84, 0xFF, 0x10,
  0x84, 0xFF, 0x10, 0x84, 0xFF, 0x10, 0x84, 0xFF, 0x10, 0x84, 0xFF, 0x10, 0x84, 0xFF, 0x10, 0x84,
  0xFD, 0x30, 0x84, 0xFF, 0x10, 0x84, 0x88, 0x00, 0x00, 0x01, 0xEF, 0x7B, 0x02, 0x00, 0x00, 0x00,
  0x00, 0x00, 0x00, 0x00, 0x00, 0x00, 0x00, 0x00, 0x00, 0xEF, 0x7B, 0x02, 0x00, 0x00, 0x00, 0xCF,
  0x7B, 0x1F, 0x10, 0x84, 0xE5, 0x30, 0x84, 0xFF, 0x10, 0x84, 0xFD, 0x10, 0x84, 0xFF, 0x10, 0x84,
  0xFF, 0x30, 0x84, 0xFF, 0x10, 0x84, 0xFF, 0x10, 0x84, 0xFF, 0x10, 0x84, 0xFF, 0x10, 0x84, 0xFF,
  0x10, 0x84, 0xFB, 0x71, 0x8C, 0xFF, 0x30, 0x84, 0x80, 0x00, 0x00, 0x00, 0x55, 0xAD, 0x03, 0x00,
  0x00, 0x00, 0x00, 0x00, 0x00, 0x00, 0x00, 0x00, 0xAA, 0x52, 0x03, 0x00, 0x00, 0x00, 0xEF, 0x7B,
  0x41, 0x10, 0x84, 0xE2, 0x51, 0x8C, 0xFF, 0x10, 0x84, 0xFF, 0x10, 0x84, 0xFC, 0x10, 0x84, 0xFC,
  0x10, 0x84, 0xFD, 0x10, 0x84, 0xFC, 0x10, 0x84, 0xFB, 0x10, 0x84, 0xFB, 0x10, 0x84, 0xFC, 0x10,
  0x84, 0xFC, 0x10, 0x84, 0xFD, 0x10, 0x84, 0xFF, 0x51, 0x8C, 0xFF, 0x10, 0x84, 0xE4, 0x10, 0x84,
  0x3F, 0x00, 0x00, 0x00, 0xEF, 0x7B, 0x02, 0x00, 0x00, 0x00, 0x00, 0x00, 0x00, 0x00, 0x00, 0x00,
  0x00, 0x00, 0x00, 0x00, 0x00, 0x01, 0xEF, 0x7B, 0x02, 0x00, 0x00, 0x00, 0x10, 0x84, 0x89, 0x30,
  0x84, 0xFF, 0x30, 0x84, 0xFF, 0x10, 0x84, 0xFC, 0x10, 0x84, 0xFC, 0x10, 0x84, 0xFE, 0x10, 0x84,
  0xFE, 0x10, 0x84, 0xFE, 0x10, 0x84, 0xFD, 0x10, 0x84, 0xFB, 0x10, 0x84, 0xFD, 0x71, 0x8C, 0xFF,
  0x10, 0x84, 0x9A, 0xEF, 0x7B, 0x22, 0x30, 0x84, 0xED, 0x10, 0x84, 0xFF, 0x10, 0x84, 0xFE, 0x10,
  0x84, 0xFF, 0x10, 0x84, 0xFC, 0x51, 0x8C, 0xFF, 0x10, 0x84, 0x88, 0x00, 0x00, 0x00, 0xEF, 0x7B,
  0x04, 0xEF, 0x7B, 0x02, 0x00, 0x00, 0x00, 0x30, 0x84, 0x2C, 0x10, 0x84, 0xE8, 0x10, 0x84, 0xFC,
  0x10, 0x84, 0xFB, 0x10, 0x84, 0xFC, 0x10, 0x84, 0xFA, 0x30, 0x84, 0xFC, 0x10, 0x84, 0x91, 0x00,
  0x00, 0x00, 0xEF, 0x7B, 0x02, 0xEF, 0x7B, 0x02, 0x00, 0x00, 0x00, 0x51, 0x8C, 0x2D, 0x10, 0x84,
  0xF0, 0x10, 0x84, 0xFC, 0x10, 0x84, 0xFB, 0x10, 0x84, 0xFC, 0x10, 0x84, 0xFB, 0x30, 0x84, 0xFC,
  0x10, 0x84, 0x70, 0x00, 0x00, 0x00, 0xEF, 0x7B, 0x02, 0x00, 0x00, 0x00, 0x00, 0x00, 0x00, 0x00,
  0x00, 0x00, 0xFF, 0xFF, 0x01, 0x00, 0x00, 0x00, 0xEF, 0x7B, 0x10, 0x10, 0x84, 0xCB, 0x30, 0x84,
  0xFC, 0x10, 0x84, 0xFA, 0x10, 0x84, 0xFC, 0x10, 0x84, 0xFA, 0x30, 0x84, 0xFC, 0x10, 0x84, 0xB8,
  0xEF, 0x7B, 0x08, 0x00, 0x00, 0x00, 0xEF, 0x7B, 0x02, 0x00, 0x00, 0x00, 0xEF, 0x7B, 0x06, 0x10,
  0x84, 0xD3, 0x30, 0x84, 0xFC, 0x10, 0x84, 0xFA, 0x10, 0x84, 0xFC, 0x10, 0x84, 0xFA, 0x51, 0x8C,
  0xFD, 0x10, 0x84, 0x55, 0x10, 0x84, 0x4D, 0x51, 0x8C, 0xFF, 0x10, 0x84, 0xFF, 0x10, 0x84, 0xFB,
  0x10, 0x84, 0xFD, 0x10, 0x84, 0xFE, 0x10, 0x84, 0xFE, 0x10, 0x84, 0xFE, 0x10, 0x84, 0xFD, 0x10,
  0x84, 0xFC, 0x51, 0x8C, 0xFF, 0x10, 0x84, 0xDC, 0xEF, 0x7B, 0x1A, 0xEF, 0x7B, 0x0E, 0x10, 0x84,
  0xCA, 0x51, 0x8C, 0xFF, 0x10, 0x84, 0xFD, 0x10, 0x84, 0xFC, 0x10, 0x84, 0xFD, 0x10, 0x84, 0xFE,
  0x10, 0x84, 0xFE, 0x10, 0x84, 0xFE, 0x10, 0x84, 0xFD, 0x10, 0x84, 0xFC, 0x30, 0x84, 0xFF, 0x30,
  0x84, 0xF0, 0x30, 0x84, 0x38, 0x00, 0x00, 0x00, 0x10, 0x84, 0xFF, 0x10, 0x84, 0xFF, 0x10, 0x84,
  0xFF, 0x10, 0x84, 0xFF, 0x10, 0x84, 0xFE, 0x30, 0x84, 0xFF, 0x10, 0x84, 0xB6, 0x10, 0x84, 0xE8,
  0x30, 0x84, 0xFF, 0x10, 0x84, 0xFF, 0x10, 0x84, 0xFD, 0x30, 0x84, 0xFF, 0x10, 0x84, 0xDD, 0xEF,
  0x7B, 0x18, 0x00, 0x00, 0x00, 0xEF, 0x7B, 0x02, 0x00, 0x00, 0x00, 0x00, 0x00, 0x00, 0x00, 0x00,
  0x00, 0xEF, 0x7B, 0x02, 0x00, 0x00, 0x00, 0x10, 0x84, 0x6E, 0x30, 0x84, 0xFF, 0x10, 0x84, 0xFE,
  0x10, 0x84, 0xFF, 0x10, 0x84, 0xFE, 0x30, 0x84, 0xFF, 0x10, 0x84, 0xC1, 0x10, 0x84, 0xE8, 0x30,
  0x84, 0xFF, 0x10, 0x84, 0xFE, 0x10, 0x84, 0xFF, 0x10, 0x84, 0xFB, 0x71, 0x8C, 0xFF, 0x30, 0x84,
  0x80, 0x00, 0x00, 0x00, 0x55, 0xAD, 0x03, 0x00, 0x00, 0x00, 0x00, 0x00, 0x00, 0xEF, 0x7B, 0x02,
  0x00, 0x00, 0x00, 0x10, 0x84, 0x3B, 0x10, 0x84, 0xEE, 0x30, 0x84, 0xFF, 0x10, 0x84, 0xFB, 0x10,
  0x84, 0xFE, 0x10, 0x84, 0xFF, 0x10, 0x84, 0xFD, 0x10, 0x84, 0xFF, 0x30, 0x84, 0xFF, 0x51, 0x8C,
  0xFF, 0x30, 0x84, 0xFF, 0x10, 0x84, 0xFF, 0x10, 0x84, 0xFD, 0x10, 0x84, 0xFE, 0x10, 0x84, 0xFE,
  0x10, 0x84, 0xFB, 0x30, 0x84, 0xFF, 0x10, 0x84, 0xEA, 0x10, 0x84, 0x33, 0x00, 0x00, 0x00, 0xEF,
  0x7B, 0x02, 0x00, 0x00, 0x00, 0x00, 0x00, 0x00, 0x00, 0x00, 0x00, 0xEF, 0x7B, 0x02, 0x00, 0x00,
  0x00, 0x10, 0x84, 0x72, 0x30, 0x84, 0xFF, 0x10, 0x84, 0xFC, 0x10, 0x84, 0xFD, 0x10, 0x84, 0xFF,
  0x10, 0x84, 0xFF, 0x10, 0x84, 0xFF, 0x10, 0x84, 0xFD, 0x10, 0x84, 0xFE, 0x10, 0x84, 0xFF, 0x10,
  0x84, 0xFF, 0x10, 0x84, 0xFD, 0x10, 0x84, 0xFA, 0x10, 0x84, 0xFE, 0x10, 0x84, 0x90, 0x10, 0x84,
  0xDF, 0x30, 0x84, 0xFF, 0x10, 0x84, 0xFD, 0x10, 0x84, 0xFF, 0x10, 0x84, 0xFC, 0x51, 0x8C, 0xFF,
  0x10, 0x84, 0x88, 0x00, 0x00, 0x00, 0xEF, 0x7B, 0x04, 0xEF, 0x7B, 0x02, 0x00, 0x00, 0x00, 0x10,
  0x84, 0x2D, 0x10, 0x84, 0xEB, 0x10, 0x84, 0xFF, 0x10, 0x84, 0xFE, 0x10, 0x84, 0xFF, 0x10, 0x84,
  0xFD, 0x30, 0x84, 0xFF, 0x10, 0x84, 0x93, 0x00, 0x00, 0x00, 0xEF, 0x7B, 0x02, 0xEF, 0x7B, 0x02,
  0x00, 0x00, 0x00, 0x30, 0x84, 0x2E, 0x10, 0x84, 0xF3, 0x10, 0x84, 0xFF, 0x10, 0x84, 0xFE, 0x10,
  0x84, 0xFF, 0x10, 0x84, 0xFE, 0x30, 0x84, 0xFF, 0x10, 0x84, 0x71, 0x00, 0x00, 0x00, 0xEF, 0x7B,
  0x02, 0x00, 0x00, 0x00, 0x00, 0x00, 0x00, 0x00, 0x00, 0x00, 0xFF, 0xFF, 0x01, 0x00, 0x00, 0x00,
  0xEF, 0x7B, 0x10, 0x10, 0x84, 0xCE, 0x30, 0x84, 0xFF, 0x10, 0x84, 0xFD, 0x10, 0x84, 0xFF, 0x10,
  0x84, 0xFD, 0x30, 0x84, 0xFF, 0x10, 0x84, 0xBA, 0xEF, 0x7B, 0x08, 0x00, 0x00, 0x00, 0xEF, 0x7B,
  0x02, 0x00, 0x00, 0x00, 0xEF, 0x7B, 0x06, 0x10, 0x84, 0xD5, 0x30, 0x84, 0xFF, 0x10, 0x84, 0xFD,
  0x10, 0x84, 0xFF, 0x10, 0x84, 0xFE, 0x30, 0x84, 0xFF, 0x10, 0x84, 0x7F, 0x10, 0x84, 0xDB, 0x30,
  0x84, 0xFD, 0x10, 0x84, 0xFA, 0x10, 0x84, 0xFE, 0x10, 0x84, 0xFE, 0x10, 0x84, 0xFD, 0x10, 0x84,
  0xFF, 0x10, 0x84, 0xFF, 0x10, 0x84, 0xFF, 0x10, 0x84, 0xFF, 0x10, 0x84, 0xFC, 0x51, 0x8C, 0xFF,
  0x10, 0x84, 0x85, 0x10, 0x84, 0x7F, 0x51, 0x8C, 0xFF, 0x10, 0x84, 0xF7, 0x10, 0x84, 0xFD, 0x10,
  0x84, 0xFE, 0x10, 0x84, 0xFD, 0x10, 0x84, 0xFD, 0x10, 0x84, 0xFF, 0x10, 0x84, 0xFF, 0x10, 0x84,
  0xFF, 0x10, 0x84, 0xFF, 0x10, 0x84, 0xFB, 0x51, 0x8C, 0xFF, 0x10, 0x84, 0xC3, 0xEF, 0x7B, 0x02,
  0x10, 0x84, 0xFF, 0x10, 0x84, 0xFF, 0x10, 0x84, 0xFF, 0x10, 0x84, 0xFF, 0x10, 0x84, 0xFB, 0x51,
  0x8C, 0xFF, 0x10, 0x84, 0x70, 0x10, 0x84, 0x9F, 0x51, 0x8C, 0xFF, 0x10, 0x84, 0xFC, 0x10, 0x84,
  0xFF, 0x10, 0x84, 0xFE, 0x30, 0x84, 0xFF, 0x10, 0x84, 0x65, 0x00, 0x00, 0x00, 0xEF, 0x7B, 0x02,
  0x00, 0x00, 0x00, 0x00, 0x00, 0x00, 0x00, 0x00, 0x01, 0x00, 0x00, 0x00, 0xEF, 0x7B, 0x0C, 0x10,
  0x84, 0xC6, 0x30, 0x84, 0xFF, 0x10, 0x84, 0xFD, 0x10, 0x84, 0xFF, 0x10, 0x84, 0xFE, 0x10, 0x84,
  0xFA, 0x10, 0x84, 0x51, 0x10, 0x84, 0xDE, 0x30, 0x84, 0xFF, 0x10, 0x84, 0xFE, 0x10, 0x84, 0xFF,
  0x10, 0x84, 0xFB, 0x71, 0x8C, 0xFF, 0x30, 0x84, 0x80, 0x00, 0x00, 0x00, 0x55, 0xAD, 0x03, 0x00,
  0x00, 0x00, 0x00, 0x00, 0x01, 0x00, 0x00, 0x01, 0xCF, 0x7B, 0x19, 0x10, 0x84, 0xD4, 0x30, 0x84,
  0xFF, 0x10, 0x84, 0xFC, 0x10, 0x84, 0xFF, 0x10, 0x84, 0xFF, 0x10, 0x84, 0xFD, 0x30, 0x84, 0xFF,
  0x10, 0x84, 0xFC, 0x10, 0x84, 0xCE, 0x10, 0x84, 0xB7, 0x10, 0x84, 0xC1, 0x10, 0x84, 0xF1, 0x30,
  0x84, 0xFF, 0x10, 0x84, 0xFF, 0x10, 0x84, 0xFF, 0x10, 0x84, 0xFF, 0x10, 0x84, 0xFB, 0x51, 0x8C,
  0xFF, 0x10, 0x84, 0xCC, 0x51, 0x8C, 0x0B, 0x00, 0x00, 0x01, 0x00, 0x00, 0x01, 0x00, 0x00, 0x00,
  0xEF, 0x7B, 0x02, 0x00, 0x00, 0x01, 0x10, 0x84, 0x2D, 0x10, 0x84, 0xEF, 0x10, 0x84, 0xFE, 0x10,
  0x84, 0xFD, 0x10, 0x84, 0xFF, 0x10, 0x84, 0xFF, 0x10, 0x84, 0xFF, 0x10, 0x84, 0xFE, 0x30, 0x84,
  0xFF, 0x30, 0x84, 0xFF, 0x10, 0x84, 0xFD, 0x10, 0x84, 0xFE, 0x30, 0x84, 0xFF, 0x30, 0x84, 0xFF,
  0x10, 0x84, 0xFD, 0x10, 0x84, 0xFE, 0x10, 0x84, 0xFB, 0x10, 0x84, 0xFF, 0x10, 0x84, 0xFF, 0x10,
  0x84, 0xFF, 0x10, 0x84, 0xFC, 0x51, 0x8C, 0xFF, 0x10, 0x84, 0x88, 0x00, 0x00, 0x00, 0xEF, 0x7B,
  0x04, 0xEF, 0x7B, 0x02, 0x00, 0x00, 0x00, 0x10, 0x84, 0x2D, 0x10, 0x84, 0xEB, 0x10, 0x84, 0xFF,
  0x10, 0x84, 0xFE, 0x10, 0x84, 0xFF, 0x10, 0x84, 0xFD, 0x30, 0x84, 0xFF, 0x10, 0x84, 0x93, 0x00,
  0x00, 0x00, 0xEF, 0x7B, 0x02, 0xEF, 0x7B, 0x02, 0x00, 0x00, 0x00, 0x30, 0x84, 0x2E, 0x10, 0x84,
  0xF3, 0x10, 0x84, 0xFF, 0x10, 0x84, 0xFE, 0x10, 0x84, 0xFF, 0x10, 0x84, 0xFE, 0x30, 0x84, 0xFF,
  0x10, 0x84, 0x71, 0x00, 0x00, 0x00, 0xEF, 0x7B, 0x02, 0x00, 0x00, 0x00, 0x00, 0x00, 0x00, 0x00,
  0x00, 0x00, 0xFF, 0xFF, 0x01, 0x00, 0x00, 0x00, 0xEF, 0x7B, 0x10, 0x10, 0x84, 0xCE, 0x30, 0x84,
  0xFF, 0x10, 0x84, 0xFD, 0x10, 0x84, 0xFF, 0x10, 0x84, 0xFD, 0x30, 0x84, 0xFF, 0x10, 0x84, 0xBA,
  0xEF, 0x7B, 0x08, 0x00, 0x00, 0x00, 0xEF, 0x7B, 0x02, 0x00, 0x00, 0x00, 0xEF, 0x7B, 0x06, 0x10,
  0x84, 0xD5, 0x30, 0x84, 0xFF, 0x10, 0x84, 0xFD, 0x10, 0x84, 0xFF, 0x10, 0x84, 0xFF, 0x10, 0x84,
  0xFE, 0x10, 0x84, 0xEA, 0x10, 0x84, 0xFA, 0x30, 0x84, 0xFF, 0x30, 0x84, 0xFF, 0x10, 0x84, 0xFF,
  0x30, 0x84, 0xFF, 0x30, 0x84, 0xFF, 0x10, 0x84, 0xFE, 0x10, 0x84, 0xFF, 0x10, 0x84, 0xFF, 0x10,
  0x84, 0xFF, 0x10, 0x84, 0xFE, 0x10, 0x84, 0xFD, 0x10, 0x84, 0xEE, 0x10, 0x84, 0xEC, 0x30, 0x84,
  0xFD, 0x30, 0x84, 0xFF, 0x30, 0x84, 0xFF, 0x10, 0x84, 0xFF, 0x30, 0x84, 0xFF, 0x30, 0x84, 0xFF,
  0x10, 0x84, 0xFE, 0x10, 0x84, 0xFF, 0x10, 0x84, 0xFF, 0x10, 0x84, 0xFF, 0x10, 0x84, 0xFE, 0x10,
  0x84, 0xFC, 0x30, 0x84, 0xFC, 0xEF, 0x7B, 0x4A, 0x10, 0x84, 0xFF, 0x10, 0x84, 0xFF, 0x10, 0x84,
  0xFF, 0x10, 0x84, 0xFF, 0x10, 0x84, 0xFB, 0x71, 0x8C, 0xFF, 0x10, 0x84, 0x6F, 0xEF, 0x7B, 0x42,
  0x30, 0x84, 0xFE, 0x10, 0x84, 0xFD, 0x10, 0x84, 0xFF, 0x10, 0x84, 0xFC, 0x51, 0x8C, 0xFF, 0x10,
  0x84, 0xBC, 0xEF, 0x7B, 0x06, 0x00, 0x00, 0x00, 0x00, 0x00, 0x00, 0x00, 0x00, 0x00, 0xEF, 0x7B,
  0x02, 0x00, 0x00, 0x00, 0x10, 0x84, 0x4B, 0x30, 0x84, 0xFE, 0x10, 0x84, 0xFF, 0x10, 0x84, 0xFF,
  0x10, 0x84, 0xFD, 0x30, 0x84, 0xFE, 0x10, 0x84, 0xC6, 0xEF, 0x7B, 0x14, 0x10, 0x84, 0xEF, 0x10,
  0x84, 0xFF, 0x10, 0x84, 0xFE, 0x10, 0x84, 0xFF, 0x10, 0x84, 0xFB, 0x71, 0x8C, 0xFF, 0x30, 0x84,
  0x80, 0x00, 0x00, 0x00, 0x55, 0xAD, 0x03, 0x00, 0x00, 0x00, 0xEF, 0x7B, 0x02, 0x00, 0x00, 0x00,
  0x10, 0x84, 0x86, 0x51, 0x8C, 0xFF, 0x10, 0x84, 0xFC, 0x10, 0x84, 0xFF, 0x10, 0x84, 0xFF, 0x10,
  0x84, 0xFD, 0x30, 0x84, 0xFF, 0x10, 0x84, 0xBE, 0x10, 0x84, 0x3C, 0xEF, 0x7B, 0x0C, 0x00, 0x00,
  0x00, 0xEF, 0x7B, 0x04, 0xEF, 0x7B, 0x1E, 0x10, 0x84, 0x8D, 0x30, 0x84, 0xFE, 0x10, 0x84, 0xFE,
  0x10, 0x84, 0xFE, 0x10, 0x84, 0xFF, 0xEF, 0x7B, 0xFC, 0x51, 0x8C, 0xFF, 0x30, 0x84, 0x6E, 0x00,
  0x00, 0x00, 0xAA, 0x52, 0x03, 0x00, 0x00, 0x00, 0xFF, 0xFF, 0x01, 0x00, 0x00, 0x00, 0x10, 0x84,
  0x94, 0x30, 0x84, 0xFF, 0x10, 0x84, 0xFD, 0x10, 0x84, 0xFF, 0x10, 0x84, 0xFF, 0x10, 0x84, 0xFF,
  0x10, 0x84, 0xFE, 0x30, 0x84, 0xFF, 0x10, 0x84, 0xBE, 0xEF, 0x7B, 0x4F, 0xEF, 0x7B, 0x26, 0x10,
  0x84, 0x27, 0x10, 0x84, 0x51, 0x10, 0x84, 0xBF, 0x30, 0x84, 0xFF, 0x10, 0x84, 0xFE, 0x10, 0x84,
  0xFF, 0x10, 0x84, 0xFF, 0x10, 0x84, 0xFF, 0x10, 0x84, 0xFF, 0x10, 0x84, 0xFC, 0x51, 0x8C, 0xFF,
  0x10, 0x84, 0x88, 0x00, 0x00, 0x00, 0xEF, 0x7B, 0x04, 0xEF, 0x7B, 0x02, 0x00, 0x00, 0x00, 0x10,
  0x84, 0x2D, 0x10, 0x84, 0xEB, 0x10, 0x84, 0xFF, 0x10, 0x84, 0xFE, 0x10, 0x84, 0xFF, 0x10, 0x84,
  0xFD, 0x30, 0x84, 0xFF, 0x10, 0x84, 0x93, 0x00, 0x00, 0x00, 0xEF, 0x7B, 0x02, 0xEF, 0x7B, 0x02,
  0x00, 0x00, 0x00, 0x30, 0x84, 0x2E, 0x10, 0x84, 0xF3, 0x10, 0x84, 0xFF, 0x10, 0x84, 0xFE, 0x10,
  0x84, 0xFF, 0x10, 0x84, 0xFE, 0x30, 0x84, 0xFF, 0x10, 0x84, 0x71, 0x00, 0x00, 0x00, 0xEF, 0x7B,
  0x02, 0x00, 0x00, 0x00, 0x00, 0x00, 0x00, 0x00, 0x00, 0x00, 0xFF, 0xFF, 0x01, 0x00, 0x00, 0x00,
  0xEF, 0x7B, 0x10, 0x10, 0x84, 0xCE, 0x30, 0x84, 0xFF, 0x10, 0x84, 0xFD, 0x10, 0x84, 0xFF, 0x10,
  0x84, 0xFD, 0x30, 0x84, 0xFF, 0x10, 0x84, 0xBA, 0xEF, 0x7B, 0x08, 0x00, 0x00, 0x00, 0xEF, 0x7B,
  0x02, 0x00, 0x00, 0x00, 0xEF, 0x7B, 0x06, 0x10, 0x84, 0xD5, 0x30, 0x84, 0xFF, 0x10, 0x84, 0xFD,
  0x10, 0x84, 0xFF, 0x10, 0x84, 0xFF, 0x10, 0x84, 0xFF, 0x10, 0x84, 0xFF, 0x30, 0x84, 0xFF, 0x10,
  0x84, 0xD7, 0x10, 0x84, 0x77, 0x10, 0x84, 0x43, 0x10, 0x84, 0x5B, 0x10, 0x84, 0xB1, 0x10, 0x84,
  0xFF, 0x10, 0x84, 0xFE, 0x10, 0x84, 0xFE, 0x10, 0x84, 0xFF, 0x10, 0x84, 0xFF, 0x10, 0x84, 0xFF,
  0x10, 0x84, 0xFF, 0x10, 0x84, 0xFF, 0x10, 0x84, 0xFF, 0x10, 0x84, 0xB7, 0x10, 0x84, 0x61, 0xEF,
  0x7B, 0x3E, 0x10, 0x84, 0x61, 0x10, 0x84, 0xC0, 0x30, 0x84, 0xFF, 0x10, 0x84, 0xFE, 0x10, 0x84,
  0xFF, 0x10, 0x84, 0xFF, 0x10, 0x84, 0xFF, 0x10, 0x84, 0xFC, 0x51, 0x8C, 0xFF, 0x30, 0x84, 0x8F,
  0x10, 0x84, 0xFF, 0x10, 0x84, 0xFF, 0x10, 0x84, 0xFF, 0x10, 0x84, 0xFF, 0x10, 0x84, 0xFB, 0x51,
  0x8C, 0xFF, 0x10, 0x84, 0x7C, 0xEF, 0x7B, 0x04, 0x10, 0x84, 0xD8, 0x30, 0x84, 0xFF, 0x10, 0x84,
  0xFD, 0x10, 0x84, 0xFF, 0x10, 0x84, 0xFF, 0x30, 0x84, 0xF9, 0x10, 0x84, 0x3C, 0x00, 0x00, 0x01,
  0xEF, 0x7B, 0x02, 0x00, 0x00, 0x01, 0x00, 0x00, 0x01, 0x00, 0x00, 0x00, 0x30, 0x84, 0xA6, 0x51,
  0x8C, 0xFF, 0x10, 0x84, 0xFC, 0x10, 0x84, 0xFF, 0x10, 0x84, 0xFC, 0x51, 0x8C, 0xFF, 0x10, 0x84,
  0x62, 0x92, 0x94, 0x07, 0x10, 0x84, 0xF1, 0x10, 0x84, 0xFF, 0x10, 0x84, 0xFE, 0x10, 0x84, 0xFF,
  0x10, 0x84, 0xFB, 0x71, 0x8C, 0xFF, 0x30, 0x84, 0x80, 0x00, 0x00, 0x00, 0x55, 0xAD, 0x03, 0xEF,
  0x7B, 0x02, 0x00, 0x00, 0x00, 0xEF, 0x7B, 0x1E, 0x10, 0x84, 0xE3, 0x30, 0x84, 0xFE, 0x10, 0x84,
  0xFE, 0x10, 0x84, 0xFF, 0x10, 0x84, 0xFD, 0x30, 0x84, 0xFF, 0x10, 0x84, 0xB1, 0x8E, 0x73, 0x0B,
  0x00, 0x00, 0x00, 0x00, 0x00, 0x00, 0x00, 0x00, 0x00, 0x00, 0x00, 0x00, 0x00, 0x00, 0x00, 0x00,
  0x00, 0x00, 0x10, 0x84, 0x7D, 0x30, 0x84, 0xFF, 0x10, 0x84, 0xFD, 0x10, 0x84, 0xFF, 0x10, 0x84,
  0xFD, 0x30, 0x84, 0xFE, 0x10, 0x84, 0xD0, 0xEF, 0x7B, 0x0C, 0x00, 0x00, 0x01, 0xAA, 0x52, 0x03,
  0x00, 0x00, 0x00, 0xEF, 0x7B, 0x1C, 0x10, 0x84, 0xDE, 0x30, 0x84, 0xFE, 0x10, 0x84, 0xFD, 0x10,
  0x84, 0xFF, 0x10, 0x84, 0xFF, 0x10, 0x84, 0xFD, 0x30, 0x84, 0xFF, 0x10, 0x84, 0xA2, 0x92, 0x94,
  0x07, 0x00, 0x00, 0x00, 0x00, 0x00, 0x00, 0x00, 0x00, 0x00, 0x00, 0x00, 0x00, 0xEF, 0x7B, 0x08,
  0x10, 0x84, 0x9D, 0x51, 0x8C, 0xFF, 0x10, 0x84, 0xFD, 0x10, 0x84, 0xFF, 0x10, 0x84, 0xFF, 0x10,
  0x84, 0xFF, 0x10, 0x84, 0xFC, 0x51, 0x8C, 0xFF, 0x10, 0x84, 0x88, 0x00, 0x00, 0x00, 0xEF, 0x7B,
  0x04, 0xEF, 0x7B, 0x02, 0x00, 0x00, 0x00, 0x10, 0x84, 0x2D, 0x10, 0x84, 0xEB, 0x10, 0x84, 0xFF,
  0x10, 0x84, 0xFE, 0x10, 0x84, 0xFF, 0x10, 0x84, 0xFD, 0x30, 0x84, 0xFF, 0x10, 0x84, 0x93, 0x00,
  0x00, 0x00, 0xEF, 0x7B, 0x02, 0xEF, 0x7B, 0x02, 0x00, 0x00, 0x00, 0x30, 0x84, 0x2E, 0x10, 0x84,
  0xF3, 0x10, 0x84, 0xFF, 0x10, 0x84, 0xFE, 0x10, 0x84, 0xFF, 0x10, 0x84, 0xFE, 0x30, 0x84, 0xFF,
  0x10, 0x84, 0x71, 0x00, 0x00, 0x00, 0xEF, 0x7B, 0x02, 0x00, 0x00, 0x00, 0x00, 0x00, 0x00, 0x00,
  0x00, 0x00, 0xFF, 0xFF, 0x01, 0x00, 0x00, 0x00, 0xEF, 0x7B, 0x10, 0x10, 0x84, 0xCE, 0x30, 0x84,
  0xFF, 0x10, 0x84, 0xFD, 0x10, 0x84, 0xFF, 0x10, 0x84, 0xFD, 0x30, 0x84, 0xFF, 0x10, 0x84, 0xBA,
  0xEF, 0x7B, 0x08, 0x00, 0x00, 0x00, 0xEF, 0x7B, 0x02, 0x00, 0x00, 0x00, 0xEF, 0x7B, 0x06, 0x10,
  0x84, 0xD5, 0x30, 0x84, 0xFF, 0x10, 0x84, 0xFD, 0x10, 0x84, 0xFF, 0x10, 0x84, 0xFF, 0x10, 0x84,
  0xFD, 0x30, 0x84, 0xFF, 0x10, 0x84, 0xC2, 0xEF, 0x7B, 0x16, 0x00, 0x00, 0x00, 0x00, 0x00, 0x00,
  0x00, 0x00, 0x00, 0x00, 0x00, 0x00, 0x10, 0x84, 0x93, 0x30, 0x84, 0xFF, 0x10, 0x84, 0xFD, 0x10,
  0x84, 0xFF, 0x10, 0x84, 0xFF, 0x10, 0x84, 0xFF, 0x10, 0x84, 0xFD, 0x30, 0x84, 0xFF, 0x10, 0x84,
  0x93, 0x00, 0x00, 0x01, 0x00, 0x00, 0x00, 0x00, 0x00, 0x00, 0x00, 0x00, 0x00, 0x6D, 0x6B, 0x07,
  0x10, 0x84, 0x98, 0x30, 0x84, 0xFF, 0x10, 0x84, 0xFD, 0x10, 0x84, 0xFF, 0x10, 0x84, 0xFF, 0x10,
  0x84, 0xFD, 0x30, 0x84, 0xFF, 0x10, 0x84, 0xB6, 0x10, 0x84, 0xFF, 0x10, 0x84, 0xFF, 0x10, 0x84,
  0xFF, 0x10, 0x84, 0xFF, 0x10, 0x84, 0xFB, 0x51, 0x8C, 0xFF, 0x10, 0x84, 0x80, 0x00, 0x00, 0x00,
  0x10, 0x84, 0x7C, 0x51, 0x8C, 0xFF, 0x10, 0x84, 0xFC, 0x10, 0x84, 0xFF, 0x10, 0x84, 0xFC, 0x51,
  0x8C, 0xFF, 0x10, 0x84, 0x95, 0x00, 0x00, 0x00, 0x00, 0x00, 0x02, 0xEF, 0x7B, 0x02, 0x00, 0x00,
  0x01, 0xEF, 0x7B, 0x2A, 0x30, 0x84, 0xEF, 0x10, 0x84, 0xFE, 0x10, 0x84, 0xFE, 0x10, 0x84, 0xFD,
  0x30, 0x84, 0xFF, 0x10, 0x84, 0xE5, 0xCF, 0x7B, 0x11, 0xEF, 0x7B, 0x10, 0x10, 0x84, 0xF0, 0x10,
  0x84, 0xFF, 0x10, 0x84, 0xFE, 0x10, 0x84, 0xFF, 0x10, 0x84, 0xFB, 0x71, 0x8C, 0xFF, 0x30, 0x84,
  0x80, 0x00, 0x00, 0x00, 0x55, 0xAD, 0x03, 0xEF, 0x7B, 0x02, 0x00, 0x00, 0x00, 0x10, 0x84, 0x67,
  0x30, 0x84, 0xFF, 0x10, 0x84, 0xFE, 0x10, 0x84, 0xFF, 0x10, 0x84, 0xFF, 0x10, 0x84, 0xFF, 0x10,
  0x84, 0xF1, 0x10, 0x84, 0x23, 0x00, 0x00, 0x01, 0x92, 0x94, 0x07, 0xEF, 0x7B, 0x04, 0xEF, 0x7B,
  0x04, 0xEF, 0x7B, 0x04, 0x6D, 0x6B, 0x07, 0xD3, 0x9C, 0x05, 0x8E, 0x73, 0x09, 0x10, 0x84, 0xCE,
  0x30, 0x84, 0xFF, 0x10, 0x84, 0xFC, 0x10, 0x84, 0xFF, 0x10, 0x84, 0xFD, 0x30, 0x84, 0xFF, 0x10,
  0x84, 0x3C, 0x00, 0x00, 0x00, 0xEF, 0x7B, 0x06, 0x00, 0x00, 0x00, 0x30, 0x84, 0x4F, 0x30, 0x84,
  0xFD, 0x10, 0x84, 0xFE, 0x10, 0x84, 0xFF, 0x10, 0x84, 0xFF, 0x10, 0x84, 0xFE, 0x30, 0x84, 0xFF,
  0x10, 0x84, 0xDE, 0xEF, 0x7B, 0x14, 0x00, 0x00, 0x00, 0xEF, 0x7B, 0x04, 0xEF, 0x7B, 0x02, 0xEF,
  0x7B, 0x02, 0xEF, 0x7B, 0x04, 0x00, 0x00, 0x00, 0xEF, 0x7B, 0x0C, 0x10, 0x84, 0xD9, 0x30, 0x84,
  0xFF, 0x10, 0x84, 0xFD, 0x10, 0x84, 0xFF, 0x10, 0x84, 0xFF, 0x10, 0x84, 0xFC, 0x51, 0x8C, 0xFF,
  0x10, 0x84, 0x88, 0x00, 0x00, 0x00, 0xEF, 0x7B, 0x04, 0xEF, 0x7B, 0x02, 0x00, 0x00, 0x00, 0x10,
  0x84, 0x2D, 0x10, 0x84, 0xEB, 0x10, 0x84, 0xFF, 0x10, 0x84, 0xFE, 0x10, 0x84, 0xFF, 0x10, 0x84,
  0xFD, 0x30, 0x84, 0xFF, 0x10, 0x84, 0x93, 0x00, 0x00, 0x00, 0xEF, 0x7B, 0x02, 0xEF, 0x7B, 0x02,
  0x00, 0x00, 0x00, 0x30, 0x84, 0x2E, 0x10, 0x84, 0xF3, 0x10, 0x84, 0xFF, 0x10, 0x84, 0xFE, 0x10,
  0x84, 0xFF, 0x10, 0x84, 0xFE, 0x30, 0x84, 0xFF, 0x10, 0x84, 0x71, 0x00, 0x00, 0x00, 0xEF, 0x7B,
  0x02, 0x00, 0x00, 0x00, 0x00, 0x00, 0x00, 0x00, 0x00, 0x00, 0xFF, 0xFF, 0x01, 0x00, 0x00, 0x00,
  0xEF, 0x7B, 0x10, 0x10, 0x84, 0xCE, 0x30, 0x84, 0xFF, 0x10, 0x84, 0xFD, 0x10, 0x84, 0xFF, 0x10,
  0x84, 0xFD, 0x30, 0x84, 0xFF, 0x10, 0x84, 0xBA, 0xEF, 0x7B, 0x08, 0x00, 0x00, 0x00, 0xEF, 0x7B,
  0x02, 0x00, 0x00, 0x00, 0xEF, 0x7B, 0x06, 0x10, 0x84, 0xD5, 0x30, 0x84, 0xFF, 0x10, 0x84, 0xFD,
  0x10, 0x84, 0xFF, 0x10, 0x84, 0xFF, 0x10, 0x84, 0xFF, 0x10, 0x84, 0xF6, 0x10, 0x84, 0x2D, 0x00,
  0x00, 0x00, 0x2C, 0x63, 0x05, 0xEF, 0x7B, 0x02, 0xEF, 0x7B, 0x04, 0x00, 0x00, 0x00, 0x30, 0x84,
  0x1B, 0x10, 0x84, 0xE2, 0x30, 0x84, 0xFF, 0x10, 0x84, 0xFE, 0x10, 0x84, 0xFF, 0x10, 0x84, 0xFE,
  0x30, 0x84, 0xFF, 0x10, 0x84, 0xE1, 0x30, 0x84, 0x19, 0x00, 0x00, 0x00, 0xEF, 0x7B, 0x04, 0xEF,
  0x7B, 0x02, 0xEF, 0x7B, 0x04, 0x00, 0x00, 0x00, 0xEF, 0x7B, 0x18, 0x10, 0x84, 0xEF, 0x10, 0x84,
  0xFF, 0x10, 0x84, 0xFE, 0x10, 0x84, 0xFF, 0x10, 0x84, 0xFD, 0x30, 0x84, 0xFF, 0x10, 0x84, 0xC8,
  0x10, 0x84, 0xFF, 0x10, 0x84, 0xFF, 0x10, 0x84, 0xFF, 0x10, 0x84, 0xFF, 0x10, 0x84, 0xFB, 0x51,
  0x8C, 0xFF, 0x10, 0x84, 0x7F, 0x00, 0x00, 0x00, 0xCF, 0x7B, 0x23, 0x10, 0x84, 0xEC, 0x10, 0x84,
  0xFF, 0x10, 0x84, 0xFD, 0x10, 0x84, 0xFD, 0x30, 0x84, 0xFE, 0x10, 0x84, 0xE3, 0xEF, 0x7B, 0x1E,
  0x00, 0x00, 0x01, 0x2C, 0x63, 0x05, 0x00, 0x00, 0x00, 0x10, 0x84, 0x7B, 0x51, 0x8C, 0xFF, 0x10,
  0x84, 0xFD, 0x10, 0x84, 0xFF, 0x10, 0x84, 0xFC, 0x51, 0x8C, 0xFF, 0x10, 0x84, 0x92, 0x00, 0x00,
  0x00, 0xCF, 0x7B, 0x19, 0x10, 0x84, 0xEE, 0x10, 0x84, 0xFF, 0x10, 0x84, 0xFE, 0x10, 0x84, 0xFF,
  0x10, 0x84, 0xFB, 0x71, 0x8C, 0xFF, 0x30, 0x84, 0x80, 0x00, 0x00, 0x00, 0x55, 0xAD, 0x03, 0xFF,
  0xFF, 0x01, 0x00, 0x00, 0x00, 0x10, 0x84, 0x9D, 0x51, 0x8C, 0xFE, 0x10, 0x84, 0xFC, 0x10, 0x84,
  0xFF, 0x10, 0x84, 0xFC, 0x30, 0x84, 0xFF, 0xEF, 0x7B, 0xA4, 0x00, 0x00, 0x00, 0x00, 0x00, 0x00,
  0x00, 0x00, 0x00, 0x00, 0x00, 0x00, 0x00, 0x00, 0x00, 0x00, 0x00, 0x00, 0x00, 0x00, 0x00, 0x00,
  0x00, 0x00, 0x00, 0x00, 0x00, 0x10, 0x84, 0x7B, 0x51, 0x8C, 0xFF, 0x10, 0x84, 0xFC, 0x10, 0x84,
  0xFF, 0x10, 0x84, 0xFC, 0x51, 0x8C, 0xFF, 0x10, 0x84, 0x75, 0x00, 0x00, 0x00, 0xD3, 0x9C, 0x05,
  0x00, 0x00, 0x00, 0x10, 0x84, 0x7A, 0x51, 0x8C, 0xFF, 0x10, 0x84, 0xFD, 0x10, 0x84, 0xFF, 0x10,
  0x84, 0xFF, 0x10, 0x84, 0xFC, 0x30, 0x84, 0xFF, 0x10, 0x84, 0x7F, 0x00, 0x00, 0x00, 0x55, 0xAD,
  0x03, 0x00, 0x00, 0x00, 0x00, 0x00, 0x00, 0x00, 0x00, 0x00, 0x00, 0x00, 0x00, 0x55, 0xAD, 0x03,
  0x00, 0x00, 0x00, 0x30, 0x84, 0x79, 0x51, 0x8C, 0xFF, 0x10, 0x84, 0xFC, 0x10, 0x84, 0xFF, 0x10,
  0x84, 0xFF, 0x10, 0x84, 0xFC, 0x51, 0x8C, 0xFF, 0x10, 0x84, 0x88, 0x00, 0x00, 0x00, 0xEF, 0x7B,
  0x04, 0xEF, 0x7B, 0x02, 0x00, 0x00, 0x00, 0x10, 0x84, 0x2D, 0x10, 0x84, 0xEB, 0x10, 0x84, 0xFF,
  0x10, 0x84, 0xFE, 0x10, 0x84, 0xFF, 0x10, 0x84, 0xFD, 0x30, 0x84, 0xFF, 0x10, 0x84, 0x93, 0x00,
  0x00, 0x00, 0xEF, 0x7B, 0x02, 0xEF, 0x7B, 0x02, 0x00, 0x00, 0x00, 0x30, 0x84, 0x2E, 0x10, 0x84,
  0xF3, 0x10, 0x84, 0xFF, 0x10, 0x84, 0xFE, 0x10, 0x84, 0xFF, 0x10, 0x84, 0xFE, 0x30, 0x84, 0xFF,
  0x10, 0x84, 0x71, 0x00, 0x00, 0x00, 0xEF, 0x7B, 0x02, 0x00, 0x00, 0x00, 0x00, 0x00, 0x00, 0x00,
  0x00, 0x00, 0xFF, 0xFF, 0x01, 0x00, 0x00, 0x00, 0xEF, 0x7B, 0x10, 0x10, 0x84, 0xCE, 0x30, 0x84,
  0xFF, 0x10, 0x84, 0xFD, 0x10, 0x84, 0xFF, 0x10, 0x84, 0xFD, 0x30, 0x84, 0xFF, 0x10, 0x84, 0xBA,
  0xEF, 0x7B, 0x08, 0x00, 0x00, 0x00, 0xEF, 0x7B, 0x02, 0x00, 0x00, 0x00, 0xEF, 0x7B, 0x06, 0x10,
  0x84, 0xD5, 0x30, 0x84, 0xFF, 0x10, 0x84, 0xFD, 0x10, 0x84, 0xFF, 0x10, 0x84, 0xFD, 0x30, 0x84,
  0xFF, 0x10, 0x84, 0xBF, 0xAA, 0x52, 0x03, 0xFF, 0xFF, 0x01, 0x00, 0x00, 0x01, 0x00, 0x00, 0x00,
  0x00, 0x00, 0x01, 0x00, 0x00, 0x01, 0xEF, 0x7B, 0x02, 0x10, 0x84, 0xC9, 0x30, 0x84, 0xFF, 0x10,
  0x84, 0xFD, 0x10, 0x84, 0xFF, 0x10, 0x84, 0xFD, 0x30, 0x84, 0xFF, 0x10, 0x84, 0xB4, 0x00, 0x00,
  0x00, 0x00, 0x00, 0x01, 0x00, 0x00, 0x00, 0x00, 0x00, 0x00, 0x00, 0x00, 0x01, 0x00, 0x00, 0x01,
  0xEF, 0x7B, 0x0A, 0x10, 0x84, 0xC6, 0x30, 0x84, 0xFF, 0x10, 0x84, 0xFD, 0x10, 0x84, 0xFF, 0x10,
  0x84, 0xFD, 0x30, 0x84, 0xFF, 0x10, 0x84, 0xCA, 0x10, 0x84, 0xFF, 0x10, 0x84, 0xFF, 0x10, 0x84,
  0xFF, 0x10, 0x84, 0xFF, 0x10, 0x84, 0xFB, 0x51, 0x8C, 0xFF, 0x10, 0x84, 0x7D, 0x00, 0x00, 0x00,
  0x00, 0x00, 0x00, 0x10, 0x84, 0x9F, 0x51, 0x8C, 0xFF, 0x10, 0x84, 0xFC, 0x10, 0x84, 0xFF, 0x10,
  0x84, 0xFD, 0x51, 0x8C, 0xFF, 0x30, 0x84, 0x6E, 0x00, 0x00, 0x00, 0x00, 0x00, 0x01, 0xEF, 0x7B,
  0x10, 0x10, 0x84, 0xDA, 0x30, 0x84, 0xFF, 0x10, 0x84, 0xFD, 0x10, 0x84, 0xFF, 0x10, 0x84, 0xFF,
  0x10, 0x84, 0xFB, 0x10, 0x84, 0x31, 0x00, 0x00, 0x01, 0x30, 0x84, 0x17, 0x10, 0x84, 0xEE, 0x10,
  0x84, 0xFF, 0x10, 0x84, 0xFE, 0x10, 0x84, 0xFF, 0x10, 0x84, 0xFB, 0x71, 0x8C, 0xFF, 0x30, 0x84,
  0x80, 0x00, 0x00, 0x00, 0xEF, 0x7B, 0x04, 0x00, 0x00, 0x00, 0xEF, 0x7B, 0x0C, 0x10, 0x84, 0xC2,
  0x30, 0x84, 0xFF, 0x10, 0x84, 0xFD, 0x10, 0x84, 0xFF, 0x10, 0x84, 0xFD, 0x30, 0x84, 0xFF, 0x10,
  0x84, 0xC6, 0x10, 0x84, 0x84, 0x10, 0x84, 0x88, 0x10, 0x84, 0x87, 0x10, 0x84, 0x87, 0x10, 0x84,
  0x87, 0x10, 0x84, 0x87, 0x10, 0x84, 0x87, 0x10, 0x84, 0x88, 0x10, 0x84, 0x85, 0x10, 0x84, 0xB8,
  0x30, 0x84, 0xFF, 0x10, 0x84, 0xFE, 0x10, 0x84, 0xFF, 0x10, 0x84, 0xFC, 0x51, 0x8C, 0xFF, 0x10,
  0x84, 0x9E, 0x00, 0x00, 0x00, 0x55, 0xAD, 0x03, 0x00, 0x00, 0x00, 0x10, 0x84, 0xA2, 0x51, 0x8C,
  0xFF, 0x10, 0x84, 0xFD, 0x10, 0x84, 0xFF, 0x10, 0x84, 0xFF, 0x10, 0x84, 0xFD, 0x30, 0x84, 0xFF,
  0xEF, 0x7B, 0x44, 0xFF, 0xFF, 0x01, 0x55, 0xAD, 0x03, 0x00, 0x00, 0x00, 0x00, 0x00, 0x00, 0x00,
  0x00, 0x00, 0x00, 0x00, 0x00, 0xEF, 0x7B, 0x02, 0x00, 0x00, 0x01, 0xEF, 0x7B, 0x3E, 0x30, 0x84,
  0xF7, 0x10, 0x84, 0xFF, 0x10, 0x84, 0xFE, 0x10, 0x84, 0xFF, 0x10, 0x84, 0xFC, 0x51, 0x8C, 0xFF,
  0x10, 0x84, 0x88, 0x00, 0x00, 0x00, 0xEF, 0x7B, 0x04, 0xEF, 0x7B, 0x02, 0x00, 0x00, 0x00, 0x10,
  0x84, 0x2D, 0x10, 0x84, 0xEB, 0x10, 0x84, 0xFF, 0x10, 0x84, 0xFE, 0x10, 0x84, 0xFF, 0x10, 0x84,
  0xFD, 0x30, 0x84, 0xFF, 0x10, 0x84, 0x93, 0x00, 0x00, 0x00, 0xEF, 0x7B, 0x02, 0xEF, 0x7B, 0x02,
  0x00, 0x00, 0x00, 0x30, 0x84, 0x2E, 0x10, 0x84, 0xF3, 0x10, 0x84, 0xFF, 0x10, 0x84, 0xFE, 0x10,
  0x84, 0xFF, 0x10, 0x84, 0xFE, 0x30, 0x84, 0xFF, 0x10, 0x84, 0x71, 0x00, 0x00, 0x00, 0xEF, 0x7B,
  0x02, 0x00, 0x00, 0x00, 0x00, 0x00, 0x00, 0x00, 0x00, 0x00, 0xFF, 0xFF, 0x01, 0x00, 0x00, 0x00,
  0xEF, 0x7B, 0x10, 0x10, 0x84, 0xCE, 0x30, 0x84, 0xFF, 0x10, 0x84, 0xFD, 0x10, 0x84, 0xFF, 0x10,
  0x84, 0xFD, 0x30, 0x84, 0xFF, 0x10, 0x84, 0xBA, 0xEF, 0x7B, 0x08, 0x00, 0x00, 0x00, 0xEF, 0x7B,
  0x02, 0x00, 0x00, 0x00, 0xEF, 0x7B, 0x06, 0x10, 0x84, 0xD5, 0x30, 0x84, 0xFF, 0x10, 0x84, 0xFD,
  0x10, 0x84, 0xFF, 0x10, 0x84, 0xFC, 0x51, 0x8C, 0xFF, 0x30, 0x84, 0xA2, 0x00, 0x00, 0x00, 0xFF,
  0xFF, 0x01, 0x00, 0x00, 0x00, 0x00, 0x00, 0x00, 0x00, 0x00, 0x01, 0x00, 0x00, 0x00, 0xEF, 0x7B,
  0x02, 0x10, 0x84, 0xC9, 0x30, 0x84, 0xFF, 0x10, 0x84, 0xFD, 0x10, 0x84, 0xFF, 0x10, 0x84, 0xFD,
  0x30, 0x84, 0xFF, 0x10, 0x84, 0xA3, 0x00, 0x00, 0x01, 0x00, 0x00, 0x01, 0x00, 0x00, 0x00, 0x00,
  0x00, 0x00, 0x00, 0x00, 0x01, 0x00, 0x00, 0x00, 0x8E, 0x73, 0x09, 0x30, 0x84, 0xC1, 0x30, 0x84,
  0xFF, 0x10, 0x84, 0xFD, 0x10, 0x84, 0xFF, 0x10, 0x84, 0xFD, 0x30, 0x84, 0xFF, 0x10, 0x84, 0xCA,
  0x10, 0x84, 0xFF, 0x10, 0x84, 0xFF, 0x10, 0x84, 0xFF, 0x10, 0x84, 0xFF, 0x10, 0x84, 0xFB, 0x51,
  0x8C, 0xFF, 0x10, 0x84, 0x7D, 0x00, 0x00, 0x00, 0x00, 0x00, 0x00, 0xEF, 0x7B, 0x40, 0x30, 0x84,
  0xFF, 0x10, 0x84, 0xFE, 0x10, 0x84, 0xFF, 0x10, 0x84, 0xFC, 0x30, 0x84, 0xFE, 0x10, 0x84, 0xCE,
  0xEF, 0x7B, 0x0E, 0xFF, 0xFF, 0x01, 0x30, 0x84, 0x5B, 0x51, 0x8C, 0xFF, 0x10, 0x84, 0xFD, 0x10,
  0x84, 0xFF, 0x10, 0x84, 0xFC, 0x51, 0x8C, 0xFF, 0x30, 0x84, 0xB6, 0xEF, 0x7B, 0x04, 0x00, 0x00,
  0x00, 0xEF, 0x7B, 0x16, 0x10, 0x84, 0xEE, 0x10, 0x84, 0xFF, 0x10, 0x84, 0xFE, 0x10, 0x84, 0xFF,
  0x10, 0x84, 0xFB, 0x71, 0x8C, 0xFF, 0x30, 0x84, 0x80, 0x00, 0x00, 0x00, 0x2C, 0x63, 0x05, 0x00,
  0x00, 0x00, 0xCF, 0x7B, 0x1D, 0x10, 0x84, 0xDF, 0x30, 0x84, 0xFF, 0x10, 0x84, 0xFE, 0x10, 0x84,
  0xFF, 0x10, 0x84, 0xFF, 0x10, 0x84, 0xFF, 0x30, 0x84, 0xFF, 0x30, 0x84, 0xFF, 0x30, 0x84, 0xFF,
  0x30, 0x84, 0xFF, 0x30, 0x84, 0xFF, 0x30, 0x84, 0xFF, 0x30, 0x84, 0xFF, 0x30, 0x84, 0xFF, 0x30,
  0x84, 0xFF, 0x30, 0x84, 0xFF, 0x30, 0x84, 0xFF, 0x10, 0x84, 0xFF, 0x10, 0x84, 0xFF, 0x10, 0x84,
  0xFF, 0x10, 0x84, 0xFC, 0x30, 0x84, 0xFF, 0x10, 0x84, 0xBB, 0x00, 0x00, 0x00, 0xEF, 0x7B, 0x02,
  0x00, 0x00, 0x01, 0x10, 0x84, 0xB5, 0x51, 0x8C, 0xFF, 0x10, 0x84, 0xFC, 0x10, 0x84, 0xFF, 0x10,
  0x84, 0xFE, 0x10, 0x84, 0xFF, 0x10, 0x84, 0xF0, 0x10, 0x84, 0x2B, 0x00, 0x00, 0x00, 0xEF, 0x7B,
  0x02, 0x00, 0x00, 0x00, 0x00, 0x00, 0x00, 0x00, 0x00, 0x00, 0x00, 0x00, 0x00, 0xFF, 0xFF, 0x01,
  0x00, 0x00, 0x00, 0xEF, 0x7B, 0x20, 0x30, 0x84, 0xE4, 0x30, 0x84, 0xFF, 0x10, 0x84, 0xFD, 0x10,
  0x84, 0xFF, 0x10, 0x84, 0xFC, 0x51, 0x8C, 0xFF, 0x10, 0x84, 0x88, 0x00, 0x00, 0x00, 0xEF, 0x7B,
  0x04, 0xEF, 0x7B, 0x02, 0x00, 0x00, 0x00, 0x10, 0x84, 0x2D, 0x10, 0x84, 0xEB, 0x10, 0x84, 0xFF,
  0x10, 0x84, 0xFE, 0x10, 0x84, 0xFF, 0x10, 0x84, 0xFD, 0x30, 0x84, 0xFF, 0x10, 0x84, 0x93, 0x00,
  0x00, 0x00, 0xEF, 0x7B, 0x02, 0xEF, 0x7B, 0x02, 0x00, 0x00, 0x00, 0x30, 0x84, 0x2E, 0x10, 0x84,
  0xF3, 0x10, 0x84, 0xFF, 0x10, 0x84, 0xFE, 0x10, 0x84, 0xFF, 0x10, 0x84, 0xFE, 0x30, 0x84, 0xFF,
  0x10, 0x84, 0x71, 0x00, 0x00, 0x00, 0xEF, 0x7B, 0x02, 0x00, 0x00, 0x00, 0x00, 0x00, 0x00, 0x00,
  0x00, 0x00, 0xFF, 0xFF, 0x01, 0x00, 0x00, 0x00, 0xEF, 0x7B, 0x10, 0x10, 0x84, 0xCE, 0x30, 0x84,
  0xFF, 0x10, 0x84, 0xFD, 0x10, 0x84, 0xFF, 0x10, 0x84, 0xFD, 0x30, 0x84, 0xFF, 0x10, 0x84, 0xBA,
  0xEF, 0x7B, 0x08, 0x00, 0x00, 0x00, 0xEF, 0x7B, 0x02, 0x00, 0x00, 0x00, 0xEF, 0x7B, 0x06, 0x10,
  0x84, 0xD5, 0x30, 0x84, 0xFF, 0x10, 0x84, 0xFD, 0x10, 0x84, 0xFF, 0x10, 0x84, 0xFC, 0x51, 0x8C,
  0xFF, 0x30, 0x84, 0x9E, 0x00, 0x00, 0x00, 0xFF, 0xFF, 0x01, 0x00, 0x00, 0x00, 0x00, 0x00, 0x00,
  0x00, 0x00, 0x01, 0x00, 0x00, 0x00, 0xEF, 0x7B, 0x02, 0x10, 0x84, 0xC9, 0x30, 0x84, 0xFF, 0x10,
  0x84, 0xFD, 0x10, 0x84, 0xFF, 0x10, 0x84, 0xFD, 0x30, 0x84, 0xFF, 0x10, 0x84, 0xA4, 0x00, 0x00,
  0x00, 0x00, 0x00, 0x01, 0x00, 0x00, 0x00, 0x00, 0x00, 0x00, 0x00, 0x00, 0x01, 0x00, 0x00, 0x00,
  0x8E, 0x73, 0x09, 0x30, 0x84, 0xC2, 0x30, 0x84, 0xFF, 0x10, 0x84, 0xFD, 0x10, 0x84, 0xFF, 0x10,
  0x84, 0xFD, 0x30, 0x84, 0xFF, 0x10, 0x84, 0xCA, 0x10, 0x84, 0xFF, 0x10, 0x84, 0xFF, 0x10, 0x84,
  0xFF, 0x10, 0x84, 0xFF, 0x10, 0x84, 0xFB, 0x51, 0x8C, 0xFF, 0x10, 0x84, 0x7D, 0x00, 0x00, 0x00,
  0xEF, 0x7B, 0x02, 0xAA, 0x52, 0x06, 0x10, 0x84, 0xC5, 0x30, 0x84, 0xFF, 0x10, 0x84, 0xFD, 0x10,
  0x84, 0xFE, 0x10, 0x84, 0xFD, 0x30, 0x84, 0xFD, 0x10, 0x84, 0x4C, 0x00, 0x00, 0x00, 0x10, 0x84,
  0xC8, 0x30, 0x84, 0xFF, 0x10, 0x84, 0xFC, 0x10, 0x84, 0xFF, 0x10, 0x84, 0xFE, 0x30, 0x84, 0xFF,
  0x10, 0x84, 0x5B, 0x00, 0x00, 0x00, 0x00, 0x00, 0x00, 0xEF, 0x7B, 0x16, 0x10, 0x84, 0xEE, 0x10,
  0x84, 0xFF, 0x10, 0x84, 0xFE, 0x10, 0x84, 0xFF, 0x10, 0x84, 0xFB, 0x71, 0x8C, 0xFF, 0x30, 0x84,
  0x80, 0x00, 0x00, 0x00, 0x2C, 0x63, 0x05, 0x00, 0x00, 0x00, 0xEF, 0x7B, 0x20, 0x10, 0x84, 0xE5,
  0x30, 0x84, 0xFF, 0x10, 0x84, 0xFE, 0x10, 0x84, 0xFF, 0x10, 0x84, 0xFF, 0x10, 0x84, 0xFF, 0x10,
  0x84, 0xFD, 0x10, 0x84, 0xFA, 0x10, 0x84, 0xFA, 0x10, 0x84, 0xFA, 0x10, 0x84, 0xFA, 0x10, 0x84,
  0xFA, 0x10, 0x84, 0xFA, 0x10, 0x84, 0xFA, 0x10, 0x84, 0xFA, 0x10, 0x84, 0xFA, 0x10, 0x84, 0xFB,
  0x10, 0x84, 0xFD, 0x10, 0x84, 0xFD, 0x10, 0x84, 0xFD, 0x10, 0x84, 0xFB, 0x30, 0x84, 0xFC, 0x10,
  0x84, 0xC3, 0x00, 0x00, 0x00, 0xFF, 0xFF, 0x01, 0xAA, 0x52, 0x03, 0x10, 0x84, 0xC1, 0x51, 0x8C,
  0xFF, 0x10, 0x84, 0xFC, 0x10, 0x84, 0xFF, 0x10, 0x84, 0xFD, 0x30, 0x84, 0xFF, 0x10, 0x84, 0xE1,
  0xCF, 0x7B, 0x1D, 0x00, 0x00, 0x00, 0xEF, 0x7B, 0x02, 0x00, 0x00, 0x00, 0x00, 0x00, 0x00, 0x00,
  0x00, 0x00, 0x00, 0x00, 0x00, 0xFF, 0xFF, 0x01, 0x00, 0x00, 0x00, 0x71, 0x8C, 0x10, 0x30, 0x84,
  0xDB, 0x30, 0x84, 0xFF, 0x10, 0x84, 0xFD, 0x10, 0x84, 0xFF, 0x10, 0x84, 0xFC, 0x51, 0x8C, 0xFF,
  0x10, 0x84, 0x88, 0x00, 0x00, 0x00, 0xEF, 0x7B, 0x04, 0xEF, 0x7B, 0x02, 0x00, 0x00, 0x00, 0x10,
  0x84, 0x2D, 0x10, 0x84, 0xEB, 0x10, 0x84, 0xFF, 0x10, 0x84, 0xFE, 0x10, 0x84, 0xFF, 0x10, 0x84,
  0xFD, 0x30, 0x84, 0xFF, 0x10, 0x84, 0x93, 0x00, 0x00, 0x00, 0xEF, 0x7B, 0x02, 0xEF, 0x7B, 0x02,
  0x00, 0x00, 0x00, 0x30, 0x84, 0x2E, 0x10, 0x84, 0xF3, 0x10, 0x84, 0xFF, 0x10, 0x84, 0xFE, 0x10,
  0x84, 0xFF, 0x10, 0x84, 0xFE, 0x30, 0x84, 0xFF, 0x10, 0x84, 0x71, 0x00, 0x00, 0x00, 0xEF, 0x7B,
  0x02, 0x00, 0x00, 0x00, 0x00, 0x00, 0x00, 0x00, 0x00, 0x00, 0xFF, 0xFF, 0x01, 0x00, 0x00, 0x00,
  0xEF, 0x7B, 0x10, 0x10, 0x84, 0xCE, 0x30, 0x84, 0xFF, 0x10, 0x84, 0xFD, 0x10, 0x84, 0xFF, 0x10,
  0x84, 0xFD, 0x30, 0x84, 0xFF, 0x10, 0x84, 0xBA, 0xEF, 0x7B, 0x08, 0x00, 0x00, 0x00, 0xEF, 0x7B,
  0x02, 0x00, 0x00, 0x00, 0xEF, 0x7B, 0x06, 0x10, 0x84, 0xD5, 0x30, 0x84, 0xFF, 0x10, 0x84, 0xFD,
  0x10, 0x84, 0xFF, 0x10, 0x84, 0xFC, 0x51, 0x8C, 0xFF, 0x30, 0x84, 0x9E, 0x00, 0x00, 0x00, 0xFF,
  0xFF, 0x01, 0x00, 0x00, 0x00, 0x00, 0x00, 0x00, 0x00, 0x00, 0x01, 0x00, 0x00, 0x00, 0xEF, 0x7B,
  0x02, 0x10, 0x84, 0xC9, 0x30, 0x84, 0xFF, 0x10, 0x84, 0xFD, 0x10, 0x84, 0xFF, 0x10, 0x84, 0xFD,
  0x30, 0x84, 0xFF, 0x10, 0x84, 0xA4, 0x00, 0x00, 0x00, 0x00, 0x00, 0x01, 0x00, 0x00, 0x00, 0x00,
  0x00, 0x00, 0x00, 0x00, 0x01, 0x00, 0x00, 0x00, 0x8E, 0x73, 0x09, 0x30, 0x84, 0xC2, 0x30, 0x84,
  0xFF, 0x10, 0x84, 0xFD, 0x10, 0x84, 0xFF, 0x10, 0x84, 0xFD, 0x30, 0x84, 0xFF, 0x10, 0x84, 0xCA,
  0x10, 0x84, 0xFF, 0x10, 0x84, 0xFF, 0x10, 0x84, 0xFF, 0x10, 0x84, 0xFF, 0x10, 0x84, 0xFB, 0x51,
  0x8C, 0xFF, 0x10, 0x84, 0x7D, 0x00, 0x00, 0x00, 0xEF, 0x7B, 0x06, 0x00, 0x00, 0x00, 0x30, 0x84,
  0x6A, 0x51, 0x8C, 0xFF, 0x10, 0x84, 0xFD, 0x10, 0x84, 0xFF, 0x10, 0x84, 0xFC, 0x51, 0x8C, 0xFF,
  0x10, 0x84, 0xA0, 0xEF, 0x7B, 0x37, 0x10, 0x84, 0xFC, 0x10, 0x84, 0xFE, 0x10, 0x84, 0xFE, 0x10,
  0x84, 0xFD, 0x30, 0x84, 0xFF, 0x10, 0x84, 0xDB, 0xCF, 0x7B, 0x11, 0x00, 0x00, 0x00, 0x00, 0x00,
  0x00, 0x30, 0x84, 0x15, 0x10, 0x84, 0xEE, 0x10, 0x84, 0xFF, 0x10, 0x84, 0xFE, 0x10, 0x84, 0xFF,
  0x10, 0x84, 0xFB, 0x71, 0x8C, 0xFF, 0x30, 0x84, 0x80, 0x00, 0x00, 0x00, 0x2C, 0x63, 0x05, 0x00,
  0x00, 0x00, 0xEF, 0x7B, 0x20, 0x10, 0x84, 0xE4, 0x30, 0x84, 0xFF, 0x10, 0x84, 0xFE, 0x10, 0x84,
  0xFF, 0x10, 0x84, 0xFF, 0x10, 0x84, 0xFF, 0x30, 0x84, 0xFF, 0x30, 0x84, 0xFF, 0x30, 0x84, 0xFF,
  0x30, 0x84, 0xFF, 0x30, 0x84, 0xFF, 0x30, 0x84, 0xFF, 0x30, 0x84, 0xFF, 0x30, 0x84, 0xFF, 0x30,
  0x84, 0xFF, 0x30, 0x84, 0xFF, 0x30, 0x84, 0xFF, 0x30, 0x84, 0xFF, 0x30, 0x84, 0xFF, 0x30, 0x84,
  0xFF, 0x30, 0x84, 0xFF, 0x71, 0x8C, 0xFF, 0x10, 0x84, 0xCC, 0x00, 0x00, 0x00, 0xFF, 0xFF, 0x01,
  0xAA, 0x52, 0x03, 0x10, 0x84, 0xC1, 0x30, 0x84, 0xFF, 0x10, 0x84, 0xFC, 0x10, 0x84, 0xFF, 0x10,
  0x84, 0xFD, 0x30, 0x84, 0xFF, 0x10, 0x84, 0xE2, 0x10, 0x84, 0x1D, 0x00, 0x00, 0x00, 0xEF, 0x7B,
  0x02, 0x00, 0x00, 0x00, 0x00, 0x00, 0x00, 0x00, 0x00, 0x00, 0x00, 0x00, 0x00, 0xFF, 0xFF, 0x01,
  0x00, 0x00, 0x00, 0xEF, 0x7B, 0x14, 0x30, 0x84, 0xDD, 0x30, 0x84, 0xFF, 0x10, 0x84, 0xFD, 0x10,
  0x84, 0xFF, 0x10, 0x84, 0xFC, 0x51, 0x8C, 0xFF, 0x10, 0x84, 0x88, 0x00, 0x00, 0x00, 0xEF, 0x7B,
  0x04, 0xEF, 0x7B, 0x02, 0x00, 0x00, 0x00, 0x10, 0x84, 0x2D, 0x10, 0x84, 0xEB, 0x10, 0x84, 0xFF,
  0x10, 0x84, 0xFE, 0x10, 0x84, 0xFF, 0x10, 0x84, 0xFD, 0x30, 0x84, 0xFF, 0x10, 0x84, 0x93, 0x00,
  0x00, 0x00, 0xEF, 0x7B, 0x02, 0xEF, 0x7B, 0x02, 0x00, 0x00, 0x00, 0x30, 0x84, 0x2E, 0x10, 0x84,
  0xF3, 0x10, 0x84, 0xFF, 0x10, 0x84, 0xFE, 0x10, 0x84, 0xFF, 0x10, 0x84, 0xFE, 0x30, 0x84, 0xFF,
  0x10, 0x84, 0x71, 0x00, 0x00, 0x00, 0xEF, 0x7B, 0x02, 0x00, 0x00, 0x00, 0x00, 0x00, 0x00, 0x00,
  0x00, 0x00, 0xFF, 0xFF, 0x01, 0x00, 0x00, 0x00, 0xEF, 0x7B, 0x10, 0x10, 0x84, 0xCE, 0x30, 0x84,
  0xFF, 0x10, 0x84, 0xFD, 0x10, 0x84, 0xFF, 0x10, 0x84, 0xFD, 0x30, 0x84, 0xFF, 0x10, 0x84, 0xBA,
  0xEF, 0x7B, 0x08, 0x00, 0x00, 0x00, 0xEF, 0x7B, 0x02, 0x00, 0x00, 0x00, 0xEF, 0x7B, 0x06, 0x10,
  0x84, 0xD5, 0x30, 0x84, 0xFF, 0x10, 0x84, 0xFD, 0x10, 0x84, 0xFF, 0x10, 0x84, 0xFC, 0x51, 0x8C,
  0xFF, 0x30, 0x84, 0x9E, 0x00, 0x00, 0x00, 0xFF, 0xFF, 0x01, 0x00, 0x00, 0x00, 0x00, 0x00, 0x00,
  0x00, 0x00, 0x01, 0x00, 0x00, 0x00, 0xEF, 0x7B, 0x02, 0x10, 0x84, 0xC9, 0x30, 0x84, 0xFF, 0x10,
  0x84, 0xFD, 0x10, 0x84, 0xFF, 0x10, 0x84, 0xFD, 0x30, 0x84, 0xFF, 0x10, 0x84, 0xA4, 0x00, 0x00,
  0x00, 0x00, 0x00, 0x01, 0x00, 0x00, 0x00, 0x00, 0x00, 0x00, 0x00, 0x00, 0x01, 0x00, 0x00, 0x00,
  0x8E, 0x73, 0x09, 0x30, 0x84, 0xC2, 0x30, 0x84, 0xFF, 0x10, 0x84, 0xFD, 0x10, 0x84, 0xFF, 0x10,
  0x84, 0xFD, 0x30, 0x84, 0xFF, 0x10, 0x84, 0xCA, 0x10, 0x84, 0xFF, 0x10, 0x84, 0xFF, 0x10, 0x84,
  0xFF, 0x10, 0x84, 0xFF, 0x10, 0x84, 0xFB, 0x51, 0x8C, 0xFF, 0x10, 0x84, 0x7D, 0x00, 0x00, 0x00,
  0xEF, 0x7B, 0x04, 0x00, 0x00, 0x00, 0x30, 0x84, 0x19, 0x10, 0x84, 0xE4, 0x30, 0x84, 0xFF, 0x10,
  0x84, 0xFD, 0x10, 0x84, 0xFF, 0x10, 0x84, 0xFF, 0x10, 0x84, 0xEE, 0x10, 0x84, 0xD3, 0x30, 0x84,
  0xFF, 0x10, 0x84, 0xFE, 0x10, 0x84, 0xFF, 0x10, 0x84, 0xFC, 0x51, 0x8C, 0xFF, 0x30, 0x84, 0x86,
  0x00, 0x00, 0x00, 0x55, 0xAD, 0x03, 0x00, 0x00, 0x00, 0x30, 0x84, 0x15, 0x10, 0x84, 0xEE, 0x10,
  0x84, 0xFF, 0x10, 0x84, 0xFE, 0x10, 0x84, 0xFF, 0x10, 0x84, 0xFB, 0x71, 0x8C, 0xFF, 0x30, 0x84,
  0x80, 0x00, 0x00, 0x00, 0xEF, 0x7B, 0x04, 0x00, 0x00, 0x00, 0xEF, 0x7B, 0x1C, 0x10, 0x84, 0xDD,
  0x30, 0x84, 0xFF, 0x10, 0x84, 0xFD, 0x10, 0x84, 0xFF, 0x10, 0x84, 0xFD, 0x30, 0x84, 0xFF, 0x10,
  0x84, 0xC9, 0xEF, 0x7B, 0x8A, 0x10, 0x84, 0x91, 0x10, 0x84, 0x8F, 0x10, 0x84, 0x8F, 0x10, 0x84,
  0x8F, 0x10, 0x84, 0x8F, 0x10, 0x84, 0x8F, 0x10, 0x84, 0x8F, 0x10, 0x84, 0x8F, 0x10, 0x84, 0x8F,
  0x10, 0x84, 0x8F, 0x10, 0x84, 0x8F, 0x10, 0x84, 0x8F, 0xEF, 0x7B, 0x8E, 0x10, 0x84, 0x97, 0x10,
  0x84, 0x6B, 0x00, 0x00, 0x00, 0xFF, 0xFF, 0x01, 0x00, 0x00, 0x00, 0x10, 0x84, 0xAE, 0x30, 0x84,
  0xFF, 0x10, 0x84, 0xFC, 0x10, 0x84, 0xFF, 0x10, 0x84, 0xFE, 0x10, 0x84, 0xFF, 0x10, 0x84, 0xF5,
  0x10, 0x84, 0x31, 0x00, 0x00, 0x00, 0xAA, 0x52, 0x03, 0x00, 0x00, 0x00, 0x00, 0x00, 0x00, 0x00,
  0x00, 0x00, 0x00, 0x00, 0x00, 0xEF, 0x7B, 0x02, 0x00, 0x00, 0x00, 0xEF, 0x7B, 0x24, 0x10, 0x84,
  0xE8, 0x30, 0x84, 0xFF, 0x10, 0x84, 0xFD, 0x10, 0x84, 0xFF, 0x10, 0x84, 0xFC, 0x51, 0x8C, 0xFF,
  0x10, 0x84, 0x88, 0x00, 0x00, 0x00, 0xEF, 0x7B, 0x04, 0xEF, 0x7B, 0x02, 0x00, 0x00, 0x00, 0x10,
  0x84, 0x2D, 0x10, 0x84, 0xEB, 0x10, 0x84, 0xFF, 0x10, 0x84, 0xFE, 0x10, 0x84, 0xFF, 0x10, 0x84,
  0xFD, 0x30, 0x84, 0xFF, 0x10, 0x84, 0x93, 0x00, 0x00, 0x00, 0xEF, 0x7B, 0x02, 0xEF, 0x7B, 0x02,
  0x00, 0x00, 0x00, 0x30, 0x84, 0x2E, 0x10, 0x84, 0xF3, 0x10, 0x84, 0xFF, 0x10, 0x84, 0xFE, 0x10,
  0x84, 0xFF, 0x10, 0x84, 0xFE, 0x30, 0x84, 0xFF, 0x10, 0x84, 0x71, 0x00, 0x00, 0x00, 0xEF, 0x7B,
  0x02, 0x00, 0x00, 0x00, 0x00, 0x00, 0x00, 0x00, 0x00, 0x00, 0xFF, 0xFF, 0x01, 0x00, 0x00, 0x00,
  0xCF, 0x7B, 0x11, 0x10, 0x84, 0xCD, 0x30, 0x84, 0xFF, 0x10, 0x84, 0xFD, 0x10, 0x84, 0xFF, 0x10,
  0x84, 0xFD, 0x30, 0x84, 0xFF, 0x10, 0x84, 0xBA, 0xEF, 0x7B, 0x08, 0x00, 0x00, 0x00, 0xEF, 0x7B,
  0x02, 0x00, 0x00, 0x00, 0xEF, 0x7B, 0x06, 0x10, 0x84, 0xD5, 0x30, 0x84, 0xFF, 0x10, 0x84, 0xFD,
  0x10, 0x84, 0xFF, 0x10, 0x84, 0xFC, 0x51, 0x8C, 0xFF, 0x30, 0x84, 0x9E, 0x00, 0x00, 0x00, 0xFF,
  0xFF, 0x01, 0x00, 0x00, 0x00, 0x00, 0x00, 0x00, 0x00, 0x00, 0x01, 0x00, 0x00, 0x00, 0xEF, 0x7B,
  0x02, 0x10, 0x84, 0xC9, 0x30, 0x84, 0xFF, 0x10, 0x84, 0xFD, 0x10, 0x84, 0xFF, 0x10, 0x84, 0xFD,
  0x30, 0x84, 0xFF, 0x10, 0x84, 0xA4, 0x00, 0x00, 0x00, 0x00, 0x00, 0x01, 0x00, 0x00, 0x00, 0x00,
  0x00, 0x00, 0x00, 0x00, 0x01, 0x00, 0x00, 0x00, 0x8E, 0x73, 0x09, 0x30, 0x84, 0xC2, 0x30, 0x84,
  0xFF, 0x10, 0x84, 0xFD, 0x10, 0x84, 0xFF, 0x10, 0x84, 0xFD, 0x30, 0x84, 0xFF, 0x10, 0x84, 0xCA,
  0x10, 0x84, 0xFF, 0x10, 0x84, 0xFF, 0x10, 0x84, 0xFF, 0x10, 0x84, 0xFF, 0x10, 0x84, 0xFB, 0x51,
  0x8C, 0xFF, 0x10, 0x84, 0x7D, 0x00, 0x00, 0x00, 0x55, 0xAD, 0x03, 0x00, 0x00, 0x02, 0x00, 0x00,
  0x00, 0x10, 0x84, 0x93, 0x51, 0x8C, 0xFF, 0x10, 0x84, 0xFC, 0x10, 0x84, 0xFF, 0x10, 0x84, 0xFF,
  0x10, 0x84, 0xFF, 0x30, 0x84, 0xFF, 0x10, 0x84, 0xFF, 0x10, 0x84, 0xFF, 0x10, 0x84, 0xFE, 0x10,
  0x84, 0xFF, 0x30, 0x84, 0xF1, 0xEF, 0x7B, 0x30, 0x00, 0x00, 0x00, 0x55, 0xAD, 0x03, 0x00, 0x00,
  0x00, 0x30, 0x84, 0x15, 0x10, 0x84, 0xEE, 0x10, 0x84, 0xFF, 0x10, 0x84, 0xFE, 0x10, 0x84, 0xFF,
  0x10, 0x84, 0xFB, 0x71, 0x8C, 0xFF, 0x30, 0x84, 0x80, 0x00, 0x00, 0x00, 0xEF, 0x7B, 0x04, 0x00,
  0x00, 0x00, 0xAE, 0x73, 0x0D, 0x30, 0x84, 0xC3, 0x30, 0x84, 0xFF, 0x10, 0x84, 0xFD, 0x10, 0x84,
  0xFF, 0x10, 0x84, 0xFB, 0x51, 0x8C, 0xFF, 0x10, 0x84, 0x8D, 0x00, 0x00, 0x00, 0x00, 0x00, 0x00,
  0x00, 0x00, 0x00, 0x00, 0x00, 0x00, 0x00, 0x00, 0x00, 0x00, 0x00, 0x00, 0x00, 0x00, 0x00, 0x00,
  0x00, 0x00, 0x00, 0x00, 0x00, 0x00, 0x00, 0x00, 0x00, 0x00, 0x00, 0x00, 0x00, 0x00, 0x00, 0x00,
  0x00, 0x00, 0x00, 0x00, 0x00, 0x00, 0x00, 0x00, 0x00, 0x00, 0x00, 0x00, 0x00, 0x00, 0x00, 0x01,
  0x00, 0x00, 0x00, 0x10, 0x84, 0x9B, 0x51, 0x8C, 0xFF, 0x10, 0x84, 0xFD, 0x10, 0x84, 0xFF, 0x10,
  0x84, 0xFF, 0x10, 0x84, 0xFC, 0x30, 0x84, 0xFF, 0x10, 0x84, 0x4A, 0xFF, 0xFF, 0x01, 0x55, 0xAD,
  0x03, 0x00, 0x00, 0x00, 0x00, 0x00, 0x00, 0x00, 0x00, 0x00, 0x00, 0x00, 0x00, 0x55, 0xAD, 0x03,
  0xFF, 0xFF, 0x01, 0x10, 0x84, 0x48, 0x30, 0x84, 0xFB, 0x10, 0x84, 0xFE, 0x10, 0x84, 0xFE, 0x10,
  0x84, 0xFF, 0x10, 0x84, 0xFC, 0x51, 0x8C, 0xFF, 0x10, 0x84, 0x88, 0x00, 0x00, 0x00, 0xEF, 0x7B,
  0x04, 0xEF, 0x7B, 0x02, 0x00, 0x00, 0x00, 0x10, 0x84, 0x2D, 0x10, 0x84, 0xEB, 0x10, 0x84, 0xFF,
  0x10, 0x84, 0xFE, 0x10, 0x84, 0xFF, 0x10, 0x84, 0xFD, 0x30, 0x84, 0xFF, 0x10, 0x84, 0x93, 0x00,
  0x00, 0x00, 0xEF, 0x7B, 0x02, 0xEF, 0x7B, 0x02, 0x00, 0x00, 0x00, 0x51, 0x8C, 0x2D, 0x10, 0x84,
  0xF3, 0x10, 0x84, 0xFF, 0x10, 0x84, 0xFE, 0x10, 0x84, 0xFF, 0x10, 0x84, 0xFD, 0x51, 0x8C, 0xFF,
  0x10, 0x84, 0x7F, 0xFF, 0xFF, 0x01, 0xEF, 0x7B, 0x02, 0x00, 0x00, 0x00, 0x00, 0x00, 0x00, 0x00,
  0x00, 0x00, 0xFF, 0xFF, 0x01, 0x00, 0x00, 0x00, 0xCF, 0x7B, 0x13, 0x10, 0x84, 0xD5, 0x30, 0x84,
  0xFF, 0x10, 0x84, 0xFD, 0x10, 0x84, 0xFF, 0x10, 0x84, 0xFD, 0x30, 0x84, 0xFF, 0x10, 0x84, 0xBA,
  0xEF, 0x7B, 0x08, 0x00, 0x00, 0x00, 0xEF, 0x7B, 0x02, 0x00, 0x00, 0x00, 0xEF, 0x7B, 0x06, 0x10,
  0x84, 0xD5, 0x30, 0x84, 0xFF, 0x10, 0x84, 0xFD, 0x10, 0x84, 0xFF, 0x10, 0x84, 0xFC, 0x51, 0x8C,
  0xFF, 0x30, 0x84, 0x9E, 0x00, 0x00, 0x00, 0xFF, 0xFF, 0x01, 0x00, 0x00, 0x00, 0x00, 0x00, 0x00,
  0x00, 0x00, 0x01, 0x00, 0x00, 0x00, 0xEF, 0x7B, 0x02, 0x10, 0x84, 0xC9, 0x30, 0x84, 0xFF, 0x10,
  0x84, 0xFD, 0x10, 0x84, 0xFF, 0x10, 0x84, 0xFD, 0x30, 0x84, 0xFF, 0x10, 0x84, 0xA4, 0x00, 0x00,
  0x00, 0x00, 0x00, 0x01, 0x00, 0x00, 0x00, 0x00, 0x00, 0x00, 0x00, 0x00, 0x01, 0x00, 0x00, 0x00,
  0x8E, 0x73, 0x09, 0x30, 0x84, 0xC2, 0x30, 0x84, 0xFF, 0x10, 0x84, 0xFD, 0x10, 0x84, 0xFF, 0x10,
  0x84, 0xFD, 0x30, 0x84, 0xFF, 0x10, 0x84, 0xCA, 0x10, 0x84, 0xFF, 0x10, 0x84, 0xFF, 0x10, 0x84,
  0xFF, 0x10, 0x84, 0xFF, 0x10, 0x84, 0xFB, 0x51, 0x8C, 0xFF, 0x10, 0x84, 0x7D, 0x00, 0x00, 0x00,
  0x55, 0xAD, 0x03, 0xAA, 0x52, 0x03, 0x00, 0x00, 0x01, 0xEF, 0x7B, 0x3D, 0x30, 0x84, 0xF7, 0x10,
  0x84, 0xFF, 0x10, 0x84, 0xFE, 0x10, 0x84, 0xFF, 0x10, 0x84, 0xFE, 0x10, 0x84, 0xFD, 0x10, 0x84,
  0xFF, 0x10, 0x84, 0xFF, 0x10, 0x84, 0xFC, 0x51, 0x8C, 0xFF, 0x10, 0x84, 0xAF, 0xAA, 0x52, 0x03,
  0x00, 0x00, 0x01, 0xEF, 0x7B, 0x02, 0x00, 0x00, 0x00, 0x30, 0x84, 0x15, 0x10, 0x84, 0xEE, 0x10,
  0x84, 0xFF, 0x10, 0x84, 0xFE, 0x10, 0x84, 0xFF, 0x10, 0x84, 0xFB, 0x71, 0x8C, 0xFF, 0x30, 0x84,
  0x80, 0x00, 0x00, 0x00, 0x55, 0xAD, 0x03, 0xEF, 0x7B, 0x02, 0x00, 0x00, 0x00, 0x10, 0x84, 0x9F,
  0x51, 0x8C, 0xFF, 0x10, 0x84, 0xFC, 0x10, 0x84, 0xFF, 0x10, 0x84, 0xFD, 0x30, 0x84, 0xFF, 0x10,
  0x84, 0xC1, 0x55, 0xAD, 0x03, 0xAA, 0x52, 0x03, 0xEF, 0x7B, 0x02, 0xEF, 0x7B, 0x02, 0xEF, 0x7B,
  0x02, 0xEF, 0x7B, 0x02, 0xEF, 0x7B, 0x02, 0xEF, 0x7B, 0x02, 0x55, 0xAD, 0x03, 0x00, 0x00, 0x00,
  0x00, 0x00, 0x00, 0x00, 0x00, 0x00, 0x00, 0x00, 0x00, 0x00, 0x00, 0x00, 0x00, 0x00, 0x00, 0x00,
  0x00, 0x00, 0x00, 0x00, 0x00, 0xEF, 0x7B, 0x02, 0x00, 0x00, 0x00, 0x30, 0x84, 0x76, 0x51, 0x8C,
  0xFF, 0x10, 0x84, 0xFD, 0x10, 0x84, 0xFF, 0x10, 0x84, 0xFF, 0x10, 0x84, 0xFC, 0x30, 0x84, 0xFF,
  0xEF, 0x7B, 0x8C, 0x00, 0x00, 0x00, 0xAA, 0x52, 0x03, 0x00, 0x00, 0x00, 0x00, 0x00, 0x00, 0x00,
  0x00, 0x00, 0x00, 0x00, 0x00, 0xAA, 0x52, 0x03, 0x00, 0x00, 0x00, 0x30, 0x84, 0x87, 0x51, 0x8C,
  0xFF, 0x10, 0x84, 0xFB, 0x10, 0x84, 0xFF, 0x10, 0x84, 0xFF, 0x10, 0x84, 0xFC, 0x51, 0x8C, 0xFF,
  0x10, 0x84, 0x88, 0x00, 0x00, 0x00, 0xEF, 0x7B, 0x04, 0xEF, 0x7B, 0x02, 0x00, 0x00, 0x00, 0x10,
  0x84, 0x2D, 0x10, 0x84, 0xEB, 0x10, 0x84, 0xFF, 0x10, 0x84, 0xFE, 0x10, 0x84, 0xFF, 0x10, 0x84,
  0xFD, 0x30, 0x84, 0xFF, 0x10, 0x84, 0x93, 0x00, 0x00, 0x00, 0xEF, 0x7B, 0x02, 0xEF, 0x7B, 0x02,
  0x00, 0x00, 0x00, 0x30, 0x84, 0x30, 0x10, 0x84, 0xF4, 0x10, 0x84, 0xFF, 0x10, 0x84, 0xFE, 0x10,
  0x84, 0xFF, 0x10, 0x84, 0xFB, 0x51, 0x8C, 0xFF, 0x10, 0x84, 0xA4, 0x00, 0x00, 0x00, 0xEF, 0x7B,
  0x04, 0x00, 0x00, 0x01, 0x00, 0x00, 0x00, 0x00, 0x00, 0x00, 0xAA, 0x52, 0x03, 0x00, 0x00, 0x01,
  0xEF, 0x7B, 0x31, 0x10, 0x84, 0xF5, 0x10, 0x84, 0xFF, 0x10, 0x84, 0xFE, 0x10, 0x84, 0xFF, 0x10,
  0x84, 0xFD, 0x30, 0x84, 0xFF, 0x10, 0x84, 0xBA, 0xEF, 0x7B, 0x08, 0x00, 0x00, 0x00, 0xEF, 0x7B,
  0x02, 0x00, 0x00, 0x00, 0xEF, 0x7B, 0x06, 0x10, 0x84, 0xD5, 0x30, 0x84, 0xFF, 0x10, 0x84, 0xFD,
  0x10, 0x84, 0xFF, 0x10, 0x84, 0xFC, 0x51, 0x8C, 0xFF, 0x30, 0x84, 0x9E, 0x00, 0x00, 0x00, 0xFF,
  0xFF, 0x01, 0x00, 0x00, 0x00, 0x00, 0x00, 0x00, 0x00, 0x00, 0x01, 0x00, 0x00, 0x00, 0xEF, 0x7B,
  0x02, 0x10, 0x84, 0xC9, 0x30, 0x84, 0xFF, 0x10, 0x84, 0xFD, 0x10, 0x84, 0xFF, 0x10, 0x84, 0xFD,
  0x30, 0x84, 0xFF, 0x10, 0x84, 0xA4, 0x00, 0x00, 0x00, 0x00, 0x00, 0x01, 0x00, 0x00, 0x00, 0x00,
  0x00, 0x00, 0x00, 0x00, 0x01, 0x00, 0x00, 0x00, 0x8E, 0x73, 0x09, 0x30, 0x84, 0xC2, 0x30, 0x84,
  0xFF, 0x10, 0x84, 0xFD, 0x10, 0x84, 0xFF, 0x10, 0x84, 0xFD, 0x30, 0x84, 0xFF, 0x10, 0x84, 0xCA,
  0x10, 0x84, 0xFF, 0x10, 0x84, 0xFF, 0x10, 0x84, 0xFF, 0x10, 0x84, 0xFF, 0x10, 0x84, 0xFB, 0x51,
  0x8C, 0xFF, 0x10, 0x84, 0x7D, 0x00, 0x00, 0x00, 0x55, 0xAD, 0x03, 0x00, 0x00, 0x01, 0x00, 0x00,
  0x00, 0xEF, 0x7B, 0x04, 0x10, 0x84, 0xBB, 0x51, 0x8C, 0xFF, 0x10, 0x84, 0xFD, 0x10, 0x84, 0xFF,
  0x10, 0x84, 0xFF, 0x10, 0x84, 0xFF, 0x10, 0x84, 0xFF, 0x10, 0x84, 0xFF, 0x10, 0x84, 0xFE, 0x30,
  0x84, 0xFE, 0x10, 0x84, 0x5A, 0x00, 0x00, 0x00, 0xAA, 0x52, 0x03, 0xFF, 0xFF, 0x01, 0x00, 0x00,
  0x00, 0x30, 0x84, 0x15, 0x10, 0x84, 0xEE, 0x10, 0x84, 0xFF, 0x10, 0x84, 0xFE, 0x10, 0x84, 0xFF,
  0x10, 0x84, 0xFB, 0x71, 0x8C, 0xFF, 0x30, 0x84, 0x80, 0x00, 0x00, 0x00, 0x55, 0xAD, 0x03, 0xEF,
  0x7B, 0x02, 0x00, 0x00, 0x00, 0x10, 0x84, 0x6D, 0x30, 0x84, 0xFF, 0x10, 0x84, 0xFE, 0x10, 0x84,
  0xFF, 0x10, 0x84, 0xFE, 0x10, 0x84, 0xFE, 0x10, 0x84, 0xF8, 0x10, 0x84, 0x3B, 0x00, 0x00, 0x00,
  0xEF, 0x7B, 0x06, 0x00, 0x00, 0x01, 0x00, 0x00, 0x01, 0x00, 0x00, 0x01, 0x00, 0x00, 0x01, 0xEF,
  0x7B, 0x04, 0x00, 0x00, 0x00, 0x10, 0x84, 0x4A, 0x30, 0x84, 0x81, 0xEF, 0x7B, 0x66, 0x10, 0x84,
  0x53, 0x10, 0x84, 0x45, 0x10, 0x84, 0x35, 0xCF, 0x7B, 0x1D, 0x00, 0x00, 0x00, 0xAA, 0x52, 0x03,
  0x00, 0x00, 0x00, 0x10, 0x84, 0x49, 0x30, 0x84, 0xFC, 0x10, 0x84, 0xFF, 0x10, 0x84, 0xFF, 0x10,
  0x84, 0xFF, 0x10, 0x84, 0xFE, 0x10, 0x84, 0xFF, 0x10, 0x84, 0xE7, 0xEF, 0x7B, 0x22, 0x00, 0x00,
  0x00, 0xEF, 0x7B, 0x06, 0xEF, 0x7B, 0x02, 0xEF, 0x7B, 0x02, 0xD3, 0x9C, 0x05, 0x00, 0x00, 0x00,
  0xCF, 0x7B, 0x17, 0x30, 0x84, 0xE5, 0x30, 0x84, 0xFE, 0x10, 0x84, 0xFE, 0x10, 0x84, 0xFF, 0x10,
  0x84, 0xFF, 0x10, 0x84, 0xFC, 0x51, 0x8C, 0xFF, 0x10, 0x84, 0x88, 0x00, 0x00, 0x00, 0xEF, 0x7B,
  0x04, 0xEF, 0x7B, 0x02, 0x00, 0x00, 0x00, 0x10, 0x84, 0x2D, 0x10, 0x84, 0xEB, 0x10, 0x84, 0xFF,
  0x10, 0x84, 0xFE, 0x10, 0x84, 0xFF, 0x10, 0x84, 0xFD, 0x30, 0x84, 0xFF, 0x10, 0x84, 0x93, 0x00,
  0x00, 0x00, 0xEF, 0x7B, 0x02, 0xEF, 0x7B, 0x02, 0x00, 0x00, 0x00, 0xEF, 0x7B, 0x24, 0x10, 0x84,
  0xED, 0x10, 0x84, 0xFF, 0x10, 0x84, 0xFE, 0x10, 0x84, 0xFF, 0x10, 0x84, 0xFE, 0x10, 0x84, 0xFE,
  0x30, 0x84, 0xE8, 0xEF, 0x7B, 0x22, 0x00, 0x00, 0x00, 0xAA, 0x52, 0x03, 0x55, 0xAD, 0x03, 0xEF,
  0x7B, 0x02, 0x00, 0x00, 0x00, 0x00, 0x00, 0x00, 0x10, 0x84, 0xA1, 0x30, 0x84, 0xFF, 0x10, 0x84,
  0xFD, 0x10, 0x84, 0xFF, 0x10, 0x84, 0xFF, 0x10, 0x84, 0xFD, 0x30, 0x84, 0xFF, 0x10, 0x84, 0xBA,
  0xEF, 0x7B, 0x08, 0x00, 0x00, 0x00, 0xEF, 0x7B, 0x02, 0x00, 0x00, 0x00, 0xEF, 0x7B, 0x06, 0x10,
  0x84, 0xD5, 0x30, 0x84, 0xFF, 0x10, 0x84, 0xFD, 0x10, 0x84, 0xFF, 0x10, 0x84, 0xFC, 0x51, 0x8C,
  0xFF, 0x30, 0x84, 0x9E, 0x00, 0x00, 0x00, 0xFF, 0xFF, 0x01, 0x00, 0x00, 0x00, 0x00, 0x00, 0x00,
  0x00, 0x00, 0x01, 0x00, 0x00, 0x00, 0xEF, 0x7B, 0x02, 0x10, 0x84, 0xC9, 0x30, 0x84, 0xFF, 0x10,
  0x84, 0xFD, 0x10, 0x84, 0xFF, 0x10, 0x84, 0xFD, 0x30, 0x84, 0xFF, 0x10, 0x84, 0xA4, 0x00, 0x00,
  0x00, 0x00, 0x00, 0x01, 0x00, 0x00, 0x00, 0x00, 0x00, 0x00, 0x00, 0x00, 0x01, 0x00, 0x00, 0x00,
  0x8E, 0x73, 0x09, 0x30, 0x84, 0xC2, 0x30, 0x84, 0xFF, 0x10, 0x84, 0xFD, 0x10, 0x84, 0xFF, 0x10,
  0x84, 0xFD, 0x30, 0x84, 0xFF, 0x10, 0x84, 0xCA, 0x10, 0x84, 0xFF, 0x10, 0x84, 0xFF, 0x10, 0x84,
  0xFF, 0x10, 0x84, 0xFF, 0x10, 0x84, 0xFB, 0x51, 0x8C, 0xFF, 0x10, 0x84, 0x7D, 0x00, 0x00, 0x00,
  0x55, 0xAD, 0x03, 0x00, 0x00, 0x00, 0xEF, 0x7B, 0x02, 0x00, 0x00, 0x00, 0x10, 0x84, 0x65, 0x30,
  0x84, 0xFF, 0x10, 0x84, 0xFE, 0x10, 0x84, 0xFF, 0x10, 0x84, 0xFF, 0x10, 0x84, 0xFF, 0x10, 0x84,
  0xFF, 0x10, 0x84, 0xFD, 0x30, 0x84, 0xFF, 0x10, 0x84, 0xD6, 0xCF, 0x7B, 0x13, 0x00, 0x00, 0x00,
  0xFF, 0xFF, 0x01, 0xFF, 0xFF, 0x01, 0x00, 0x00, 0x00, 0x30, 0x84, 0x15, 0x10, 0x84, 0xEE, 0x10,
  0x84, 0xFF, 0x10, 0x84, 0xFE, 0x10, 0x84, 0xFF, 0x10, 0x84, 0xFB, 0x71, 0x8C, 0xFF, 0x30, 0x84,
  0x80, 0x00, 0x00, 0x00, 0x55, 0xAD, 0x03, 0xEF, 0x7B, 0x02, 0x00, 0x00, 0x00, 0xEF, 0x7B, 0x22,
  0x10, 0x84, 0xE6, 0x30, 0x84, 0xFE, 0x10, 0x84, 0xFD, 0x10, 0x84, 0xFF, 0x10, 0x84, 0xFD, 0x30,
  0x84, 0xFF, 0x10, 0x84, 0xC6, 0xCF, 0x7B, 0x11, 0x00, 0x00, 0x00, 0x00, 0x00, 0x00, 0x00, 0x00,
  0x00, 0x00, 0x00, 0x00, 0x00, 0x00, 0x00, 0x00, 0x00, 0x00, 0xEF, 0x7B, 0x29, 0x30, 0x84, 0xE8,
  0x51, 0x8C, 0xFF, 0x30, 0x84, 0xFF, 0x30, 0x84, 0xFF, 0x10, 0x84, 0xFF, 0x71, 0x8C, 0xFF, 0x10,
  0x84, 0x7F, 0x00, 0x00, 0x00, 0xEF, 0x7B, 0x04, 0x00, 0x00, 0x00, 0xEF, 0x7B, 0x14, 0x10, 0x84,
  0xD5, 0x30, 0x84, 0xFE, 0x10, 0x84, 0xFD, 0x10, 0x84, 0xFF, 0x10, 0x84, 0xFF, 0x10, 0x84, 0xFD,
  0x30, 0x84, 0xFF, 0x10, 0x84, 0xB7, 0xAE, 0x73, 0x0F, 0x00, 0x00, 0x00, 0x00, 0x00, 0x00, 0x00,
  0x00, 0x00, 0x00, 0x00, 0x00, 0xEF, 0x7B, 0x14, 0x10, 0x84, 0xC3, 0x30, 0x84, 0xFF, 0x10, 0x84,
  0xFD, 0x10, 0x84, 0xFF, 0x10, 0x84, 0xFF, 0x10, 0x84, 0xFF, 0x10, 0x84, 0xFC, 0x51, 0x8C, 0xFF,
  0x10, 0x84, 0x88, 0x00, 0x00, 0x00, 0xEF, 0x7B, 0x04, 0xEF, 0x7B, 0x02, 0x00, 0x00, 0x00, 0x10,
  0x84, 0x2D, 0x10, 0x84, 0xEB, 0x10, 0x84, 0xFF, 0x10, 0x84, 0xFE, 0x10, 0x84, 0xFF, 0x10, 0x84,
  0xFD, 0x30, 0x84, 0xFF, 0x10, 0x84, 0x93, 0x00, 0x00, 0x00, 0xEF, 0x7B, 0x02, 0x00, 0x00, 0x00,
  0x00, 0x00, 0x01, 0xEF, 0x7B, 0x04, 0x10, 0x84, 0xDA, 0x30, 0x84, 0xFF, 0x10, 0x84, 0xFD, 0x10,
  0x84, 0xFF, 0x10, 0x84, 0xFF, 0x10, 0x84, 0xFD, 0x30, 0x84, 0xFF, 0x10, 0x84, 0xC8, 0xEF, 0x7B,
  0x2A, 0x00, 0x00, 0x00, 0x00, 0x00, 0x00, 0x00, 0x00, 0x00, 0x8E, 0x73, 0x0B, 0x10, 0x84, 0x89,
  0x30, 0x84, 0xFE, 0x10, 0x84, 0xFD, 0x10, 0x84, 0xFF, 0x10, 0x84, 0xFF, 0x10, 0x84, 0xFF, 0x10,
  0x84, 0xFD, 0x30, 0x84, 0xFF, 0x10, 0x84, 0xBA, 0xEF, 0x7B, 0x08, 0x00, 0x00, 0x00, 0xEF, 0x7B,
  0x02, 0x00, 0x00, 0x00, 0xEF, 0x7B, 0x06, 0x10, 0x84, 0xD5, 0x30, 0x84, 0xFF, 0x10, 0x84, 0xFD,
  0x10, 0x84, 0xFF, 0x10, 0x84, 0xFC, 0x51, 0x8C, 0xFF, 0x30, 0x84, 0x9E, 0x00, 0x00, 0x00, 0xFF,
  0xFF, 0x01, 0x00, 0x00, 0x00, 0x00, 0x00, 0x00, 0x00, 0x00, 0x01, 0x00, 0x00, 0x00, 0xEF, 0x7B,
  0x02, 0x10, 0x84, 0xC9, 0x30, 0x84, 0xFF, 0x10, 0x84, 0xFD, 0x10, 0x84, 0xFF, 0x10, 0x84, 0xFD,
  0x30, 0x84, 0xFF, 0x10, 0x84, 0xA4, 0x00, 0x00, 0x00, 0x00, 0x00, 0x01, 0x00, 0x00, 0x00, 0x00,
  0x00, 0x00, 0x00, 0x00, 0x01, 0x00, 0x00, 0x00, 0x8E, 0x73, 0x09, 0x30, 0x84, 0xC2, 0x30, 0x84,
  0xFF, 0x10, 0x84, 0xFD, 0x10, 0x84, 0xFF, 0x10, 0x84, 0xFD, 0x30, 0x84, 0xFF, 0x10, 0x84, 0xCA,
  0x10, 0x84, 0xFF, 0x10, 0x84, 0xFF, 0x10, 0x84, 0xFF, 0x10, 0x84, 0xFF, 0x10, 0x84, 0xFB, 0x51,
  0x8C, 0xFF, 0x10, 0x84, 0x7D, 0x00, 0x00, 0x00, 0x55, 0xAD, 0x03, 0x00, 0x00, 0x00, 0xEF, 0x7B,
  0x02, 0x00, 0x00, 0x00, 0xAE, 0x73, 0x1C, 0x10, 0x84, 0xE0, 0x30, 0x84, 0xFF, 0x10, 0x84, 0xFD,
  0x10, 0x84, 0xFF, 0x10, 0x84, 0xFF, 0x10, 0x84, 0xFF, 0x10, 0x84, 0xFD, 0x51, 0x8C, 0xFF, 0x10,
  0x84, 0x84, 0x00, 0x00, 0x00, 0xEF, 0x7B, 0x02, 0x00, 0x00, 0x00, 0xFF, 0xFF, 0x01, 0x00, 0x00,
  0x00, 0x30, 0x84, 0x15, 0x10, 0x84, 0xEE, 0x10, 0x84, 0xFF, 0x10, 0x84, 0xFE, 0x10, 0x84, 0xFF,
  0x10, 0x84, 0xFB, 0x71, 0x8C, 0xFF, 0x30, 0x84, 0x80, 0x00, 0x00, 0x00, 0x55, 0xAD, 0x03, 0x00,
  0x00, 0x01, 0x00, 0x00, 0x01, 0x00, 0x00, 0x00, 0x10, 0x84, 0x8C, 0x51, 0x8C, 0xFF, 0x10, 0x84,
  0xFC, 0x10, 0x84, 0xFF, 0x10, 0x84, 0xFF, 0x10, 0x84, 0xFD, 0x30, 0x84, 0xFF, 0x30, 0x84, 0xC6,
  0x10, 0x84, 0x42, 0x55, 0xAD, 0x06, 0x00, 0x00, 0x00, 0x00, 0x00, 0x00, 0x71, 0x8C, 0x09, 0x10,
  0x84, 0x4E, 0x30, 0x84, 0xDC, 0x30, 0x84, 0xFF, 0x10, 0x84, 0xFB, 0x10, 0x84, 0xFD, 0x10, 0x84,
  0xFC, 0x10, 0x84, 0xFB, 0x30, 0x84, 0xEF, 0x10, 0x84, 0x23, 0x00, 0x00, 0x00, 0xFF, 0xFF, 0x02,
  0x00, 0x00, 0x02, 0x00, 0x00, 0x00, 0x10, 0x84, 0x84, 0x51, 0x8C, 0xFF, 0x10, 0x84, 0xFD, 0x10,
  0x84, 0xFF, 0x10, 0x84, 0xFF, 0x10, 0x84, 0xFF, 0x10, 0x84, 0xFD, 0x30, 0x84, 0xFF, 0x30, 0x84,
  0xCE, 0x10, 0x84, 0x61, 0xEF, 0x7B, 0x3A, 0xEF, 0x7B, 0x38, 0x10, 0x84, 0x64, 0x30, 0x84, 0xD2,
  0x30, 0x84, 0xFF, 0x10, 0x84, 0xFE, 0x10, 0x84, 0xFF, 0x10, 0x84, 0xFF, 0x10, 0x84, 0xFF, 0x10,
  0x84, 0xFF, 0x10, 0x84, 0xFC, 0x51, 0x8C, 0xFF, 0x10, 0x84, 0x88, 0x00, 0x00, 0x00, 0xEF, 0x7B,
  0x04, 0xEF, 0x7B, 0x02, 0x00, 0x00, 0x00, 0x10, 0x84, 0x2D, 0x10, 0x84, 0xEB, 0x10, 0x84, 0xFF,
  0x10, 0x84, 0xFE, 0x10, 0x84, 0xFF, 0x10, 0x84, 0xFD, 0x30, 0x84, 0xFF, 0x10, 0x84, 0x93, 0x00,
  0x00, 0x00, 0xEF, 0x7B, 0x02, 0x00, 0x00, 0x00, 0xEF, 0x7B, 0x02, 0x00, 0x00, 0x00, 0x10, 0x84,
  0xA1, 0x51, 0x8C, 0xFF, 0x10, 0x84, 0xFC, 0x10, 0x84, 0xFF, 0x10, 0x84, 0xFF, 0x10, 0x84, 0xFF,
  0x10, 0x84, 0xFE, 0x30, 0x84, 0xFF, 0x10, 0x84, 0xF3, 0x10, 0x84, 0xAB, 0x51, 0x8C, 0x83, 0x30,
  0x84, 0x9E, 0x10, 0x84, 0xDB, 0x30, 0x84, 0xFF, 0x10, 0x84, 0xFE, 0x10, 0x84, 0xFF, 0x10, 0x84,
  0xFF, 0x10, 0x84, 0xFF, 0x10, 0x84, 0xFF, 0x10, 0x84, 0xFD, 0x30, 0x84, 0xFF, 0x10, 0x84, 0xBA,
  0xEF, 0x7B, 0x08, 0x00, 0x00, 0x00, 0xEF, 0x7B, 0x02, 0x00, 0x00, 0x00, 0xEF, 0x7B, 0x06, 0x10,
  0x84, 0xD5, 0x30, 0x84, 0xFF, 0x10, 0x84, 0xFD, 0x10, 0x84, 0xFF, 0x10, 0x84, 0xFC, 0x51, 0x8C,
  0xFF, 0x30, 0x84, 0x9E, 0x00, 0x00, 0x00, 0xFF, 0xFF, 0x01, 0x00, 0x00, 0x00, 0x00, 0x00, 0x00,
  0x00, 0x00, 0x01, 0x00, 0x00, 0x00, 0xEF, 0x7B, 0x02, 0x10, 0x84, 0xC9, 0x30, 0x84, 0xFF, 0x10,
  0x84, 0xFD, 0x10, 0x84, 0xFF, 0x10, 0x84, 0xFD, 0x30, 0x84, 0xFF, 0x10, 0x84, 0xA4, 0x00, 0x00,
  0x00, 0x00, 0x00, 0x01, 0x00, 0x00, 0x00, 0x00, 0x00, 0x00, 0x00, 0x00, 0x01, 0x00, 0x00, 0x00,
  0x8E, 0x73, 0x09, 0x30, 0x84, 0xC2, 0x30, 0x84, 0xFF, 0x10, 0x84, 0xFD, 0x10, 0x84, 0xFF, 0x10,
  0x84, 0xFD, 0x30, 0x84, 0xFF, 0x10, 0x84, 0xCA, 0x10, 0x84, 0xFF, 0x10, 0x84, 0xFF, 0x10, 0x84,
  0xFF, 0x10, 0x84, 0xFF, 0x10, 0x84, 0xFB, 0x51, 0x8C, 0xFF, 0x10, 0x84, 0x7D, 0x00, 0x00, 0x00,
  0x55, 0xAD, 0x03, 0x00, 0x00, 0x00, 0x00, 0x00, 0x00, 0xFF, 0xFF, 0x01, 0x00, 0x00, 0x00, 0x10,
  0x84, 0x8F, 0x51, 0x8C, 0xFF, 0x10, 0x84, 0xFD, 0x10, 0x84, 0xFF, 0x10, 0x84, 0xFF, 0x10, 0x84,
  0xFE, 0x10, 0x84, 0xFF, 0x10, 0x84, 0xEF, 0x30, 0x84, 0x30, 0x00, 0x00, 0x00, 0xEF, 0x7B, 0x02,
  0x00, 0x00, 0x00, 0xFF, 0xFF, 0x01, 0x00, 0x00, 0x00, 0x30, 0x84, 0x15, 0x10, 0x84, 0xEE, 0x10,
  0x84, 0xFF, 0x10, 0x84, 0xFE, 0x10, 0x84, 0xFF, 0x10, 0x84, 0xFB, 0x71, 0x8C, 0xFF, 0x30, 0x84,
  0x80, 0x00, 0x00, 0x00, 0x55, 0xAD, 0x03, 0x00, 0x00, 0x00, 0xEF, 0x7B, 0x02, 0x00, 0x00, 0x01,
  0xCF, 0x7B, 0x1B, 0x10, 0x84, 0xDD, 0x30, 0x84, 0xFF, 0x10, 0x84, 0xFC, 0x10, 0x84, 0xFF, 0x10,
  0x84, 0xFF, 0x10, 0x84, 0xFD, 0x30, 0x84, 0xFF, 0x30, 0x84, 0xFF, 0x30, 0x84, 0xD8, 0x10, 0x84,
  0xBB, 0x10, 0x84, 0xBE, 0x30, 0x84, 0xDE, 0x30, 0x84, 0xFF, 0x30, 0x84, 0xFF, 0x10, 0x84, 0xFD,
  0x10, 0x84, 0xFF, 0x10, 0x84, 0xFF, 0x10, 0x84, 0xFA, 0x71, 0x8C, 0xFF, 0x10, 0x84, 0x92, 0x00,
  0x00, 0x00, 0xEF, 0x7B, 0x02, 0x00, 0x00, 0x00, 0xEF, 0x7B, 0x02, 0xFF, 0xFF, 0x01, 0x10, 0x84,
  0x1F, 0x10, 0x84, 0xE3, 0x30, 0x84, 0xFF, 0x10, 0x84, 0xFD, 0x10, 0x84, 0xFF, 0x10, 0x84, 0xFF,
  0x10, 0x84, 0xFF, 0x10, 0x84, 0xFD, 0x30, 0x84, 0xFF, 0x51, 0x8C, 0xFF, 0x30, 0x84, 0xF7, 0x10,
  0x84, 0xF6, 0x51, 0x8C, 0xFF, 0x30, 0x84, 0xFF, 0x10, 0x84, 0xFD, 0x10, 0x84, 0xF9, 0x10, 0x84,
  0xF7, 0x10, 0x84, 0xFF, 0x10, 0x84, 0xFF, 0x10, 0x84, 0xFF, 0x10, 0x84, 0xFC, 0x51, 0x8C, 0xFF,
  0x10, 0x84, 0x88, 0x00, 0x00, 0x00, 0xEF, 0x7B, 0x04, 0xEF, 0x7B, 0x02, 0x00, 0x00, 0x00, 0x10,
  0x84, 0x2D, 0x10, 0x84, 0xEB, 0x10, 0x84, 0xFF, 0x10, 0x84, 0xFE, 0x10, 0x84, 0xFF, 0x10, 0x84,
  0xFD, 0x30, 0x84, 0xFF, 0x10, 0x84, 0x93, 0x00, 0x00, 0x00, 0xEF, 0x7B, 0x02, 0x00, 0x00, 0x00,
  0x55, 0xAD, 0x03, 0x00, 0x00, 0x00, 0x10, 0x84, 0x40, 0x30, 0x84, 0xFD, 0x10, 0x84, 0xFB, 0x10,
  0x84, 0xFE, 0x10, 0x84, 0xFF, 0x10, 0x84, 0xFF, 0x10, 0x84, 0xFF, 0x10, 0x84, 0xFD, 0x10, 0x84,
  0xFF, 0x51, 0x8C, 0xFF, 0x71, 0x8C, 0xFF, 0x51, 0x8C, 0xFF, 0x30, 0x84, 0xFF, 0x10, 0x84, 0xFC,
  0x10, 0x84, 0xE9, 0x10, 0x84, 0xD0, 0x30, 0x84, 0xFF, 0x10, 0x84, 0xFE, 0x10, 0x84, 0xFF, 0x10,
  0x84, 0xFD, 0x30, 0x84, 0xFF, 0x10, 0x84, 0xBA, 0xEF, 0x7B, 0x08, 0x00, 0x00, 0x00, 0xEF, 0x7B,
  0x02, 0x00, 0x00, 0x00, 0xEF, 0x7B, 0x06, 0x10, 0x84, 0xD5, 0x30, 0x84, 0xFF, 0x10, 0x84, 0xFD,
  0x10, 0x84, 0xFF, 0x10, 0x84, 0xFC, 0x51, 0x8C, 0xFF, 0x30, 0x84, 0x9E, 0x00, 0x00, 0x00, 0xFF,
  0xFF, 0x01, 0x00, 0x00, 0x00, 0x00, 0x00, 0x00, 0x00, 0x00, 0x01, 0x00, 0x00, 0x00, 0xEF, 0x7B,
  0x02, 0x10, 0x84, 0xC9, 0x30, 0x84, 0xFF, 0x10, 0x84, 0xFD, 0x10, 0x84, 0xFF, 0x10, 0x84, 0xFD,
  0x30, 0x84, 0xFF, 0x10, 0x84, 0xA4, 0x00, 0x00, 0x00, 0x00, 0x00, 0x01, 0x00, 0x00, 0x00, 0x00,
  0x00, 0x00, 0x00, 0x00, 0x01, 0x00, 0x00, 0x00, 0x8E, 0x73, 0x09, 0x30, 0x84, 0xC2, 0x30, 0x84,
  0xFF, 0x10, 0x84, 0xFD, 0x10, 0x84, 0xFF, 0x10, 0x84, 0xFD, 0x30, 0x84, 0xFF, 0x10, 0x84, 0xCA,
  0x10, 0x84, 0xFF, 0x10, 0x84, 0xFF, 0x10, 0x84, 0xFF, 0x10, 0x84, 0xFF, 0x10, 0x84, 0xFB, 0x51,
  0x8C, 0xFF, 0x10, 0x84, 0x7D, 0x00, 0x00, 0x00, 0x55, 0xAD, 0x03, 0x00, 0x00, 0x00, 0x00, 0x00,
  0x00, 0xEF, 0x7B, 0x02, 0x00, 0x00, 0x00, 0x10, 0x84, 0x3B, 0x10, 0x84, 0xF4, 0x10, 0x84, 0xFF,
  0x10, 0x84, 0xFE, 0x10, 0x84, 0xFF, 0x10, 0x84, 0xFD, 0x30, 0x84, 0xFF, 0x10, 0x84, 0xB0, 0x00,
  0x00, 0x01, 0x00, 0x00, 0x00, 0x00, 0x00, 0x00, 0x00, 0x00, 0x00, 0xFF, 0xFF, 0x01, 0x00, 0x00,
  0x00, 0x30, 0x84, 0x15, 0x10, 0x84, 0xEE, 0x10, 0x84, 0xFF, 0x10, 0x84, 0xFE, 0x10, 0x84, 0xFF,
  0x10, 0x84, 0xFB, 0x71, 0x8C, 0xFF, 0x30, 0x84, 0x80, 0x00, 0x00, 0x00, 0x55, 0xAD, 0x03, 0x00,
  0x00, 0x00, 0x00, 0x00, 0x00, 0xEF, 0x7B, 0x02, 0x00, 0x00, 0x00, 0x10, 0x84, 0x45, 0x10, 0x84,
  0xF0, 0x30, 0x84, 0xFF, 0xEF, 0x7B, 0xFC, 0x10, 0x84, 0xFE, 0x10, 0x84, 0xFF, 0x10, 0x84, 0xFD,
  0x10, 0x84, 0xFF, 0x30, 0x84, 0xFF, 0x30, 0x84, 0xFF, 0x30, 0x84, 0xFF, 0x30, 0x84, 0xFF, 0x10,
  0x84, 0xFF, 0x10, 0x84, 0xFD, 0x10, 0x84, 0xFF, 0x10, 0x84, 0xFD, 0x10, 0x84, 0xFC, 0x51, 0x8C,
  0xFF, 0x10, 0x84, 0xC2, 0xCF, 0x7B, 0x11, 0x00, 0x00, 0x01, 0x00, 0x00, 0x01, 0x00, 0x00, 0x00,
  0x00, 0x00, 0x00, 0xEF, 0x7B, 0x02, 0x00, 0x00, 0x00, 0x10, 0x84, 0x57, 0x30, 0x84, 0xFF, 0x10,
  0x84, 0xFF, 0x10, 0x84, 0xFC, 0x10, 0x84, 0xFF, 0x10, 0x84, 0xFF, 0x10, 0x84, 0xFF, 0x10, 0x84,
  0xFD, 0x10, 0x84, 0xFC, 0x10, 0x84, 0xFF, 0x10, 0x84, 0xFF, 0x10, 0x84, 0xFB, 0x10, 0x84, 0xFB,
  0x10, 0x84, 0xFF, 0x10, 0x84, 0x7A, 0x30, 0x84, 0xD8, 0x30, 0x84, 0xFF, 0x10, 0x84, 0xFD, 0x10,
  0x84, 0xFF, 0x10, 0x84, 0xFC, 0x51, 0x8C, 0xFF, 0x10, 0x84, 0x88, 0x00, 0x00, 0x00, 0xEF, 0x7B,
  0x04, 0xEF, 0x7B, 0x02, 0x00, 0x00, 0x00, 0x10, 0x84, 0x2D, 0x10, 0x84, 0xEB, 0x10, 0x84, 0xFF,
  0x10, 0x84, 0xFE, 0x10, 0x84, 0xFF, 0x10, 0x84, 0xFD, 0x30, 0x84, 0xFF, 0x10, 0x84, 0x93, 0x00,
  0x00, 0x00, 0xEF, 0x7B, 0x02, 0x00, 0x00, 0x00, 0x00, 0x00, 0x01, 0xEF, 0x7B, 0x02, 0xAA, 0x52,
  0x03, 0x10, 0x84, 0xAA, 0x71, 0x8C, 0xFF, 0x10, 0x84, 0xFA, 0x10, 0x84, 0xFE, 0x10, 0x84, 0xFF,
  0x10, 0x84, 0xFF, 0x10, 0x84, 0xFF, 0x10, 0x84, 0xFE, 0x10, 0x84, 0xFC, 0x10, 0x84, 0xFB, 0x10,
  0x84, 0xFB, 0x10, 0x84, 0xF9, 0x71, 0x8C, 0xFF, 0x10, 0x84, 0x81, 0xEF, 0x7B, 0x8D, 0x51, 0x8C,
  0xFF, 0x10, 0x84, 0xFC, 0x10, 0x84, 0xFF, 0x10, 0x84, 0xFD, 0x30, 0x84, 0xFF, 0x10, 0x84, 0xBA,
  0xEF, 0x7B, 0x08, 0x00, 0x00, 0x00, 0xEF, 0x7B, 0x02, 0x00, 0x00, 0x00, 0xEF, 0x7B, 0x06, 0x10,
  0x84, 0xD5, 0x30, 0x84, 0xFF, 0x10, 0x84, 0xFD, 0x10, 0x84, 0xFF, 0x10, 0x84, 0xFC, 0x51, 0x8C,
  0xFF, 0x30, 0x84, 0x9E, 0x00, 0x00, 0x00, 0xFF, 0xFF, 0x01, 0x00, 0x00, 0x00, 0x00, 0x00, 0x00,
  0x00, 0x00, 0x01, 0x00, 0x00, 0x00, 0xEF, 0x7B, 0x02, 0x10, 0x84, 0xC9, 0x30, 0x84, 0xFF, 0x10,
  0x84, 0xFD, 0x10, 0x84, 0xFF, 0x10, 0x84, 0xFD, 0x30, 0x84, 0xFF, 0x10, 0x84, 0xA4, 0x00, 0x00,
  0x00, 0x00, 0x00, 0x01, 0x00, 0x00, 0x00, 0x00, 0x00, 0x00, 0x00, 0x00, 0x01, 0x00, 0x00, 0x00,
  0x8E, 0x73, 0x09, 0x30, 0x84, 0xC2, 0x30, 0x84, 0xFF, 0x10, 0x84, 0xFD, 0x10, 0x84, 0xFF, 0x10,
  0x84, 0xFD, 0x30, 0x84, 0xFF, 0x10, 0x84, 0xCA, 0x10, 0x84, 0xFC, 0x10, 0x84, 0xFC, 0x10, 0x84,
  0xFC, 0x10, 0x84, 0xFC, 0x10, 0x84, 0xF8, 0x51, 0x8C, 0xFC, 0x10, 0x84, 0x7B, 0x00, 0x00, 0x00,
  0x55, 0xAD, 0x03, 0x00, 0x00, 0x00, 0x00, 0x00, 0x00, 0x00, 0x00, 0x00, 0x00, 0x00, 0x00, 0xD3,
  0x9C, 0x05, 0x10, 0x84, 0xB9, 0x30, 0x84, 0xFC, 0x10, 0x84, 0xFA, 0x10, 0x84, 0xFC, 0x10, 0x84,
  0xFB, 0x30, 0x84, 0xFB, 0x10, 0x84, 0x53, 0x00, 0x00, 0x00, 0xAA, 0x52, 0x03, 0x00, 0x00, 0x00,
  0x00, 0x00, 0x00, 0xFF, 0xFF, 0x01, 0x00, 0x00, 0x00, 0x30, 0x84, 0x15, 0x10, 0x84, 0xEB, 0x10,
  0x84, 0xFC, 0x10, 0x84, 0xFB, 0x10, 0x84, 0xFC, 0x10, 0x84, 0xF8, 0x51, 0x8C, 0xFC, 0x30, 0x84,
  0x7F, 0x00, 0x00, 0x00, 0x55, 0xAD, 0x03, 0x00, 0x00, 0x00, 0x00, 0x00, 0x00, 0x00, 0x00, 0x00,
  0xEF, 0x7B, 0x02, 0x00, 0x00, 0x00, 0xEF, 0x7B, 0x43, 0x30, 0x84, 0xD9, 0x51, 0x8C, 0xFF, 0x10,
  0x84, 0xFF, 0x10, 0x84, 0xFC, 0x10, 0x84, 0xFD, 0x10, 0x84, 0xFC, 0x10, 0x84, 0xFB, 0x10, 0x84,
  0xFB, 0x10, 0x84, 0xFB, 0x10, 0x84, 0xFB, 0x10, 0x84, 0xFC, 0x10, 0x84, 0xFC, 0x10, 0x84, 0xFC,
  0x30, 0x84, 0xFF, 0x51, 0x8C, 0xFF, 0x10, 0x84, 0xB7, 0xCF, 0x7B, 0x17, 0x00, 0x00, 0x00, 0xFF,
  0xFF, 0x01, 0x00, 0x00, 0x00, 0x00, 0x00, 0x00, 0x00, 0x00, 0x00, 0x00, 0x00, 0x01, 0xEF, 0x7B,
  0x02, 0x00, 0x00, 0x00, 0x10, 0x84, 0x78, 0x30, 0x84, 0xF9, 0x30, 0x84, 0xFF, 0x10, 0x84, 0xFB,
  0x10, 0x84, 0xFC, 0x10, 0x84, 0xFD, 0x10, 0x84, 0xFD, 0x10, 0x84, 0xFD, 0x10, 0x84, 0xFC, 0x10,
  0x84, 0xFB, 0x10, 0x84, 0xFE, 0x71, 0x8C, 0xFF, 0x10, 0x84, 0x92, 0x30, 0x84, 0x15, 0x30, 0x84,
  0xE1, 0x30, 0x84, 0xFC, 0x10, 0x84, 0xFA, 0x10, 0x84, 0xFC, 0x10, 0x84, 0xF9, 0x30, 0x84, 0xFC,
  0x10, 0x84, 0x86, 0x00, 0x00, 0x00, 0xEF, 0x7B, 0x04, 0xEF, 0x7B, 0x02, 0x00, 0x00, 0x00, 0x30,
  0x84, 0x2C, 0x10, 0x84, 0xE8, 0x10, 0x84, 0xFC, 0x10, 0x84, 0xFB, 0x10, 0x84, 0xFC, 0x10, 0x84,
  0xFA, 0x30, 0x84, 0xFC, 0x10, 0x84, 0x91, 0x00, 0x00, 0x00, 0xEF, 0x7B, 0x02, 0x00, 0x00, 0x00,
  0x00, 0x00, 0x00, 0xFF, 0xFF, 0x01, 0x00, 0x00, 0x00, 0xEF, 0x7B, 0x1A, 0x10, 0x84, 0xC5, 0x51,
  0x8C, 0xFF, 0x10, 0x84, 0xFD, 0x10, 0x84, 0xFC, 0x10, 0x84, 0xFD, 0x10, 0x84, 0xFD, 0x10, 0x84,
  0xFD, 0x10, 0x84, 0xFD, 0x10, 0x84, 0xFC, 0x10, 0x84, 0xFE, 0x51, 0x8C, 0xFF, 0x10, 0x84, 0xBD,
  0xEF, 0x7B, 0x0A, 0xEF, 0x7B, 0x90, 0x51, 0x8C, 0xFC, 0x10, 0x84, 0xF9, 0x10, 0x84, 0xFC, 0x10,
  0x84, 0xFA, 0x30, 0x84, 0xFC, 0x10, 0x84, 0xB8, 0xEF, 0x7B, 0x08, 0x00, 0x00, 0x00, 0xEF, 0x7B,
  0x02, 0x00, 0x00, 0x00, 0xEF, 0x7B, 0x06, 0x10, 0x84, 0xD2, 0x30, 0x84, 0xFC, 0x10, 0x84, 0xFA,
  0x10, 0x84, 0xFC, 0x10, 0x84, 0xF9, 0x51, 0x8C, 0xFC, 0x30, 0x84, 0x9C, 0x00, 0x00, 0x00, 0xFF,
  0xFF, 0x01, 0x00, 0x00, 0x00, 0x00, 0x00, 0x00, 0x00, 0x00, 0x01, 0x00, 0x00, 0x00, 0xEF, 0x7B,
  0x02, 0x10, 0x84, 0xC7, 0x30, 0x84, 0xFC, 0x10, 0x84, 0xFA, 0x10, 0x84, 0xFC, 0x10, 0x84, 0xFA,
  0x30, 0x84, 0xFC, 0x10, 0x84, 0xA2, 0x00, 0x00, 0x00, 0x00, 0x00, 0x01, 0x00, 0x00, 0x00, 0x00,
  0x00, 0x00, 0x00, 0x00, 0x01, 0x00, 0x00, 0x00, 0x8E, 0x73, 0x09, 0x30, 0x84, 0xC0, 0x30, 0x84,
  0xFC, 0x10, 0x84, 0xFA, 0x10, 0x84, 0xFC, 0x10, 0x84, 0xFA, 0x30, 0x84, 0xFC, 0x10, 0x84, 0xC8,
  0x51, 0x8C, 0xFF, 0x51, 0x8C, 0xFF, 0x51, 0x8C, 0xFF, 0x51, 0x8C, 0xFF, 0x30, 0x84, 0xFF, 0x92,
  0x94, 0xFF, 0x10, 0x84, 0x85, 0x00, 0x00, 0x00, 0x55, 0xAD, 0x03, 0x00, 0x00, 0x00, 0x00, 0x00,
  0x00, 0x00, 0x00, 0x00, 0xEF, 0x7B, 0x02, 0x00, 0x00, 0x00, 0x10, 0x84, 0x63, 0x71, 0x8C, 0xFF,
  0x51, 0x8C, 0xFF, 0x51, 0x8C, 0xFF, 0x92, 0x94, 0xFF, 0x10, 0x84, 0xD8, 0xEF, 0x7B, 0x0C, 0x00,
  0x00, 0x01, 0xFF, 0xFF, 0x01, 0x00, 0x00, 0x00, 0x00, 0x00, 0x00, 0xFF, 0xFF, 0x01, 0x00, 0x00,
  0x00, 0x30, 0x84, 0x17, 0x10, 0x84, 0xFD, 0x71, 0x8C, 0xFF, 0x51, 0x8C, 0xFF, 0x51, 0x8C, 0xFF,
  0x30, 0x84, 0xFF, 0xB2, 0x94, 0xFF, 0x51, 0x8C, 0x87, 0x00, 0x00, 0x00, 0x55, 0xAD, 0x03, 0x00,
  0x00, 0x00, 0x00, 0x00, 0x00, 0x00, 0x00, 0x00, 0x00, 0x00, 0x00, 0xEF, 0x7B, 0x02, 0x00, 0x00,
  0x00, 0xEF, 0x7B, 0x1A, 0x30, 0x84, 0x90, 0x30, 0x84, 0xEC, 0x71, 0x8C, 0xFF, 0x51, 0x8C, 0xFF,
  0x30, 0x84, 0xFF, 0x30, 0x84, 0xFF, 0x30, 0x84, 0xFF, 0x30, 0x84, 0xFF, 0x30, 0x84, 0xFF, 0x30,
  0x84, 0xFF, 0x51, 0x8C, 0xFF, 0x51, 0x8C, 0xFF, 0x30, 0x84, 0xDF, 0x10, 0x84, 0x73, 0xEF, 0x7B,
  0x06, 0x00, 0x00, 0x00, 0xEF, 0x7B, 0x02, 0x00, 0x00, 0x00, 0x00, 0x00, 0x00, 0x00, 0x00, 0x00,
  0x00, 0x00, 0x00, 0x00, 0x00, 0x00, 0x00, 0x00, 0x00, 0xEF, 0x7B, 0x02, 0x00, 0x00, 0x00, 0xEF,
  0x7B, 0x4E, 0x10, 0x84, 0xD5, 0x71, 0x8C, 0xFF, 0x51, 0x8C, 0xFF, 0x30, 0x84, 0xFF, 0x30, 0x84,
  0xFF, 0x30, 0x84, 0xFF, 0x30, 0x84, 0xFF, 0x51, 0x8C, 0xFF, 0x30, 0x84, 0xF9, 0x10, 0x84, 0x8B,
  0x00, 0x00, 0x01, 0x10, 0x84, 0x21, 0x30, 0x84, 0xF2, 0x71, 0x8C, 0xFF, 0x51, 0x8C, 0xFF, 0x51,
  0x8C, 0xFF, 0x30, 0x84, 0xFF, 0x92, 0x94, 0xFF, 0x10, 0x84, 0x90, 0x00, 0x00, 0x00, 0xEF, 0x7B,
  0x04, 0xEF, 0x7B, 0x02, 0x00, 0x00, 0x00, 0xEF, 0x7B, 0x30, 0x10, 0x84, 0xF9, 0x71, 0x8C, 0xFF,
  0x51, 0x8C, 0xFF, 0x51, 0x8C, 0xFF, 0x51, 0x8C, 0xFF, 0x92, 0x94, 0xFF, 0x10, 0x84, 0x9D, 0x00,
  0x00, 0x00, 0xEF, 0x7B, 0x02, 0x00, 0x00, 0x00, 0x00, 0x00, 0x00, 0x00, 0x00, 0x00, 0xFF, 0xFF,
  0x01, 0x00, 0x00, 0x00, 0x8E, 0x73, 0x16, 0x30, 0x84, 0xA4, 0x30, 0x84, 0xFF, 0x51, 0x8C, 0xFF,
  0x30, 0x84, 0xFF, 0x30, 0x84, 0xFF, 0x30, 0x84, 0xFF, 0x30, 0x84, 0xFF, 0x51, 0x8C, 0xFF, 0x30,
  0x84, 0xFE, 0x10, 0x84, 0x9B, 0xEF, 0x7B, 0x14, 0x00, 0x00, 0x00, 0x10, 0x84, 0xA1, 0x92, 0x94,
  0xFF, 0x30, 0x84, 0xFF, 0x51, 0x8C, 0xFF, 0x51, 0x8C, 0xFF, 0x92, 0x94, 0xFF, 0x10, 0x84, 0xC6,
  0x8E, 0x73, 0x09, 0x00, 0x00, 0x00, 0xEF, 0x7B, 0x02, 0x00, 0x00, 0x00, 0x6D, 0x6B, 0x07, 0x10,
  0x84, 0xE2, 0x71, 0x8C, 0xFF, 0x51, 0x8C, 0xFF, 0x51, 0x8C, 0xFF, 0x30, 0x84, 0xFF, 0x92, 0x94,
  0xFF, 0x30, 0x84, 0xA7, 0x00, 0x00, 0x00, 0xFF, 0xFF, 0x01, 0x00, 0x00, 0x00, 0x00, 0x00, 0x00,
  0x00, 0x00, 0x01, 0x00, 0x00, 0x00, 0xEF, 0x7B, 0x02, 0x10, 0x84, 0xD5, 0x92, 0x94, 0xFF, 0x51,
  0x8C, 0xFF, 0x51, 0x8C, 0xFF, 0x51, 0x8C, 0xFF, 0x92, 0x94, 0xFF, 0x10, 0x84, 0xAF, 0x00, 0x00,
  0x00, 0x00, 0x00, 0x01, 0x00, 0x00, 0x00, 0x00, 0x00, 0x00, 0x00, 0x00, 0x01, 0x00, 0x00, 0x00,
  0x8E, 0x73, 0x09, 0x30, 0x84, 0xCD, 0x92, 0x94, 0xFF, 0x51, 0x8C, 0xFF, 0x51, 0x8C, 0xFF, 0x51,
  0x8C, 0xFF, 0x71, 0x8C, 0xFF, 0x10, 0x84, 0xD6, 0x10, 0x84, 0x92, 0x10, 0x84, 0x92, 0x10, 0x84,
  0x92, 0x10, 0x84, 0x92, 0x10, 0x84, 0x90, 0x30, 0x84, 0x98, 0x10, 0x84, 0x49, 0x00, 0x00, 0x00,
  0xEF, 0x7B, 0x02, 0x00, 0x00, 0x00, 0x00, 0x00, 0x00, 0x00, 0x00, 0x00, 0x00, 0x00, 0x01, 0x00,
  0x00, 0x00, 0x71, 0x8C, 0x10, 0x30, 0x84, 0x66, 0x30, 0x84, 0x70, 0x10, 0x84, 0x6D, 0x51, 0x8C,
  0x70, 0x30, 0x84, 0x41, 0x00, 0x00, 0x00, 0x00, 0x00, 0x01, 0x00, 0x00, 0x00, 0x00, 0x00, 0x00,
  0x00, 0x00, 0x00, 0x00, 0x00, 0x01, 0x00, 0x00, 0x00, 0xAE, 0x73, 0x0D, 0x10, 0x84, 0x8A, 0x10,
  0x84, 0x94, 0x10, 0x84, 0x91, 0x10, 0x84, 0x92, 0x10, 0x84, 0x8F, 0x30, 0x84, 0x99, 0x30, 0x84,
  0x4B, 0x00, 0x00, 0x00, 0xEF, 0x7B, 0x02, 0x00, 0x00, 0x00, 0x00, 0x00, 0x00, 0x00, 0x00, 0x00,
  0x00, 0x00, 0x00, 0x00, 0x00, 0x00, 0xEF, 0x7B, 0x02, 0x00, 0x00, 0x00, 0x00, 0x00, 0x00, 0xEF,
  0x7B, 0x26, 0x30, 0x84, 0x6D, 0x10, 0x84, 0xB2, 0x10, 0x84, 0xD7, 0x30, 0x84, 0xE2, 0x10, 0x84,
  0xE8, 0x10, 0x84, 0xEA, 0x30, 0x84, 0xDF, 0x10, 0x84, 0xD3, 0x10, 0x84, 0xA2, 0x10, 0x84, 0x59,
  0xEF, 0x7B, 0x18, 0x00, 0x00, 0x00, 0x00, 0x00, 0x00, 0xEF, 0x7B, 0x02, 0x00, 0x00, 0x00, 0x00,
  0x00, 0x00, 0x00, 0x00, 0x00, 0x00, 0x00, 0x00, 0x00, 0x00, 0x00, 0x00, 0x00, 0x00, 0x00, 0x00,
  0x00, 0x00, 0x00, 0x00, 0x00, 0x00, 0x01, 0x00, 0x00, 0x00, 0x30, 0x84, 0x11, 0x30, 0x84, 0x61,
  0x10, 0x84, 0xAC, 0x30, 0x84, 0xD5, 0x30, 0x84, 0xE0, 0x30, 0x84, 0xDE, 0x10, 0x84, 0xD3, 0x30,
  0x84, 0x97, 0x10, 0x84, 0x39, 0x00, 0x00, 0x00, 0x00, 0x00, 0x00, 0xEF, 0x7B, 0x14, 0x30, 0x84,
  0x86, 0x30, 0x84, 0x94, 0x10, 0x84, 0x91, 0x10, 0x84, 0x92, 0x10, 0x84, 0x90, 0x30, 0x84, 0x96,
  0x30, 0x84, 0x4F, 0x00, 0x00, 0x00, 0xEF, 0x7B, 0x02, 0xFF, 0xFF, 0x01, 0x00, 0x00, 0x00, 0xAE,
  0x73, 0x1A, 0x10, 0x84, 0x89, 0x10, 0x84, 0x94, 0x10, 0x84, 0x91, 0x10, 0x84, 0x92, 0x10, 0x84,
  0x90, 0x30, 0x84, 0x96, 0x10, 0x84, 0x56, 0x00, 0x00, 0x00, 0x00, 0x00, 0x01, 0x00, 0x00, 0x00,
  0x00, 0x00, 0x00, 0x00, 0x00, 0x00, 0x00, 0x00, 0x00, 0xEF, 0x7B, 0x02, 0x00, 0x00, 0x00, 0x00,
  0x00, 0x00, 0xEF, 0x7B, 0x42, 0x30, 0x84, 0x8C, 0x10, 0x84, 0xC4, 0x30, 0x84, 0xD6, 0x30, 0x84,
  0xD5, 0x10, 0x84, 0xC7, 0x30, 0x84, 0x89, 0xEF, 0x7B, 0x3A, 0x00, 0x00, 0x00, 0x00, 0x00, 0x00,
  0x00, 0x00, 0x01, 0x10, 0x84, 0x56, 0x30, 0x84, 0x97, 0x10, 0x84, 0x90, 0x10, 0x84, 0x92, 0x10,
  0x84, 0x90, 0x30, 0x84, 0x96, 0x10, 0x84, 0x6C, 0x2C, 0x63, 0x05, 0x00, 0x00, 0x00, 0x00, 0x00,
  0x01, 0x00, 0x00, 0x00, 0xAA, 0x52, 0x03, 0x10, 0x84, 0x7B, 0x30, 0x84, 0x95, 0x10, 0x84, 0x91,
  0x10, 0x84, 0x92, 0x10, 0x84, 0x90, 0x30, 0x84, 0x98, 0x30, 0x84, 0x5D, 0x00, 0x00, 0x00, 0x00,
  0x00, 0x01, 0x00, 0x00, 0x00, 0x00, 0x00, 0x00, 0x00, 0x00, 0x00, 0x00, 0x00, 0x00, 0x00, 0x00,
  0x01, 0x10, 0x84, 0x75, 0x30, 0x84, 0x95, 0x10, 0x84, 0x91, 0x10, 0x84, 0x92, 0x10, 0x84, 0x90,
  0x30, 0x84, 0x96, 0xEF, 0x7B, 0x60, 0x00, 0x00, 0x00, 0x00, 0x00, 0x00, 0x00, 0x00, 0x00, 0x00,
  0x00, 0x00, 0x00, 0x00, 0x00, 0x00, 0x00, 0x00, 0x2C, 0x63, 0x05, 0x10, 0x84, 0x71, 0x30, 0x84,
  0x96, 0x10, 0x84, 0x90, 0x10, 0x84, 0x92, 0x10, 0x84, 0x91, 0x30, 0x84, 0x94, 0x10, 0x84, 0x75,
  0x00, 0x00, 0x00, 0x00, 0x00, 0x00, 0x00, 0x00, 0x00, 0x00, 0x00, 0x00, 0x00, 0x00, 0x00, 0x00,
  0x00, 0x00, 0x00, 0x00, 0x00, 0x00, 0x00, 0x00, 0x00, 0x00, 0x00, 0x00, 0x00, 0x00, 0x00, 0x00,
  0x00, 0x00, 0x00, 0x00, 0x00, 0x00, 0x00, 0x00, 0x00, 0x00, 0x00, 0x00, 0x00, 0x00, 0x00, 0x00,
  0x00, 0x00, 0x00, 0x00, 0x00, 0x00, 0x00, 0x00, 0x00, 0x00, 0x00, 0x00, 0x00, 0x00, 0x01, 0x00,
  0x00, 0x00, 0x00, 0x00, 0x00, 0x00, 0x00, 0x00, 0x00, 0x00, 0x00, 0x00, 0x00, 0x00, 0x00, 0x00,
  0x00, 0x00, 0x00, 0x00, 0x00, 0x00, 0x00, 0x00, 0x00, 0x00, 0x00, 0x00, 0x00, 0x00, 0x00, 0x00,
  0x00, 0x00, 0x00, 0x00, 0x00, 0x00, 0x00, 0x00, 0x00, 0x00, 0x00, 0x00, 0x00, 0x00, 0x00, 0x00,
  0x00, 0x00, 0x00, 0x00, 0x00, 0x00, 0x00, 0x00, 0x00, 0x00, 0x00, 0x00, 0x00, 0x00, 0x00, 0x00,
  0x00, 0xFF, 0xFF, 0x01, 0xEF, 0x7B, 0x02, 0x00, 0x00, 0x00, 0x00, 0x00, 0x00, 0x00, 0x00, 0x00,
  0xAA, 0x52, 0x03, 0xCF, 0x7B, 0x17, 0x10, 0x84, 0x23, 0xEF, 0x7B, 0x26, 0x30, 0x84, 0x11, 0x00,
  0x00, 0x00, 0x00, 0x00, 0x00, 0x00, 0x00, 0x00, 0x00, 0x00, 0x00, 0xAA, 0x52, 0x03, 0x00, 0x00,
  0x01, 0x00, 0x00, 0x00, 0x00, 0x00, 0x00, 0x00, 0x00, 0x00, 0x00, 0x00, 0x00, 0x00, 0x00, 0x00,
  0x00, 0x00, 0x00, 0x00, 0x00, 0x00, 0x00, 0x00, 0x00, 0x00, 0x00, 0x00, 0x00, 0x00, 0x00, 0xAA,
  0x52, 0x03, 0x00, 0x00, 0x00, 0x00, 0x00, 0x00, 0x00, 0x00, 0x00, 0x00, 0x00, 0x00, 0x30, 0x84,
  0x15, 0x71, 0x8C, 0x10, 0x00, 0x00, 0x00, 0x00, 0x00, 0x00, 0x00, 0x00, 0x00, 0xEF, 0x7B, 0x02,
  0x00, 0x00, 0x01, 0x00, 0x00, 0x00, 0x00, 0x00, 0x00, 0x00, 0x00, 0x00, 0x00, 0x00, 0x00, 0x00,
  0x00, 0x00, 0x00, 0x00, 0x00, 0x00, 0x00, 0x00, 0x00, 0x00, 0x00, 0x00, 0x00, 0x00, 0x00, 0x00,
  0x00, 0x00, 0x00, 0x00, 0x00, 0x00, 0x00, 0x00, 0x00, 0x00, 0x00, 0x00, 0x00, 0x00, 0x00, 0x00,
  0x00, 0x00, 0x00, 0x00, 0x00, 0x00, 0x00, 0x00, 0x00, 0x00, 0x00, 0x00, 0x00, 0x00, 0x00, 0x00,
  0x00, 0x00, 0x00, 0x00, 0x00, 0x00, 0x00, 0x00, 0x00, 0x00, 0x00, 0x00, 0x00, 0x00, 0x00, 0x00,
  0x00, 0x00, 0x00, 0x00, 0xFF, 0xFF, 0x01, 0x00, 0x00, 0x01, 0x00, 0x00, 0x00, 0x00, 0x00, 0x00,
  0x00, 0x00, 0x00, 0xEF, 0x7B, 0x02, 0x00, 0x00, 0x00, 0x00, 0x00, 0x00, 0x00, 0x00, 0x00, 0x00,
  0x00, 0x00, 0xFF, 0xFF, 0x01, 0xFF, 0xFF, 0x01, 0x00, 0x00, 0x00, 0x00, 0x00, 0x00, 0x00, 0x00,
  0x00, 0x00, 0x00, 0x00, 0x00, 0x00, 0x00, 0x00, 0x00, 0x00, 0x00, 0x00, 0x00, 0x00, 0x00, 0x00,
  0x00, 0x00, 0x00, 0x00, 0x00, 0x00, 0x00, 0x00, 0x00, 0x00, 0x00, 0x00, 0x00, 0x00, 0x00, 0x00,
  0x00, 0x00, 0x00, 0x00, 0x00, 0x00, 0x00, 0x00, 0x00, 0x00, 0x00, 0x00, 0x00, 0x00, 0x00, 0x00,
  0x00, 0x00, 0x00, 0x00, 0x00, 0x00, 0x00, 0x00, 0x00, 0x00, 0x00, 0x00, 0x00, 0x00, 0x00, 0x00,
  0x00, 0x00, 0x00, 0x00, 0x00, 0x00, 0x00, 0x00, 0x00, 0x00, 0x00, 0x00, 0x00, 0x00, 0x00, 0x00,
  0x00, 0x00, 0x00, 0x00, 0x00, 0x00, 0x00, 0x00, 0x00, 0x00, 0x00, 0x00, 0x00, 0x00, 0x00, 0x00,
  0x00, 0x00, 0x00, 0x00, 0x00, 0x00, 0x00, 0x00, 0x00, 0x00, 0x00, 0x00, 0x00, 0x00, 0x00, 0x00,
  0x00, 0x00, 0x00, 0x00, 0x00, 0x00, 0x00, 0x00, 0x00, 0x00, 0x00, 0x00, 0x00, 0x00, 0x00, 0x00,
  0x00, 0x00, 0x00, 0x00, 0x00, 0x00, 0x00, 0x00,
};
const lv_img_dsc_t txt_brightness_medium_normal = {
  .header.always_zero = 0,
  .header.w = 168,
  .header.h = 35,
  .data_size = 17640,
  .header.cf = LV_IMG_CF_TRUE_COLOR_ALPHA,
  .data = txt_brightness_medium_normal_data,
};

/* txt_brightness_off_active.png */
static const uint8_t txt_brightness_off_active_data[] = {
  0x00, 0x00, 0x00, 0x00, 0x00, 0x00, 0x00, 0x00, 0x00, 0x00, 0x00, 0x00, 0x00, 0x00, 0x00, 0x00,
  0x00, 0x00, 0x00, 0x00, 0x00, 0x00, 0x00, 0x00, 0xFF, 0xFF, 0x01, 0xFF, 0xFF, 0x03, 0xFF, 0xFF,
  0x03, 0x00, 0x00, 0x00, 0x00, 0x00, 0x00, 0x00, 0x00, 0x00, 0x00, 0x00, 0x00, 0x00, 0x00, 0x00,
  0x00, 0x00, 0x00, 0x00, 0x00, 0x00, 0x00, 0x00, 0x00, 0x00, 0x00, 0x00, 0xFF, 0xFF, 0x03, 0xFF,
  0xFF, 0x03, 0xFF, 0xFF, 0x01, 0x00, 0x00, 0x00, 0x00, 0x00, 0x00, 0x00, 0x00, 0x00, 0x00, 0x00,
  0x00, 0x00, 0x00, 0x00, 0x00, 0x00, 0x00, 0x00, 0x00, 0x00, 0x00, 0x00, 0x00, 0x00, 0x00, 0x00,
  0x00, 0x00, 0x00, 0x00, 0x00, 0x00, 0x00, 0x00, 0x00, 0x00, 0x00, 0x00, 0x00, 0x00, 0x00, 0x00,
  0x00, 0x00, 0xFF, 0xFF, 0x02, 0x00, 0x00, 0x00, 0x00, 0x00, 0x00, 0xFF, 0xFF, 0x0C, 0xFF, 0xFF,
  0x49, 0xFF, 0xFF, 0x6A, 0xFF, 0xFF, 0x79, 0xFF, 0xFF, 0x76, 0xFF, 0xFF, 0x63, 0xFF, 0xFF, 0x46,
  0xFF, 0xFF, 0x19, 0x00, 0x00, 0x00, 0x00, 0x00, 0x00, 0x00, 0x00, 0x00, 0x00, 0x00, 0x00, 0x00,
  0x00, 0x00, 0x00, 0x00, 0x00, 0xFF, 0xFF, 0x02, 0x00, 0x00, 0x00, 0x00, 0x00, 0x00, 0xFF, 0xFF,
  0x0E, 0xFF, 0xFF, 0x4A, 0xFF, 0xFF, 0x6D, 0xFF, 0xFF, 0x79, 0xFF, 0xFF, 0x76, 0xFF, 0xFF, 0x64,
  0xFF, 0xFF, 0x45, 0xFF, 0xFF, 0x17, 0xFF, 0xFF, 0x01, 0x00, 0x00, 0x00, 0x00, 0x00, 0x00, 0x00,
  0x00, 0x00, 0x00, 0x00, 0x00, 0x00, 0x00, 0x00, 0x00, 0x00, 0x00, 0x00, 0x00, 0x00, 0xFF, 0xFF,
  0x03, 0x00, 0x00, 0x00, 0x00, 0x00, 0x00, 0x00, 0x00, 0x00, 0xFF, 0xFF, 0x0A, 0xFF, 0xFF, 0x32,
  0xFF, 0xFF, 0x4B, 0xFF, 0xFF, 0x59, 0xFF, 0xFF, 0x65, 0xFF, 0xFF, 0x5A, 0xFF, 0xFF, 0x49, 0xFF,
  0xFF, 0x34, 0xFF, 0xFF, 0x08, 0x00, 0x00, 0x00, 0x00, 0x00, 0x00, 0x00, 0x00, 0x00, 0xFF, 0xFF,
  0x02, 0x00, 0x00, 0x00, 0x00, 0x00, 0x00, 0x00, 0x00, 0x00, 0x00, 0x00, 0x00, 0x00, 0x00, 0x00,
  0x00, 0x00, 0x00, 0x00, 0x00, 0x00, 0x00, 0x00, 0x00, 0x00, 0x00, 0x00, 0x00, 0x00, 0x00, 0x00,
  0x00, 0x00, 0x00, 0x00, 0x00, 0x00, 0x00, 0x00, 0xFF, 0xFF, 0x02, 0x00, 0x00, 0x00, 0xFF, 0xFF,
  0x0F, 0xFF, 0xFF, 0x85, 0xFF, 0xFF, 0xDD, 0xFF, 0xFF, 0xFC, 0xFF, 0xFF, 0xFF, 0xFF, 0xFF, 0xFF,
  0xFF, 0xFF, 0xFF, 0xFF, 0xFF, 0xFF, 0xFF, 0xFF, 0xFB, 0xFF, 0xFF, 0xE9, 0xFF, 0xFF, 0x43, 0x00,
  0x00, 0x00, 0xFF, 0xFF, 0x03, 0x00, 0x00, 0x00, 0x00, 0x00, 0x00, 0xFF, 0xFF, 0x02, 0x00, 0x00,
  0x00, 0xFF, 0xFF, 0x16, 0xFF, 0xFF, 0x8B, 0xFF, 0xFF, 0xE3, 0xFF, 0xFF, 0xFC, 0xFF, 0xFF, 0xFF,
  0xFF, 0xFF, 0xFF, 0xFF, 0xFF, 0xFF, 0xFF, 0xFF, 0xFF, 0xFF, 0xFF, 0xFB, 0xFF, 0xFF, 0xE5, 0xFF,
  0xFF, 0x43, 0x00, 0x00, 0x00, 0x00, 0x00, 0x00, 0x00, 0x00, 0x00, 0x00, 0x00, 0x00, 0x00, 0x00,
  0x00, 0xFF, 0xFF, 0x01, 0xFF, 0xFF, 0x02, 0x00, 0x00, 0x00, 0xFF, 0xFF, 0x05, 0xFF, 0xFF, 0x48,
  0xFF, 0xFF, 0xA0, 0xFF, 0xFF, 0xDC, 0xFF, 0xFF, 0xF9, 0xFF, 0xFF, 0xFF, 0xFF, 0xFF, 0xFF, 0xFF,
  0xFF, 0xFF, 0xFF, 0xFF, 0xFF, 0xFF, 0xFF, 0xFF, 0xFF, 0xFF, 0xFA, 0xFF, 0xFF, 0xDB, 0xFF, 0xFF,
  0xA0, 0xFF, 0xFF, 0x48, 0x00, 0x00, 0x00, 0x00, 0x00, 0x00, 0xFF, 0xFF, 0x02, 0xFF, 0xFF, 0x01,
  0x00, 0x00, 0x00, 0x00, 0x00, 0x00, 0x00, 0x00, 0x00, 0x00, 0x00, 0x00, 0x00, 0x00, 0x00, 0x00,
  0x00, 0x00, 0x00, 0x00, 0x00, 0x00, 0x00, 0x00, 0x00, 0x00, 0x00, 0x00, 0x00, 0x00, 0xFF, 0xFF,
  0x02, 0x00, 0x00, 0x00, 0xFF, 0xFF, 0x20, 0xFF, 0xFF, 0xCE, 0xFF, 0xFF, 0xFF, 0xFF, 0xFF, 0xFF,
  0xFF, 0xFF, 0xFF, 0xFF, 0xFF, 0xFD, 0xFF, 0xFF, 0xFB, 0xFF, 0xFF, 0xFB, 0xFF, 0xFF, 0xFC, 0xFF,
  0xFF, 0xFF, 0xFF, 0xFF, 0xF9, 0xFF, 0xFF, 0x28, 0x00, 0x00, 0x00, 0xFF, 0xFF, 0x02, 0x00, 0x00,
  0x00, 0xFF, 0xFF, 0x02, 0x00, 0x00, 0x00, 0xFF, 0xFF, 0x28, 0xFF, 0xFF, 0xD7, 0xFF, 0xFF, 0xFF,
  0xFF, 0xFF, 0xFF, 0xFF, 0xFF, 0xFF, 0xFF, 0xFF, 0xFC, 0xFF, 0xFF, 0xFB, 0xFF, 0xFF, 0xFB, 0xFF,
  0xFF, 0xFC, 0xFF, 0xFF, 0xFF, 0xFF, 0xFF, 0xF1, 0xFF, 0xFF, 0x1D, 0x00, 0x00, 0x00, 0x00, 0x00,
  0x00, 0x00, 0x00, 0x00, 0x00, 0x00, 0x00, 0xFF, 0xFF, 0x01, 0x00, 0x00, 0x00, 0x00, 0x00, 0x00,
  0xFF, 0xFF, 0x49, 0xFF, 0xFF, 0xC9, 0xFF, 0xFF, 0xFF, 0xFF, 0xFF, 0xFF, 0xFF, 0xFF, 0xFF, 0xFF,
  0xFF, 0xFF, 0xFF, 0xFF, 0xFD, 0xFF, 0xFF, 0xFB, 0xFF, 0xFF, 0xFB, 0xFF, 0xFF, 0xFA, 0xFF, 0xFF,
  0xFD, 0xFF, 0xFF, 0xFF, 0xFF, 0xFF, 0xFF, 0xFF, 0xFF, 0xFF, 0xFF, 0xFF, 0xFF, 0xFF, 0xFF, 0xC4,
  0xFF, 0xFF, 0x4B, 0x00, 0x00, 0x00, 0x00, 0x00, 0x00, 0xFF, 0xFF, 0x02, 0x00, 0x00, 0x00, 0x00,
  0x00, 0x00, 0x00, 0x00, 0x00, 0x00, 0x00, 0x00, 0x00, 0x00, 0x00, 0x00, 0x00, 0x00, 0x00, 0x00,
  0x00, 0x00, 0x00, 0x00, 0xFF, 0xFF, 0x01, 0xFF, 0xFF, 0x02, 0xFF, 0xFF, 0x07, 0xFF, 0xFF, 0xC6,
  0xFF, 0xFF, 0xFF, 0xFF, 0xFF, 0xF9, 0xFF, 0xFF, 0xFD, 0xFF, 0xFF, 0xFE, 0xFF, 0xFF, 0xFF, 0xFF,
  0xFF, 0xFE, 0xFF, 0xFF, 0xFD, 0xFF, 0xFF, 0xFA, 0xFF, 0xFF, 0xFD, 0xFF, 0xFF, 0xD2, 0xFF, 0xFF,
  0x02, 0xFF, 0xFF, 0x01, 0x00, 0x00, 0x00, 0xFF, 0xFF, 0x01, 0xFF, 0xFF, 0x01, 0xFF, 0xFF, 0x10,
  0xFF, 0xFF, 0xD5, 0xFF, 0xFF, 0xFF, 0xFF, 0xFF, 0xFA, 0xFF, 0xFF, 0xFE, 0xFF, 0xFF, 0xFE, 0xFF,
  0xFF, 0xFF, 0xFF, 0xFF, 0xFE, 0xFF, 0xFF, 0xFD, 0xFF, 0xFF, 0xFA, 0xFF, 0xFF, 0xFD, 0xFF, 0xFF,
  0xC1, 0x00, 0x00, 0x00, 0x00, 0x00, 0x00, 0x00, 0x00, 0x00, 0x00, 0x00, 0x00, 0xFF, 0xFF, 0x02,
  0x00, 0x00, 0x00, 0xFF, 0xFF, 0x05, 0xFF, 0xFF, 0x8E, 0xFF, 0xFF, 0xFF, 0xFF, 0xFF, 0xFF, 0xFF,
  0xFF, 0xFC, 0xFF, 0xFF, 0xFC, 0xFF, 0xFF, 0xFD, 0xFF, 0xFF, 0xFE, 0xFF, 0xFF, 0xFF, 0xFF, 0xFF,
  0xFF, 0xFF, 0xFF, 0xFF, 0xFF, 0xFF, 0xFF, 0xFF, 0xFF, 0xFF, 0xFF, 0xFF, 0xFE, 0xFF, 0xFF, 0xFD,
  0xFF, 0xFF, 0xFC, 0xFF, 0xFF, 0xFC, 0xFF, 0xFF, 0xFF, 0xFF, 0xFF, 0xFC, 0xFF, 0xFF, 0x89, 0xFF,
  0xFF, 0x04, 0x00, 0x00, 0x00, 0xFF, 0xFF, 0x02, 0x00, 0x00, 0x00, 0x00, 0x00, 0x00, 0x00, 0x00,
  0x00, 0x00, 0x00, 0x00, 0x00, 0x00, 0x00, 0x00, 0x00, 0x00, 0x00, 0x00, 0x00, 0xFF, 0xFF, 0x03,
  0x00, 0x00, 0x00, 0xFF, 0xFF, 0x6E, 0xFF, 0xFF, 0xFF, 0xFF, 0xFF, 0xFB, 0xFF, 0xFF, 0xFF, 0xFF,
  0xFF, 0xFF, 0xFF, 0xFF, 0xFF, 0xFF, 0xFF, 0xFE, 0xFF, 0xFF, 0xFF, 0xFF, 0xFF, 0xFF, 0xFF, 0xFF,
  0xFF, 0xFF, 0xFF, 0xFF, 0xFF, 0xFF, 0x9B, 0x00, 0x00, 0x00, 0xFF, 0xFF, 0x02, 0x00, 0x00, 0x00,
  0xFF, 0xFF, 0x04, 0x00, 0x00, 0x00, 0xFF, 0xFF, 0x7D, 0xFF, 0xFF, 0xFF, 0xFF, 0xFF, 0xFA, 0xFF,
  0xFF, 0xFF, 0xFF, 0xFF, 0xFF, 0xFF, 0xFF, 0xFF, 0xFF, 0xFF, 0xFE, 0xFF, 0xFF, 0xFF, 0xFF, 0xFF,
  0xFF, 0xFF, 0xFF, 0xFF, 0xFF, 0xFF, 0xFF, 0xFF, 0xFF, 0x8A, 0xFF, 0xFF, 0x01, 0x00, 0x00, 0x00,
  0x00, 0x00, 0x00, 0xFF, 0xFF, 0x01, 0xFF, 0xFF, 0x01, 0xFF, 0xFF, 0x10, 0xFF, 0xFF, 0xB8, 0xFF,
  0xFF, 0xFF, 0xFF, 0xFF, 0xFD, 0xFF, 0xFF, 0xFC, 0xFF, 0xFF, 0xFF, 0xFF, 0xFF, 0xFF, 0xFF, 0xFF,
  0xFF, 0xFF, 0xFF, 0xFE, 0xFF, 0xFF, 0xFC, 0xFF, 0xFF, 0xFB, 0xFF, 0xFF, 0xFC, 0xFF, 0xFF, 0xFB,
  0xFF, 0xFF, 0xFC, 0xFF, 0xFF, 0xFE, 0xFF, 0xFF, 0xFF, 0xFF, 0xFF, 0xFF, 0xFF, 0xFF, 0xFF, 0xFF,
  0xFF, 0xFC, 0xFF, 0xFF, 0xFD, 0xFF, 0xFF, 0xFF, 0xFF, 0xFF, 0xBB, 0xFF, 0xFF, 0x12, 0xFF, 0xFF,
  0x01, 0xFF, 0xFF, 0x01, 0x00, 0x00, 0x00, 0x00, 0x00, 0x00, 0x00, 0x00, 0x00, 0x00, 0x00, 0x00,
  0x00, 0x00, 0x00, 0xFF, 0xFF, 0x01, 0xFF, 0xFF, 0x01, 0xFF, 0xFF, 0x04, 0xFF, 0xFF, 0xC7, 0xFF,
  0xFF, 0xFD, 0xFF, 0xFF, 0xFC, 0xFF, 0xFF, 0xFF, 0xFF, 0xFF, 0xFF, 0xFF, 0xFF, 0xFF, 0xFF, 0xFF,
  0xFF, 0xFF, 0xFF, 0xFC, 0xFF, 0xFF, 0xD3, 0xFF, 0xFF, 0xC7, 0xFF, 0xFF, 0xF3, 0xFF, 0xFF, 0x5D,
  0x00, 0x00, 0x00, 0xFF, 0xFF, 0x03, 0xFF, 0xFF, 0x01, 0xFF, 0xFF, 0x01, 0xFF, 0xFF, 0x09, 0xFF,
  0xFF, 0xD1, 0xFF, 0xFF, 0xFE, 0xFF, 0xFF, 0xFC, 0xFF, 0xFF, 0xFF, 0xFF, 0xFF, 0xFF, 0xFF, 0xFF,
  0xFF, 0xFF, 0xFF, 0xFF, 0xFF, 0xFF, 0xFD, 0xFF, 0xFF, 0xD4, 0xFF, 0xFF, 0xC7, 0xFF, 0xFF, 0xF3,
  0xFF, 0xFF, 0x51, 0x00, 0x00, 0x00, 0x00, 0x00, 0x00, 0xFF, 0xFF, 0x01, 0xFF, 0xFF, 0x03, 0xFF,
  0xFF, 0x04, 0xFF, 0xFF, 0xB2, 0xFF, 0xFF, 0xFF, 0xFF, 0xFF, 0xFB, 0xFF, 0xFF, 0xFF, 0xFF, 0xFF,
  0xFF, 0xFF, 0xFF, 0xFF, 0xFF, 0xFF, 0xFE, 0xFF, 0xFF, 0xFC, 0xFF, 0xFF, 0xFF, 0xFF, 0xFF, 0xFF,
  0xFF, 0xFF, 0xFF, 0xFF, 0xFF, 0xFF, 0xFF, 0xFF, 0xFF, 0xFF, 0xFF, 0xFF, 0xFF, 0xFF, 0xFF, 0xFF,
  0xFF, 0xFC, 0xFF, 0xFF, 0xFE, 0xFF, 0xFF, 0xFF, 0xFF, 0xFF, 0xFF, 0xFF, 0xFF, 0xFF, 0xFF, 0xFF,
  0xFA, 0xFF, 0xFF, 0xFF, 0xFF, 0xFF, 0xAF, 0xFF, 0xFF, 0x03, 0xFF, 0xFF, 0x03, 0xFF, 0xFF, 0x01,
  0x00, 0x00, 0x00, 0x00, 0x00, 0x00, 0x00, 0x00, 0x00, 0x00, 0x00, 0x00, 0xFF, 0xFF, 0x02, 0x00,
  0x00, 0x00, 0xFF, 0xFF, 0x1C, 0xFF, 0xFF, 0xEB, 0xFF, 0xFF, 0xFF, 0xFF, 0xFF, 0xFE, 0xFF, 0xFF,
  0xFF, 0xFF, 0xFF, 0xFE, 0xFF, 0xFF, 0xFF, 0xFF, 0xFF, 0xEF, 0xFF, 0xFF, 0x37, 0xFF, 0xFF, 0x06,
  0xFF, 0xFF, 0x03, 0xFF, 0xFF, 0x14, 0xFF, 0xFF, 0x08, 0x00, 0x00, 0x00, 0x00, 0x00, 0x00, 0xFF,
  0xFF, 0x02, 0x00, 0x00, 0x00, 0xFF, 0xFF, 0x24, 0xFF, 0xFF, 0xF7, 0xFF, 0xFF, 0xFF, 0xFF, 0xFF,
  0xFF, 0xFF, 0xFF, 0xFF, 0xFF, 0xFF, 0xFD, 0xFF, 0xFF, 0xFF, 0xFF, 0xFF, 0xE3, 0xFF, 0xFF, 0x39,
  0xFF, 0xFF, 0x06, 0xFF, 0xFF, 0x03, 0xFF, 0xFF, 0x15, 0xFF, 0xFF, 0x0C, 0x00, 0x00, 0x00, 0x00,
  0x00, 0x00, 0xFF, 0xFF, 0x03, 0x00, 0x00, 0x00, 0xFF, 0xFF, 0x7E, 0xFF, 0xFF, 0xFF, 0xFF, 0xFF,
  0xFB, 0xFF, 0xFF, 0xFF, 0xFF, 0xFF, 0xFF, 0xFF, 0xFF, 0xFF, 0xFF, 0xFF, 0xFE, 0xFF, 0xFF, 0xFE,
  0xFF, 0xFF, 0xFF, 0xFF, 0xFF, 0xF7, 0xFF, 0xFF, 0xBE, 0xFF, 0xFF, 0x9D, 0xFF, 0xFF, 0x95, 0xFF,
  0xFF, 0xA1, 0xFF, 0xFF, 0xBF, 0xFF, 0xFF, 0xF6, 0xFF, 0xFF, 0xFF, 0xFF, 0xFF, 0xFE, 0xFF, 0xFF,
  0xFE, 0xFF, 0xFF, 0xFF, 0xFF, 0xFF, 0xFF, 0xFF, 0xFF, 0xFF, 0xFF, 0xFF, 0xFA, 0xFF, 0xFF, 0xFF,
  0xFF, 0xFF, 0x7C, 0x00, 0x00, 0x00, 0xFF, 0xFF, 0x03, 0x00, 0x00, 0x00, 0x00, 0x00, 0x00, 0x00,
  0x00, 0x00, 0xFF, 0xFF, 0x01, 0xFF, 0xFF, 0x04, 0xFF, 0xFF, 0x02, 0xFF, 0xFF, 0x2C, 0xFF, 0xFF,
  0xFD, 0xFF, 0xFF, 0xFF, 0xFF, 0xFF, 0xFE, 0xFF, 0xFF, 0xFF, 0xFF, 0xFF, 0xFC, 0xFF, 0xFF, 0xFF,
  0xFF, 0xFF, 0x91, 0x00, 0x00, 0x00, 0xFF, 0xFF, 0x02, 0x00, 0x00, 0x00, 0x00, 0x00, 0x00, 0x00,
  0x00, 0x00, 0x00, 0x00, 0x00, 0xFF, 0xFF, 0x01, 0xFF, 0xFF, 0x05, 0xFF, 0xFF, 0x02, 0xFF, 0xFF,
  0x33, 0xFF, 0xFF, 0xFF, 0xFF, 0xFF, 0xFD, 0xFF, 0xFF, 0xFF, 0xFF, 0xFF, 0xFF, 0xFF, 0xFF, 0xFB,
  0xFF, 0xFF, 0xFF, 0xFF, 0xFF, 0x82, 0x00, 0x00, 0x00, 0xFF, 0xFF, 0x03, 0x00, 0x00, 0x00, 0x00,
  0x00, 0x00, 0x00, 0x00, 0x00, 0x00, 0x00, 0x00, 0xFF, 0xFF, 0x03, 0x00, 0x00, 0x00, 0xFF, 0xFF,
  0x34, 0xFF, 0xFF, 0xFB, 0xFF, 0xFF, 0xFD, 0xFF, 0xFF, 0xFE, 0xFF, 0xFF, 0xFF, 0xFF, 0xFF, 0xFF,
  0xFF, 0xFF, 0xFE, 0xFF, 0xFF, 0xFF, 0xFF, 0xFF, 0xFD, 0xFF, 0xFF, 0x96, 0xFF, 0xFF, 0x26, 0x00,
  0x00, 0x00, 0x00, 0x00, 0x00, 0x00, 0x00, 0x00, 0x00, 0x00, 0x00, 0x00, 0x00, 0x00, 0xFF, 0xFF,
  0x26, 0xFF, 0xFF, 0x8D, 0xFF, 0xFF, 0xFE, 0xFF, 0xFF, 0xFF, 0xFF, 0xFF, 0xFE, 0xFF, 0xFF, 0xFF,
  0xFF, 0xFF, 0xFF, 0xFF, 0xFF, 0xFE, 0xFF, 0xFF, 0xFD, 0xFF, 0xFF, 0xF8, 0xFF, 0xFF, 0x2F, 0x00,
  0x00, 0x00, 0xFF, 0xFF, 0x03, 0x00, 0x00, 0x00, 0x00, 0x00, 0x00, 0x00, 0x00, 0x00, 0x00, 0x00,
  0x00, 0x00, 0x00, 0x00, 0xFF, 0xFF, 0x26, 0xFF, 0xFF, 0xFE, 0xFF, 0xFF, 0xFF, 0xFF, 0xFF, 0xFE,
  0xFF, 0xFF, 0xFF, 0xFF, 0xFF, 0xFB, 0xFF, 0xFF, 0xFF, 0xFF, 0xFF, 0x6D, 0x00, 0x00, 0x00, 0x00,
  0x00, 0x00, 0x00, 0x00, 0x00, 0x00, 0x00, 0x00, 0x00, 0x00, 0x00, 0x00, 0x00, 0x00, 0x00, 0x00,
  0x00, 0x00, 0x00, 0x00, 0x00, 0x00, 0x00, 0xFF, 0xFF, 0x3B, 0xFF, 0xFF, 0xFF, 0xFF, 0xFF, 0xFD,
  0xFF, 0xFF, 0xFF, 0xFF, 0xFF, 0xFF, 0xFF, 0xFF, 0xFA, 0xFF, 0xFF, 0xFF, 0xFF, 0xFF, 0x64, 0x00,
  0x00, 0x00, 0x00, 0x00, 0x00, 0x00, 0x00, 0x00, 0x00, 0x00, 0x00, 0x00, 0x00, 0x00, 0x00, 0x00,
  0x00, 0xFF, 0xFF, 0x03, 0xFF, 0xFF, 0x01, 0xFF, 0xFF, 0xB2, 0xFF, 0xFF, 0xFF, 0xFF, 0xFF, 0xFC,
  0xFF, 0xFF, 0xFF, 0xFF, 0xFF, 0xFF, 0xFF, 0xFF, 0xFE, 0xFF, 0xFF, 0xFE, 0xFF, 0xFF, 0xF8, 0xFF,
  0xFF, 0x55, 0x00, 0x00, 0x00, 0x00, 0x00, 0x00, 0xFF, 0xFF, 0x01, 0xFF, 0xFF, 0x04, 0xFF, 0xFF,
  0x04, 0xFF, 0xFF, 0x04, 0xFF, 0xFF, 0x01, 0x00, 0x00, 0x00, 0x00, 0x00, 0x00, 0xFF, 0xFF, 0x51,
  0xFF, 0xFF, 0xF4, 0xFF, 0xFF, 0xFE, 0xFF, 0xFF, 0xFE, 0xFF, 0xFF, 0xFF, 0xFF, 0xFF, 0xFF, 0xFF,
  0xFF, 0xFB, 0xFF, 0xFF, 0xFF, 0xFF, 0xFF, 0xA7, 0x00, 0x00, 0x00, 0xFF, 0xFF, 0x02, 0x00, 0x00,
  0x00, 0x00, 0x00, 0x00, 0xFF, 0xFF, 0x0E, 0xFF, 0xFF, 0x20, 0xFF, 0xFF, 0x19, 0xFF, 0xFF, 0x41,
  0xFF, 0xFF, 0xFE, 0xFF, 0xFF, 0xFF, 0xFF, 0xFF, 0xFE, 0xFF, 0xFF, 0xFF, 0xFF, 0xFF, 0xFB, 0xFF,
  0xFF, 0xFF, 0xFF, 0xFF, 0x80, 0xFF, 0xFF, 0x19, 0xFF, 0xFF, 0x1E, 0xFF, 0xFF, 0x1A, 0xFF, 0xFF,
  0x1D, 0xFF, 0xFF, 0x08, 0x00, 0x00, 0x00, 0xFF, 0xFF, 0x10, 0xFF, 0xFF, 0x20, 0xFF, 0xFF, 0x19,
  0xFF, 0xFF, 0x56, 0xFF, 0xFF, 0xFF, 0xFF, 0xFF, 0xFD, 0xFF, 0xFF, 0xFF, 0xFF, 0xFF, 0xFF, 0xFF,
  0xFF, 0xFB, 0xFF, 0xFF, 0xFF, 0xFF, 0xFF, 0x78, 0xFF, 0xFF, 0x19, 0xFF, 0xFF, 0x1E, 0xFF, 0xFF,
  0x1A, 0xFF, 0xFF, 0x1B, 0xFF, 0xFF, 0x06, 0x00, 0x00, 0x00, 0x00, 0x00, 0x00, 0xFF, 0xFF, 0x32,
  0xFF, 0xFF, 0xFA, 0xFF, 0xFF, 0xFE, 0xFF, 0xFF, 0xFE, 0xFF, 0xFF, 0xFF, 0xFF, 0xFF, 0xFF, 0xFF,
  0xFF, 0xFD, 0xFF, 0xFF, 0xFF, 0xFF, 0xFF, 0x70, 0x00, 0x00, 0x00, 0xFF, 0xFF, 0x05, 0xFF, 0xFF,
  0x02, 0xFF, 0xFF, 0x01, 0x00, 0x00, 0x00, 0x00, 0x00, 0x00, 0x00, 0x00, 0x00, 0xFF, 0xFF, 0x01,
  0xFF, 0xFF, 0x02, 0xFF, 0xFF, 0x05, 0x00, 0x00, 0x00, 0xFF, 0xFF, 0x65, 0xFF, 0xFF, 0xFF, 0xFF,
  0xFF, 0xFD, 0xFF, 0xFF, 0xFF, 0xFF, 0xFF, 0xFF, 0xFF, 0xFF, 0xFF, 0xFF, 0xFF, 0xFE, 0xFF, 0xFF,
  0xF9, 0xFF, 0xFF, 0x30, 0x00, 0x00, 0x00, 0xFF, 0xFF, 0x05, 0x00, 0x00, 0x00, 0xFF, 0xFF, 0x82,
  0xFF, 0xFF, 0xF2, 0xFF, 0xFF, 0xE7, 0xFF, 0xFF, 0xF0, 0xFF, 0xFF, 0xFF, 0xFF, 0xFF, 0xFF, 0xFF,
  0xFF, 0xFF, 0xFF, 0xFF, 0xFF, 0xFF, 0xFF, 0xFF, 0xFF, 0xFF, 0xFF, 0xFF, 0xFF, 0xF2, 0xFF, 0xFF,
  0xEA, 0xFF, 0xFF, 0xEC, 0xFF, 0xFF, 0xEA, 0xFF, 0xFF, 0xF0, 0xFF, 0xFF, 0x44, 0x00, 0x00, 0x00,
  0xFF, 0xFF, 0x90, 0xFF, 0xFF, 0xF1, 0xFF, 0xFF, 0xE7, 0xFF, 0xFF, 0xF2, 0xFF, 0xFF, 0xFF, 0xFF,
  0xFF, 0xFF, 0xFF, 0xFF, 0xFF, 0xFF, 0xFF, 0xFF, 0xFF, 0xFF, 0xFF, 0xFF, 0xFF, 0xFF, 0xFF, 0xFF,
  0xF4, 0xFF, 0xFF, 0xEA, 0xFF, 0xFF, 0xEB, 0xFF, 0xFF, 0xEC, 0xFF, 0xFF, 0xEC, 0xFF, 0xFF, 0x3A,
  0x00, 0x00, 0x00, 0x00, 0x00, 0x00, 0xFF, 0xFF, 0x7B, 0xFF, 0xFF, 0xFF, 0xFF, 0xFF, 0xFC, 0xFF,
  0xFF, 0xFF, 0xFF, 0xFF, 0xFF, 0xFF, 0xFF, 0xFC, 0xFF, 0xFF, 0xFF, 0xFF, 0xFF, 0xC3, 0xFF, 0xFF,
  0x03, 0xFF, 0xFF, 0x04, 0xFF, 0xFF, 0x01, 0x00, 0x00, 0x00, 0x00, 0x00, 0x00, 0x00, 0x00, 0x00,
  0x00, 0x00, 0x00, 0x00, 0x00, 0x00, 0x00, 0x00, 0x00, 0x00, 0x00, 0x00, 0xFF, 0xFF, 0x01, 0xFF,
  0xFF, 0x04, 0x00, 0x00, 0x00, 0xFF, 0xFF, 0xB9, 0xFF, 0xFF, 0xFF, 0xFF, 0xFF, 0xFC, 0xFF, 0xFF,
  0xFF, 0xFF, 0xFF, 0xFF, 0xFF, 0xFF, 0xFC, 0xFF, 0xFF, 0xFF, 0xFF, 0xFF, 0x8A, 0x00, 0x00, 0x00,
  0xFF, 0xFF, 0x08, 0x00, 0x00, 0x00, 0xFF, 0xFF, 0x91, 0xFF, 0xFF, 0xFF, 0xFF, 0xFF, 0xFF, 0xFF,
  0xFF, 0xFF, 0xFF, 0xFF, 0xFF, 0xFF, 0xFF, 0xFF, 0xFF, 0xFF, 0xFF, 0xFF, 0xFF, 0xFF, 0xFF, 0xFF,
  0xFF, 0xFF, 0xFF, 0xFF, 0xFF, 0xFF, 0xFF, 0xFF, 0xFF, 0xFF, 0xFF, 0xFF, 0xFF, 0xFF, 0xFF, 0xFF,
  0xFF, 0xFF, 0xFF, 0xFF, 0xFF, 0x4A, 0x00, 0x00, 0x00, 0xFF, 0xFF, 0x9E, 0xFF, 0xFF, 0xFF, 0xFF,
  0xFF, 0xFF, 0xFF, 0xFF, 0xFF, 0xFF, 0xFF, 0xFF, 0xFF, 0xFF, 0xFF, 0xFF, 0xFF, 0xFF, 0xFF, 0xFF,
  0xFF, 0xFF, 0xFF, 0xFF, 0xFF, 0xFF, 0xFF, 0xFF, 0xFF, 0xFF, 0xFF, 0xFF, 0xFF, 0xFF, 0xFF, 0xFF,
  0xFF, 0xFF, 0xFF, 0xFF, 0xFF, 0xFF, 0xFF, 0xFF, 0x40, 0x00, 0x00, 0x00, 0x00, 0x00, 0x00, 0xFF,
  0xFF, 0xC8, 0xFF, 0xFF, 0xFF, 0xFF, 0xFF, 0xFD, 0xFF, 0xFF, 0xFF, 0xFF, 0xFF, 0xFF, 0xFF, 0xFF,
  0xFD, 0xFF, 0xFF, 0xFF, 0xFF, 0xFF, 0x4E, 0x00, 0x00, 0x00, 0xFF, 0xFF, 0x03, 0x00, 0x00, 0x00,
  0x00, 0x00, 0x00, 0x00, 0x00, 0x00, 0x00, 0x00, 0x00, 0x00, 0x00, 0x00, 0x00, 0x00, 0x00, 0x00,
  0x00, 0x00, 0x00, 0x00, 0x00, 0x00, 0x00, 0x00, 0xFF, 0xFF, 0x03, 0x00, 0x00, 0x00, 0xFF, 0xFF,
  0x4E, 0xFF, 0xFF, 0xFF, 0xFF, 0xFF, 0xFE, 0xFF, 0xFF, 0xFF, 0xFF, 0xFF, 0xFF, 0xFF, 0xFF, 0xFC,
  0xFF, 0xFF, 0xFE, 0xFF, 0xFF, 0xC9, 0xFF, 0xFF, 0x04, 0xFF, 0xFF, 0x03, 0x00, 0x00, 0x00, 0xFF,
  0xFF, 0x8D, 0xFF, 0xFF, 0xFC, 0xFF, 0xFF, 0xF8, 0xFF, 0xFF, 0xFD, 0xFF, 0xFF, 0xFF, 0xFF, 0xFF,
  0xFF, 0xFF, 0xFF, 0xFF, 0xFF, 0xFF, 0xFF, 0xFF, 0xFF, 0xFF, 0xFF, 0xFF, 0xFF, 0xFF, 0xFF, 0xFD,
  0xFF, 0xFF, 0xFC, 0xFF, 0xFF, 0xFC, 0xFF, 0xFF, 0xFA, 0xFF, 0xFF, 0xFC, 0xFF, 0xFF, 0x48, 0x00,
  0x00, 0x00, 0xFF, 0xFF, 0x9A, 0xFF, 0xFF, 0xFC, 0xFF, 0xFF, 0xF8, 0xFF, 0xFF, 0xFD, 0xFF, 0xFF,
  0xFF, 0xFF, 0xFF, 0xFF, 0xFF, 0xFF, 0xFF, 0xFF, 0xFF, 0xFF, 0xFF, 0xFF, 0xFF, 0xFF, 0xFF, 0xFF,
  0xFF, 0xFF, 0xFD, 0xFF, 0xFF, 0xFC, 0xFF, 0xFF, 0xFB, 0xFF, 0xFF, 0xFC, 0xFF, 0xFF, 0xFC, 0xFF,
  0xFF, 0x3E, 0x00, 0x00, 0x00, 0xFF, 0xFF, 0x20, 0xFF, 0xFF, 0xEE, 0xFF, 0xFF, 0xFF, 0xFF, 0xFF,
  0xFE, 0xFF, 0xFF, 0xFF, 0xFF, 0xFF, 0xFD, 0xFF, 0xFF, 0xFF, 0xFF, 0xFF, 0xE2, 0xFF, 0xFF, 0x11,
  0x00, 0x00, 0x00, 0xFF, 0xFF, 0x02, 0x00, 0x00, 0x00, 0x00, 0x00, 0x00, 0x00, 0x00, 0x00, 0x00,
  0x00, 0x00, 0x00, 0x00, 0x00, 0x00, 0x00, 0x00, 0x00, 0x00, 0x00, 0x00, 0x00, 0x00, 0x00, 0x00,
  0x00, 0xFF, 0xFF, 0x01, 0x00, 0x00, 0x00, 0xFF, 0xFF, 0x0B, 0xFF, 0xFF, 0xE6, 0xFF, 0xFF, 0xFF,
  0xFF, 0xFF, 0xFE, 0xFF, 0xFF, 0xFF, 0xFF, 0xFF, 0xFE, 0xFF, 0xFF, 0xFF, 0xFF, 0xFF, 0xF0, 0xFF,
  0xFF, 0x20, 0x00, 0x00, 0x00, 0x00, 0x00, 0x00, 0xFF, 0xFF, 0x93, 0xFF, 0xFF, 0xFF, 0xFF, 0xFF,
  0xFF, 0xFF, 0xFF, 0xFF, 0xFF, 0xFF, 0xFF, 0xFF, 0xFF, 0xFF, 0xFF, 0xFF, 0xFF, 0xFF, 0xFF, 0xFF,
  0xFF, 0xFF, 0xFF, 0xFF, 0xFF, 0xFF, 0xFF, 0xFF, 0xFF, 0xFF, 0xFF, 0xFF, 0xFF, 0xFF, 0xFF, 0xFF,
  0xFF, 0xFF, 0xFF, 0xFF, 0xFF, 0xFF, 0xFF, 0x4B, 0x00, 0x00, 0x00, 0xFF, 0xFF, 0xA0, 0xFF, 0xFF,
  0xFF, 0xFF, 0xFF, 0xFF, 0xFF, 0xFF, 0xFF, 0xFF, 0xFF, 0xFF, 0xFF, 0xFF, 0xFF, 0xFF, 0xFF, 0xFF,
  0xFF, 0xFF, 0xFF, 0xFF, 0xFF, 0xFF, 0xFF, 0xFF, 0xFF, 0xFF, 0xFF, 0xFF, 0xFF, 0xFF, 0xFF, 0xFF,
  0xFF, 0xFF, 0xFF, 0xFF, 0xFF, 0xFF, 0xFF, 0xFF, 0xFF, 0xFF, 0x40, 0x00, 0x00, 0x00, 0xFF, 0xFF,
  0x45, 0xFF, 0xFF, 0xFA, 0xFF, 0xFF, 0xFF, 0xFF, 0xFF, 0xFE, 0xFF, 0xFF, 0xFF, 0xFF, 0xFF, 0xFC,
  0xFF, 0xFF, 0xFF, 0xFF, 0xFF, 0xB1, 0x00, 0x00, 0x00, 0xFF, 0xFF, 0x03, 0x00, 0x00, 0x00, 0x00,
  0x00, 0x00, 0x00, 0x00, 0x00, 0x00, 0x00, 0x00, 0x00, 0x00, 0x00, 0x00, 0x00, 0x00, 0x00, 0x00,
  0x00, 0x00, 0x00, 0x00, 0x00, 0x00, 0x00, 0x00, 0x00, 0x00, 0x00, 0x00, 0x00, 0xFF, 0xFF, 0x01,
  0x00, 0x00, 0x00, 0xFF, 0xFF, 0xAD, 0xFF, 0xFF, 0xFF, 0xFF, 0xFF, 0xFC, 0xFF, 0xFF, 0xFF, 0xFF,
  0xFF, 0xFF, 0xFF, 0xFF, 0xFD, 0xFF, 0xFF, 0xFF, 0xFF, 0xFF, 0x3E, 0x00, 0x00, 0x00, 0x00, 0x00,
  0x00, 0xFF, 0xFF, 0x7F, 0xFF, 0xFF, 0xE3, 0xFF, 0xFF, 0xDB, 0xFF, 0xFF, 0xE6, 0xFF, 0xFF, 0xFF,
  0xFF, 0xFF, 0xFF, 0xFF, 0xFF, 0xFF, 0xFF, 0xFF, 0xFF, 0xFF, 0xFF, 0xFE, 0xFF, 0xFF, 0xFF, 0xFF,
  0xFF, 0xED, 0xFF, 0xFF, 0xDE, 0xFF, 0xFF, 0xE1, 0xFF, 0xFF, 0xDF, 0xFF, 0xFF, 0xE1, 0xFF, 0xFF,
  0x40, 0x00, 0x00, 0x00, 0xFF, 0xFF, 0x88, 0xFF, 0xFF, 0xE3, 0xFF, 0xFF, 0xDB, 0xFF, 0xFF, 0xE8,
  0xFF, 0xFF, 0xFF, 0xFF, 0xFF, 0xFF, 0xFF, 0xFF, 0xFF, 0xFF, 0xFF, 0xFF, 0xFF, 0xFF, 0xFE, 0xFF,
  0xFF, 0xFF, 0xFF, 0xFF, 0xED, 0xFF, 0xFF, 0xDD, 0xFF, 0xFF, 0xE1, 0xFF, 0xFF, 0xE1, 0xFF, 0xFF,
  0xE2, 0xFF, 0xFF, 0x39, 0x00, 0x00, 0x00, 0xFF, 0xFF, 0x5A, 0xFF, 0xFF, 0xFF, 0xFF, 0xFF, 0xFE,
  0xFF, 0xFF, 0xFF, 0xFF, 0xFF, 0xFF, 0xFF, 0xFF, 0xFC, 0xFF, 0xFF, 0xFF, 0xFF, 0xFF, 0x8E, 0xFF,
  0xFF, 0x01, 0xFF, 0xFF, 0x04, 0x00, 0x00, 0x00, 0x00, 0x00, 0x00, 0x00, 0x00, 0x00, 0x00, 0x00,
  0x00, 0x00, 0x00, 0x00, 0x00, 0x00, 0x00, 0x00, 0x00, 0x00, 0x00, 0x00, 0x00, 0x00, 0x00, 0x00,
  0x00, 0x00, 0x00, 0x00, 0x00, 0x00, 0xFF, 0xFF, 0x03, 0xFF, 0xFF, 0x01, 0xFF, 0xFF, 0x7F, 0xFF,
  0xFF, 0xFF, 0xFF, 0xFF, 0xFB, 0xFF, 0xFF, 0xFF, 0xFF, 0xFF, 0xFF, 0xFF, 0xFF, 0xFC, 0xFF, 0xFF,
  0xFF, 0xFF, 0xFF, 0x5D, 0x00, 0x00, 0x00, 0xFF, 0xFF, 0x02, 0xFF, 0xFF, 0x0D, 0xFF, 0xFF, 0x19,
  0xFF, 0xFF, 0x12, 0xFF, 0xFF, 0x3D, 0xFF, 0xFF, 0xFE, 0xFF, 0xFF, 0xFF, 0xFF, 0xFF, 0xFE, 0xFF,
  0xFF, 0xFF, 0xFF, 0xFF, 0xFB, 0xFF, 0xFF, 0xFF, 0xFF, 0xFF, 0x7C, 0xFF, 0xFF, 0x11, 0xFF, 0xFF,
  0x18, 0xFF, 0xFF, 0x15, 0xFF, 0xFF, 0x16, 0xFF, 0xFF, 0x05, 0x00, 0x00, 0x00, 0xFF, 0xFF, 0x0B,
  0xFF, 0xFF, 0x1A, 0xFF, 0xFF, 0x12, 0xFF, 0xFF, 0x50, 0xFF, 0xFF, 0xFF, 0xFF, 0xFF, 0xFD, 0xFF,
  0xFF, 0xFF, 0xFF, 0xFF, 0xFF, 0xFF, 0xFF, 0xFA, 0xFF, 0xFF, 0xFF, 0xFF, 0xFF, 0x74, 0xFF, 0xFF,
  0x11, 0xFF, 0xFF, 0x19, 0xFF, 0xFF, 0x15, 0xFF, 0xFF, 0x16, 0xFF, 0xFF, 0x06, 0x00, 0x00, 0x00,
  0xFF, 0xFF, 0x6F, 0xFF, 0xFF, 0xFF, 0xFF, 0xFF, 0xFC, 0xFF, 0xFF, 0xFF, 0xFF, 0xFF, 0xFF, 0xFF,
  0xFF, 0xFD, 0xFF, 0xFF, 0xFF, 0xFF, 0xFF, 0x72, 0x00, 0x00, 0x00, 0xFF, 0xFF, 0x03, 0x00, 0x00,
  0x00, 0x00, 0x00, 0x00, 0x00, 0x00, 0x00, 0x00, 0x00, 0x00, 0x00, 0x00, 0x00, 0x00, 0x00, 0x00,
  0x00, 0x00, 0x00, 0x00, 0x00, 0x00, 0x00, 0x00, 0x00, 0x00, 0x00, 0x00, 0x00, 0x00, 0x00, 0xFF,
  0xFF, 0x04, 0x00, 0x00, 0x00, 0xFF, 0xFF, 0x6B, 0xFF, 0xFF, 0xFF, 0xFF, 0xFF, 0xFA, 0xFF, 0xFF,
  0xFF, 0xFF, 0xFF, 0xFF, 0xFF, 0xFF, 0xFC, 0xFF, 0xFF, 0xFF, 0xFF, 0xFF, 0x70, 0x00, 0x00, 0x00,
  0xFF, 0xFF, 0x03, 0x00, 0x00, 0x00, 0x00, 0x00, 0x00, 0x00, 0x00, 0x00, 0xFF, 0xFF, 0x27, 0xFF,
  0xFF, 0xFE, 0xFF, 0xFF, 0xFF, 0xFF, 0xFF, 0xFE, 0xFF, 0xFF, 0xFF, 0xFF, 0xFF, 0xFB, 0xFF, 0xFF,
  0xFF, 0xFF, 0xFF, 0x70, 0x00, 0x00, 0x00, 0x00, 0x00, 0x00, 0x00, 0x00, 0x00, 0x00, 0x00, 0x00,
  0x00, 0x00, 0x00, 0x00, 0x00, 0x00, 0x00, 0x00, 0x00, 0x00, 0x00, 0x00, 0x00, 0x00, 0x00, 0xFF,
  0xFF, 0x3E, 0xFF, 0xFF, 0xFF, 0xFF, 0xFF, 0xFD, 0xFF, 0xFF, 0xFF, 0xFF, 0xFF, 0xFF, 0xFF, 0xFF,
  0xFA, 0xFF, 0xFF, 0xFF, 0xFF, 0xFF, 0x65, 0x00, 0x00, 0x00, 0x00, 0x00, 0x00, 0x00, 0x00, 0x00,
  0x00, 0x00, 0x00, 0x00, 0x00, 0x00, 0x00, 0x00, 0x00, 0xFF, 0xFF, 0x78, 0xFF, 0xFF, 0xFF, 0xFF,
  0xFF, 0xFB, 0xFF, 0xFF, 0xFF, 0xFF, 0xFF, 0xFF, 0xFF, 0xFF, 0xFD, 0xFF, 0xFF, 0xFF, 0xFF, 0xFF,
  0x6B, 0x00, 0x00, 0x00, 0xFF, 0xFF, 0x03, 0x00, 0x00, 0x00, 0x00, 0x00, 0x00, 0x00, 0x00, 0x00,
  0x00, 0x00, 0x00, 0x00, 0x00, 0x00, 0x00, 0x00, 0x00, 0x00, 0x00, 0x00, 0x00, 0x00, 0x00, 0x00,
  0x00, 0x00, 0x00, 0x00, 0x00, 0x00, 0x00, 0x00, 0xFF, 0xFF, 0x04, 0x00, 0x00, 0x00, 0xFF, 0xFF,
  0x61, 0xFF, 0xFF, 0xFF, 0xFF, 0xFF, 0xFA, 0xFF, 0xFF, 0xFF, 0xFF, 0xFF, 0xFF, 0xFF, 0xFF, 0xFC,
  0xFF, 0xFF, 0xFF, 0xFF, 0xFF, 0x7B, 0x00, 0x00, 0x00, 0xFF, 0xFF, 0x03, 0xFF, 0xFF, 0x01, 0xFF,
  0xFF, 0x03, 0xFF, 0xFF, 0x01, 0xFF, 0xFF, 0x2C, 0xFF, 0xFF, 0xFE, 0xFF, 0xFF, 0xFF, 0xFF, 0xFF,
  0xFE, 0xFF, 0xFF, 0xFF, 0xFF, 0xFF, 0xFB, 0xFF, 0xFF, 0xFF, 0xFF, 0xFF, 0x73, 0xFF, 0xFF, 0x01,
  0xFF, 0xFF, 0x05, 0xFF, 0xFF, 0x01, 0xFF, 0xFF, 0x01, 0x00, 0x00, 0x00, 0x00, 0x00, 0x00, 0xFF,
  0xFF, 0x01, 0xFF, 0xFF, 0x04, 0xFF, 0xFF, 0x01, 0xFF, 0xFF, 0x42, 0xFF, 0xFF, 0xFF, 0xFF, 0xFF,
  0xFD, 0xFF, 0xFF, 0xFF, 0xFF, 0xFF, 0xFF, 0xFF, 0xFF, 0xFA, 0xFF, 0xFF, 0xFF, 0xFF, 0xFF, 0x69,
  0xFF, 0xFF, 0x01, 0xFF, 0xFF, 0x05, 0xFF, 0xFF, 0x01, 0xFF, 0xFF, 0x01, 0x00, 0x00, 0x00, 0x00,
  0x00, 0x00, 0xFF, 0xFF, 0x78, 0xFF, 0xFF, 0xFF, 0xFF, 0xFF, 0xFB, 0xFF, 0xFF, 0xFF, 0xFF, 0xFF,
  0xFF, 0xFF, 0xFF, 0xFD, 0xFF, 0xFF, 0xFF, 0xFF, 0xFF, 0x6C, 0x00, 0x00, 0x00, 0xFF, 0xFF, 0x03,
  0x00, 0x00, 0x00, 0x00, 0x00, 0x00, 0x00, 0x00, 0x00, 0x00, 0x00, 0x00, 0x00, 0x00, 0x00, 0x00,
  0x00, 0x00, 0x00, 0x00, 0x00, 0x00, 0x00, 0x00, 0x00, 0x00, 0x00, 0x00, 0x00, 0x00, 0x00, 0x00,
  0x00, 0xFF, 0xFF, 0x04, 0x00, 0x00, 0x00, 0xFF, 0xFF, 0x60, 0xFF, 0xFF, 0xFF, 0xFF, 0xFF, 0xFA,
  0xFF, 0xFF, 0xFF, 0xFF, 0xFF, 0xFF, 0xFF, 0xFF, 0xFC, 0xFF, 0xFF, 0xFF, 0xFF, 0xFF, 0x7C, 0x00,
  0x00, 0x00, 0xFF, 0xFF, 0x03, 0x00, 0x00, 0x00, 0xFF, 0xFF, 0x02, 0x00, 0x00, 0x00, 0xFF, 0xFF,
  0x2B, 0xFF, 0xFF, 0xFE, 0xFF, 0xFF, 0xFF, 0xFF, 0xFF, 0xFE, 0xFF, 0xFF, 0xFF, 0xFF, 0xFF, 0xFB,
  0xFF, 0xFF, 0xFF, 0xFF, 0xFF, 0x72, 0x00, 0x00, 0x00, 0xFF, 0xFF, 0x04, 0x00, 0x00, 0x00, 0x00,
  0x00, 0x00, 0x00, 0x00, 0x00, 0x00, 0x00, 0x00, 0x00, 0x00, 0x00, 0xFF, 0xFF, 0x03, 0x00, 0x00,
  0x00, 0xFF, 0xFF, 0x41, 0xFF, 0xFF, 0xFF, 0xFF, 0xFF, 0xFD, 0xFF, 0xFF, 0xFF, 0xFF, 0xFF, 0xFF,
  0xFF, 0xFF, 0xFA, 0xFF, 0xFF, 0xFF, 0xFF, 0xFF, 0x68, 0x00, 0x00, 0x00, 0xFF, 0xFF, 0x04, 0x00,
  0x00, 0x00, 0x00, 0x00, 0x00, 0x00, 0x00, 0x00, 0x00, 0x00, 0x00, 0xFF, 0xFF, 0x6C, 0xFF, 0xFF,
  0xFF, 0xFF, 0xFF, 0xFD, 0xFF, 0xFF, 0xFF, 0xFF, 0xFF, 0xFF, 0xFF, 0xFF, 0xFD, 0xFF, 0xFF, 0xFF,
  0xFF, 0xFF, 0x74, 0x00, 0x00, 0x00, 0xFF, 0xFF, 0x03, 0x00, 0x00, 0x00, 0x00, 0x00, 0x00, 0x00,
  0x00, 0x00, 0x00, 0x00, 0x00, 0x00, 0x00, 0x00, 0x00, 0x00, 0x00, 0x00, 0x00, 0x00, 0x00, 0x00,
  0x00, 0x00, 0x00, 0x00, 0x00, 0x00, 0x00, 0x00, 0x00, 0x00, 0xFF, 0xFF, 0x04, 0x00, 0x00, 0x00,
  0xFF, 0xFF, 0x6C, 0xFF, 0xFF, 0xFF, 0xFF, 0xFF, 0xFA, 0xFF, 0xFF, 0xFF, 0xFF, 0xFF, 0xFF, 0xFF,
  0xFF, 0xFC, 0xFF, 0xFF, 0xFF, 0xFF, 0xFF, 0x6A, 0x00, 0x00, 0x00, 0xFF, 0xFF, 0x03, 0x00, 0x00,
  0x00, 0xFF, 0xFF, 0x02, 0x00, 0x00, 0x00, 0xFF, 0xFF, 0x2B, 0xFF, 0xFF, 0xFE, 0xFF, 0xFF, 0xFF,
  0xFF, 0xFF, 0xFE, 0xFF, 0xFF, 0xFF, 0xFF, 0xFF, 0xFB, 0xFF, 0xFF, 0xFF, 0xFF, 0xFF, 0x72, 0x00,
  0x00, 0x00, 0xFF, 0xFF, 0x04, 0x00, 0x00, 0x00, 0x00, 0x00, 0x00, 0x00, 0x00, 0x00, 0x00, 0x00,
  0x00, 0x00, 0x00, 0x00, 0xFF, 0xFF, 0x03, 0x00, 0x00, 0x00, 0xFF, 0xFF, 0x41, 0xFF, 0xFF, 0xFF,
  0xFF, 0xFF, 0xFD, 0xFF, 0xFF, 0xFF, 0xFF, 0xFF, 0xFF, 0xFF, 0xFF, 0xFA, 0xFF, 0xFF, 0xFF, 0xFF,
  0xFF, 0x68, 0x00, 0x00, 0x00, 0xFF, 0xFF, 0x04, 0x00, 0x00, 0x00, 0x00, 0x00, 0x00, 0x00, 0x00,
  0x00, 0x00, 0x00, 0x00, 0xFF, 0xFF, 0x5B, 0xFF, 0xFF, 0xFF, 0xFF, 0xFF, 0xFE, 0xFF, 0xFF, 0xFF,
  0xFF, 0xFF, 0xFF, 0xFF, 0xFF, 0xFC, 0xFF, 0xFF, 0xFF, 0xFF, 0xFF, 0x94, 0x00, 0x00, 0x00, 0xFF,
  0xFF, 0x04, 0x00, 0x00, 0x00, 0x00, 0x00, 0x00, 0x00, 0x00, 0x00, 0x00, 0x00, 0x00, 0x00, 0x00,
  0x00, 0x00, 0x00, 0x00, 0x00, 0x00, 0x00, 0x00, 0x00, 0x00, 0x00, 0x00, 0x00, 0x00, 0x00, 0x00,
  0x00, 0x00, 0x00, 0xFF, 0xFF, 0x03, 0xFF, 0xFF, 0x01, 0xFF, 0xFF, 0x85, 0xFF, 0xFF, 0xFF, 0xFF,
  0xFF, 0xFB, 0xFF, 0xFF, 0xFF, 0xFF, 0xFF, 0xFF, 0xFF, 0xFF, 0xFC, 0xFF, 0xFF, 0xFF, 0xFF, 0xFF,
  0x59, 0x00, 0x00, 0x00, 0xFF, 0xFF, 0x03, 0x00, 0x00, 0x00, 0xFF, 0xFF, 0x02, 0x00, 0x00, 0x00,
  0xFF, 0xFF, 0x2B, 0xFF, 0xFF, 0xFE, 0xFF, 0xFF, 0xFF, 0xFF, 0xFF, 0xFE, 0xFF, 0xFF, 0xFF, 0xFF,
  0xFF, 0xFB, 0xFF, 0xFF, 0xFF, 0xFF, 0xFF, 0x72, 0x00, 0x00, 0x00, 0xFF, 0xFF, 0x04, 0x00, 0x00,
  0x00, 0x00, 0x00, 0x00, 0x00, 0x00, 0x00, 0x00, 0x00, 0x00, 0x00, 0x00, 0x00, 0xFF, 0xFF, 0x03,
  0x00, 0x00, 0x00, 0xFF, 0xFF, 0x41, 0xFF, 0xFF, 0xFF, 0xFF, 0xFF, 0xFD, 0xFF, 0xFF, 0xFF, 0xFF,
  0xFF, 0xFF, 0xFF, 0xFF, 0xFA, 0xFF, 0xFF, 0xFF, 0xFF, 0xFF, 0x68, 0x00, 0x00, 0x00, 0xFF, 0xFF,
  0x04, 0x00, 0x00, 0x00, 0x00, 0x00, 0x00, 0x00, 0x00, 0x00, 0x00, 0x00, 0x00, 0xFF, 0xFF, 0x40,
  0xFF, 0xFF, 0xF9, 0xFF, 0xFF, 0xFF, 0xFF, 0xFF, 0xFE, 0xFF, 0xFF, 0xFF, 0xFF, 0xFF, 0xFC, 0xFF,
  0xFF, 0xFF, 0xFF, 0xFF, 0xB9, 0x00, 0x00, 0x00, 0xFF, 0xFF, 0x02, 0x00, 0x00, 0x00, 0x00, 0x00,
  0x00, 0x00, 0x00, 0x00, 0x00, 0x00, 0x00, 0x00, 0x00, 0x00, 0x00, 0x00, 0x00, 0x00, 0x00, 0x00,
  0x00, 0x00, 0x00, 0x00, 0x00, 0x00, 0x00, 0x00, 0x00, 0x00, 0x00, 0x00, 0xFF, 0xFF, 0x01, 0x00,
  0x00, 0x00, 0xFF, 0xFF, 0xB5, 0xFF, 0xFF, 0xFF, 0xFF, 0xFF, 0xFD, 0xFF, 0xFF, 0xFF, 0xFF, 0xFF,
  0xFF, 0xFF, 0xFF, 0xFC, 0xFF, 0xFF, 0xFF, 0xFF, 0xFF, 0x3C, 0x00, 0x00, 0x00, 0xFF, 0xFF, 0x03,
  0x00, 0x00, 0x00, 0xFF, 0xFF, 0x02, 0x00, 0x00, 0x00, 0xFF, 0xFF, 0x2B, 0xFF, 0xFF, 0xFE, 0xFF,
  0xFF, 0xFF, 0xFF, 0xFF, 0xFE, 0xFF, 0xFF, 0xFF, 0xFF, 0xFF, 0xFB, 0xFF, 0xFF, 0xFF, 0xFF, 0xFF,
  0x72, 0x00, 0x00, 0x00, 0xFF, 0xFF, 0x04, 0x00, 0x00, 0x00, 0x00, 0x00, 0x00, 0x00, 0x00, 0x00,
  0x00, 0x00, 0x00, 0x00, 0x00, 0x00, 0xFF, 0xFF, 0x03, 0x00, 0x00, 0x00, 0xFF, 0xFF, 0x41, 0xFF,
  0xFF, 0xFF, 0xFF, 0xFF, 0xFD, 0xFF, 0xFF, 0xFF, 0xFF, 0xFF, 0xFF, 0xFF, 0xFF, 0xFA, 0xFF, 0xFF,
  0xFF, 0xFF, 0xFF, 0x68, 0x00, 0x00, 0x00, 0xFF, 0xFF, 0x04, 0x00, 0x00, 0x00, 0x00, 0x00, 0x00,
  0x00, 0x00, 0x00, 0x00, 0x00, 0x00, 0xFF, 0xFF, 0x19, 0xFF, 0xFF, 0xEB, 0xFF, 0xFF, 0xFF, 0xFF,
  0xFF, 0xFE, 0xFF, 0xFF, 0xFF, 0xFF, 0xFF, 0xFE, 0xFF, 0xFF, 0xFF, 0xFF, 0xFF, 0xE3, 0xFF, 0xFF,
  0x15, 0x00, 0x00, 0x00, 0xFF, 0xFF, 0x02, 0x00, 0x00, 0x00, 0x00, 0x00, 0x00, 0x00, 0x00, 0x00,
  0x00, 0x00, 0x00, 0x00, 0x00, 0x00, 0x00, 0x00, 0x00, 0x00, 0x00, 0x00, 0x00, 0x00, 0x00, 0x00,
  0x00, 0x00, 0xFF, 0xFF, 0x01, 0x00, 0x00, 0x00, 0xFF, 0xFF, 0x11, 0xFF, 0xFF, 0xE8, 0xFF, 0xFF,
  0xFF, 0xFF, 0xFF, 0xFE, 0xFF, 0xFF, 0xFF, 0xFF, 0xFF, 0xFE, 0xFF, 0xFF, 0xFF, 0xFF, 0xFF, 0xED,
  0xFF, 0xFF, 0x1D, 0x00, 0x00, 0x00, 0xFF, 0xFF, 0x02, 0x00, 0x00, 0x00, 0xFF, 0xFF, 0x02, 0x00,
  0x00, 0x00, 0xFF, 0xFF, 0x2B, 0xFF, 0xFF, 0xFE, 0xFF, 0xFF, 0xFF, 0xFF, 0xFF, 0xFE, 0xFF, 0xFF,
  0xFF, 0xFF, 0xFF, 0xFB, 0xFF, 0xFF, 0xFF, 0xFF, 0xFF, 0x72, 0x00, 0x00, 0x00, 0xFF, 0xFF, 0x04,
  0x00, 0x00, 0x00, 0x00, 0x00, 0x00, 0x00, 0x00, 0x00, 0x00, 0x00, 0x00, 0x00, 0x00, 0x00, 0xFF,
  0xFF, 0x03, 0x00, 0x00, 0x00, 0xFF, 0xFF, 0x41, 0xFF, 0xFF, 0xFF, 0xFF, 0xFF, 0xFD, 0xFF, 0xFF,
  0xFF, 0xFF, 0xFF, 0xFF, 0xFF, 0xFF, 0xFA, 0xFF, 0xFF, 0xFF, 0xFF, 0xFF, 0x68, 0x00, 0x00, 0x00,
  0xFF, 0xFF, 0x04, 0x00, 0x00, 0x00, 0x00, 0x00, 0x00, 0x00, 0x00, 0x00, 0x00, 0x00, 0x00, 0x00,
  0x00, 0x00, 0xFF, 0xFF, 0xC2, 0xFF, 0xFF, 0xFF, 0xFF, 0xFF, 0xFC, 0xFF, 0xFF, 0xFF, 0xFF, 0xFF,
  0xFF, 0xFF, 0xFF, 0xFC, 0xFF, 0xFF, 0xFF, 0xFF, 0xFF, 0x5A, 0x00, 0x00, 0x00, 0xFF, 0xFF, 0x03,
  0x00, 0x00, 0x00, 0x00, 0x00, 0x00, 0x00, 0x00, 0x00, 0x00, 0x00, 0x00, 0x00, 0x00, 0x00, 0x00,
  0x00, 0x00, 0x00, 0x00, 0x00, 0x00, 0x00, 0x00, 0x00, 0x00, 0x00, 0xFF, 0xFF, 0x04, 0x00, 0x00,
  0x00, 0xFF, 0xFF, 0x59, 0xFF, 0xFF, 0xFF, 0xFF, 0xFF, 0xFD, 0xFF, 0xFF, 0xFF, 0xFF, 0xFF, 0xFF,
  0xFF, 0xFF, 0xFC, 0xFF, 0xFF, 0xFE, 0xFF, 0xFF, 0xC4, 0xFF, 0xFF, 0x04, 0xFF, 0xFF, 0x01, 0xFF,
  0xFF, 0x01, 0x00, 0x00, 0x00, 0xFF, 0xFF, 0x02, 0x00, 0x00, 0x00, 0xFF, 0xFF, 0x2B, 0xFF, 0xFF,
  0xFE, 0xFF, 0xFF, 0xFF, 0xFF, 0xFF, 0xFE, 0xFF, 0xFF, 0xFF, 0xFF, 0xFF, 0xFB, 0xFF, 0xFF, 0xFF,
  0xFF, 0xFF, 0x72, 0x00, 0x00, 0x00, 0xFF, 0xFF, 0x04, 0x00, 0x00, 0x00, 0x00, 0x00, 0x00, 0x00,
  0x00, 0x00, 0x00, 0x00, 0x00, 0x00, 0x00, 0x00, 0xFF, 0xFF, 0x03, 0x00, 0x00, 0x00, 0xFF, 0xFF,
  0x41, 0xFF, 0xFF, 0xFF, 0xFF, 0xFF, 0xFD, 0xFF, 0xFF, 0xFF, 0xFF, 0xFF, 0xFF, 0xFF, 0xFF, 0xFA,
  0xFF, 0xFF, 0xFF, 0xFF, 0xFF, 0x68, 0x00, 0x00, 0x00, 0xFF, 0xFF, 0x04, 0x00, 0x00, 0x00, 0x00,
  0x00, 0x00, 0x00, 0x00, 0x00, 0x00, 0x00, 0x00, 0x00, 0x00, 0x00, 0xFF, 0xFF, 0x72, 0xFF, 0xFF,
  0xFF, 0xFF, 0xFF, 0xFB, 0xFF, 0xFF, 0xFF, 0xFF, 0xFF, 0xFF, 0xFF, 0xFF, 0xFD, 0xFF, 0xFF, 0xFF,
  0xFF, 0xFF, 0xCE, 0xFF, 0xFF, 0x06, 0xFF, 0xFF, 0x03, 0xFF, 0xFF, 0x02, 0x00, 0x00, 0x00, 0x00,
  0x00, 0x00, 0x00, 0x00, 0x00, 0x00, 0x00, 0x00, 0x00, 0x00, 0x00, 0x00, 0x00, 0x00, 0x00, 0x00,
  0x00, 0xFF, 0xFF, 0x01, 0xFF, 0xFF, 0x03, 0xFF, 0xFF, 0x04, 0xFF, 0xFF, 0xBF, 0xFF, 0xFF, 0xFF,
  0xFF, 0xFF, 0xFD, 0xFF, 0xFF, 0xFF, 0xFF, 0xFF, 0xFF, 0xFF, 0xFF, 0xFD, 0xFF, 0xFF, 0xFF, 0xFF,
  0xFF, 0x7C, 0x00, 0x00, 0x00, 0xFF, 0xFF, 0x04, 0x00, 0x00, 0x00, 0x00, 0x00, 0x00, 0xFF, 0xFF,
  0x02, 0x00, 0x00, 0x00, 0xFF, 0xFF, 0x2B, 0xFF, 0xFF, 0xFE, 0xFF, 0xFF, 0xFF, 0xFF, 0xFF, 0xFE,
  0xFF, 0xFF, 0xFF, 0xFF, 0xFF, 0xFB, 0xFF, 0xFF, 0xFF, 0xFF, 0xFF, 0x72, 0x00, 0x00, 0x00, 0xFF,
  0xFF, 0x04, 0x00, 0x00, 0x00, 0x00, 0x00, 0x00, 0x00, 0x00, 0x00, 0x00, 0x00, 0x00, 0x00, 0x00,
  0x00, 0xFF, 0xFF, 0x03, 0x00, 0x00, 0x00, 0xFF, 0xFF, 0x41, 0xFF, 0xFF, 0xFF, 0xFF, 0xFF, 0xFD,
  0xFF, 0xFF, 0xFF, 0xFF, 0xFF, 0xFF, 0xFF, 0xFF, 0xFA, 0xFF, 0xFF, 0xFF, 0xFF, 0xFF, 0x68, 0x00,
  0x00, 0x00, 0xFF, 0xFF, 0x04, 0x00, 0x00, 0x00, 0x00, 0x00, 0x00, 0x00, 0x00, 0x00, 0x00, 0x00,
  0x00, 0x00, 0x00, 0x00, 0xFF, 0xFF, 0x27, 0xFF, 0xFF, 0xF5, 0xFF, 0xFF, 0xFE, 0xFF, 0xFF, 0xFE,
  0xFF, 0xFF, 0xFF, 0xFF, 0xFF, 0xFF, 0xFF, 0xFF, 0xFC, 0xFF, 0xFF, 0xFF, 0xFF, 0xFF, 0x80, 0x00,
  0x00, 0x00, 0xFF, 0xFF, 0x03, 0xFF, 0xFF, 0x03, 0xFF, 0xFF, 0x01, 0xFF, 0xFF, 0x01, 0x00, 0x00,
  0x00, 0xFF, 0xFF, 0x01, 0xFF, 0xFF, 0x01, 0xFF, 0xFF, 0x03, 0xFF, 0xFF, 0x03, 0x00, 0x00, 0x00,
  0xFF, 0xFF, 0x76, 0xFF, 0xFF, 0xFF, 0xFF, 0xFF, 0xFD, 0xFF, 0xFF, 0xFF, 0xFF, 0xFF, 0xFF, 0xFF,
  0xFF, 0xFE, 0xFF, 0xFF, 0xFE, 0xFF, 0xFF, 0xF8, 0xFF, 0xFF, 0x27, 0x00, 0x00, 0x00, 0xFF, 0xFF,
  0x02, 0x00, 0x00, 0x00, 0x00, 0x00, 0x00, 0xFF, 0xFF, 0x02, 0x00, 0x00, 0x00, 0xFF, 0xFF, 0x2B,
  0xFF, 0xFF, 0xFE, 0xFF, 0xFF, 0xFF, 0xFF, 0xFF, 0xFE, 0xFF, 0xFF, 0xFF, 0xFF, 0xFF, 0xFB, 0xFF,
  0xFF, 0xFF, 0xFF, 0xFF, 0x72, 0x00, 0x00, 0x00, 0xFF, 0xFF, 0x04, 0x00, 0x00, 0x00, 0x00, 0x00,
  0x00, 0x00, 0x00, 0x00, 0x00, 0x00, 0x00, 0x00, 0x00, 0x00, 0xFF, 0xFF, 0x03, 0x00, 0x00, 0x00,
  0xFF, 0xFF, 0x41, 0xFF, 0xFF, 0xFF, 0xFF, 0xFF, 0xFD, 0xFF, 0xFF, 0xFF, 0xFF, 0xFF, 0xFF, 0xFF,
  0xFF, 0xFA, 0xFF, 0xFF, 0xFF, 0xFF, 0xFF, 0x68, 0x00, 0x00, 0x00, 0xFF, 0xFF, 0x04, 0x00, 0x00,
  0x00, 0x00, 0x00, 0x00, 0x00, 0x00, 0x00, 0x00, 0x00, 0x00, 0xFF, 0xFF, 0x02, 0x00, 0x00, 0x00,
  0xFF, 0xFF, 0xA7, 0xFF, 0xFF, 0xFF, 0xFF, 0xFF, 0xFC, 0xFF, 0xFF, 0xFF, 0xFF, 0xFF, 0xFF, 0xFF,
  0xFF, 0xFE, 0xFF, 0xFF, 0xFC, 0xFF, 0xFF, 0xFD, 0xFF, 0xFF, 0x70, 0x00, 0x00, 0x00, 0x00, 0x00,
  0x00, 0x00, 0x00, 0x00, 0xFF, 0xFF, 0x01, 0xFF, 0xFF, 0x03, 0xFF, 0xFF, 0x01, 0x00, 0x00, 0x00,
  0x00, 0x00, 0x00, 0x00, 0x00, 0x00, 0xFF, 0xFF, 0x6C, 0xFF, 0xFF, 0xFC, 0xFF, 0xFF, 0xFD, 0xFF,
  0xFF, 0xFE, 0xFF, 0xFF, 0xFF, 0xFF, 0xFF, 0xFF, 0xFF, 0xFF, 0xFB, 0xFF, 0xFF, 0xFF, 0xFF, 0xFF,
  0xA1, 0x00, 0x00, 0x00, 0xFF, 0xFF, 0x02, 0x00, 0x00, 0x00, 0x00, 0x00, 0x00, 0x00, 0x00, 0x00,
  0xFF, 0xFF, 0x02, 0x00, 0x00, 0x00, 0xFF, 0xFF, 0x2B, 0xFF, 0xFF, 0xFE, 0xFF, 0xFF, 0xFF, 0xFF,
  0xFF, 0xFE, 0xFF, 0xFF, 0xFF, 0xFF, 0xFF, 0xFB, 0xFF, 0xFF, 0xFF, 0xFF, 0xFF, 0x72, 0x00, 0x00,
  0x00, 0xFF, 0xFF, 0x04, 0x00, 0x00, 0x00, 0x00, 0x00, 0x00, 0x00, 0x00, 0x00, 0x00, 0x00, 0x00,
  0x00, 0x00, 0x00, 0xFF, 0xFF, 0x03, 0x00, 0x00, 0x00, 0xFF, 0xFF, 0x41, 0xFF, 0xFF, 0xFF, 0xFF,
  0xFF, 0xFD, 0xFF, 0xFF, 0xFF, 0xFF, 0xFF, 0xFF, 0xFF, 0xFF, 0xFA, 0xFF, 0xFF, 0xFF, 0xFF, 0xFF,
  0x68, 0x00, 0x00, 0x00, 0xFF, 0xFF, 0x04, 0x00, 0x00, 0x00, 0x00, 0x00, 0x00, 0x00, 0x00, 0x00,
  0x00, 0x00, 0x00, 0xFF, 0xFF, 0x02, 0xFF, 0xFF, 0x01, 0xFF, 0xFF, 0x22, 0xFF, 0xFF, 0xEE, 0xFF,
  0xFF, 0xFD, 0xFF, 0xFF, 0xFD, 0xFF, 0xFF, 0xFF, 0xFF, 0xFF, 0xFF, 0xFF, 0xFF, 0xFE, 0xFF, 0xFF,
  0xFF, 0xFF, 0xFF, 0xFF, 0xFF, 0xFF, 0xB0, 0xFF, 0xFF, 0x39, 0xFF, 0xFF, 0x0D, 0x00, 0x00, 0x00,
  0x00, 0x00, 0x00, 0x00, 0x00, 0x00, 0xFF, 0xFF, 0x0C, 0xFF, 0xFF, 0x37, 0xFF, 0xFF, 0xAA, 0xFF,
  0xFF, 0xFF, 0xFF, 0xFF, 0xFF, 0xFF, 0xFF, 0xFE, 0xFF, 0xFF, 0xFF, 0xFF, 0xFF, 0xFF, 0xFF, 0xFF,
  0xFE, 0xFF, 0xFF, 0xFD, 0xFF, 0xFF, 0xF0, 0xFF, 0xFF, 0x28, 0x00, 0x00, 0x00, 0xFF, 0xFF, 0x02,
  0x00, 0x00, 0x00, 0x00, 0x00, 0x00, 0x00, 0x00, 0x00, 0xFF, 0xFF, 0x02, 0x00, 0x00, 0x00, 0xFF,
  0xFF, 0x2B, 0xFF, 0xFF, 0xFE, 0xFF, 0xFF, 0xFF, 0xFF, 0xFF, 0xFE, 0xFF, 0xFF, 0xFF, 0xFF, 0xFF,
  0xFB, 0xFF, 0xFF, 0xFF, 0xFF, 0xFF, 0x72, 0x00, 0x00, 0x00, 0xFF, 0xFF, 0x04, 0x00, 0x00, 0x00,
  0x00, 0x00, 0x00, 0x00, 0x00, 0x00, 0x00, 0x00, 0x00, 0x00, 0x00, 0x00, 0xFF, 0xFF, 0x03, 0x00,
  0x00, 0x00, 0xFF, 0xFF, 0x41, 0xFF, 0xFF, 0xFF, 0xFF, 0xFF, 0xFD, 0xFF, 0xFF, 0xFF, 0xFF, 0xFF,
  0xFF, 0xFF, 0xFF, 0xFA, 0xFF, 0xFF, 0xFF, 0xFF, 0xFF, 0x68, 0x00, 0x00, 0x00, 0xFF, 0xFF, 0x04,
  0x00, 0x00, 0x00, 0x00, 0x00, 0x00, 0x00, 0x00, 0x00, 0x00, 0x00, 0x00, 0x00, 0x00, 0x00, 0xFF,
  0xFF, 0x03, 0x00, 0x00, 0x00, 0xFF, 0xFF, 0x6A, 0xFF, 0xFF, 0xFF, 0xFF, 0xFF, 0xFB, 0xFF, 0xFF,
  0xFF, 0xFF, 0xFF, 0xFF, 0xFF, 0xFF, 0xFF, 0xFF, 0xFF, 0xFE, 0xFF, 0xFF, 0xFD, 0xFF, 0xFF, 0xFF,
  0xFF, 0xFF, 0xFF, 0xFF, 0xFF, 0xD6, 0xFF, 0xFF, 0xB1, 0xFF, 0xFF, 0xA4, 0xFF, 0xFF, 0xB1, 0xFF,
  0xFF, 0xD4, 0xFF, 0xFF, 0xFF, 0xFF, 0xFF, 0xFF, 0xFF, 0xFF, 0xFE, 0xFF, 0xFF, 0xFE, 0xFF, 0xFF,
  0xFF, 0xFF, 0xFF, 0xFF, 0xFF, 0xFF, 0xFE, 0xFF, 0xFF, 0xFC, 0xFF, 0xFF, 0xFF, 0xFF, 0xFF, 0x6B,
  0x00, 0x00, 0x00, 0xFF, 0xFF, 0x02, 0x00, 0x00, 0x00, 0x00, 0x00, 0x00, 0x00, 0x00, 0x00, 0x00,
  0x00, 0x00, 0xFF, 0xFF, 0x02, 0x00, 0x00, 0x00, 0xFF, 0xFF, 0x2B, 0xFF, 0xFF, 0xFE, 0xFF, 0xFF,
  0xFF, 0xFF, 0xFF, 0xFE, 0xFF, 0xFF, 0xFF, 0xFF, 0xFF, 0xFB, 0xFF, 0xFF, 0xFF, 0xFF, 0xFF, 0x72,
  0x00, 0x00, 0x00, 0xFF, 0xFF, 0x04, 0x00, 0x00, 0x00, 0x00, 0x00, 0x00, 0x00, 0x00, 0x00, 0x00,
  0x00, 0x00, 0x00, 0x00, 0x00, 0xFF, 0xFF, 0x03, 0x00, 0x00, 0x00, 0xFF, 0xFF, 0x41, 0xFF, 0xFF,
  0xFF, 0xFF, 0xFF, 0xFD, 0xFF, 0xFF, 0xFF, 0xFF, 0xFF, 0xFF, 0xFF, 0xFF, 0xFA, 0xFF, 0xFF, 0xFF,
  0xFF, 0xFF, 0x68, 0x00, 0x00, 0x00, 0xFF, 0xFF, 0x04, 0x00, 0x00, 0x00, 0x00, 0x00, 0x00, 0x00,
  0x00, 0x00, 0x00, 0x00, 0x00, 0x00, 0x00, 0x00, 0xFF, 0xFF, 0x01, 0xFF, 0xFF, 0x02, 0x00, 0x00,
  0x00, 0xFF, 0xFF, 0x97, 0xFF, 0xFF, 0xFF, 0xFF, 0xFF, 0xFB, 0xFF, 0xFF, 0xFE, 0xFF, 0xFF, 0xFF,
  0xFF, 0xFF, 0xFF, 0xFF, 0xFF, 0xFF, 0xFF, 0xFF, 0xFC, 0xFF, 0xFF, 0xFF, 0xFF, 0xFF, 0xFF, 0xFF,
  0xFF, 0xFF, 0xFF, 0xFF, 0xFF, 0xFF, 0xFF, 0xFF, 0xFF, 0xFF, 0xFF, 0xFF, 0xFF, 0xFF, 0xFF, 0xFF,
  0xFC, 0xFF, 0xFF, 0xFF, 0xFF, 0xFF, 0xFF, 0xFF, 0xFF, 0xFF, 0xFF, 0xFF, 0xFE, 0xFF, 0xFF, 0xFA,
  0xFF, 0xFF, 0xFF, 0xFF, 0xFF, 0x9F, 0x00, 0x00, 0x00, 0xFF, 0xFF, 0x03, 0xFF, 0xFF, 0x01, 0x00,
  0x00, 0x00, 0x00, 0x00, 0x00, 0x00, 0x00, 0x00, 0x00, 0x00, 0x00, 0xFF, 0xFF, 0x02, 0x00, 0x00,
  0x00, 0xFF, 0xFF, 0x2B, 0xFF, 0xFF, 0xFE, 0xFF, 0xFF, 0xFF, 0xFF, 0xFF, 0xFE, 0xFF, 0xFF, 0xFF,
  0xFF, 0xFF, 0xFB, 0xFF, 0xFF, 0xFF, 0xFF, 0xFF, 0x72, 0x00, 0x00, 0x00, 0xFF, 0xFF, 0x04, 0x00,
  0x00, 0x00, 0x00, 0x00, 0x00, 0x00, 0x00, 0x00, 0x00, 0x00, 0x00, 0x00, 0x00, 0x00, 0xFF, 0xFF,
  0x03, 0x00, 0x00, 0x00, 0xFF, 0xFF, 0x41, 0xFF, 0xFF, 0xFF, 0xFF, 0xFF, 0xFD, 0xFF, 0xFF, 0xFF,
  0xFF, 0xFF, 0xFF, 0xFF, 0xFF, 0xFA, 0xFF, 0xFF, 0xFF, 0xFF, 0xFF, 0x68, 0x00, 0x00, 0x00, 0xFF,
  0xFF, 0x04, 0x00, 0x00, 0x00, 0x00, 0x00, 0x00, 0x00, 0x00, 0x00, 0x00, 0x00, 0x00, 0x00, 0x00,
  0x00, 0x00, 0x00, 0x00, 0xFF, 0xFF, 0x01, 0xFF, 0xFF, 0x02, 0x00, 0x00, 0x00, 0xFF, 0xFF, 0x9A,
  0xFF, 0xFF, 0xFF, 0xFF, 0xFF, 0xFF, 0xFF, 0xFF, 0xFC, 0xFF, 0xFF, 0xFE, 0xFF, 0xFF, 0xFF, 0xFF,
  0xFF, 0xFF, 0xFF, 0xFF, 0xFF, 0xFF, 0xFF, 0xFD, 0xFF, 0xFF, 0xFC, 0xFF, 0xFF, 0xFB, 0xFF, 0xFF,
  0xFC, 0xFF, 0xFF, 0xFD, 0xFF, 0xFF, 0xFF, 0xFF, 0xFF, 0xFF, 0xFF, 0xFF, 0xFF, 0xFF, 0xFF, 0xFE,
  0xFF, 0xFF, 0xFC, 0xFF, 0xFF, 0xFF, 0xFF, 0xFF, 0xFF, 0xFF, 0xFF, 0xA0, 0x00, 0x00, 0x00, 0xFF,
  0xFF, 0x02, 0xFF, 0xFF, 0x01, 0x00, 0x00, 0x00, 0x00, 0x00, 0x00, 0x00, 0x00, 0x00, 0x00, 0x00,
  0x00, 0x00, 0x00, 0x00, 0xFF, 0xFF, 0x02, 0x00, 0x00, 0x00, 0xFF, 0xFF, 0x2B, 0xFF, 0xFF, 0xFE,
  0xFF, 0xFF, 0xFF, 0xFF, 0xFF, 0xFE, 0xFF, 0xFF, 0xFF, 0xFF, 0xFF, 0xFB, 0xFF, 0xFF, 0xFF, 0xFF,
  0xFF, 0x72, 0x00, 0x00, 0x00, 0xFF, 0xFF, 0x04, 0x00, 0x00, 0x00, 0x00, 0x00, 0x00, 0x00, 0x00,
  0x00, 0x00, 0x00, 0x00, 0x00, 0x00, 0x00, 0xFF, 0xFF, 0x03, 0x00, 0x00, 0x00, 0xFF, 0xFF, 0x41,
  0xFF, 0xFF, 0xFF, 0xFF, 0xFF, 0xFD, 0xFF, 0xFF, 0xFF, 0xFF, 0xFF, 0xFF, 0xFF, 0xFF, 0xFA, 0xFF,
  0xFF, 0xFF, 0xFF, 0xFF, 0x68, 0x00, 0x00, 0x00, 0xFF, 0xFF, 0x04, 0x00, 0x00, 0x00, 0x00, 0x00,
  0x00, 0x00, 0x00, 0x00, 0x00, 0x00, 0x00, 0x00, 0x00, 0x00, 0x00, 0x00, 0x00, 0x00, 0x00, 0x00,
  0xFF, 0xFF, 0x01, 0xFF, 0xFF, 0x01, 0x00, 0x00, 0x00, 0xFF, 0xFF, 0x76, 0xFF, 0xFF, 0xF3, 0xFF,
  0xFF, 0xFF, 0xFF, 0xFF, 0xFF, 0xFF, 0xFF, 0xFB, 0xFF, 0xFF, 0xFD, 0xFF, 0xFF, 0xFE, 0xFF, 0xFF,
  0xFE, 0xFF, 0xFF, 0xFE, 0xFF, 0xFF, 0xFF, 0xFF, 0xFF, 0xFE, 0xFF, 0xFF, 0xFE, 0xFF, 0xFF, 0xFE,
  0xFF, 0xFF, 0xFD, 0xFF, 0xFF, 0xFB, 0xFF, 0xFF, 0xFF, 0xFF, 0xFF, 0xFF, 0xFF, 0xFF, 0xF8, 0xFF,
  0xFF, 0x79, 0xFF, 0xFF, 0x01, 0xFF, 0xFF, 0x01, 0xFF, 0xFF, 0x01, 0x00, 0x00, 0x00, 0x00, 0x00,
  0x00, 0x00, 0x00, 0x00, 0x00, 0x00, 0x00, 0x00, 0x00, 0x00, 0x00, 0x00, 0x00, 0xFF, 0xFF, 0x02,
  0x00, 0x00, 0x00, 0xFF, 0xFF, 0x2B, 0xFF, 0xFF, 0xFC, 0xFF, 0xFF, 0xFD, 0xFF, 0xFF, 0xFC, 0xFF,
  0xFF, 0xFD, 0xFF, 0xFF, 0xF9, 0xFF, 0xFF, 0xFD, 0xFF, 0xFF, 0x71, 0x00, 0x00, 0x00, 0xFF, 0xFF,
  0x04, 0x00, 0x00, 0x00, 0x00, 0x00, 0x00, 0x00, 0x00, 0x00, 0x00, 0x00, 0x00, 0x00, 0x00, 0x00,
  0xFF, 0xFF, 0x03, 0x00, 0x00, 0x00, 0xFF, 0xFF, 0x41, 0xFF, 0xFF, 0xFD, 0xFF, 0xFF, 0xFB, 0xFF,
  0xFF, 0xFD, 0xFF, 0xFF, 0xFD, 0xFF, 0xFF, 0xF8, 0xFF, 0xFF, 0xFD, 0xFF, 0xFF, 0x67, 0x00, 0x00,
  0x00, 0xFF, 0xFF, 0x04, 0x00, 0x00, 0x00, 0x00, 0x00, 0x00, 0x00, 0x00, 0x00, 0x00, 0x00, 0x00,
  0x00, 0x00, 0x00, 0x00, 0x00, 0x00, 0x00, 0x00, 0x00, 0x00, 0x00, 0x00, 0xFF, 0xFF, 0x01, 0x00,
  0x00, 0x00, 0x00, 0x00, 0x00, 0xFF, 0xFF, 0x34, 0xFF, 0xFF, 0xB7, 0xFF, 0xFF, 0xFB, 0xFF, 0xFF,
  0xFF, 0xFF, 0xFF, 0xFF, 0xFF, 0xFF, 0xFF, 0xFF, 0xFF, 0xFF, 0xFF, 0xFF, 0xFF, 0xFF, 0xFF, 0xFE,
  0xFF, 0xFF, 0xFF, 0xFF, 0xFF, 0xFF, 0xFF, 0xFF, 0xFF, 0xFF, 0xFF, 0xFF, 0xFF, 0xFF, 0xFF, 0xFF,
  0xFF, 0xFC, 0xFF, 0xFF, 0xAA, 0xFF, 0xFF, 0x33, 0x00, 0x00, 0x00, 0x00, 0x00, 0x00, 0xFF, 0xFF,
  0x01, 0x00, 0x00, 0x00, 0x00, 0x00, 0x00, 0x00, 0x00, 0x00, 0x00, 0x00, 0x00, 0x00, 0x00, 0x00,
  0x00, 0x00, 0x00, 0x00, 0x00, 0x00, 0xFF, 0xFF, 0x02, 0x00, 0x00, 0x00, 0xFF, 0xFF, 0x2D, 0xFF,
  0xFF, 0xFF, 0xFF, 0xFF, 0xFF, 0xFF, 0xFF, 0xFF, 0xFF, 0xFF, 0xFF, 0xFF, 0xFF, 0xFF, 0xFF, 0xFF,
  0xFF, 0xFF, 0xFF, 0x76, 0x00, 0x00, 0x00, 0xFF, 0xFF, 0x04, 0x00, 0x00, 0x00, 0x00, 0x00, 0x00,
  0x00, 0x00, 0x00, 0x00, 0x00, 0x00, 0x00, 0x00, 0x00, 0xFF, 0xFF, 0x03, 0x00, 0x00, 0x00, 0xFF,
  0xFF, 0x43, 0xFF, 0xFF, 0xFF, 0xFF, 0xFF, 0xFF, 0xFF, 0xFF, 0xFF, 0xFF, 0xFF, 0xFF, 0xFF, 0xFF,
  0xFF, 0xFF, 0xFF, 0xFF, 0xFF, 0xFF, 0x6C, 0x00, 0x00, 0x00, 0xFF, 0xFF, 0x04, 0x00, 0x00, 0x00,
  0x00, 0x00, 0x00, 0x00, 0x00, 0x00, 0x00, 0x00, 0x00, 0x00, 0x00, 0x00, 0x00, 0x00, 0x00, 0x00,
  0x00, 0x00, 0x00, 0x00, 0x00, 0x00, 0x00, 0x00, 0xFF, 0xFF, 0x01, 0xFF, 0xFF, 0x03, 0x00, 0x00,
  0x00, 0x00, 0x00, 0x00, 0xFF, 0xFF, 0x37, 0xFF, 0xFF, 0x7E, 0xFF, 0xFF, 0xC9, 0xFF, 0xFF, 0xE9,
  0xFF, 0xFF, 0xF6, 0xFF, 0xFF, 0xFF, 0xFF, 0xFF, 0xFF, 0xFF, 0xFF, 0xFE, 0xFF, 0xFF, 0xF9, 0xFF,
  0xFF, 0xEB, 0xFF, 0xFF, 0xCB, 0xFF, 0xFF, 0x80, 0xFF, 0xFF, 0x37, 0x00, 0x00, 0x00, 0x00, 0x00,
  0x00, 0xFF, 0xFF, 0x03, 0xFF, 0xFF, 0x01, 0x00, 0x00, 0x00, 0x00, 0x00, 0x00, 0x00, 0x00, 0x00,
  0x00, 0x00, 0x00, 0x00, 0x00, 0x00, 0x00, 0x00, 0x00, 0x00, 0x00, 0x00, 0x00, 0x00, 0x00, 0xFF,
  0xFF, 0x02, 0x00, 0x00, 0x00, 0xFF, 0xFF, 0x22, 0xFF, 0xFF, 0xCC, 0xFF, 0xFF, 0xCE, 0xFF, 0xFF,
  0xCD, 0xFF, 0xFF, 0xCE, 0xFF, 0xFF, 0xCA, 0xFF, 0xFF, 0xD6, 0xFF, 0xFF, 0x5D, 0x00, 0x00, 0x00,
  0xFF, 0xFF, 0x03, 0x00, 0x00, 0x00, 0x00, 0x00, 0x00, 0x00, 0x00, 0x00, 0x00, 0x00, 0x00, 0x00,
  0x00, 0x00, 0xFF, 0xFF, 0x02, 0x00, 0x00, 0x00, 0xFF, 0xFF, 0x36, 0xFF, 0xFF, 0xD2, 0xFF, 0xFF,
  0xCC, 0xFF, 0xFF, 0xCE, 0xFF, 0xFF, 0xCE, 0xFF, 0xFF, 0xCA, 0xFF, 0xFF, 0xD8, 0xFF, 0xFF, 0x54,
  0x00, 0x00, 0x00, 0xFF, 0xFF, 0x03, 0x00, 0x00, 0x00, 0x00, 0x00, 0x00, 0x00, 0x00, 0x00, 0x00,
  0x00, 0x00, 0x00, 0x00, 0x00, 0x00, 0x00, 0x00, 0x00, 0x00, 0x00, 0x00, 0x00, 0x00, 0x00, 0x00,
  0x00, 0x00, 0x00, 0x00, 0x00, 0x00, 0x00, 0xFF, 0xFF, 0x02, 0xFF, 0xFF, 0x02, 0x00, 0x00, 0x00,
  0x00, 0x00, 0x00, 0x00, 0x00, 0x00, 0xFF, 0xFF, 0x19, 0xFF, 0xFF, 0x3B, 0xFF, 0xFF, 0x4E, 0xFF,
  0xFF, 0x5A, 0xFF, 0xFF, 0x4C, 0xFF, 0xFF, 0x40, 0xFF, 0xFF, 0x1D, 0x00, 0x00, 0x00, 0x00, 0x00,
  0x00, 0x00, 0x00, 0x00, 0xFF, 0xFF, 0x02, 0xFF, 0xFF, 0x03, 0x00, 0x00, 0x00, 0x00, 0x00, 0x00,
  0x00, 0x00, 0x00, 0x00, 0x00, 0x00, 0x00, 0x00, 0x00, 0x00, 0x00, 0x00, 0x00, 0x00, 0x00, 0x00,
  0x00, 0x00, 0x00, 0x00, 0x00, 0x00, 0x00, 0x00, 0x00, 0x00, 0x00, 0x00, 0x00, 0x00, 0x00, 0x00,
  0x00, 0x00, 0x00, 0x00, 0x00, 0x00, 0x00, 0x00, 0x00, 0x00, 0x00, 0x00, 0x00, 0x00, 0x00, 0x00,
  0x00, 0x00, 0x00, 0x00, 0x00, 0x00, 0x00, 0x00, 0x00, 0x00, 0x00, 0x00, 0x00, 0x00, 0x00, 0x00,
  0x00, 0x00, 0x00, 0x00, 0x00, 0x00, 0x00, 0x00, 0x00, 0x00, 0x00, 0x00, 0x00, 0x00, 0x00, 0x00,
  0x00, 0x00, 0x00, 0x00, 0x00, 0x00, 0x00, 0x00, 0x00, 0x00, 0x00, 0x00, 0x00, 0x00, 0x00, 0x00,
  0x00, 0x00, 0x00, 0x00, 0x00, 0x00, 0x00, 0x00, 0x00, 0x00, 0x00, 0x00, 0x00, 0x00, 0x00, 0x00,
  0x00, 0x00, 0x00, 0x00, 0x00, 0x00, 0x00, 0x00, 0x00, 0x00, 0x00,
};
const lv_img_dsc_t txt_brightness_off_active = {
  .header.always_zero = 0,
  .header.w = 67,
  .header.h = 35,
  .data_size = 7035,
  .header.cf = LV_IMG_CF_TRUE_COLOR_ALPHA,
  .data = txt_brightness_off_active_data,
};

/* txt_brightness_off_normal.png */
static const uint8_t txt_brightness_off_normal_data[] = {
  0x00, 0x00, 0x00, 0x00, 0x00, 0x00, 0x00, 0x00, 0x00, 0x00, 0x00, 0x00, 0x00, 0x00, 0x00, 0x00,
  0x00, 0x00, 0x00, 0x00, 0x00, 0x00, 0x00, 0x00, 0xEF, 0x7B, 0x02, 0x55, 0xAD, 0x03, 0xFF, 0xFF,
  0x01, 0x00, 0x00, 0x00, 0x00, 0x00, 0x00, 0x00, 0x00, 0x00, 0x00, 0x00, 0x00, 0x00, 0x00, 0x00,
  0x00, 0x00, 0x00, 0x00, 0x00, 0x00, 0x00, 0x00, 0x00, 0xEF, 0x7B, 0x02, 0x55, 0xAD, 0x03, 0xEF,
  0x7B, 0x02, 0x00, 0x00, 0x00, 0x00, 0x00, 0x00, 0x00, 0x00, 0x00, 0x00, 0x00, 0x00, 0x00, 0x00,
  0x00, 0x00, 0x00, 0x00, 0x00, 0x00, 0x00, 0x00, 0x00, 0x00, 0x00, 0x00, 0x00, 0x00, 0x00, 0x00,
  0x00, 0x00, 0x00, 0x00, 0x00, 0x00, 0x00, 0x00, 0x00, 0x00, 0x00, 0x00, 0x00, 0x00, 0x00, 0x00,
  0x00, 0x00, 0xAA, 0x52, 0x03, 0x00, 0x00, 0x00, 0x00, 0x00, 0x00, 0x10, 0x84, 0x29, 0x10, 0x84,
  0x5D, 0x10, 0x84, 0x73, 0x10, 0x84, 0x79, 0x10, 0x84, 0x6E, 0x10, 0x84, 0x57, 0x10, 0x84, 0x31,
  0xEF, 0x7B, 0x08, 0x00, 0x00, 0x00, 0x00, 0x00, 0x01, 0x00, 0x00, 0x00, 0x00, 0x00, 0x00, 0x00,
  0x00, 0x00, 0x00, 0x00, 0x00, 0xAA, 0x52, 0x03, 0x00, 0x00, 0x00, 0x00, 0x00, 0x00, 0x30, 0x84,
  0x2A, 0x10, 0x84, 0x5D, 0xEF, 0x7B, 0x76, 0x10, 0x84, 0x79, 0x10, 0x84, 0x6F, 0x10, 0x84, 0x59,
  0x30, 0x84, 0x2E, 0xEF, 0x7B, 0x0A, 0x00, 0x00, 0x00, 0x00, 0x00, 0x00, 0x00, 0x00, 0x00, 0x00,
  0x00, 0x00, 0x00, 0x00, 0x00, 0x00, 0x00, 0x00, 0xFF, 0xFF, 0x01, 0xAA, 0x52, 0x03, 0x00, 0x00,
  0x00, 0x00, 0x00, 0x00, 0x00, 0x00, 0x00, 0x10, 0x84, 0x21, 0x10, 0x84, 0x40, 0x10, 0x84, 0x54,
  0x10, 0x84, 0x61, 0x10, 0x84, 0x60, 0x10, 0x84, 0x52, 0xEF, 0x7B, 0x40, 0x10, 0x84, 0x1F, 0x00,
  0x00, 0x00, 0x00, 0x00, 0x00, 0x00, 0x00, 0x00, 0x55, 0xAD, 0x03, 0xFF, 0xFF, 0x01, 0x00, 0x00,
  0x00, 0x00, 0x00, 0x00, 0x00, 0x00, 0x00, 0x00, 0x00, 0x00, 0x00, 0x00, 0x00, 0x00, 0x00, 0x00,
  0x00, 0x00, 0x00, 0x00, 0x00, 0x00, 0x00, 0x00, 0x00, 0x00, 0x00, 0x00, 0x00, 0x00, 0x00, 0x00,
  0x00, 0x00, 0x00, 0x00, 0x00, 0xEF, 0x7B, 0x02, 0x00, 0x00, 0x00, 0x10, 0x84, 0x40, 0x10, 0x84,
  0xB6, 0x10, 0x84, 0xEE, 0x30, 0x84, 0xFF, 0x51, 0x8C, 0xFF, 0x51, 0x8C, 0xFF, 0x30, 0x84, 0xFF,
  0x10, 0x84, 0xFF, 0x30, 0x84, 0xF3, 0x10, 0x84, 0xAE, 0x00, 0x00, 0x00, 0x00, 0x00, 0x00, 0x00,
  0x00, 0x00, 0x00, 0x00, 0x00, 0x00, 0x00, 0x00, 0xFF, 0xFF, 0x01, 0x00, 0x00, 0x00, 0x10, 0x84,
  0x45, 0x30, 0x84, 0xBA, 0x10, 0x84, 0xEF, 0x30, 0x84, 0xFF, 0x51, 0x8C, 0xFF, 0x51, 0x8C, 0xFF,
  0x51, 0x8C, 0xFF, 0x10, 0x84, 0xFF, 0x10, 0x84, 0xF2, 0x10, 0x84, 0xB7, 0x00, 0x00, 0x00, 0x00,
  0x00, 0x00, 0x00, 0x00, 0x00, 0x00, 0x00, 0x00, 0x00, 0x00, 0x00, 0xAA, 0x52, 0x03, 0x00, 0x00,
  0x00, 0x00, 0x00, 0x00, 0x10, 0x84, 0x27, 0x10, 0x84, 0x76, 0x10, 0x84, 0xC6, 0x10, 0x84, 0xED,
  0x10, 0x84, 0xFF, 0x51, 0x8C, 0xFF, 0x51, 0x8C, 0xFF, 0x71, 0x8C, 0xFF, 0x51, 0x8C, 0xFF, 0x10,
  0x84, 0xFF, 0x10, 0x84, 0xEB, 0x10, 0x84, 0xC0, 0x10, 0x84, 0x72, 0xEF, 0x7B, 0x20, 0x00, 0x00,
  0x00, 0x00, 0x00, 0x00, 0xEF, 0x7B, 0x02, 0x00, 0x00, 0x00, 0x00, 0x00, 0x00, 0x00, 0x00, 0x00,
  0x00, 0x00, 0x00, 0x00, 0x00, 0x00, 0x00, 0x00, 0x00, 0x00, 0x00, 0x00, 0x00, 0x00, 0x00, 0x00,
  0x00, 0x00, 0x00, 0x00, 0x00, 0x00, 0x00, 0x00, 0xEF, 0x7B, 0x02, 0x00, 0x00, 0x00, 0x10, 0x84,
  0x77, 0x30, 0x84, 0xFE, 0x51, 0x8C, 0xFF, 0x10, 0x84, 0xFF, 0x10, 0x84, 0xFE, 0x10, 0x84, 0xFC,
  0x10, 0x84, 0xFB, 0x10, 0x84, 0xFC, 0x10, 0x84, 0xFB, 0x51, 0x8C, 0xFF, 0x10, 0x84, 0x9E, 0x00,
  0x00, 0x00, 0xEF, 0x7B, 0x02, 0x00, 0x00, 0x00, 0x00, 0x00, 0x00, 0xEF, 0x7B, 0x02, 0x00, 0x00,
  0x00, 0x10, 0x84, 0x7B, 0x30, 0x84, 0xFF, 0x30, 0x84, 0xFF, 0x10, 0x84, 0xFF, 0x10, 0x84, 0xFE,
  0x10, 0x84, 0xFB, 0x10, 0x84, 0xFB, 0x10, 0x84, 0xFC, 0x10, 0x84, 0xFB, 0x51, 0x8C, 0xFF, 0x10,
  0x84, 0x9E, 0x00, 0x00, 0x00, 0x00, 0x00, 0x00, 0x00, 0x00, 0x00, 0x00, 0x00, 0x00, 0xAA, 0x52,
  0x03, 0x00, 0x00, 0x00, 0xEF, 0x7B, 0x14, 0x30, 0x84, 0x8D, 0x30, 0x84, 0xF1, 0x51, 0x8C, 0xFF,
  0x30, 0x84, 0xFF, 0x10, 0x84, 0xFF, 0x10, 0x84, 0xFE, 0x10, 0x84, 0xFB, 0x10, 0x84, 0xFB, 0x10,
  0x84, 0xFB, 0x10, 0x84, 0xFB, 0x10, 0x84, 0xFF, 0x10, 0x84, 0xFF, 0x30, 0x84, 0xFF, 0x51, 0x8C,
  0xFF, 0x10, 0x84, 0xEA, 0x30, 0x84, 0x89, 0xAE, 0x73, 0x0D, 0x00, 0x00, 0x00, 0xAA, 0x52, 0x03,
  0x00, 0x00, 0x00, 0x00, 0x00, 0x00, 0x00, 0x00, 0x00, 0x00, 0x00, 0x00, 0x00, 0x00, 0x00, 0x00,
  0x00, 0x00, 0x00, 0x00, 0x00, 0x00, 0x00, 0x00, 0x00, 0x00, 0x00, 0xFF, 0xFF, 0x02, 0x00, 0x00,
  0x00, 0x10, 0x84, 0x52, 0x30, 0x84, 0xFF, 0x10, 0x84, 0xFE, 0x10, 0x84, 0xFC, 0x10, 0x84, 0xFE,
  0x10, 0x84, 0xFF, 0x10, 0x84, 0xFF, 0x10, 0x84, 0xFE, 0x10, 0x84, 0xFC, 0x10, 0x84, 0xFA, 0x51,
  0x8C, 0xFE, 0x10, 0x84, 0x61, 0x00, 0x00, 0x00, 0xEF, 0x7B, 0x04, 0x00, 0x00, 0x00, 0xAA, 0x52,
  0x03, 0x00, 0x00, 0x00, 0xEF, 0x7B, 0x60, 0x51, 0x8C, 0xFF, 0x10, 0x84, 0xFD, 0x10, 0x84, 0xFC,
  0x10, 0x84, 0xFE, 0x10, 0x84, 0xFF, 0x10, 0x84, 0xFF, 0x10, 0x84, 0xFE, 0x10, 0x84, 0xFC, 0x10,
  0x84, 0xFB, 0x30, 0x84, 0xFE, 0x10, 0x84, 0x5D, 0x00, 0x00, 0x00, 0x00, 0x00, 0x00, 0x00, 0x00,
  0x00, 0xAA, 0x52, 0x03, 0x00, 0x00, 0x00, 0xEF, 0x7B, 0x44, 0x10, 0x84, 0xDE, 0x51, 0x8C, 0xFF,
  0x10, 0x84, 0xFF, 0x10, 0x84, 0xFC, 0x10, 0x84, 0xFD, 0x10, 0x84, 0xFE, 0x10, 0x84, 0xFE, 0x10,
  0x84, 0xFF, 0x10, 0x84, 0xFF, 0x10, 0x84, 0xFF, 0x10, 0x84, 0xFF, 0x10, 0x84, 0xFE, 0x10, 0x84,
  0xFD, 0x10, 0x84, 0xFD, 0x10, 0x84, 0xFC, 0x10, 0x84, 0xFF, 0x51, 0x8C, 0xFF, 0x10, 0x84, 0xD4,
  0x10, 0x84, 0x39, 0x00, 0x00, 0x00, 0xEF, 0x7B, 0x02, 0x00, 0x00, 0x00, 0x00, 0x00, 0x00, 0x00,
  0x00, 0x00, 0x00, 0x00, 0x00, 0x00, 0x00, 0x00, 0x00, 0x00, 0x00, 0x00, 0x00, 0x00, 0xFF, 0xFF,
  0x01, 0x00, 0x00, 0x01, 0xEF, 0x7B, 0x10, 0x10, 0x84, 0xDE, 0x30, 0x84, 0xFE, 0x10, 0x84, 0xFC,
  0x10, 0x84, 0xFF, 0x10, 0x84, 0xFF, 0x10, 0x84, 0xFF, 0x10, 0x84, 0xFE, 0x30, 0x84, 0xFF, 0x30,
  0x84, 0xFF, 0x30, 0x84, 0xFF, 0x10, 0x84, 0xFA, 0xEF, 0x7B, 0x30, 0x00, 0x00, 0x00, 0xEF, 0x7B,
  0x02, 0xFF, 0xFF, 0x01, 0x00, 0x00, 0x00, 0xEF, 0x7B, 0x10, 0x10, 0x84, 0xE5, 0x30, 0x84, 0xFE,
  0x10, 0x84, 0xFC, 0x10, 0x84, 0xFF, 0x10, 0x84, 0xFF, 0x10, 0x84, 0xFF, 0x10, 0x84, 0xFE, 0x10,
  0x84, 0xFF, 0x30, 0x84, 0xFF, 0x30, 0x84, 0xFF, 0x10, 0x84, 0xF4, 0xEF, 0x7B, 0x2C, 0x00, 0x00,
  0x00, 0x00, 0x00, 0x00, 0xAA, 0x52, 0x03, 0x00, 0x00, 0x00, 0xEF, 0x7B, 0x62, 0x30, 0x84, 0xF9,
  0x30, 0x84, 0xFF, 0x10, 0x84, 0xFC, 0x10, 0x84, 0xFE, 0x10, 0x84, 0xFF, 0x10, 0x84, 0xFF, 0x10,
  0x84, 0xFF, 0x10, 0x84, 0xFD, 0x10, 0x84, 0xFB, 0x10, 0x84, 0xFC, 0x10, 0x84, 0xFB, 0x10, 0x84,
  0xFB, 0x10, 0x84, 0xFD, 0x10, 0x84, 0xFF, 0x10, 0x84, 0xFF, 0x10, 0x84, 0xFF, 0x10, 0x84, 0xFE,
  0x10, 0x84, 0xFB, 0x30, 0x84, 0xFF, 0x30, 0x84, 0xF6, 0x10, 0x84, 0x5B, 0x00, 0x00, 0x00, 0xAA,
  0x52, 0x03, 0x00, 0x00, 0x00, 0x00, 0x00, 0x00, 0x00, 0x00, 0x00, 0x00, 0x00, 0x00, 0x00, 0x00,
  0x00, 0x00, 0x00, 0x00, 0xAA, 0x52, 0x03, 0x00, 0x00, 0x00, 0x10, 0x84, 0x4E, 0x30, 0x84, 0xFF,
  0x10, 0x84, 0xFD, 0x10, 0x84, 0xFF, 0x10, 0x84, 0xFF, 0x10, 0x84, 0xFF, 0x10, 0x84, 0xFF, 0x10,
  0x84, 0xFF, 0x10, 0x84, 0xE7, 0x10, 0x84, 0xC6, 0x10, 0x84, 0xDE, 0x10, 0x84, 0xD1, 0xEF, 0x7B,
  0x08, 0x00, 0x00, 0x00, 0x00, 0x00, 0x00, 0x55, 0xAD, 0x03, 0x00, 0x00, 0x00, 0x10, 0x84, 0x58,
  0x30, 0x84, 0xFF, 0x10, 0x84, 0xFD, 0x10, 0x84, 0xFF, 0x10, 0x84, 0xFF, 0x10, 0x84, 0xFF, 0x10,
  0x84, 0xFF, 0x30, 0x84, 0xFF, 0x10, 0x84, 0xE9, 0x10, 0x84, 0xC6, 0x10, 0x84, 0xDF, 0x10, 0x84,
  0xCD, 0xEF, 0x7B, 0x02, 0x00, 0x00, 0x00, 0x55, 0xAD, 0x03, 0x00, 0x00, 0x00, 0x10, 0x84, 0x4D,
  0x30, 0x84, 0xFF, 0x10, 0x84, 0xFF, 0x10, 0x84, 0xFC, 0x10, 0x84, 0xFF, 0x10, 0x84, 0xFF, 0x10,
  0x84, 0xFF, 0x10, 0x84, 0xFD, 0x10, 0x84, 0xFD, 0x30, 0x84, 0xFF, 0x51, 0x8C, 0xFF, 0x51, 0x8C,
  0xFF, 0x51, 0x8C, 0xFF, 0x51, 0x8C, 0xFF, 0x30, 0x84, 0xFF, 0x10, 0x84, 0xFD, 0x10, 0x84, 0xFD,
  0x10, 0x84, 0xFF, 0x10, 0x84, 0xFF, 0x10, 0x84, 0xFF, 0x10, 0x84, 0xFC, 0x10, 0x84, 0xFF, 0x30,
  0x84, 0xF9, 0x10, 0x84, 0x41, 0x00, 0x00, 0x00, 0xEF, 0x7B, 0x02, 0x00, 0x00, 0x00, 0x00, 0x00,
  0x00, 0x00, 0x00, 0x00, 0x00, 0x00, 0x00, 0x00, 0x00, 0x00, 0x55, 0xAD, 0x03, 0x00, 0x00, 0x00,
  0x10, 0x84, 0x87, 0x30, 0x84, 0xFE, 0x10, 0x84, 0xFC, 0x10, 0x84, 0xFF, 0x10, 0x84, 0xFF, 0x10,
  0x84, 0xFC, 0x51, 0x8C, 0xFF, 0x10, 0x84, 0x9C, 0xEF, 0x7B, 0x0E, 0xEF, 0x7B, 0x04, 0x8E, 0x73,
  0x09, 0x30, 0x84, 0x13, 0x00, 0x00, 0x00, 0x00, 0x00, 0x00, 0x00, 0x00, 0x00, 0xEF, 0x7B, 0x04,
  0x00, 0x00, 0x00, 0xEF, 0x7B, 0x92, 0x51, 0x8C, 0xFE, 0x10, 0x84, 0xFC, 0x10, 0x84, 0xFF, 0x10,
  0x84, 0xFF, 0x10, 0x84, 0xFE, 0x30, 0x84, 0xFF, 0x10, 0x84, 0x99, 0xCF, 0x7B, 0x11, 0xEF, 0x7B,
  0x04, 0x8E, 0x73, 0x09, 0x30, 0x84, 0x17, 0xFF, 0xFF, 0x01, 0xEF, 0x7B, 0x02, 0x00, 0x00, 0x00,
  0x10, 0x84, 0x21, 0x10, 0x84, 0xE8, 0x10, 0x84, 0xFE, 0x10, 0x84, 0xFD, 0x10, 0x84, 0xFF, 0x10,
  0x84, 0xFF, 0x10, 0x84, 0xFF, 0x10, 0x84, 0xFD, 0x30, 0x84, 0xFF, 0x30, 0x84, 0xFF, 0x10, 0x84,
  0xD7, 0x10, 0x84, 0xAA, 0x10, 0x84, 0x96, 0x10, 0x84, 0x99, 0x10, 0x84, 0xAF, 0x10, 0x84, 0xDB,
  0x30, 0x84, 0xFF, 0x30, 0x84, 0xFF, 0x10, 0x84, 0xFC, 0x10, 0x84, 0xFF, 0x10, 0x84, 0xFF, 0x10,
  0x84, 0xFF, 0x10, 0x84, 0xFC, 0x30, 0x84, 0xFF, 0x10, 0x84, 0xE3, 0xEF, 0x7B, 0x18, 0xFF, 0xFF,
  0x01, 0x00, 0x00, 0x02, 0x00, 0x00, 0x00, 0x00, 0x00, 0x00, 0x00, 0x00, 0x00, 0xEF, 0x7B, 0x02,
  0xEF, 0x7B, 0x06, 0xEF, 0x7B, 0x02, 0x10, 0x84, 0xA2, 0x51, 0x8C, 0xFF, 0x10, 0x84, 0xFC, 0x10,
  0x84, 0xFF, 0x10, 0x84, 0xFE, 0x10, 0x84, 0xFF, 0x10, 0x84, 0xF2, 0xEF, 0x7B, 0x24, 0x00, 0x00,
  0x00, 0x55, 0xAD, 0x03, 0x00, 0x00, 0x00, 0x00, 0x00, 0x00, 0x00, 0x00, 0x00, 0x00, 0x00, 0x00,
  0xEF, 0x7B, 0x02, 0xEF, 0x7B, 0x06, 0xEF, 0x7B, 0x02, 0x10, 0x84, 0xAA, 0x51, 0x8C, 0xFF, 0x10,
  0x84, 0xFB, 0x10, 0x84, 0xFF, 0x10, 0x84, 0xFE, 0x10, 0x84, 0xFF, 0x10, 0x84, 0xF4, 0x30, 0x84,
  0x19, 0x00, 0x00, 0x00, 0xAA, 0x52, 0x03, 0x00, 0x00, 0x00, 0x00, 0x00, 0x00, 0x00, 0x00, 0x00,
  0xEF, 0x7B, 0x02, 0xEF, 0x7B, 0x02, 0xEF, 0x7B, 0xB4, 0x51, 0x8C, 0xFF, 0x10, 0x84, 0xFB, 0x10,
  0x84, 0xFF, 0x10, 0x84, 0xFF, 0x10, 0x84, 0xFF, 0x10, 0x84, 0xFD, 0x30, 0x84, 0xFF, 0x10, 0x84,
  0xD7, 0x10, 0x84, 0x53, 0x51, 0x8C, 0x0F, 0x00, 0x00, 0x00, 0x00, 0x00, 0x00, 0x00, 0x00, 0x00,
  0x00, 0x00, 0x00, 0xCF, 0x7B, 0x13, 0xEF, 0x7B, 0x54, 0x10, 0x84, 0xD8, 0x30, 0x84, 0xFF, 0x10,
  0x84, 0xFD, 0x10, 0x84, 0xFF, 0x10, 0x84, 0xFF, 0x10, 0x84, 0xFF, 0x10, 0x84, 0xFB, 0x51, 0x8C,
  0xFF, 0x10, 0x84, 0x9F, 0x00, 0x00, 0x00, 0xEF, 0x7B, 0x02, 0x00, 0x00, 0x00, 0x00, 0x00, 0x00,
  0x00, 0x00, 0x00, 0x00, 0x00, 0x00, 0x00, 0x00, 0x00, 0x00, 0x00, 0x00, 0x10, 0x84, 0x9F, 0x51,
  0x8C, 0xFF, 0x10, 0x84, 0xFC, 0x10, 0x84, 0xFF, 0x10, 0x84, 0xFE, 0x30, 0x84, 0xFF, 0x10, 0x84,
  0xE6, 0x92, 0x94, 0x07, 0x00, 0x00, 0x00, 0x00, 0x00, 0x00, 0x00, 0x00, 0x00, 0x00, 0x00, 0x00,
  0x00, 0x00, 0x00, 0x00, 0x00, 0x00, 0x00, 0x00, 0x00, 0x00, 0x00, 0x00, 0x00, 0x00, 0x00, 0x10,
  0x84, 0xB1, 0x51, 0x8C, 0xFF, 0x10, 0x84, 0xFB, 0x10, 0x84, 0xFF, 0x10, 0x84, 0xFE, 0x30, 0x84,
  0xFF, 0x10, 0x84, 0xE9, 0x00, 0x00, 0x00, 0x00, 0x00, 0x00, 0x00, 0x00, 0x00, 0x00, 0x00, 0x00,
  0x00, 0x00, 0x00, 0x00, 0x00, 0x00, 0x00, 0x00, 0x00, 0x10, 0x84, 0x43, 0x30, 0x84, 0xFE, 0x10,
  0x84, 0xFC, 0x10, 0x84, 0xFF, 0x10, 0x84, 0xFF, 0x10, 0x84, 0xFF, 0x10, 0x84, 0xFD, 0x51, 0x8C,
  0xFF, 0x10, 0x84, 0xAE, 0x51, 0x8C, 0x0F, 0x00, 0x00, 0x00, 0x00, 0x00, 0x00, 0x55, 0xAD, 0x03,
  0xEF, 0x7B, 0x04, 0xEF, 0x7B, 0x04, 0x55, 0xAD, 0x03, 0x00, 0x00, 0x00, 0x00, 0x00, 0x00, 0xEF,
  0x7B, 0x14, 0x10, 0x84, 0xB0, 0x30, 0x84, 0xFF, 0x10, 0x84, 0xFD, 0x10, 0x84, 0xFF, 0x10, 0x84,
  0xFF, 0x10, 0x84, 0xFE, 0x10, 0x84, 0xFD, 0x10, 0x84, 0xFB, 0xEF, 0x7B, 0x30, 0x00, 0x00, 0x00,
  0xAA, 0x52, 0x03, 0x00, 0x00, 0x00, 0xEF, 0x7B, 0x02, 0x30, 0x84, 0x19, 0xEF, 0x7B, 0x1E, 0x30,
  0x84, 0x19, 0x10, 0x84, 0xAC, 0x51, 0x8C, 0xFF, 0x10, 0x84, 0xFC, 0x10, 0x84, 0xFF, 0x10, 0x84,
  0xFE, 0x30, 0x84, 0xFF, 0x10, 0x84, 0xE9, 0x10, 0x84, 0x25, 0xEF, 0x7B, 0x1A, 0xCF, 0x7B, 0x1B,
  0xEF, 0x7B, 0x1C, 0x30, 0x84, 0x15, 0x00, 0x00, 0x00, 0xEF, 0x7B, 0x04, 0x30, 0x84, 0x19, 0xEF,
  0x7B, 0x1C, 0xEF, 0x7B, 0x1A, 0x10, 0x84, 0xBD, 0x51, 0x8C, 0xFF, 0x10, 0x84, 0xFB, 0x10, 0x84,
  0xFF, 0x10, 0x84, 0xFE, 0x30, 0x84, 0xFF, 0x10, 0x84, 0xEC, 0x10, 0x84, 0x1F, 0xEF, 0x7B, 0x1A,
  0xCF, 0x7B, 0x1B, 0xEF, 0x7B, 0x1C, 0x30, 0x84, 0x13, 0x00, 0x00, 0x00, 0x00, 0x00, 0x00, 0x10,
  0x84, 0xAF, 0x51, 0x8C, 0xFF, 0x10, 0x84, 0xFD, 0x10, 0x84, 0xFF, 0x10, 0x84, 0xFF, 0x10, 0x84,
  0xFC, 0x30, 0x84, 0xFF, 0x10, 0x84, 0xD4, 0x51, 0x8C, 0x0D, 0x00, 0x00, 0x00, 0xEF, 0x7B, 0x04,
  0xFF, 0xFF, 0x01, 0x00, 0x00, 0x00, 0x00, 0x00, 0x00, 0x00, 0x00, 0x00, 0x00, 0x00, 0x00, 0xFF,
  0xFF, 0x01, 0xEF, 0x7B, 0x04, 0x00, 0x00, 0x00, 0xEF, 0x7B, 0x0C, 0x10, 0x84, 0xD5, 0x30, 0x84,
  0xFF, 0x10, 0x84, 0xFD, 0x10, 0x84, 0xFF, 0x10, 0x84, 0xFF, 0x10, 0x84, 0xFC, 0x51, 0x8C, 0xFF,
  0x10, 0x84, 0xA2, 0x00, 0x00, 0x00, 0xAA, 0x52, 0x03, 0x00, 0x00, 0x00, 0x30, 0x84, 0x19, 0x10,
  0x84, 0xE3, 0x10, 0x84, 0xED, 0x10, 0x84, 0xE9, 0x10, 0x84, 0xFA, 0x10, 0x84, 0xFF, 0x10, 0x84,
  0xFF, 0x10, 0x84, 0xFF, 0x10, 0x84, 0xFF, 0x10, 0x84, 0xFF, 0x10, 0x84, 0xFC, 0x10, 0x84, 0xEB,
  0x10, 0x84, 0xEC, 0x10, 0x84, 0xEA, 0x30, 0x84, 0xEF, 0x10, 0x84, 0xBA, 0x00, 0x00, 0x00, 0x10,
  0x84, 0x23, 0x10, 0x84, 0xE2, 0x10, 0x84, 0xEC, 0x10, 0x84, 0xEB, 0x10, 0x84, 0xFA, 0x10, 0x84,
  0xFF, 0x10, 0x84, 0xFF, 0x10, 0x84, 0xFF, 0x10, 0x84, 0xFF, 0x10, 0x84, 0xFF, 0x10, 0x84, 0xFE,
  0x10, 0x84, 0xEC, 0x10, 0x84, 0xEC, 0x10, 0x84, 0xEA, 0x30, 0x84, 0xEF, 0x10, 0x84, 0xAD, 0x00,
  0x00, 0x00, 0xCF, 0x7B, 0x1D, 0x10, 0x84, 0xED, 0x30, 0x84, 0xFF, 0x10, 0x84, 0xFE, 0x10, 0x84,
  0xFF, 0x10, 0x84, 0xFE, 0x10, 0x84, 0xFD, 0x30, 0x84, 0xFC, 0x10, 0x84, 0x45, 0x00, 0x00, 0x00,
  0xEF, 0x7B, 0x04, 0x00, 0x00, 0x00, 0x00, 0x00, 0x00, 0x00, 0x00, 0x00, 0x00, 0x00, 0x00, 0x00,
  0x00, 0x00, 0x00, 0x00, 0x00, 0x00, 0x00, 0x00, 0x00, 0x00, 0x00, 0xEF, 0x7B, 0x04, 0x00, 0x00,
  0x00, 0xEF, 0x7B, 0x48, 0x30, 0x84, 0xFE, 0x10, 0x84, 0xFD, 0x10, 0x84, 0xFF, 0x10, 0x84, 0xFF,
  0x10, 0x84, 0xFE, 0x10, 0x84, 0xFE, 0x10, 0x84, 0xEF, 0x30, 0x84, 0x19, 0x00, 0x00, 0x00, 0x00,
  0x00, 0x00, 0xEF, 0x7B, 0x1E, 0x10, 0x84, 0xFA, 0x30, 0x84, 0xFF, 0x10, 0x84, 0xFF, 0x10, 0x84,
  0xFF, 0x10, 0x84, 0xFF, 0x10, 0x84, 0xFF, 0x10, 0x84, 0xFF, 0x10, 0x84, 0xFF, 0x10, 0x84, 0xFF,
  0x10, 0x84, 0xFF, 0x10, 0x84, 0xFF, 0x10, 0x84, 0xFF, 0x10, 0x84, 0xFF, 0x51, 0x8C, 0xFF, 0x10,
  0x84, 0xCA, 0x00, 0x00, 0x00, 0xEF, 0x7B, 0x27, 0x10, 0x84, 0xF9, 0x30, 0x84, 0xFF, 0x10, 0x84,
  0xFF, 0x10, 0x84, 0xFF, 0x10, 0x84, 0xFF, 0x10, 0x84, 0xFF, 0x10, 0x84, 0xFF, 0x10, 0x84, 0xFF,
  0x10, 0x84, 0xFF, 0x10, 0x84, 0xFF, 0x10, 0x84, 0xFF, 0x10, 0x84, 0xFF, 0x10, 0x84, 0xFF, 0x51,
  0x8C, 0xFF, 0x10, 0x84, 0xBE, 0x00, 0x00, 0x00, 0x10, 0x84, 0x64, 0x30, 0x84, 0xFE, 0x10, 0x84,
  0xFD, 0x10, 0x84, 0xFF, 0x10, 0x84, 0xFF, 0x10, 0x84, 0xFC, 0x51, 0x8C, 0xFF, 0x10, 0x84, 0xBF,
  0x00, 0x00, 0x00, 0xAA, 0x52, 0x03, 0x00, 0x00, 0x01, 0x00, 0x00, 0x00, 0x00, 0x00, 0x00, 0x00,
  0x00, 0x00, 0x00, 0x00, 0x00, 0x00, 0x00, 0x00, 0x00, 0x00, 0x00, 0x00, 0x00, 0x00, 0x00, 0x00,
  0x00, 0x00, 0x00, 0x01, 0x00, 0x00, 0x01, 0x00, 0x00, 0x00, 0xEF, 0x7B, 0xC6, 0x30, 0x84, 0xFF,
  0x10, 0x84, 0xFC, 0x10, 0x84, 0xFF, 0x10, 0x84, 0xFF, 0x10, 0x84, 0xFD, 0x30, 0x84, 0xFF, 0x10,
  0x84, 0x54, 0x00, 0x00, 0x00, 0x00, 0x00, 0x00, 0x10, 0x84, 0x1D, 0x10, 0x84, 0xF3, 0x10, 0x84,
  0xFC, 0x10, 0x84, 0xFB, 0x10, 0x84, 0xFE, 0x10, 0x84, 0xFF, 0x10, 0x84, 0xFF, 0x10, 0x84, 0xFF,
  0x10, 0x84, 0xFF, 0x10, 0x84, 0xFF, 0x10, 0x84, 0xFF, 0x10, 0x84, 0xFC, 0x10, 0x84, 0xFC, 0x10,
  0x84, 0xFA, 0x30, 0x84, 0xFC, 0x10, 0x84, 0xC5, 0x00, 0x00, 0x00, 0x10, 0x84, 0x25, 0x10, 0x84,
  0xF2, 0x10, 0x84, 0xFC, 0x10, 0x84, 0xFB, 0x10, 0x84, 0xFE, 0x10, 0x84, 0xFF, 0x10, 0x84, 0xFF,
  0x10, 0x84, 0xFF, 0x10, 0x84, 0xFF, 0x10, 0x84, 0xFF, 0x10, 0x84, 0xFF, 0x10, 0x84, 0xFC, 0x10,
  0x84, 0xFC, 0x10, 0x84, 0xFA, 0x30, 0x84, 0xFC, 0x10, 0x84, 0xB9, 0x00, 0x00, 0x00, 0x10, 0x84,
  0x9F, 0x51, 0x8C, 0xFF, 0x10, 0x84, 0xFC, 0x10, 0x84, 0xFF, 0x10, 0x84, 0xFF, 0x10, 0x84, 0xFC,
  0x51, 0x8C, 0xFF, 0x10, 0x84, 0x6D, 0x00, 0x00, 0x00, 0xEF, 0x7B, 0x04, 0x00, 0x00, 0x00, 0x00,
  0x00, 0x00, 0x00, 0x00, 0x00, 0x00, 0x00, 0x00, 0x00, 0x00, 0x00, 0x00, 0x00, 0x00, 0x00, 0x00,
  0x00, 0x00, 0x00, 0x00, 0x00, 0x00, 0x00, 0x00, 0x00, 0x00, 0xEF, 0x7B, 0x04, 0x00, 0x00, 0x00,
  0x10, 0x84, 0x75, 0x51, 0x8C, 0xFF, 0x10, 0x84, 0xFB, 0x10, 0x84, 0xFF, 0x10, 0x84, 0xFF, 0x10,
  0x84, 0xFC, 0x51, 0x8C, 0xFE, 0x10, 0x84, 0x8D, 0x00, 0x00, 0x00, 0x00, 0x00, 0x00, 0xEF, 0x7B,
  0x1E, 0x10, 0x84, 0xFD, 0x30, 0x84, 0xFF, 0x30, 0x84, 0xFF, 0x10, 0x84, 0xFF, 0x10, 0x84, 0xFF,
  0x10, 0x84, 0xFF, 0x10, 0x84, 0xFF, 0x10, 0x84, 0xFF, 0x10, 0x84, 0xFF, 0x10, 0x84, 0xFF, 0x30,
  0x84, 0xFF, 0x30, 0x84, 0xFF, 0x10, 0x84, 0xFF, 0x51, 0x8C, 0xFF, 0x10, 0x84, 0xCD, 0x00, 0x00,
  0x00, 0x10, 0x84, 0x27, 0x10, 0x84, 0xFC, 0x30, 0x84, 0xFF, 0x30, 0x84, 0xFF, 0x10, 0x84, 0xFF,
  0x10, 0x84, 0xFF, 0x10, 0x84, 0xFF, 0x10, 0x84, 0xFF, 0x10, 0x84, 0xFF, 0x10, 0x84, 0xFF, 0x10,
  0x84, 0xFF, 0x30, 0x84, 0xFF, 0x30, 0x84, 0xFF, 0x10, 0x84, 0xFF, 0x51, 0x8C, 0xFF, 0x10, 0x84,
  0xC0, 0x00, 0x00, 0x00, 0x10, 0x84, 0xC6, 0x30, 0x84, 0xFF, 0x10, 0x84, 0xFD, 0x10, 0x84, 0xFF,
  0x10, 0x84, 0xFF, 0x10, 0x84, 0xFE, 0x30, 0x84, 0xFC, 0x10, 0x84, 0x2F, 0x00, 0x00, 0x00, 0xEF,
  0x7B, 0x02, 0x00, 0x00, 0x00, 0x00, 0x00, 0x00, 0x00, 0x00, 0x00, 0x00, 0x00, 0x00, 0x00, 0x00,
  0x00, 0x00, 0x00, 0x00, 0x00, 0x00, 0x00, 0x00, 0x00, 0x00, 0x00, 0x00, 0x00, 0x00, 0x00, 0x00,
  0xAA, 0x52, 0x03, 0x00, 0x00, 0x00, 0xEF, 0x7B, 0x40, 0x10, 0x84, 0xFD, 0x10, 0x84, 0xFE, 0x10,
  0x84, 0xFE, 0x10, 0x84, 0xFF, 0x10, 0x84, 0xFC, 0x51, 0x8C, 0xFF, 0x10, 0x84, 0xB8, 0x00, 0x00,
  0x00, 0x00, 0x00, 0x00, 0x51, 0x8C, 0x1A, 0x10, 0x84, 0xD9, 0x10, 0x84, 0xE1, 0x10, 0x84, 0xDD,
  0x10, 0x84, 0xF5, 0x10, 0x84, 0xFF, 0x10, 0x84, 0xFF, 0x10, 0x84, 0xFF, 0x10, 0x84, 0xFF, 0x10,
  0x84, 0xFF, 0x10, 0x84, 0xFC, 0x10, 0x84, 0xE2, 0x10, 0x84, 0xE1, 0x10, 0x84, 0xDF, 0x30, 0x84,
  0xE2, 0x10, 0x84, 0xAF, 0x00, 0x00, 0x00, 0xEF, 0x7B, 0x20, 0x10, 0x84, 0xD8, 0x10, 0x84, 0xE2,
  0x10, 0x84, 0xDE, 0x10, 0x84, 0xF5, 0x10, 0x84, 0xFF, 0x10, 0x84, 0xFF, 0x10, 0x84, 0xFF, 0x10,
  0x84, 0xFF, 0x10, 0x84, 0xFF, 0x10, 0x84, 0xFD, 0x10, 0x84, 0xE1, 0x10, 0x84, 0xE1, 0x10, 0x84,
  0xDF, 0x30, 0x84, 0xE2, 0x10, 0x84, 0xA6, 0x00, 0x00, 0x00, 0x10, 0x84, 0xDD, 0x10, 0x84, 0xFF,
  0x10, 0x84, 0xFE, 0x10, 0x84, 0xFF, 0x10, 0x84, 0xFE, 0x10, 0x84, 0xFF, 0x10, 0x84, 0xEB, 0x51,
  0x8C, 0x18, 0x00, 0x00, 0x00, 0xEF, 0x7B, 0x02, 0x00, 0x00, 0x00, 0x00, 0x00, 0x00, 0x00, 0x00,
  0x00, 0x00, 0x00, 0x00, 0x00, 0x00, 0x00, 0x00, 0x00, 0x00, 0x00, 0x00, 0x00, 0x00, 0x00, 0x00,
  0x00, 0x00, 0x00, 0x00, 0x00, 0x00, 0xFF, 0xFF, 0x01, 0x00, 0x00, 0x00, 0xCF, 0x7B, 0x19, 0x10,
  0x84, 0xEC, 0x30, 0x84, 0xFF, 0x10, 0x84, 0xFE, 0x10, 0x84, 0xFF, 0x10, 0x84, 0xFD, 0x30, 0x84,
  0xFF, 0x10, 0x84, 0xCE, 0xEF, 0x7B, 0x06, 0x00, 0x00, 0x00, 0xEF, 0x7B, 0x04, 0xEF, 0x7B, 0x14,
  0xCF, 0x7B, 0x19, 0xCF, 0x7B, 0x11, 0x10, 0x84, 0xAA, 0x51, 0x8C, 0xFF, 0x10, 0x84, 0xFC, 0x10,
  0x84, 0xFF, 0x10, 0x84, 0xFE, 0x30, 0x84, 0xFF, 0x10, 0x84, 0xE9, 0x30, 0x84, 0x20, 0xCF, 0x7B,
  0x15, 0xCF, 0x7B, 0x15, 0xEF, 0x7B, 0x16, 0x51, 0x8C, 0x0F, 0x00, 0x00, 0x00, 0xEF, 0x7B, 0x02,
  0xEF, 0x7B, 0x14, 0x30, 0x84, 0x17, 0xEF, 0x7B, 0x12, 0x10, 0x84, 0xB9, 0x51, 0x8C, 0xFF, 0x10,
  0x84, 0xFC, 0x10, 0x84, 0xFF, 0x10, 0x84, 0xFE, 0x30, 0x84, 0xFF, 0x10, 0x84, 0xEC, 0x30, 0x84,
  0x19, 0xCF, 0x7B, 0x15, 0xCF, 0x7B, 0x15, 0xEF, 0x7B, 0x16, 0xCF, 0x7B, 0x11, 0x00, 0x00, 0x00,
  0x10, 0x84, 0xF5, 0x10, 0x84, 0xFF, 0x10, 0x84, 0xFF, 0x10, 0x84, 0xFF, 0x10, 0x84, 0xFD, 0x30,
  0x84, 0xFF, 0x10, 0x84, 0xD5, 0x51, 0x8C, 0x0D, 0x00, 0x00, 0x00, 0xFF, 0xFF, 0x01, 0x00, 0x00,
  0x00, 0x00, 0x00, 0x00, 0x00, 0x00, 0x00, 0x00, 0x00, 0x00, 0x00, 0x00, 0x00, 0x00, 0x00, 0x00,
  0x00, 0x00, 0x00, 0x00, 0x00, 0x00, 0x00, 0x00, 0x00, 0x00, 0x00, 0x00, 0x00, 0x00, 0x01, 0x00,
  0x00, 0x00, 0x92, 0x94, 0x07, 0x10, 0x84, 0xE4, 0x30, 0x84, 0xFF, 0x10, 0x84, 0xFD, 0x10, 0x84,
  0xFF, 0x10, 0x84, 0xFD, 0x30, 0x84, 0xFF, 0x10, 0x84, 0xDA, 0x30, 0x84, 0x11, 0x00, 0x00, 0x00,
  0x00, 0x00, 0x00, 0x00, 0x00, 0x00, 0x00, 0x00, 0x00, 0x00, 0x00, 0x00, 0x10, 0x84, 0xA0, 0x51,
  0x8C, 0xFF, 0x10, 0x84, 0xFC, 0x10, 0x84, 0xFF, 0x10, 0x84, 0xFE, 0x30, 0x84, 0xFF, 0x10, 0x84,
  0xE7, 0x71, 0x8C, 0x09, 0x00, 0x00, 0x00, 0x00, 0x00, 0x00, 0x00, 0x00, 0x00, 0x00, 0x00, 0x00,
  0x00, 0x00, 0x00, 0x00, 0x00, 0x00, 0x00, 0x00, 0x00, 0x00, 0x00, 0x00, 0x00, 0x00, 0x00, 0x10,
  0x84, 0xB3, 0x51, 0x8C, 0xFF, 0x10, 0x84, 0xFB, 0x10, 0x84, 0xFF, 0x10, 0x84, 0xFE, 0x30, 0x84,
  0xFF, 0x10, 0x84, 0xEA, 0xFF, 0xFF, 0x01, 0x00, 0x00, 0x00, 0x00, 0x00, 0x00, 0x00, 0x00, 0x00,
  0x00, 0x00, 0x00, 0x00, 0x00, 0x00, 0x10, 0x84, 0xFF, 0x10, 0x84, 0xFF, 0x10, 0x84, 0xFF, 0x10,
  0x84, 0xFF, 0x10, 0x84, 0xFD, 0x30, 0x84, 0xFF, 0x10, 0x84, 0xCF, 0xEF, 0x7B, 0x0A, 0x00, 0x00,
  0x00, 0xFF, 0xFF, 0x01, 0x00, 0x00, 0x00, 0x00, 0x00, 0x00, 0x00, 0x00, 0x00, 0x00, 0x00, 0x00,
  0x00, 0x00, 0x00, 0x00, 0x00, 0x00, 0x00, 0x00, 0x00, 0x00, 0x00, 0x00, 0x00, 0x00, 0x00, 0x00,
  0x00, 0x00, 0x00, 0x00, 0x00, 0x00, 0x00, 0x00, 0x00, 0x00, 0x00, 0x10, 0x84, 0xE1, 0x30, 0x84,
  0xFF, 0x10, 0x84, 0xFD, 0x10, 0x84, 0xFF, 0x10, 0x84, 0xFD, 0x30, 0x84, 0xFF, 0x10, 0x84, 0xE1,
  0x30, 0x84, 0x17, 0x00, 0x00, 0x00, 0xEF, 0x7B, 0x02, 0xFF, 0xFF, 0x01, 0xD3, 0x9C, 0x05, 0xFF,
  0xFF, 0x01, 0x10, 0x84, 0xA3, 0x51, 0x8C, 0xFF, 0x10, 0x84, 0xFC, 0x10, 0x84, 0xFF, 0x10, 0x84,
  0xFE, 0x30, 0x84, 0xFF, 0x10, 0x84, 0xE7, 0x92, 0x94, 0x0E, 0xFF, 0xFF, 0x01, 0xEF, 0x7B, 0x02,
  0xFF, 0xFF, 0x01, 0xFF, 0xFF, 0x01, 0x00, 0x00, 0x00, 0x00, 0x00, 0x00, 0xFF, 0xFF, 0x01, 0x55,
  0xAD, 0x03, 0xFF, 0xFF, 0x01, 0x10, 0x84, 0xB4, 0x51, 0x8C, 0xFF, 0x10, 0x84, 0xFB, 0x10, 0x84,
  0xFF, 0x10, 0x84, 0xFE, 0x30, 0x84, 0xFF, 0x10, 0x84, 0xEA, 0x55, 0xAD, 0x06, 0xFF, 0xFF, 0x01,
  0xEF, 0x7B, 0x02, 0xFF, 0xFF, 0x01, 0xFF, 0xFF, 0x01, 0x00, 0x00, 0x00, 0x10, 0x84, 0xFF, 0x10,
  0x84, 0xFF, 0x10, 0x84, 0xFF, 0x10, 0x84, 0xFF, 0x10, 0x84, 0xFD, 0x30, 0x84, 0xFF, 0x10, 0x84,
  0xD0, 0xEF, 0x7B, 0x0A, 0x00, 0x00, 0x00, 0xFF, 0xFF, 0x01, 0x00, 0x00, 0x00, 0x00, 0x00, 0x00,
  0x00, 0x00, 0x00, 0x00, 0x00, 0x00, 0x00, 0x00, 0x00, 0x00, 0x00, 0x00, 0x00, 0x00, 0x00, 0x00,
  0x00, 0x00, 0x00, 0x00, 0x00, 0x00, 0x00, 0x00, 0x00, 0x00, 0x00, 0x00, 0x00, 0x00, 0x00, 0x00,
  0x00, 0x10, 0x84, 0xE1, 0x30, 0x84, 0xFF, 0x10, 0x84, 0xFD, 0x10, 0x84, 0xFF, 0x10, 0x84, 0xFD,
  0x30, 0x84, 0xFF, 0x10, 0x84, 0xE1, 0x30, 0x84, 0x17, 0x00, 0x00, 0x00, 0xEF, 0x7B, 0x02, 0x00,
  0x00, 0x00, 0xEF, 0x7B, 0x04, 0x00, 0x00, 0x00, 0x10, 0x84, 0xA2, 0x51, 0x8C, 0xFF, 0x10, 0x84,
  0xFC, 0x10, 0x84, 0xFF, 0x10, 0x84, 0xFE, 0x30, 0x84, 0xFF, 0x10, 0x84, 0xE7, 0x51, 0x8C, 0x0D,
  0x00, 0x00, 0x00, 0x00, 0x00, 0x01, 0x00, 0x00, 0x00, 0x00, 0x00, 0x00, 0x00, 0x00, 0x00, 0x00,
  0x00, 0x00, 0x00, 0x00, 0x00, 0xEF, 0x7B, 0x02, 0x00, 0x00, 0x00, 0x10, 0x84, 0xB4, 0x51, 0x8C,
  0xFF, 0x10, 0x84, 0xFB, 0x10, 0x84, 0xFF, 0x10, 0x84, 0xFE, 0x30, 0x84, 0xFF, 0x10, 0x84, 0xEA,
  0xD3, 0x9C, 0x05, 0x00, 0x00, 0x00, 0x00, 0x00, 0x01, 0x00, 0x00, 0x00, 0x00, 0x00, 0x00, 0x00,
  0x00, 0x00, 0x10, 0x84, 0xF2, 0x10, 0x84, 0xFF, 0x10, 0x84, 0xFE, 0x10, 0x84, 0xFF, 0x10, 0x84,
  0xFD, 0x30, 0x84, 0xFF, 0x10, 0x84, 0xD6, 0xEF, 0x7B, 0x0E, 0x00, 0x00, 0x00, 0xFF, 0xFF, 0x01,
  0x00, 0x00, 0x00, 0x00, 0x00, 0x00, 0x00, 0x00, 0x00, 0x00, 0x00, 0x00, 0x00, 0x00, 0x00, 0x00,
  0x00, 0x00, 0x00, 0x00, 0x00, 0x00, 0x00, 0x00, 0x00, 0x00, 0x00, 0x00, 0x00, 0x00, 0x00, 0x00,
  0x01, 0x00, 0x00, 0x00, 0x8E, 0x73, 0x09, 0x10, 0x84, 0xE5, 0x30, 0x84, 0xFF, 0x10, 0x84, 0xFD,
  0x10, 0x84, 0xFF, 0x10, 0x84, 0xFD, 0x30, 0x84, 0xFF, 0x10, 0x84, 0xD6, 0x51, 0x8C, 0x0D, 0x00,
  0x00, 0x00, 0xFF, 0xFF, 0x01, 0x00, 0x00, 0x00, 0xEF, 0x7B, 0x04, 0x00, 0x00, 0x00, 0x10, 0x84,
  0xA2, 0x51, 0x8C, 0xFF, 0x10, 0x84, 0xFC, 0x10, 0x84, 0xFF, 0x10, 0x84, 0xFE, 0x30, 0x84, 0xFF,
  0x10, 0x84, 0xE7, 0x51, 0x8C, 0x0D, 0x00, 0x00, 0x00, 0x00, 0x00, 0x01, 0x00, 0x00, 0x00, 0x00,
  0x00, 0x00, 0x00, 0x00, 0x00, 0x00, 0x00, 0x00, 0x00, 0x00, 0x00, 0xEF, 0x7B, 0x02, 0x00, 0x00,
  0x00, 0x10, 0x84, 0xB4, 0x51, 0x8C, 0xFF, 0x10, 0x84, 0xFB, 0x10, 0x84, 0xFF, 0x10, 0x84, 0xFE,
  0x30, 0x84, 0xFF, 0x10, 0x84, 0xEA, 0xD3, 0x9C, 0x05, 0x00, 0x00, 0x00, 0x00, 0x00, 0x01, 0x00,
  0x00, 0x00, 0x00, 0x00, 0x00, 0x00, 0x00, 0x00, 0x10, 0x84, 0xDE, 0x10, 0x84, 0xFF, 0x10, 0x84,
  0xFE, 0x10, 0x84, 0xFF, 0x10, 0x84, 0xFE, 0x10, 0x84, 0xFF, 0x10, 0x84, 0xF0, 0x51, 0x8C, 0x1A,
  0x00, 0x00, 0x00, 0xEF, 0x7B, 0x02, 0x00, 0x00, 0x00, 0x00, 0x00, 0x00, 0x00, 0x00, 0x00, 0x00,
  0x00, 0x00, 0x00, 0x00, 0x00, 0x00, 0x00, 0x00, 0x00, 0x00, 0x00, 0x00, 0x00, 0x00, 0x00, 0x00,
  0x00, 0x00, 0x00, 0x00, 0xFF, 0xFF, 0x01, 0x00, 0x00, 0x00, 0xCF, 0x7B, 0x1F, 0x10, 0x84, 0xEF,
  0x10, 0x84, 0xFF, 0x10, 0x84, 0xFE, 0x10, 0x84, 0xFF, 0x10, 0x84, 0xFC, 0x30, 0x84, 0xFF, 0x10,
  0x84, 0xCB, 0xEF, 0x7B, 0x02, 0x00, 0x00, 0x00, 0x00, 0x00, 0x01, 0x00, 0x00, 0x00, 0xEF, 0x7B,
  0x04, 0x00, 0x00, 0x00, 0x10, 0x84, 0xA2, 0x51, 0x8C, 0xFF, 0x10, 0x84, 0xFC, 0x10, 0x84, 0xFF,
  0x10, 0x84, 0xFE, 0x30, 0x84, 0xFF, 0x10, 0x84, 0xE7, 0x51, 0x8C, 0x0D, 0x00, 0x00, 0x00, 0x00,
  0x00, 0x01, 0x00, 0x00, 0x00, 0x00, 0x00, 0x00, 0x00, 0x00, 0x00, 0x00, 0x00, 0x00, 0x00, 0x00,
  0x00, 0xEF, 0x7B, 0x02, 0x00, 0x00, 0x00, 0x10, 0x84, 0xB4, 0x51, 0x8C, 0xFF, 0x10, 0x84, 0xFB,
  0x10, 0x84, 0xFF, 0x10, 0x84, 0xFE, 0x30, 0x84, 0xFF, 0x10, 0x84, 0xEA, 0xD3, 0x9C, 0x05, 0x00,
  0x00, 0x00, 0x00, 0x00, 0x01, 0x00, 0x00, 0x00, 0x00, 0x00, 0x00, 0x00, 0x00, 0x00, 0x10, 0x84,
  0xC0, 0x30, 0x84, 0xFF, 0x10, 0x84, 0xFD, 0x10, 0x84, 0xFF, 0x10, 0x84, 0xFF, 0x10, 0x84, 0xFE,
  0x30, 0x84, 0xFF, 0x30, 0x84, 0x36, 0x00, 0x00, 0x00, 0xEF, 0x7B, 0x02, 0x00, 0x00, 0x00, 0x00,
  0x00, 0x00, 0x00, 0x00, 0x00, 0x00, 0x00, 0x00, 0x00, 0x00, 0x00, 0x00, 0x00, 0x00, 0x00, 0x00,
  0x00, 0x00, 0x00, 0x00, 0x00, 0x00, 0x00, 0x00, 0x00, 0x00, 0x55, 0xAD, 0x03, 0x00, 0x00, 0x00,
  0xEF, 0x7B, 0x46, 0x30, 0x84, 0xFD, 0x10, 0x84, 0xFE, 0x10, 0x84, 0xFE, 0x10, 0x84, 0xFF, 0x10,
  0x84, 0xFB, 0x51, 0x8C, 0xFF, 0x10, 0x84, 0xB8, 0x00, 0x00, 0x00, 0xAA, 0x52, 0x03, 0x00, 0x00,
  0x00, 0x00, 0x00, 0x00, 0xEF, 0x7B, 0x04, 0x00, 0x00, 0x00, 0x10, 0x84, 0xA2, 0x51, 0x8C, 0xFF,
  0x10, 0x84, 0xFC, 0x10, 0x84, 0xFF, 0x10, 0x84, 0xFE, 0x30, 0x84, 0xFF, 0x10, 0x84, 0xE7, 0x51,
  0x8C, 0x0D, 0x00, 0x00, 0x00, 0x00, 0x00, 0x01, 0x00, 0x00, 0x00, 0x00, 0x00, 0x00, 0x00, 0x00,
  0x00, 0x00, 0x00, 0x00, 0x00, 0x00, 0x00, 0xEF, 0x7B, 0x02, 0x00, 0x00, 0x00, 0x10, 0x84, 0xB4,
  0x51, 0x8C, 0xFF, 0x10, 0x84, 0xFB, 0x10, 0x84, 0xFF, 0x10, 0x84, 0xFE, 0x30, 0x84, 0xFF, 0x10,
  0x84, 0xEA, 0xD3, 0x9C, 0x05, 0x00, 0x00, 0x00, 0x00, 0x00, 0x01, 0x00, 0x00, 0x00, 0x00, 0x00,
  0x00, 0x00, 0x00, 0x00, 0xEF, 0x7B, 0x98, 0x51, 0x8C, 0xFF, 0x10, 0x84, 0xFB, 0x10, 0x84, 0xFF,
  0x10, 0x84, 0xFF, 0x10, 0x84, 0xFC, 0x30, 0x84, 0xFF, 0x10, 0x84, 0x72, 0x00, 0x00, 0x00, 0x55,
  0xAD, 0x03, 0x00, 0x00, 0x00, 0x00, 0x00, 0x00, 0x00, 0x00, 0x00, 0x00, 0x00, 0x00, 0x00, 0x00,
  0x00, 0x00, 0x00, 0x00, 0x00, 0x00, 0x00, 0x00, 0x00, 0x00, 0x00, 0x00, 0x00, 0x00, 0x00, 0x00,
  0x55, 0xAD, 0x03, 0x00, 0x00, 0x00, 0x10, 0x84, 0x7D, 0x51, 0x8C, 0xFF, 0x10, 0x84, 0xFB, 0x10,
  0x84, 0xFF, 0x10, 0x84, 0xFF, 0x10, 0x84, 0xFC, 0x30, 0x84, 0xFE, 0x10, 0x84, 0x89, 0x00, 0x00,
  0x00, 0xEF, 0x7B, 0x04, 0x00, 0x00, 0x00, 0x00, 0x00, 0x00, 0xEF, 0x7B, 0x04, 0x00, 0x00, 0x00,
  0x10, 0x84, 0xA2, 0x51, 0x8C, 0xFF, 0x10, 0x84, 0xFC, 0x10, 0x84, 0xFF, 0x10, 0x84, 0xFE, 0x30,
  0x84, 0xFF, 0x10, 0x84, 0xE7, 0x51, 0x8C, 0x0D, 0x00, 0x00, 0x00, 0x00, 0x00, 0x01, 0x00, 0x00,
  0x00, 0x00, 0x00, 0x00, 0x00, 0x00, 0x00, 0x00, 0x00, 0x00, 0x00, 0x00, 0x00, 0xEF, 0x7B, 0x02,
  0x00, 0x00, 0x00, 0x10, 0x84, 0xB4, 0x51, 0x8C, 0xFF, 0x10, 0x84, 0xFB, 0x10, 0x84, 0xFF, 0x10,
  0x84, 0xFE, 0x30, 0x84, 0xFF, 0x10, 0x84, 0xEA, 0xD3, 0x9C, 0x05, 0x00, 0x00, 0x00, 0x00, 0x00,
  0x01, 0x00, 0x00, 0x00, 0x00, 0x00, 0x00, 0x00, 0x00, 0x00, 0x10, 0x84, 0x5E, 0x30, 0x84, 0xFE,
  0x10, 0x84, 0xFD, 0x10, 0x84, 0xFF, 0x10, 0x84, 0xFF, 0x10, 0x84, 0xFC, 0x30, 0x84, 0xFF, 0x10,
  0x84, 0xC7, 0x2C, 0x63, 0x05, 0xAA, 0x52, 0x03, 0x00, 0x00, 0x00, 0x00, 0x00, 0x00, 0x00, 0x00,
  0x00, 0x00, 0x00, 0x00, 0x00, 0x00, 0x00, 0x00, 0x00, 0x00, 0x00, 0x00, 0x00, 0x00, 0x00, 0x00,
  0x00, 0x00, 0x00, 0x00, 0x00, 0x01, 0xFF, 0xFF, 0x01, 0x00, 0x00, 0x00, 0x10, 0x84, 0xD3, 0x30,
  0x84, 0xFF, 0x10, 0x84, 0xFD, 0x10, 0x84, 0xFF, 0x10, 0x84, 0xFF, 0x10, 0x84, 0xFD, 0x30, 0x84,
  0xFF, 0x10, 0x84, 0x4D, 0x00, 0x00, 0x00, 0xEF, 0x7B, 0x02, 0x00, 0x00, 0x00, 0x00, 0x00, 0x00,
  0xEF, 0x7B, 0x04, 0x00, 0x00, 0x00, 0x10, 0x84, 0xA2, 0x51, 0x8C, 0xFF, 0x10, 0x84, 0xFC, 0x10,
  0x84, 0xFF, 0x10, 0x84, 0xFE, 0x30, 0x84, 0xFF, 0x10, 0x84, 0xE7, 0x51, 0x8C, 0x0D, 0x00, 0x00,
  0x00, 0x00, 0x00, 0x01, 0x00, 0x00, 0x00, 0x00, 0x00, 0x00, 0x00, 0x00, 0x00, 0x00, 0x00, 0x00,
  0x00, 0x00, 0x00, 0xEF, 0x7B, 0x02, 0x00, 0x00, 0x00, 0x10, 0x84, 0xB4, 0x51, 0x8C, 0xFF, 0x10,
  0x84, 0xFB, 0x10, 0x84, 0xFF, 0x10, 0x84, 0xFE, 0x30, 0x84, 0xFF, 0x10, 0x84, 0xEA, 0xD3, 0x9C,
  0x05, 0x00, 0x00, 0x00, 0x00, 0x00, 0x01, 0x00, 0x00, 0x00, 0x00, 0x00, 0x00, 0x00, 0x00, 0x00,
  0x30, 0x84, 0x15, 0xEF, 0x7B, 0xE8, 0x30, 0x84, 0xFF, 0x10, 0x84, 0xFE, 0x10, 0x84, 0xFF, 0x10,
  0x84, 0xFF, 0x10, 0x84, 0xFD, 0x30, 0x84, 0xFF, 0xEF, 0x7B, 0x53, 0x00, 0x00, 0x00, 0x2C, 0x63,
  0x05, 0x00, 0x00, 0x00, 0x00, 0x00, 0x00, 0x00, 0x00, 0x00, 0x00, 0x00, 0x00, 0x00, 0x00, 0x00,
  0x00, 0x00, 0x00, 0x00, 0x00, 0x00, 0x00, 0x00, 0x00, 0xEF, 0x7B, 0x04, 0x00, 0x00, 0x00, 0xEF,
  0x7B, 0x52, 0x30, 0x84, 0xFF, 0x10, 0x84, 0xFE, 0x10, 0x84, 0xFF, 0x10, 0x84, 0xFF, 0x10, 0x84,
  0xFD, 0x30, 0x84, 0xFE, 0x10, 0x84, 0xE4, 0xEF, 0x7B, 0x12, 0x00, 0x00, 0x00, 0xEF, 0x7B, 0x02,
  0x00, 0x00, 0x00, 0x00, 0x00, 0x00, 0xEF, 0x7B, 0x04, 0x00, 0x00, 0x00, 0x10, 0x84, 0xA2, 0x51,
  0x8C, 0xFF, 0x10, 0x84, 0xFC, 0x10, 0x84, 0xFF, 0x10, 0x84, 0xFE, 0x30, 0x84, 0xFF, 0x10, 0x84,
  0xE7, 0x51, 0x8C, 0x0D, 0x00, 0x00, 0x00, 0x00, 0x00, 0x01, 0x00, 0x00, 0x00, 0x00, 0x00, 0x00,
  0x00, 0x00, 0x00, 0x00, 0x00, 0x00, 0x00, 0x00, 0x00, 0xEF, 0x7B, 0x02, 0x00, 0x00, 0x00, 0x10,
  0x84, 0xB4, 0x51, 0x8C, 0xFF, 0x10, 0x84, 0xFB, 0x10, 0x84, 0xFF, 0x10, 0x84, 0xFE, 0x30, 0x84,
  0xFF, 0x10, 0x84, 0xEA, 0xD3, 0x9C, 0x05, 0x00, 0x00, 0x00, 0x00, 0x00, 0x01, 0x00, 0x00, 0x00,
  0x00, 0x00, 0x00, 0x00, 0x00, 0x00, 0x00, 0x00, 0x00, 0x10, 0x84, 0xA1, 0x51, 0x8C, 0xFF, 0x10,
  0x84, 0xFC, 0x10, 0x84, 0xFF, 0x10, 0x84, 0xFF, 0x10, 0x84, 0xFD, 0x30, 0x84, 0xFE, 0x10, 0x84,
  0xDD, 0xEF, 0x7B, 0x16, 0x00, 0x00, 0x00, 0x2C, 0x63, 0x05, 0xFF, 0xFF, 0x01, 0x00, 0x00, 0x01,
  0x00, 0x00, 0x00, 0x00, 0x00, 0x00, 0x00, 0x00, 0x01, 0xFF, 0xFF, 0x01, 0xD3, 0x9C, 0x05, 0x00,
  0x00, 0x00, 0xEF, 0x7B, 0x1A, 0x10, 0x84, 0xDD, 0x30, 0x84, 0xFE, 0x10, 0x84, 0xFD, 0x10, 0x84,
  0xFF, 0x10, 0x84, 0xFF, 0x10, 0x84, 0xFB, 0x51, 0x8C, 0xFF, 0x10, 0x84, 0x9B, 0x00, 0x00, 0x00,
  0x55, 0xAD, 0x03, 0x00, 0x00, 0x00, 0x00, 0x00, 0x00, 0x00, 0x00, 0x00, 0xEF, 0x7B, 0x04, 0x00,
  0x00, 0x00, 0x10, 0x84, 0xA2, 0x51, 0x8C, 0xFF, 0x10, 0x84, 0xFC, 0x10, 0x84, 0xFF, 0x10, 0x84,
  0xFE, 0x30, 0x84, 0xFF, 0x10, 0x84, 0xE7, 0x51, 0x8C, 0x0D, 0x00, 0x00, 0x00, 0x00, 0x00, 0x01,
  0x00, 0x00, 0x00, 0x00, 0x00, 0x00, 0x00, 0x00, 0x00, 0x00, 0x00, 0x00, 0x00, 0x00, 0x00, 0xEF,
  0x7B, 0x02, 0x00, 0x00, 0x00, 0x10, 0x84, 0xB4, 0x51, 0x8C, 0xFF, 0x10, 0x84, 0xFB, 0x10, 0x84,
  0xFF, 0x10, 0x84, 0xFE, 0x30, 0x84, 0xFF, 0x10, 0x84, 0xEA, 0xD3, 0x9C, 0x05, 0x00, 0x00, 0x00,
  0x00, 0x00, 0x01, 0x00, 0x00, 0x00, 0x00, 0x00, 0x00, 0x00, 0x00, 0x00, 0x00, 0x00, 0x00, 0x10,
  0x84, 0x39, 0x30, 0x84, 0xFE, 0x10, 0x84, 0xFC, 0x10, 0x84, 0xFE, 0x10, 0x84, 0xFF, 0x10, 0x84,
  0xFF, 0x10, 0x84, 0xFD, 0x30, 0x84, 0xFF, 0x10, 0x84, 0xC7, 0xEF, 0x7B, 0x1C, 0x00, 0x00, 0x00,
  0x00, 0x00, 0x00, 0x00, 0x00, 0x00, 0xEF, 0x7B, 0x02, 0xEF, 0x7B, 0x02, 0x00, 0x00, 0x00, 0x00,
  0x00, 0x00, 0x00, 0x00, 0x00, 0xEF, 0x7B, 0x20, 0x10, 0x84, 0xC9, 0x30, 0x84, 0xFF, 0x10, 0x84,
  0xFD, 0x10, 0x84, 0xFF, 0x10, 0x84, 0xFF, 0x10, 0x84, 0xFF, 0x10, 0x84, 0xFD, 0x10, 0x84, 0xFB,
  0x10, 0x84, 0x2B, 0x00, 0x00, 0x00, 0xEF, 0x7B, 0x02, 0x00, 0x00, 0x00, 0x00, 0x00, 0x00, 0x00,
  0x00, 0x00, 0xEF, 0x7B, 0x04, 0x00, 0x00, 0x00, 0x10, 0x84, 0xA2, 0x51, 0x8C, 0xFF, 0x10, 0x84,
  0xFC, 0x10, 0x84, 0xFF, 0x10, 0x84, 0xFE, 0x30, 0x84, 0xFF, 0x10, 0x84, 0xE7, 0x51, 0x8C, 0x0D,
  0x00, 0x00, 0x00, 0x00, 0x00, 0x01, 0x00, 0x00, 0x00, 0x00, 0x00, 0x00, 0x00, 0x00, 0x00, 0x00,
  0x00, 0x00, 0x00, 0x00, 0x00, 0xEF, 0x7B, 0x02, 0x00, 0x00, 0x00, 0x10, 0x84, 0xB4, 0x51, 0x8C,
  0xFF, 0x10, 0x84, 0xFB, 0x10, 0x84, 0xFF, 0x10, 0x84, 0xFE, 0x30, 0x84, 0xFF, 0x10, 0x84, 0xEA,
  0xD3, 0x9C, 0x05, 0x00, 0x00, 0x00, 0x00, 0x00, 0x01, 0x00, 0x00, 0x00, 0x00, 0x00, 0x00, 0x00,
  0x00, 0x00, 0xEF, 0x7B, 0x02, 0x00, 0x00, 0x00, 0x10, 0x84, 0x9B, 0x51, 0x8C, 0xFF, 0x10, 0x84,
  0xFB, 0x10, 0x84, 0xFF, 0x10, 0x84, 0xFF, 0x10, 0x84, 0xFF, 0x10, 0x84, 0xFD, 0x30, 0x84, 0xFF,
  0x10, 0x84, 0xE1, 0x10, 0x84, 0x6A, 0xCF, 0x7B, 0x17, 0xFF, 0xFF, 0x01, 0x00, 0x00, 0x00, 0x00,
  0x00, 0x00, 0xEF, 0x7B, 0x02, 0xEF, 0x7B, 0x18, 0x10, 0x84, 0x6D, 0x10, 0x84, 0xE3, 0x30, 0x84,
  0xFF, 0x10, 0x84, 0xFD, 0x10, 0x84, 0xFF, 0x10, 0x84, 0xFF, 0x10, 0x84, 0xFF, 0x10, 0x84, 0xFC,
  0x51, 0x8C, 0xFF, 0x10, 0x84, 0x92, 0x00, 0x00, 0x00, 0xEF, 0x7B, 0x02, 0x00, 0x00, 0x00, 0x00,
  0x00, 0x00, 0x00, 0x00, 0x00, 0x00, 0x00, 0x00, 0xEF, 0x7B, 0x04, 0x00, 0x00, 0x00, 0x10, 0x84,
  0xA2, 0x51, 0x8C, 0xFF, 0x10, 0x84, 0xFC, 0x10, 0x84, 0xFF, 0x10, 0x84, 0xFE, 0x30, 0x84, 0xFF,
  0x10, 0x84, 0xE7, 0x51, 0x8C, 0x0D, 0x00, 0x00, 0x00, 0x00, 0x00, 0x01, 0x00, 0x00, 0x00, 0x00,
  0x00, 0x00, 0x00, 0x00, 0x00, 0x00, 0x00, 0x00, 0x00, 0x00, 0x00, 0xEF, 0x7B, 0x02, 0x00, 0x00,
  0x00, 0x10, 0x84, 0xB4, 0x51, 0x8C, 0xFF, 0x10, 0x84, 0xFB, 0x10, 0x84, 0xFF, 0x10, 0x84, 0xFE,
  0x30, 0x84, 0xFF, 0x10, 0x84, 0xEA, 0xD3, 0x9C, 0x05, 0x00, 0x00, 0x00, 0x00, 0x00, 0x01, 0x00,
  0x00, 0x00, 0x00, 0x00, 0x00, 0x00, 0x00, 0x00, 0xEF, 0x7B, 0x02, 0xEF, 0x7B, 0x02, 0x30, 0x84,
  0x15, 0x10, 0x84, 0xE0, 0x30, 0x84, 0xFF, 0x10, 0x84, 0xFC, 0x10, 0x84, 0xFF, 0x10, 0x84, 0xFF,
  0x10, 0x84, 0xFF, 0x10, 0x84, 0xFD, 0x30, 0x84, 0xFF, 0x30, 0x84, 0xFF, 0x10, 0x84, 0xED, 0x10,
  0x84, 0xBF, 0x10, 0x84, 0xA8, 0x10, 0x84, 0xA7, 0x10, 0x84, 0xC1, 0x10, 0x84, 0xEE, 0x51, 0x8C,
  0xFF, 0x30, 0x84, 0xFF, 0x10, 0x84, 0xFD, 0x10, 0x84, 0xFF, 0x10, 0x84, 0xFF, 0x10, 0x84, 0xFF,
  0x10, 0x84, 0xFB, 0x30, 0x84, 0xFF, 0x10, 0x84, 0xD7, 0x30, 0x84, 0x11, 0xFF, 0xFF, 0x01, 0xFF,
  0xFF, 0x01, 0x00, 0x00, 0x00, 0x00, 0x00, 0x00, 0x00, 0x00, 0x00, 0x00, 0x00, 0x00, 0xEF, 0x7B,
  0x04, 0x00, 0x00, 0x00, 0x10, 0x84, 0xA2, 0x51, 0x8C, 0xFF, 0x10, 0x84, 0xFC, 0x10, 0x84, 0xFF,
  0x10, 0x84, 0xFE, 0x30, 0x84, 0xFF, 0x10, 0x84, 0xE7, 0x51, 0x8C, 0x0D, 0x00, 0x00, 0x00, 0x00,
  0x00, 0x01, 0x00, 0x00, 0x00, 0x00, 0x00, 0x00, 0x00, 0x00, 0x00, 0x00, 0x00, 0x00, 0x00, 0x00,
  0x00, 0xEF, 0x7B, 0x02, 0x00, 0x00, 0x00, 0x10, 0x84, 0xB4, 0x51, 0x8C, 0xFF, 0x10, 0x84, 0xFB,
  0x10, 0x84, 0xFF, 0x10, 0x84, 0xFE, 0x30, 0x84, 0xFF, 0x10, 0x84, 0xEA, 0xD3, 0x9C, 0x05, 0x00,
  0x00, 0x00, 0x00, 0x00, 0x01, 0x00, 0x00, 0x00, 0x00, 0x00, 0x00, 0x00, 0x00, 0x00, 0x00, 0x00,
  0x00, 0xEF, 0x7B, 0x02, 0x00, 0x00, 0x00, 0xEF, 0x7B, 0x3A, 0x30, 0x84, 0xEF, 0x30, 0x84, 0xFF,
  0x10, 0x84, 0xFC, 0x10, 0x84, 0xFF, 0x10, 0x84, 0xFF, 0x10, 0x84, 0xFF, 0x10, 0x84, 0xFD, 0x10,
  0x84, 0xFD, 0x10, 0x84, 0xFF, 0x30, 0x84, 0xFF, 0x51, 0x8C, 0xFF, 0x51, 0x8C, 0xFF, 0x30, 0x84,
  0xFF, 0x10, 0x84, 0xFF, 0x10, 0x84, 0xFD, 0x10, 0x84, 0xFE, 0x10, 0x84, 0xFF, 0x10, 0x84, 0xFF,
  0x10, 0x84, 0xFF, 0x10, 0x84, 0xFC, 0x30, 0x84, 0xFF, 0x30, 0x84, 0xED, 0xEF, 0x7B, 0x34, 0x00,
  0x00, 0x00, 0xEF, 0x7B, 0x02, 0x00, 0x00, 0x00, 0x00, 0x00, 0x00, 0x00, 0x00, 0x00, 0x00, 0x00,
  0x00, 0x00, 0x00, 0x00, 0xEF, 0x7B, 0x04, 0x00, 0x00, 0x00, 0x10, 0x84, 0xA2, 0x51, 0x8C, 0xFF,
  0x10, 0x84, 0xFC, 0x10, 0x84, 0xFF, 0x10, 0x84, 0xFE, 0x30, 0x84, 0xFF, 0x10, 0x84, 0xE7, 0x51,
  0x8C, 0x0D, 0x00, 0x00, 0x00, 0x00, 0x00, 0x01, 0x00, 0x00, 0x00, 0x00, 0x00, 0x00, 0x00, 0x00,
  0x00, 0x00, 0x00, 0x00, 0x00, 0x00, 0x00, 0xEF, 0x7B, 0x02, 0x00, 0x00, 0x00, 0x10, 0x84, 0xB4,
  0x51, 0x8C, 0xFF, 0x10, 0x84, 0xFB, 0x10, 0x84, 0xFF, 0x10, 0x84, 0xFE, 0x30, 0x84, 0xFF, 0x10,
  0x84, 0xEA, 0xD3, 0x9C, 0x05, 0x00, 0x00, 0x00, 0x00, 0x00, 0x01, 0x00, 0x00, 0x00, 0x00, 0x00,
  0x00, 0x00, 0x00, 0x00, 0x00, 0x00, 0x00, 0x00, 0x00, 0x00, 0x55, 0xAD, 0x03, 0x00, 0x00, 0x00,
  0xCF, 0x7B, 0x40, 0x10, 0x84, 0xEE, 0x30, 0x84, 0xFF, 0x10, 0x84, 0xFB, 0x10, 0x84, 0xFD, 0x10,
  0x84, 0xFF, 0x10, 0x84, 0xFF, 0x10, 0x84, 0xFF, 0x10, 0x84, 0xFE, 0x10, 0x84, 0xFC, 0x10, 0x84,
  0xFB, 0x10, 0x84, 0xFB, 0x10, 0x84, 0xFC, 0x10, 0x84, 0xFE, 0x10, 0x84, 0xFF, 0x10, 0x84, 0xFF,
  0x10, 0x84, 0xFF, 0x10, 0x84, 0xFD, 0x10, 0x84, 0xFA, 0x30, 0x84, 0xFF, 0x10, 0x84, 0xEC, 0x10,
  0x84, 0x3B, 0x00, 0x00, 0x00, 0xAA, 0x52, 0x03, 0x00, 0x00, 0x00, 0x00, 0x00, 0x00, 0x00, 0x00,
  0x00, 0x00, 0x00, 0x00, 0x00, 0x00, 0x00, 0x00, 0x00, 0x00, 0xEF, 0x7B, 0x04, 0x00, 0x00, 0x00,
  0x10, 0x84, 0xA2, 0x51, 0x8C, 0xFF, 0x10, 0x84, 0xFC, 0x10, 0x84, 0xFF, 0x10, 0x84, 0xFE, 0x30,
  0x84, 0xFF, 0x10, 0x84, 0xE7, 0x51, 0x8C, 0x0D, 0x00, 0x00, 0x00, 0x00, 0x00, 0x01, 0x00, 0x00,
  0x00, 0x00, 0x00, 0x00, 0x00, 0x00, 0x00, 0x00, 0x00, 0x00, 0x00, 0x00, 0x00, 0xEF, 0x7B, 0x02,
  0x00, 0x00, 0x00, 0x10, 0x84, 0xB4, 0x51, 0x8C, 0xFF, 0x10, 0x84, 0xFB, 0x10, 0x84, 0xFF, 0x10,
  0x84, 0xFE, 0x30, 0x84, 0xFF, 0x10, 0x84, 0xEA, 0xD3, 0x9C, 0x05, 0x00, 0x00, 0x00, 0x00, 0x00,
  0x01, 0x00, 0x00, 0x00, 0x00, 0x00, 0x00, 0x00, 0x00, 0x00, 0x00, 0x00, 0x00, 0x00, 0x00, 0x00,
  0x00, 0x00, 0x00, 0xAA, 0x52, 0x03, 0x00, 0x00, 0x00, 0xEF, 0x7B, 0x33, 0x10, 0x84, 0xC6, 0x51,
  0x8C, 0xFF, 0x30, 0x84, 0xFF, 0x10, 0x84, 0xFB, 0x10, 0x84, 0xFC, 0x10, 0x84, 0xFD, 0x10, 0x84,
  0xFE, 0x10, 0x84, 0xFE, 0x10, 0x84, 0xFF, 0x10, 0x84, 0xFE, 0x10, 0x84, 0xFE, 0x10, 0x84, 0xFE,
  0x10, 0x84, 0xFE, 0x10, 0x84, 0xFC, 0x10, 0x84, 0xFB, 0x30, 0x84, 0xFF, 0x51, 0x8C, 0xFF, 0x10,
  0x84, 0xC5, 0xEF, 0x7B, 0x2D, 0x00, 0x00, 0x00, 0xAA, 0x52, 0x03, 0x00, 0x00, 0x00, 0x00, 0x00,
  0x00, 0x00, 0x00, 0x00, 0x00, 0x00, 0x00, 0x00, 0x00, 0x00, 0x00, 0x00, 0x00, 0x00, 0x00, 0x00,
  0xEF, 0x7B, 0x04, 0x00, 0x00, 0x00, 0x10, 0x84, 0xA1, 0x51, 0x8C, 0xFD, 0x10, 0x84, 0xFA, 0x10,
  0x84, 0xFD, 0x10, 0x84, 0xFC, 0x30, 0x84, 0xFD, 0x10, 0x84, 0xE5, 0x51, 0x8C, 0x0D, 0x00, 0x00,
  0x00, 0x00, 0x00, 0x01, 0x00, 0x00, 0x00, 0x00, 0x00, 0x00, 0x00, 0x00, 0x00, 0x00, 0x00, 0x00,
  0x00, 0x00, 0x00, 0xEF, 0x7B, 0x02, 0x00, 0x00, 0x00, 0x10, 0x84, 0xB3, 0x51, 0x8C, 0xFD, 0x10,
  0x84, 0xF9, 0x10, 0x84, 0xFD, 0x10, 0x84, 0xFC, 0x30, 0x84, 0xFD, 0x10, 0x84, 0xE8, 0xD3, 0x9C,
  0x05, 0x00, 0x00, 0x00, 0x00, 0x00, 0x01, 0x00, 0x00, 0x00, 0x00, 0x00, 0x00, 0x00, 0x00, 0x00,
  0x00, 0x00, 0x00, 0x00, 0x00, 0x00, 0x00, 0x00, 0x00, 0x00, 0x00, 0x00, 0x55, 0xAD, 0x03, 0x00,
  0x00, 0x00, 0x2C, 0x63, 0x0A, 0x10, 0x84, 0x82, 0x10, 0x84, 0xE4, 0x51, 0x8C, 0xFF, 0x51, 0x8C,
  0xFF, 0x30, 0x84, 0xFF, 0x10, 0x84, 0xFF, 0x10, 0x84, 0xFF, 0x10, 0x84, 0xFE, 0x10, 0x84, 0xFF,
  0x10, 0x84, 0xFF, 0x10, 0x84, 0xFF, 0x30, 0x84, 0xFF, 0x51, 0x8C, 0xFF, 0x51, 0x8C, 0xFF, 0x10,
  0x84, 0xDE, 0xEF, 0x7B, 0x70, 0xEF, 0x7B, 0x0A, 0x00, 0x00, 0x00, 0xAA, 0x52, 0x03, 0x00, 0x00,
  0x00, 0x00, 0x00, 0x00, 0x00, 0x00, 0x00, 0x00, 0x00, 0x00, 0x00, 0x00, 0x00, 0x00, 0x00, 0x00,
  0x00, 0x00, 0x00, 0x00, 0x00, 0x00, 0xEF, 0x7B, 0x04, 0x00, 0x00, 0x00, 0x10, 0x84, 0xA8, 0x71,
  0x8C, 0xFF, 0x30, 0x84, 0xFF, 0x30, 0x84, 0xFF, 0x30, 0x84, 0xFF, 0x51, 0x8C, 0xFF, 0x10, 0x84,
  0xF0, 0x51, 0x8C, 0x0D, 0x00, 0x00, 0x00, 0x00, 0x00, 0x01, 0x00, 0x00, 0x00, 0x00, 0x00, 0x00,
  0x00, 0x00, 0x00, 0x00, 0x00, 0x00, 0x00, 0x00, 0x00, 0xEF, 0x7B, 0x02, 0x00, 0x00, 0x00, 0x10,
  0x84, 0xBB, 0x71, 0x8C, 0xFF, 0x30, 0x84, 0xFF, 0x30, 0x84, 0xFF, 0x30, 0x84, 0xFF, 0x51, 0x8C,
  0xFF, 0x10, 0x84, 0xF3, 0xD3, 0x9C, 0x05, 0x00, 0x00, 0x00, 0x00, 0x00, 0x01, 0x00, 0x00, 0x00,
  0x00, 0x00, 0x00, 0x00, 0x00, 0x00, 0x00, 0x00, 0x00, 0x00, 0x00, 0x00, 0x00, 0x00, 0x00, 0x00,
  0x00, 0x00, 0x00, 0x00, 0x00, 0xEF, 0x7B, 0x02, 0x00, 0x00, 0x00, 0x00, 0x00, 0x00, 0xEF, 0x7B,
  0x14, 0x10, 0x84, 0x5F, 0x10, 0x84, 0xA9, 0x10, 0x84, 0xDF, 0x10, 0x84, 0xF1, 0x10, 0x84, 0xFB,
  0x10, 0x84, 0xFF, 0x10, 0x84, 0xFF, 0x10, 0x84, 0xFC, 0x10, 0x84, 0xF3, 0x10, 0x84, 0xE1, 0x10,
  0x84, 0xA7, 0xEF, 0x7B, 0x5C, 0xAE, 0x73, 0x0F, 0x00, 0x00, 0x00, 0x00, 0x00, 0x00, 0xEF, 0x7B,
  0x02, 0x00, 0x00, 0x00, 0x00, 0x00, 0x00, 0x00, 0x00, 0x00, 0x00, 0x00, 0x00, 0x00, 0x00, 0x00,
  0x00, 0x00, 0x00, 0x00, 0x00, 0x00, 0x00, 0x00, 0x00, 0x00, 0x00, 0x00, 0x55, 0xAD, 0x03, 0x00,
  0x00, 0x00, 0x10, 0x84, 0x82, 0x30, 0x84, 0xD4, 0x10, 0x84, 0xCB, 0x10, 0x84, 0xCE, 0x10, 0x84,
  0xCD, 0x10, 0x84, 0xD0, 0x10, 0x84, 0xBB, 0xEF, 0x7B, 0x0C, 0x00, 0x00, 0x00, 0x00, 0x00, 0x01,
  0x00, 0x00, 0x00, 0x00, 0x00, 0x00, 0x00, 0x00, 0x00, 0x00, 0x00, 0x00, 0x00, 0x00, 0x00, 0xEF,
  0x7B, 0x02, 0x00, 0x00, 0x00, 0x10, 0x84, 0x92, 0x30, 0x84, 0xD4, 0x10, 0x84, 0xCB, 0x10, 0x84,
  0xCE, 0x10, 0x84, 0xCD, 0x10, 0x84, 0xD0, 0x10, 0x84, 0xBC, 0xEF, 0x7B, 0x04, 0x00, 0x00, 0x00,
  0x00, 0x00, 0x00, 0x00, 0x00, 0x00, 0x00, 0x00, 0x00, 0x00, 0x00, 0x00, 0x00, 0x00, 0x00, 0x00,
  0x00, 0x00, 0x00, 0x00, 0x00, 0x00, 0x00, 0x00, 0x00, 0x00, 0x00, 0x00, 0x00, 0x00, 0x00, 0x00,
  0x01, 0x55, 0xAD, 0x03, 0x00, 0x00, 0x00, 0x00, 0x00, 0x00, 0x00, 0x00, 0x00, 0xEF, 0x7B, 0x08,
  0x10, 0x84, 0x2D, 0x10, 0x84, 0x45, 0x10, 0x84, 0x57, 0x10, 0x84, 0x53, 0x10, 0x84, 0x47, 0x10,
  0x84, 0x31, 0xEF, 0x7B, 0x08, 0x00, 0x00, 0x00, 0x00, 0x00, 0x00, 0x00, 0x00, 0x00, 0x55, 0xAD,
  0x03, 0x00, 0x00, 0x01, 0x00, 0x00, 0x00, 0x00, 0x00, 0x00, 0x00, 0x00, 0x00, 0x00, 0x00, 0x00,
  0x00, 0x00, 0x00, 0x00, 0x00, 0x00, 0x00, 0x00, 0x00, 0x00, 0x00, 0x00, 0x00, 0x00, 0x00, 0x00,
  0x00, 0x00, 0x00, 0x00, 0x00, 0x00, 0x00, 0x00, 0x00, 0x00, 0x00, 0x00, 0x00, 0x00, 0x00, 0x00,
  0x00, 0x00, 0x00, 0x00, 0x00, 0x00, 0x00, 0x00, 0x00, 0x00, 0x00, 0x00, 0x00, 0x00, 0x00, 0x00,
  0x00, 0x00, 0x00, 0x00, 0x00, 0x00, 0x00, 0x00, 0x00, 0x00, 0x00, 0x00, 0x00, 0x00, 0x00, 0x00,
  0x00, 0x00, 0x00, 0x00, 0x00, 0x00, 0x00, 0x00, 0x00, 0x00, 0x00, 0x00, 0x00, 0x00, 0x00, 0x00,
  0x00, 0x00, 0x00, 0x00, 0x00, 0x00, 0x00, 0x00, 0x00, 0x00, 0x00, 0x00, 0x00, 0x00, 0x00, 0x00,
  0x00, 0x00, 0x00, 0x00, 0x00, 0x00, 0x00, 0x00, 0x00, 0x00, 0x00, 0x00, 0x00, 0x00, 0x00, 0x00,
  0x00, 0x00,
};
const lv_img_dsc_t txt_brightness_off_normal = {
  .header.always_zero = 0,
  .header.w = 66,
  .header.h = 35,
  .data_size = 6930,
  .header.cf = LV_IMG_CF_TRUE_COLOR_ALPHA,
  .data = txt_brightness_off_normal_data,
};

/* txt_brightness_title.png */
static const uint8_t txt_brightness_title_data[] = {
  0x00, 0x00, 0x00, 0x00, 0x00, 0x00, 0x00, 0x00, 0x00, 0x00, 0x00, 0x00, 0x00, 0x00, 0x00, 0x00,
  0x00, 0x00, 0x00, 0x00, 0x00, 0x00, 0x00, 0x00, 0x00, 0x00, 0x00, 0x00, 0x00, 0x00, 0x00, 0x00,
  0x00, 0x00, 0x00, 0x00, 0x00, 0x00, 0x00, 0x00, 0x00, 0x00, 0xFF, 0xFF, 0x01, 0xFF, 0xFF, 0x04,
  0xFF, 0xFF, 0x02, 0x00, 0x00, 0x00, 0x00, 0x00, 0x00, 0x00, 0x00, 0x00, 0x00, 0x00, 0x00, 0x00,
  0x00, 0x00, 0x00, 0x00, 0x00, 0x00, 0x00, 0x00, 0x00, 0x00, 0x00, 0x00, 0x00, 0x00, 0x00, 0x00,
  0x00, 0x00, 0x00, 0x00, 0x00, 0x00, 0x00, 0x00, 0x00, 0x00, 0x00, 0x00, 0x00, 0x00, 0x00, 0x00,
  0x00, 0x00, 0x00, 0x00, 0x00, 0x00, 0x00, 0x00, 0x00, 0x00, 0x00, 0x00, 0x00, 0x00, 0x00, 0x00,
  0x00, 0x00, 0x00, 0x00, 0x00, 0x00, 0x00, 0x00, 0x00, 0x00, 0x00, 0xFF, 0xFF, 0x29, 0xFF, 0xFF,
  0x67, 0xFF, 0xFF, 0x5B, 0xFF, 0xFF, 0x0F, 0x00, 0x00, 0x00, 0xFF, 0xFF, 0x01, 0x00, 0x00, 0x00,
  0x00, 0x00, 0x00, 0x00, 0x00, 0x00, 0x00, 0x00, 0x00, 0x00, 0x00, 0x00, 0x00, 0x00, 0x00, 0x00,
  0x00, 0x00, 0x00, 0x00, 0x00, 0x00, 0x00, 0x00, 0x00, 0x00, 0x00, 0x00, 0x00, 0x00, 0x00, 0x00,
  0x00, 0x00, 0x00, 0x00, 0x00, 0x00, 0x00, 0x00, 0x00, 0x00, 0x00, 0x00, 0x00, 0x00, 0x00, 0x00,
  0x00, 0x00, 0x00, 0x00, 0x00, 0x00, 0x00, 0x00, 0x00, 0x00, 0x00, 0x00, 0x00, 0x00, 0x00, 0x00,
  0x00, 0x00, 0x00, 0x00, 0x00, 0x00, 0x00, 0x00, 0x00, 0x00, 0x00, 0x00, 0x00, 0x00, 0x00, 0x00,
  0x00, 0x00, 0x00, 0x00, 0x00, 0x00, 0x00, 0x00, 0x00, 0x00, 0x00, 0x00, 0x00, 0x00, 0x00, 0x00,
  0x00, 0x00, 0x00, 0x00, 0x00, 0x00, 0x00, 0x00, 0x00, 0x00, 0x00, 0x00, 0x00, 0x00, 0x00, 0x00,
  0x00, 0x00, 0x00, 0x00, 0x00, 0x00, 0x00, 0x00, 0x00, 0x00, 0x00, 0x00, 0x00, 0x00, 0x00, 0x00,
  0x00, 0x00, 0x00, 0x00, 0x00, 0x00, 0x00, 0x00, 0x00, 0x00, 0x00, 0x00, 0x00, 0x00, 0x00, 0x00,
  0x00, 0x00, 0x00, 0x00, 0x00, 0x00, 0x00, 0x00, 0x00, 0x00, 0x00, 0x00, 0x00, 0x00, 0x00, 0x00,
  0x00, 0x00, 0x00, 0x00, 0x00, 0x00, 0x00, 0x00, 0x00, 0x00, 0x00, 0x00, 0x00, 0x00, 0x00, 0x00,
  0x00, 0x00, 0x00, 0x00, 0x00, 0x00, 0x00, 0x00, 0x00, 0x00, 0x00, 0x00, 0x00, 0x00, 0x00, 0x00,
  0x00, 0x00, 0x00, 0x00, 0x00, 0x00, 0x00, 0x00, 0x00, 0x00, 0x00, 0x00, 0x00, 0x00, 0x00, 0x00,
  0x00, 0x00, 0x00, 0x00, 0x00, 0x00, 0x00, 0x00, 0x00, 0x00, 0x00, 0x00, 0x00, 0x00, 0x00, 0x00,
  0x00, 0x00, 0x00, 0x00, 0x00, 0x00, 0x00, 0x00, 0x00, 0x00, 0x00, 0x00, 0x00, 0x00, 0x00, 0x00,
  0x00, 0x00, 0x00, 0x00, 0x00, 0x00, 0x00, 0x00, 0x00, 0x00, 0x00, 0x00, 0x00, 0x00, 0x00, 0x00,
  0x00, 0x00, 0x00, 0x00, 0x00, 0x00, 0x00, 0x00, 0x00, 0x00, 0x00, 0x00, 0x00, 0x00, 0x00, 0x00,
  0x00, 0x00, 0x00, 0x00, 0x00, 0x00, 0x00, 0x00, 0x00, 0x00, 0x00, 0x00, 0x00, 0x00, 0x00, 0x00,
  0x00, 0x00, 0x00, 0x00, 0x00, 0x00, 0x00, 0x00, 0x00, 0x00, 0x00, 0x00, 0x00, 0x00, 0x00, 0x00,
  0x00, 0x00, 0x00, 0x00, 0x00, 0x00, 0x00, 0x00, 0x00, 0x00, 0x00, 0x00, 0x00, 0x00, 0x00, 0x00,
  0x00, 0x00, 0x00, 0x00, 0x00, 0x00, 0x00, 0x00, 0x00, 0x00, 0x00, 0x00, 0x00, 0x00, 0x00, 0x00,
  0x00, 0x00, 0x00, 0x00, 0x00, 0x00, 0x00, 0x00, 0x00, 0x00, 0x00, 0x00, 0x00, 0x00, 0x00, 0x00,
  0x00, 0x00, 0x00, 0x00, 0x00, 0x00, 0x00, 0x00, 0x00, 0x00, 0x00, 0x00, 0x00, 0x00, 0x00, 0x00,
  0x00, 0x00, 0x00, 0x00, 0x00, 0x00, 0x00, 0x00, 0x00, 0x00, 0x00, 0x00, 0x00, 0x00, 0x00, 0x00,
  0x00, 0x00, 0x00, 0x00, 0x00, 0x00, 0x00, 0x00, 0x00, 0x00, 0x00, 0x00, 0x00, 0x00, 0x00, 0x00,
  0x00, 0x00, 0x00, 0x00, 0x00, 0x00, 0x00, 0x00, 0x00, 0x00, 0x00, 0x00, 0x00, 0x00, 0x00, 0x00,
  0x00, 0x00, 0x00, 0x00, 0x00, 0x00, 0x00, 0x00, 0x00, 0x00, 0x00, 0x00, 0x00, 0x00, 0x00, 0x00,
  0x00, 0x00, 0x00, 0x00, 0x00, 0x00, 0x00, 0x00, 0x00, 0x00, 0x00, 0x00, 0xFF, 0xFF, 0x12, 0xFF,
  0xFF, 0x30, 0xFF, 0xFF, 0x2A, 0xFF, 0xFF, 0x2B, 0xFF, 0xFF, 0x2B, 0xFF, 0xFF, 0x2B, 0xFF, 0xFF,
  0x2B, 0xFF, 0xFF, 0x2B, 0xFF, 0xFF, 0x2B, 0xFF, 0xFF, 0x2B, 0xFF, 0xFF, 0x2B, 0xFF, 0xFF, 0x2C,
  0xFF, 0xFF, 0x26, 0xFF, 0xFF, 0x13, 0x00, 0x00, 0x00, 0x00, 0x00, 0x00, 0x00, 0x00, 0x00, 0xFF,
  0xFF, 0x03, 0x00, 0x00, 0x00, 0x00, 0x00, 0x00, 0x00, 0x00, 0x00, 0x00, 0x00, 0x00, 0x00, 0x00,
  0x00, 0x00, 0x00, 0x00, 0x00, 0x00, 0x00, 0x00, 0x00, 0x00, 0x00, 0x00, 0x00, 0x00, 0x00, 0x00,
  0x00, 0x00, 0x00, 0x00, 0x00, 0x00, 0x00, 0x00, 0x00, 0x00, 0x00, 0x00, 0x00, 0x00, 0x00, 0x00,
  0x00, 0x00, 0x00, 0x00, 0x00, 0x00, 0x00, 0x00, 0x00, 0x00, 0x00, 0x00, 0x00, 0x00, 0xFF, 0xFF,
  0x02, 0x00, 0x00, 0x00, 0xFF, 0xFF, 0x47, 0xFF, 0xFF, 0xE3, 0xFF, 0xFF, 0xFF, 0xFF, 0xFF, 0xFF,
  0xFF, 0xFF, 0xC5, 0xFF, 0xFF, 0x21, 0xFF, 0xFF, 0x01, 0xFF, 0xFF, 0x01, 0x00, 0x00, 0x00, 0x00,
  0x00, 0x00, 0x00, 0x00, 0x00, 0x00, 0x00, 0x00, 0x00, 0x00, 0x00, 0x00, 0x00, 0x00, 0x00, 0x00,
  0x00, 0x00, 0x00, 0x00, 0x00, 0x00, 0x00, 0x00, 0x00, 0x00, 0x00, 0x00, 0x00, 0x00, 0x00, 0x00,
  0x00, 0x00, 0x00, 0x00, 0x00, 0x00, 0x00, 0x00, 0x00, 0x00, 0x00, 0x00, 0x00, 0x00, 0x00, 0x00,
  0x00, 0x00, 0x00, 0x00, 0x00, 0x00, 0x00, 0x00, 0x00, 0x00, 0x00, 0x00, 0x00, 0x00, 0x00, 0x00,
  0x00, 0x00, 0x00, 0x00, 0x00, 0x00, 0x00, 0xFF, 0xFF, 0x02, 0xFF, 0xFF, 0x25, 0xFF, 0xFF, 0x2D,
  0xFF, 0xFF, 0x2A, 0xFF, 0xFF, 0x2D, 0xFF, 0xFF, 0x23, 0xFF, 0xFF, 0x01, 0x00, 0x00, 0x00, 0x00,
  0x00, 0x00, 0x00, 0x00, 0x00, 0x00, 0x00, 0x00, 0x00, 0x00, 0x00, 0x00, 0x00, 0x00, 0x00, 0x00,
  0x00, 0x00, 0x00, 0x00, 0x00, 0x00, 0x00, 0x00, 0x00, 0x00, 0x00, 0x00, 0x00, 0x00, 0x00, 0x00,
  0x00, 0x00, 0x00, 0x00, 0x00, 0x00, 0x00, 0x00, 0x00, 0x00, 0x00, 0x00, 0x00, 0x00, 0x00, 0x00,
  0x00, 0x00, 0xFF, 0xFF, 0x01, 0xFF, 0xFF, 0x02, 0xFF, 0xFF, 0x02, 0xFF, 0xFF, 0x02, 0xFF, 0xFF,
  0x02, 0xFF, 0xFF, 0x01, 0x00, 0x00, 0x00, 0x00, 0x00, 0x00, 0x00, 0x00, 0x00, 0x00, 0x00, 0x00,
  0x00, 0x00, 0x00, 0x00, 0x00, 0x00, 0x00, 0x00, 0x00, 0x00, 0x00, 0x00, 0x00, 0x00, 0x00, 0x00,
  0x00, 0x00, 0x00, 0x00, 0x00, 0x00, 0x00, 0x00, 0x00, 0x00, 0x00, 0x00, 0x00, 0x00, 0x00, 0x00,
  0x00, 0x00, 0x00, 0x00, 0x00, 0x00, 0x00, 0x00, 0x00, 0x00, 0x00, 0x00, 0x00, 0x00, 0x00, 0x00,
  0x00, 0x00, 0x00, 0x00, 0x00, 0x00, 0x00, 0x00, 0x00, 0x00, 0x00, 0x00, 0x00, 0x00, 0x00, 0x00,
  0x00, 0x00, 0x00, 0x00, 0x00, 0x00, 0x00, 0x00, 0x00, 0x00, 0x00, 0x00, 0x00, 0x00, 0x00, 0x00,
  0x00, 0x00, 0x00, 0x00, 0x00, 0x00, 0x00, 0x00, 0x00, 0x00, 0x00, 0x00, 0x00, 0x00, 0x00, 0x00,
  0x00, 0x00, 0x00, 0x00, 0x00, 0x00, 0x00, 0x00, 0x00, 0x00, 0x00, 0x00, 0x00, 0x00, 0x00, 0x00,
  0x00, 0x00, 0x00, 0x00, 0x00, 0x00, 0x00, 0x00, 0x00, 0x00, 0x00, 0x00, 0x00, 0x00, 0x00, 0x00,
  0x00, 0x00, 0x00, 0x00, 0x00, 0x00, 0x00, 0x00, 0x00, 0x00, 0x00, 0x00, 0x00, 0x00, 0x00, 0x00,
  0x00, 0x00, 0x00, 0x00, 0x00, 0x00, 0x00, 0x00, 0x00, 0x00, 0x00, 0x00, 0x00, 0x00, 0x00, 0x00,
  0x00, 0x00, 0x00, 0x00, 0x00, 0x00, 0x00, 0x00, 0x00, 0x00, 0x00, 0x00, 0x00, 0x00, 0x00, 0x00,
  0x00, 0x00, 0x00, 0x00, 0x00, 0x00, 0x00, 0x00, 0x00, 0x00, 0x00, 0x00, 0x00, 0x00, 0x00, 0x00,
  0x00, 0x00, 0x00, 0x00, 0x00, 0x00, 0x00, 0x00, 0x00, 0x00, 0x00, 0x00, 0x00, 0x00, 0x00, 0x00,
  0x00, 0x00, 0x00, 0x00, 0x00, 0x00, 0x00, 0x00, 0x00, 0x00, 0x00, 0x00, 0x00, 0x00, 0x00, 0x00,
  0x00, 0x00, 0x00, 0x00, 0x00, 0x00, 0x00, 0x00, 0x00, 0x00, 0x00, 0x00, 0x00, 0x00, 0x00, 0x00,
  0x00, 0x00, 0x00, 0x00, 0x00, 0x00, 0x00, 0x00, 0x00, 0x00, 0x00, 0x00, 0x00, 0x00, 0x00, 0x00,
  0x00, 0x00, 0x00, 0x00, 0x00, 0x00, 0x00, 0x00, 0xFF, 0xFF, 0x63, 0xFF, 0xFF, 0xFB, 0xFF, 0xFF,
  0xED, 0xFF, 0xFF, 0xF1, 0xFF, 0xFF, 0xF1, 0xFF, 0xFF, 0xF1, 0xFF, 0xFF, 0xF1, 0xFF, 0xFF, 0xF1,
  0xFF, 0xFF, 0xF1, 0xFF, 0xFF, 0xF1, 0xFF, 0xFF, 0xF1, 0xFF, 0xFF, 0xF3, 0xFF, 0xFF, 0xEB, 0xFF,
  0xFF, 0xCF, 0xFF, 0xFF, 0xAB, 0xFF, 0xFF, 0x69, 0xFF, 0xFF, 0x1C, 0x00, 0x00, 0x00, 0xFF, 0xFF,
  0x02, 0x00, 0x00, 0x00, 0x00, 0x00, 0x00, 0x00, 0x00, 0x00, 0x00, 0x00, 0x00, 0x00, 0x00, 0x00,
  0x00, 0x00, 0x00, 0x00, 0x00, 0x00, 0x00, 0x00, 0x00, 0x00, 0x00, 0x00, 0x00, 0x00, 0x00, 0x00,
  0x00, 0x00, 0x00, 0x00, 0x00, 0x00, 0x00, 0x00, 0x00, 0x00, 0x00, 0x00, 0x00, 0x00, 0x00, 0x00,
  0x00, 0x00, 0x00, 0x00, 0x00, 0x00, 0x00, 0xFF, 0xFF, 0x01, 0x00, 0x00, 0x00, 0xFF, 0xFF, 0x07,
  0xFF, 0xFF, 0xC2, 0xFF, 0xFF, 0xFF, 0xFF, 0xFF, 0xF8, 0xFF, 0xFF, 0xFA, 0xFF, 0xFF, 0xFF, 0xFF,
  0xFF, 0x9F, 0x00, 0x00, 0x00, 0xFF, 0xFF, 0x04, 0x00, 0x00, 0x00, 0x00, 0x00, 0x00, 0x00, 0x00,
  0x00, 0x00, 0x00, 0x00, 0x00, 0x00, 0x00, 0x00, 0x00, 0x00, 0x00, 0x00, 0x00, 0x00, 0x00, 0x00,
  0x00, 0x00, 0x00, 0x00, 0x00, 0x00, 0x00, 0x00, 0x00, 0x00, 0x00, 0x00, 0x00, 0x00, 0x00, 0x00,
  0x00, 0x00, 0x00, 0x00, 0x00, 0x00, 0x00, 0x00, 0x00, 0x00, 0x00, 0x00, 0x00, 0x00, 0x00, 0x00,
  0x00, 0x00, 0x00, 0x00, 0x00, 0x00, 0x00, 0x00, 0x00, 0x00, 0x00, 0x00, 0x00, 0xFF, 0xFF, 0x01,
  0x00, 0x00, 0x00, 0xFF, 0xFF, 0x0C, 0xFF, 0xFF, 0xC5, 0xFF, 0xFF, 0xF6, 0xFF, 0xFF, 0xED, 0xFF,
  0xFF, 0xF6, 0xFF, 0xFF, 0xC3, 0xFF, 0xFF, 0x07, 0x00, 0x00, 0x00, 0xFF, 0xFF, 0x01, 0x00, 0x00,
  0x00, 0x00, 0x00, 0x00, 0x00, 0x00, 0x00, 0x00, 0x00, 0x00, 0x00, 0x00, 0x00, 0x00, 0x00, 0x00,
  0x00, 0x00, 0x00, 0x00, 0x00, 0x00, 0x00, 0x00, 0x00, 0x00, 0x00, 0x00, 0x00, 0x00, 0x00, 0x00,
  0x00, 0x00, 0x00, 0x00, 0x00, 0x00, 0x00, 0x00, 0x00, 0x00, 0x00, 0x00, 0x00, 0x00, 0x00, 0x00,
  0x00, 0x00, 0x00, 0x00, 0x00, 0x00, 0x00, 0x00, 0x00, 0x00, 0x00, 0x00, 0x00, 0x00, 0x00, 0x00,
  0x00, 0x00, 0x00, 0x00, 0x00, 0x00, 0x00, 0x00, 0x00, 0x00, 0x00, 0x00, 0x00, 0x00, 0x00, 0x00,
  0x00, 0x00, 0x00, 0x00, 0x00, 0x00, 0x00, 0x00, 0x00, 0x00, 0x00, 0x00, 0x00, 0x00, 0x00, 0x00,
  0x00, 0x00, 0x00, 0x00, 0x00, 0x00, 0x00, 0x00, 0x00, 0x00, 0x00, 0x00, 0x00, 0x00, 0x00, 0x00,
  0x00, 0x00, 0x00, 0x00, 0x00, 0x00, 0x00, 0x00, 0x00, 0x00, 0x00, 0x00, 0x00, 0x00, 0x00, 0x00,
  0x00, 0x00, 0x00, 0x00, 0x00, 0x00, 0x00, 0x00, 0x00, 0x00, 0x00, 0x00, 0x00, 0x00, 0x00, 0x00,
  0x00, 0x00, 0x00, 0x00, 0x00, 0x00, 0x00, 0x00, 0x00, 0x00, 0x00, 0x00, 0x00, 0x00, 0x00, 0x00,
  0x00, 0x00, 0x00, 0x00, 0x00, 0x00, 0x00, 0x00, 0x00, 0x00, 0x00, 0x00, 0x00, 0x00, 0x00, 0x00,
  0x00, 0x00, 0x00, 0x00, 0x00, 0x00, 0x00, 0x00, 0x00, 0x00, 0x00, 0x00, 0x00, 0x00, 0x00, 0x00,
  0x00, 0x00, 0x00, 0x00, 0x00, 0x00, 0x00, 0x00, 0x00, 0x00, 0x00, 0x00, 0x00, 0x00, 0x00, 0x00,
  0x00, 0x00, 0x00, 0x00, 0x00, 0x00, 0x00, 0x00, 0x00, 0x00, 0x00, 0x00, 0x00, 0x00, 0x00, 0x00,
  0x00, 0x00, 0x00, 0x00, 0x00, 0x00, 0x00, 0x00, 0x00, 0x00, 0x00, 0x00, 0x00, 0x00, 0x00, 0x00,
  0x00, 0x00, 0x00, 0x00, 0x00, 0x00, 0x00, 0x00, 0x00, 0x00, 0x00, 0x00, 0x00, 0x00, 0x00, 0x00,
  0x00, 0x00, 0x00, 0x00, 0x00, 0x00, 0x00, 0x00, 0x00, 0x00, 0x00, 0x00, 0x00, 0x00, 0x00, 0x00,
  0x00, 0x00, 0x00, 0x00, 0x00, 0x00, 0x00, 0x00, 0x00, 0x00, 0x00, 0x00, 0x00, 0x00, 0x00, 0x00,
  0x00, 0x00, 0x00, 0x00, 0x00, 0x00, 0x00, 0x00, 0x00, 0x00, 0x00, 0x00, 0x00, 0x00, 0x00, 0x00,
  0x00, 0x00, 0x00, 0x00, 0x00, 0x00, 0x00, 0x00, 0x00, 0x00, 0x00, 0x00, 0x00, 0x00, 0x00, 0x00,
  0x00, 0x00, 0x00, 0x00, 0x00, 0x00, 0x00, 0x00, 0x00, 0x00, 0x00, 0x00, 0x00, 0x00, 0x00, 0x00,
  0x00, 0x00, 0x00, 0x00, 0xFF, 0xFF, 0x67, 0xFF, 0xFF, 0xFF, 0xFF, 0xFF, 0xFC, 0xFF, 0xFF, 0xFF,
  0xFF, 0xFF, 0xFF, 0xFF, 0xFF, 0xFF, 0xFF, 0xFF, 0xFF, 0xFF, 0xFF, 0xFF, 0xFF, 0xFF, 0xFF, 0xFF,
  0xFF, 0xFF, 0xFF, 0xFF, 0xFF, 0xFF, 0xFF, 0xFF, 0xFF, 0xFF, 0xFF, 0xFF, 0xFF, 0xFF, 0xFF, 0xFF,
  0xFF, 0xFF, 0xFF, 0xFF, 0xFF, 0xFF, 0xDD, 0xFF, 0xFF, 0x69, 0x00, 0x00, 0x00, 0xFF, 0xFF, 0x02,
  0x00, 0x00, 0x00, 0x00, 0x00, 0x00, 0x00, 0x00, 0x00, 0x00, 0x00, 0x00, 0x00, 0x00, 0x00, 0x00,
  0x00, 0x00, 0x00, 0x00, 0x00, 0x00, 0x00, 0x00, 0x00, 0x00, 0x00, 0x00, 0x00, 0x00, 0x00, 0x00,
  0x00, 0x00, 0x00, 0x00, 0x00, 0x00, 0x00, 0x00, 0x00, 0x00, 0x00, 0x00, 0x00, 0x00, 0x00, 0x00,
  0x00, 0x00, 0x00, 0xFF, 0xFF, 0x01, 0x00, 0x00, 0x00, 0xFF, 0xFF, 0x0F, 0xFF, 0xFF, 0xD1, 0xFF,
  0xFF, 0xFB, 0xFF, 0xFF, 0xFB, 0xFF, 0xFF, 0xF9, 0xFF, 0xFF, 0xFD, 0xFF, 0xFF, 0xB4, 0x00, 0x00,
  0x00, 0xFF, 0xFF, 0x03, 0x00, 0x00, 0x00, 0x00, 0x00, 0x00, 0x00, 0x00, 0x00, 0x00, 0x00, 0x00,
  0x00, 0x00, 0x00, 0x00, 0x00, 0x00, 0x00, 0x00, 0x00, 0x00, 0x00, 0x00, 0x00, 0x00, 0x00, 0x00,
  0x00, 0x00, 0x00, 0x00, 0x00, 0x00, 0x00, 0x00, 0x00, 0x00, 0x00, 0x00, 0x00, 0x00, 0x00, 0x00,
  0x00, 0x00, 0x00, 0x00, 0x00, 0x00, 0x00, 0x00, 0x00, 0x00, 0x00, 0x00, 0x00, 0x00, 0x00, 0x00,
  0x00, 0x00, 0x00, 0x00, 0x00, 0x00, 0x00, 0x00, 0x00, 0xFF, 0xFF, 0x01, 0x00, 0x00, 0x00, 0xFF,
  0xFF, 0x0D, 0xFF, 0xFF, 0xCD, 0xFF, 0xFF, 0xFF, 0xFF, 0xFF, 0xFC, 0xFF, 0xFF, 0xFF, 0xFF, 0xFF,
  0xCF, 0xFF, 0xFF, 0x08, 0x00, 0x00, 0x00, 0xFF, 0xFF, 0x01, 0x00, 0x00, 0x00, 0x00, 0x00, 0x00,
  0x00, 0x00, 0x00, 0x00, 0x00, 0x00, 0x00, 0x00, 0x00, 0x00, 0x00, 0x00, 0x00, 0x00, 0x00, 0x00,
  0x00, 0x00, 0x00, 0x00, 0x00, 0x00, 0x00, 0x00, 0x00, 0x00, 0x00, 0x00, 0x00, 0x00, 0x00, 0x00,
  0x00, 0x00, 0x00, 0x00, 0xFF, 0xFF, 0x01, 0x00, 0x00, 0x00, 0xFF, 0xFF, 0x0F, 0xFF, 0xFF, 0x40,
  0xFF, 0xFF, 0x41, 0xFF, 0xFF, 0x40, 0xFF, 0xFF, 0x45, 0xFF, 0xFF, 0x29, 0x00, 0x00, 0x00, 0x00,
  0x00, 0x00, 0x00, 0x00, 0x00, 0x00, 0x00, 0x00, 0x00, 0x00, 0x00, 0x00, 0x00, 0x00, 0x00, 0x00,
  0x00, 0x00, 0x00, 0x00, 0x00, 0x00, 0x00, 0x00, 0x00, 0x00, 0x00, 0x00, 0x00, 0x00, 0x00, 0x00,
  0x00, 0x00, 0x00, 0x00, 0x00, 0x00, 0x00, 0x00, 0x00, 0x00, 0x00, 0x00, 0x00, 0x00, 0x00, 0x00,
  0x00, 0x00, 0x00, 0x00, 0x00, 0x00, 0x00, 0x00, 0x00, 0x00, 0x00, 0x00, 0x00, 0x00, 0x00, 0x00,
  0x00, 0x00, 0x00, 0x00, 0x00, 0x00, 0x00, 0x00, 0x00, 0x00, 0x00, 0x00, 0x00, 0x00, 0x00, 0x00,
  0x00, 0x00, 0x00, 0x00, 0x00, 0x00, 0x00, 0x00, 0x00, 0x00, 0x00, 0x00, 0x00, 0x00, 0x00, 0x00,
  0x00, 0x00, 0x00, 0x00, 0x00, 0x00, 0x00, 0x00, 0x00, 0x00, 0x00, 0x00, 0x00, 0x00, 0x00, 0x00,
  0x00, 0x00, 0x00, 0x00, 0x00, 0x00, 0x00, 0x00, 0x00, 0x00, 0x00, 0x00, 0x00, 0x00, 0x00, 0x00,
  0x00, 0x00, 0x00, 0x00, 0x00, 0x00, 0x00, 0x00, 0x00, 0x00, 0x00, 0x00, 0x00, 0x00, 0x00, 0x00,
  0x00, 0x00, 0x00, 0x00, 0x00, 0x00, 0x00, 0x00, 0x00, 0x00, 0x00, 0x00, 0x00, 0x00, 0x00, 0x00,
  0x00, 0x00, 0x00, 0x00, 0x00, 0x00, 0x00, 0x00, 0x00, 0x00, 0x00, 0x00, 0x00, 0x00, 0x00, 0x00,
  0x00, 0x00, 0x00, 0x00, 0x00, 0x00, 0x00, 0x00, 0x00, 0x00, 0x00, 0x00, 0x00, 0x00, 0x00, 0x00,
  0x00, 0x00, 0x00, 0x00, 0x00, 0x00, 0x00, 0x00, 0x00, 0x00, 0x00, 0x00, 0x00, 0x00, 0x00, 0x00,
  0x00, 0x00, 0x00, 0x00, 0x00, 0x00, 0x00, 0x00, 0x00, 0x00, 0x00, 0x00, 0x00, 0x00, 0x00, 0x00,
  0x00, 0x00, 0x00, 0x00, 0x00, 0x00, 0x00, 0x00, 0x00, 0x00, 0x00, 0x00, 0x00, 0x00, 0x00, 0x00,
  0x00, 0x00, 0x00, 0x00, 0x00, 0x00, 0x00, 0x00, 0x00, 0x00, 0x00, 0x00, 0x00, 0x00, 0x00, 0x00,
  0x00, 0x00, 0x00, 0x00, 0x00, 0x00, 0x00, 0x00, 0x00, 0x00, 0x00, 0x00, 0x00, 0x00, 0x00, 0x00,
  0xFF, 0xFF, 0x67, 0xFF, 0xFF, 0xFF, 0xFF, 0xFF, 0xFA, 0xFF, 0xFF, 0xFE, 0xFF, 0xFF, 0xFE, 0xFF,
  0xFF, 0xFF, 0xFF, 0xFF, 0xFF, 0xFF, 0xFF, 0xFF, 0xFF, 0xFF, 0xFF, 0xFF, 0xFF, 0xFF, 0xFF, 0xFF,
  0xFF, 0xFF, 0xFF, 0xFF, 0xFF, 0xFF, 0xFF, 0xFF, 0xFF, 0xFB, 0xFF, 0xFF, 0xFC, 0xFF, 0xFF, 0xFC,
  0xFF, 0xFF, 0xFF, 0xFF, 0xFF, 0xFF, 0xFF, 0xFF, 0x7B, 0x00, 0x00, 0x00, 0xFF, 0xFF, 0x01, 0x00,
  0x00, 0x00, 0x00, 0x00, 0x00, 0x00, 0x00, 0x00, 0x00, 0x00, 0x00, 0x00, 0x00, 0x00, 0x00, 0x00,
  0x00, 0x00, 0x00, 0x00, 0x00, 0x00, 0x00, 0x00, 0x00, 0x00, 0x00, 0x00, 0x00, 0x00, 0x00, 0x00,
  0x00, 0x00, 0x00, 0x00, 0x00, 0x00, 0x00, 0x00, 0x00, 0x00, 0x00, 0x00, 0x00, 0x00, 0x00, 0x00,
  0x00, 0x00, 0xFF, 0xFF, 0x02, 0x00, 0x00, 0x00, 0xFF, 0xFF, 0x87, 0xFF, 0xFF, 0xFF, 0xFF, 0xFF,
  0xFF, 0xFF, 0xFF, 0xFF, 0xFF, 0xFF, 0xFD, 0xFF, 0xFF, 0x51, 0x00, 0x00, 0x00, 0xFF, 0xFF, 0x02,
  0x00, 0x00, 0x00, 0x00, 0x00, 0x00, 0x00, 0x00, 0x00, 0x00, 0x00, 0x00, 0x00, 0x00, 0x00, 0x00,
  0x00, 0x00, 0x00, 0x00, 0x00, 0x00, 0x00, 0x00, 0x00, 0x00, 0x00, 0x00, 0x00, 0x00, 0x00, 0x00,
  0x00, 0x00, 0x00, 0x00, 0x00, 0x00, 0x00, 0x00, 0x00, 0x00, 0x00, 0x00, 0x00, 0x00, 0x00, 0x00,
  0x00, 0x00, 0x00, 0x00, 0x00, 0x00, 0x00, 0x00, 0x00, 0x00, 0x00, 0x00, 0x00, 0x00, 0x00, 0x00,
  0x00, 0x00, 0x00, 0x00, 0x00, 0xFF, 0xFF, 0x01, 0x00, 0x00, 0x00, 0xFF, 0xFF, 0x0D, 0xFF, 0xFF,
  0xCB, 0xFF, 0xFF, 0xFE, 0xFF, 0xFF, 0xFA, 0xFF, 0xFF, 0xFE, 0xFF, 0xFF, 0xCD, 0xFF, 0xFF, 0x08,
  0x00, 0x00, 0x00, 0xFF, 0xFF, 0x01, 0x00, 0x00, 0x00, 0x00, 0x00, 0x00, 0x00, 0x00, 0x00, 0x00,
  0x00, 0x00, 0x00, 0x00, 0x00, 0x00, 0x00, 0x00, 0x00, 0x00, 0x00, 0x00, 0x00, 0x00, 0x00, 0x00,
  0x00, 0x00, 0x00, 0x00, 0x00, 0x00, 0x00, 0x00, 0x00, 0x00, 0x00, 0x00, 0x00, 0x00, 0x00, 0x00,
  0xFF, 0xFF, 0x03, 0x00, 0x00, 0x00, 0xFF, 0xFF, 0x3B, 0xFF, 0xFF, 0xEE, 0xFF, 0xFF, 0xF4, 0xFF,
  0xFF, 0xF0, 0xFF, 0xFF, 0xFA, 0xFF, 0xFF, 0x98, 0x00, 0x00, 0x00, 0xFF, 0xFF, 0x01, 0x00, 0x00,
  0x00, 0x00, 0x00, 0x00, 0x00, 0x00, 0x00, 0x00, 0x00, 0x00, 0x00, 0x00, 0x00, 0x00, 0x00, 0x00,
  0x00, 0x00, 0x00, 0x00, 0x00, 0x00, 0x00, 0x00, 0x00, 0x00, 0x00, 0x00, 0x00, 0x00, 0x00, 0x00,
  0x00, 0x00, 0x00, 0x00, 0x00, 0x00, 0x00, 0x00, 0x00, 0x00, 0x00, 0x00, 0x00, 0x00, 0x00, 0x00,
  0x00, 0x00, 0x00, 0x00, 0x00, 0x00, 0x00, 0x00, 0x00, 0x00, 0x00, 0x00, 0x00, 0x00, 0x00, 0x00,
  0x00, 0x00, 0x00, 0x00, 0x00, 0x00, 0x00, 0x00, 0x00, 0x00, 0x00, 0x00, 0x00, 0x00, 0x00, 0x00,
  0x00, 0x00, 0x00, 0x00, 0x00, 0x00, 0x00, 0x00, 0x00, 0x00, 0x00, 0x00, 0x00, 0x00, 0x00, 0x00,
  0x00, 0x00, 0x00, 0x00, 0x00, 0x00, 0x00, 0x00, 0x00, 0x00, 0x00, 0x00, 0x00, 0x00, 0x00, 0x00,
  0x00, 0x00, 0x00, 0x00, 0x00, 0x00, 0x00, 0x00, 0x00, 0x00, 0x00, 0x00, 0x00, 0x00, 0x00, 0x00,
  0x00, 0x00, 0x00, 0x00, 0x00, 0x00, 0x00, 0x00, 0x00, 0x00, 0x00, 0x00, 0x00, 0x00, 0x00, 0x00,
  0x00, 0x00, 0x00, 0x00, 0x00, 0x00, 0x00, 0x00, 0x00, 0x00, 0x00, 0x00, 0x00, 0x00, 0x00, 0x00,
  0x00, 0x00, 0x00, 0x00, 0x00, 0x00, 0x00, 0x00, 0x00, 0x00, 0x00, 0x00, 0x00, 0x00, 0x00, 0x00,
  0x00, 0x00, 0x00, 0x00, 0x00, 0x00, 0x00, 0x00, 0x00, 0x00, 0x00, 0x00, 0x00, 0x00, 0x00, 0x00,
  0x00, 0x00, 0x00, 0x00, 0x00, 0x00, 0x00, 0x00, 0x00, 0x00, 0x00, 0x00, 0x00, 0x00, 0x00, 0x00,
  0x00, 0x00, 0x00, 0x00, 0x00, 0x00, 0x00, 0x00, 0x00, 0x00, 0x00, 0x00, 0x00, 0x00, 0x00, 0x00,
  0x00, 0x00, 0x00, 0x00, 0x00, 0x00, 0x00, 0x00, 0x00, 0x00, 0x00, 0x00, 0x00, 0x00, 0x00, 0x00,
  0x00, 0x00, 0x00, 0x00, 0x00, 0x00, 0x00, 0x00, 0x00, 0x00, 0x00, 0x00, 0x00, 0x00, 0x00, 0x00,
  0x00, 0x00, 0x00, 0x00, 0x00, 0x00, 0x00, 0x00, 0x00, 0x00, 0x00, 0x00, 0xFF, 0xFF, 0x67, 0xFF,
  0xFF, 0xFF, 0xFF, 0xFF, 0xFB, 0xFF, 0xFF, 0xFF, 0xFF, 0xFF, 0xFF, 0xFF, 0xFF, 0xF4, 0xFF, 0xFF,
  0xE1, 0xFF, 0xFF, 0xE3, 0xFF, 0xFF, 0xE3, 0xFF, 0xFF, 0xE3, 0xFF, 0xFF, 0xE3, 0xFF, 0xFF, 0xE3,
  0xFF, 0xFF, 0xF7, 0xFF, 0xFF, 0xFF, 0xFF, 0xFF, 0xFE, 0xFF, 0xFF, 0xFF, 0xFF, 0xFF, 0xFC, 0xFF,
  0xFF, 0xFD, 0xFF, 0xFF, 0xFA, 0xFF, 0xFF, 0x42, 0x00, 0x00, 0x00, 0xFF, 0xFF, 0x03, 0x00, 0x00,
  0x00, 0x00, 0x00, 0x00, 0x00, 0x00, 0x00, 0x00, 0x00, 0x00, 0x00, 0x00, 0x00, 0x00, 0x00, 0x00,
  0x00, 0x00, 0x00, 0x00, 0x00, 0x00, 0x00, 0x00, 0x00, 0x00, 0x00, 0x00, 0x00, 0x00, 0x00, 0x00,
  0x00, 0x00, 0x00, 0x00, 0x00, 0xFF, 0xFF, 0x01, 0x00, 0x00, 0x00, 0x00, 0x00, 0x00, 0xFF, 0xFF,
  0x01, 0xFF, 0xFF, 0x01, 0xFF, 0xFF, 0x0B, 0xFF, 0xFF, 0x76, 0xFF, 0xFF, 0xBF, 0xFF, 0xFF, 0xB9,
  0xFF, 0xFF, 0x59, 0x00, 0x00, 0x00, 0xFF, 0xFF, 0x01, 0x00, 0x00, 0x00, 0x00, 0x00, 0x00, 0x00,
  0x00, 0x00, 0x00, 0x00, 0x00, 0x00, 0x00, 0x00, 0x00, 0x00, 0x00, 0x00, 0x00, 0x00, 0x00, 0x00,
  0x00, 0x00, 0x00, 0x00, 0x00, 0x00, 0x00, 0x00, 0x00, 0x00, 0x00, 0x00, 0x00, 0x00, 0x00, 0x00,
  0x00, 0x00, 0x00, 0x00, 0x00, 0x00, 0x00, 0x00, 0x00, 0x00, 0x00, 0x00, 0x00, 0x00, 0x00, 0x00,
  0x00, 0x00, 0x00, 0x00, 0x00, 0x00, 0x00, 0x00, 0x00, 0x00, 0x00, 0x00, 0x00, 0x00, 0x00, 0x00,
  0x00, 0xFF, 0xFF, 0x01, 0x00, 0x00, 0x00, 0xFF, 0xFF, 0x0D, 0xFF, 0xFF, 0xCC, 0xFF, 0xFF, 0xFF,
  0xFF, 0xFF, 0xFB, 0xFF, 0xFF, 0xFF, 0xFF, 0xFF, 0xCE, 0xFF, 0xFF, 0x08, 0x00, 0x00, 0x00, 0xFF,
  0xFF, 0x01, 0x00, 0x00, 0x00, 0x00, 0x00, 0x00, 0x00, 0x00, 0x00, 0x00, 0x00, 0x00, 0x00, 0x00,
  0x00, 0x00, 0x00, 0x00, 0x00, 0x00, 0x00, 0x00, 0x00, 0x00, 0x00, 0x00, 0x00, 0x00, 0x00, 0x00,
  0x00, 0x00, 0x00, 0x00, 0x00, 0x00, 0x00, 0x00, 0x00, 0x00, 0x00, 0x00, 0xFF, 0xFF, 0x03, 0x00,
  0x00, 0x00, 0xFF, 0xFF, 0x3E, 0xFF, 0xFF, 0xF8, 0xFF, 0xFF, 0xFF, 0xFF, 0xFF, 0xFC, 0xFF, 0xFF,
  0xFF, 0xFF, 0xFF, 0x9E, 0x00, 0x00, 0x00, 0xFF, 0xFF, 0x01, 0x00, 0x00, 0x00, 0x00, 0x00, 0x00,
  0x00, 0x00, 0x00, 0x00, 0x00, 0x00, 0x00, 0x00, 0x00, 0x00, 0x00, 0x00, 0x00, 0x00, 0x00, 0x00,
  0x00, 0x00, 0x00, 0x00, 0x00, 0x00, 0x00, 0x00, 0x00, 0x00, 0x00, 0x00, 0x00, 0x00, 0x00, 0x00,
  0x00, 0x00, 0x00, 0x00, 0x00, 0x00, 0x00, 0x00, 0x00, 0x00, 0x00, 0x00, 0x00, 0x00, 0x00, 0x00,
  0x00, 0x00, 0x00, 0x00, 0x00, 0x00, 0x00, 0x00, 0x00, 0x00, 0x00, 0x00, 0x00, 0x00, 0x00, 0x00,
  0x00, 0x00, 0x00, 0x00, 0x00, 0x00, 0x00, 0x00, 0x00, 0x00, 0x00, 0x00, 0x00, 0x00, 0x00, 0x00,
  0x00, 0x00, 0x00, 0x00, 0x00, 0x00, 0x00, 0x00, 0x00, 0x00, 0x00, 0x00, 0x00, 0x00, 0x00, 0x00,
  0x00, 0x00, 0x00, 0x00, 0x00, 0x00, 0x00, 0x00, 0x00, 0x00, 0x00, 0x00, 0x00, 0x00, 0x00, 0x00,
  0x00, 0x00, 0x00, 0x00, 0x00, 0x00, 0x00, 0x00, 0x00, 0x00, 0x00, 0x00, 0x00, 0x00, 0x00, 0x00,
  0x00, 0x00, 0x00, 0x00, 0x00, 0x00, 0x00, 0x00, 0x00, 0x00, 0x00, 0x00, 0x00, 0x00, 0x00, 0x00,
  0x00, 0x00, 0x00, 0x00, 0x00, 0x00, 0x00, 0x00, 0x00, 0x00, 0x00, 0x00, 0x00, 0x00, 0x00, 0x00,
  0x00, 0x00, 0x00, 0x00, 0x00, 0x00, 0x00, 0x00, 0x00, 0x00, 0x00, 0x00, 0x00, 0x00, 0x00, 0x00,
  0x00, 0x00, 0x00, 0x00, 0x00, 0x00, 0x00, 0x00, 0x00, 0x00, 0x00, 0x00, 0x00, 0x00, 0x00, 0x00,
  0x00, 0x00, 0x00, 0x00, 0x00, 0x00, 0x00, 0x00, 0x00, 0x00, 0x00, 0x00, 0x00, 0x00, 0x00, 0x00,
  0x00, 0x00, 0x00, 0x00, 0x00, 0x00, 0x00, 0x00, 0x00, 0x00, 0x00, 0x00, 0x00, 0x00, 0x00, 0x00,
  0x00, 0x00, 0x00, 0x00, 0x00, 0x00, 0x00, 0x00, 0x00, 0x00, 0x00, 0x00, 0x00, 0x00, 0x00, 0x00,
  0x00, 0x00, 0x00, 0x00, 0x00, 0x00, 0x00, 0x00, 0x00, 0x00, 0x00, 0x00, 0x00, 0x00, 0x00, 0x00,
  0x00, 0x00, 0x00, 0x00, 0x00, 0x00, 0x00, 0x00, 0xFF, 0xFF, 0x67, 0xFF, 0xFF, 0xFF, 0xFF, 0xFF,
  0xFB, 0xFF, 0xFF, 0xFD, 0xFF, 0xFF, 0xFF, 0xFF, 0xFF, 0x9A, 0xFF, 0xFF, 0x1A, 0xFF, 0xFF, 0x20,
  0xFF, 0xFF, 0x1E, 0xFF, 0xFF, 0x1E, 0xFF, 0xFF, 0x1E, 0xFF, 0xFF, 0x1F, 0xFF, 0xFF, 0x46, 0xFF,
  0xFF, 0xA1, 0xFF, 0xFF, 0xFF, 0xFF, 0xFF, 0xFE, 0xFF, 0xFF, 0xFF, 0xFF, 0xFF, 0xFB, 0xFF, 0xFF,
  0xFF, 0xFF, 0xFF, 0xAD, 0x00, 0x00, 0x00, 0xFF, 0xFF, 0x02, 0x00, 0x00, 0x00, 0x00, 0x00, 0x00,
  0x00, 0x00, 0x00, 0xFF, 0xFF, 0x02, 0xFF, 0xFF, 0x03, 0xFF, 0xFF, 0x03, 0xFF, 0xFF, 0x03, 0xFF,
  0xFF, 0x03, 0x00, 0x00, 0x00, 0x00, 0x00, 0x00, 0xFF, 0xFF, 0x01, 0xFF, 0xFF, 0x03, 0xFF, 0xFF,
  0x01, 0x00, 0x00, 0x00, 0xFF, 0xFF, 0x01, 0x00, 0x00, 0x00, 0x00, 0x00, 0x00, 0x00, 0x00, 0x00,
  0x00, 0x00, 0x00, 0x00, 0x00, 0x00, 0xFF, 0xFF, 0x01, 0x00, 0x00, 0x00, 0x00, 0x00, 0x00, 0xFF,
  0xFF, 0x02, 0x00, 0x00, 0x00, 0x00, 0x00, 0x00, 0x00, 0x00, 0x00, 0x00, 0x00, 0x00, 0x00, 0x00,
  0x00, 0x00, 0x00, 0x00, 0x00, 0x00, 0x00, 0x00, 0x00, 0x00, 0xFF, 0xFF, 0x01, 0xFF, 0xFF, 0x03,
  0xFF, 0xFF, 0x02, 0xFF, 0xFF, 0x01, 0xFF, 0xFF, 0x01, 0xFF, 0xFF, 0x02, 0xFF, 0xFF, 0x03, 0x00,
  0x00, 0x00, 0x00, 0x00, 0x00, 0x00, 0x00, 0x00, 0xFF, 0xFF, 0x02, 0xFF, 0xFF, 0x03, 0xFF, 0xFF,
  0x03, 0xFF, 0xFF, 0x03, 0xFF, 0xFF, 0x03, 0x00, 0x00, 0x00, 0x00, 0x00, 0x00, 0xFF, 0xFF, 0x01,
  0x00, 0x00, 0x00, 0xFF, 0xFF, 0x0D, 0xFF, 0xFF, 0xCC, 0xFF, 0xFF, 0xFF, 0xFF, 0xFF, 0xFB, 0xFF,
  0xFF, 0xFF, 0xFF, 0xFF, 0xCE, 0xFF, 0xFF, 0x08, 0x00, 0x00, 0x00, 0xFF, 0xFF, 0x01, 0xFF, 0xFF,
  0x03, 0xFF, 0xFF, 0x02, 0xFF, 0xFF, 0x01, 0xFF, 0xFF, 0x01, 0xFF, 0xFF, 0x01, 0xFF, 0xFF, 0x03,
  0xFF, 0xFF, 0x02, 0x00, 0x00, 0x00, 0x00, 0x00, 0x00, 0x00, 0x00, 0x00, 0x00, 0x00, 0x00, 0x00,
  0x00, 0x00, 0x00, 0x00, 0x00, 0xFF, 0xFF, 0x01, 0xFF, 0xFF, 0x06, 0xFF, 0xFF, 0x03, 0xFF, 0xFF,
  0x3F, 0xFF, 0xFF, 0xF6, 0xFF, 0xFF, 0xFE, 0xFF, 0xFF, 0xFA, 0xFF, 0xFF, 0xFF, 0xFF, 0xFF, 0x9D,
  0xFF, 0xFF, 0x03, 0xFF, 0xFF, 0x04, 0xFF, 0xFF, 0x03, 0xFF, 0xFF, 0x02, 0x00, 0x00, 0x00, 0x00,
  0x00, 0x00, 0x00, 0x00, 0x00, 0x00, 0x00, 0x00, 0xFF, 0xFF, 0x03, 0xFF, 0xFF, 0x03, 0xFF, 0xFF,
  0x03, 0xFF, 0xFF, 0x03, 0xFF, 0xFF, 0x01, 0x00, 0x00, 0x00, 0x00, 0x00, 0x00, 0xFF, 0xFF, 0x01,
  0xFF, 0xFF, 0x03, 0xFF, 0xFF, 0x02, 0xFF, 0xFF, 0x01, 0xFF, 0xFF, 0x01, 0xFF, 0xFF, 0x02, 0xFF,
  0xFF, 0x03, 0xFF, 0xFF, 0x01, 0x00, 0x00, 0x00, 0x00, 0x00, 0x00, 0x00, 0x00, 0x00, 0x00, 0x00,
  0x00, 0x00, 0x00, 0x00, 0x00, 0x00, 0x00, 0x00, 0x00, 0x00, 0x00, 0x00, 0x00, 0x00, 0x00, 0x00,
  0x00, 0x00, 0x00, 0x00, 0x00, 0x00, 0x00, 0x00, 0x00, 0x00, 0x00, 0x00, 0xFF, 0xFF, 0x02, 0xFF,
  0xFF, 0x03, 0xFF, 0xFF, 0x01, 0xFF, 0xFF, 0x01, 0xFF, 0xFF, 0x01, 0xFF, 0xFF, 0x01, 0xFF, 0xFF,
  0x03, 0xFF, 0xFF, 0x02, 0x00, 0x00, 0x00, 0x00, 0x00, 0x00, 0x00, 0x00, 0x00, 0x00, 0x00, 0x00,
  0x00, 0x00, 0x00, 0x00, 0x00, 0x00, 0x00, 0x00, 0x00, 0x00, 0x00, 0x00, 0x00, 0x00, 0x00, 0x00,
  0x00, 0x00, 0x00, 0x00, 0x00, 0x00, 0x00, 0x00, 0x00, 0x00, 0x00, 0xFF, 0xFF, 0x01, 0xFF, 0xFF,
  0x03, 0xFF, 0xFF, 0x02, 0xFF, 0xFF, 0x01, 0xFF, 0xFF, 0x01, 0xFF, 0xFF, 0x01, 0xFF, 0xFF, 0x02,
  0xFF, 0xFF, 0x03, 0xFF, 0xFF, 0x02, 0x00, 0x00, 0x00, 0x00, 0x00, 0x00, 0x00, 0x00, 0x00, 0x00,
  0x00, 0x00, 0x00, 0x00, 0x00, 0x00, 0x00, 0x00, 0x00, 0x00, 0x00, 0x00, 0x00, 0x00, 0x00, 0x00,
  0x00, 0x00, 0x00, 0x00, 0x00, 0x00, 0x00, 0x00, 0x00, 0x00, 0xFF, 0xFF, 0x01, 0xFF, 0xFF, 0x03,
  0xFF, 0xFF, 0x02, 0xFF, 0xFF, 0x01, 0xFF, 0xFF, 0x01, 0xFF, 0xFF, 0x01, 0xFF, 0xFF, 0x02, 0xFF,
  0xFF, 0x03, 0xFF, 0xFF, 0x01, 0x00, 0x00, 0x00, 0x00, 0x00, 0x00, 0x00, 0x00, 0x00, 0x00, 0x00,
  0x00, 0x00, 0x00, 0x00, 0xFF, 0xFF, 0x67, 0xFF, 0xFF, 0xFF, 0xFF, 0xFF, 0xFB, 0xFF, 0xFF, 0xFC,
  0xFF, 0xFF, 0xFF, 0xFF, 0xFF, 0x87, 0x00, 0x00, 0x00, 0x00, 0x00, 0x00, 0x00, 0x00, 0x00, 0x00,
  0x00, 0x00, 0x00, 0x00, 0x00, 0x00, 0x00, 0x00, 0x00, 0x00, 0x00, 0x00, 0x00, 0x00, 0xFF, 0xFF,
  0x98, 0xFF, 0xFF, 0xFF, 0xFF, 0xFF, 0xFD, 0xFF, 0xFF, 0xFD, 0xFF, 0xFF, 0xFE, 0xFF, 0xFF, 0xE0,
  0xFF, 0xFF, 0x1B, 0x00, 0x00, 0x00, 0xFF, 0xFF, 0x02, 0x00, 0x00, 0x00, 0x00, 0x00, 0x00, 0x00,
  0x00, 0x00, 0x00, 0x00, 0x00, 0x00, 0x00, 0x00, 0x00, 0x00, 0x00, 0x00, 0x00, 0x00, 0x00, 0x00,
  0x00, 0xFF, 0xFF, 0x01, 0x00, 0x00, 0x00, 0x00, 0x00, 0x00, 0x00, 0x00, 0x00, 0x00, 0x00, 0x00,
  0x00, 0x00, 0x00, 0x00, 0x00, 0x00, 0x00, 0x00, 0x00, 0x00, 0x00, 0x00, 0x00, 0x00, 0x00, 0x00,
  0x00, 0x00, 0x00, 0x00, 0x00, 0x00, 0x00, 0x00, 0x00, 0x00, 0x00, 0x00, 0x00, 0x00, 0x00, 0x00,
  0x00, 0x00, 0x00, 0x00, 0x00, 0x00, 0x00, 0x00, 0x00, 0x00, 0x00, 0x00, 0x00, 0x00, 0x00, 0x00,
  0x00, 0x00, 0x00, 0xFF, 0xFF, 0x02, 0x00, 0x00, 0x00, 0x00, 0x00, 0x00, 0x00, 0x00, 0x00, 0x00,
  0x00, 0x00, 0x00, 0x00, 0x00, 0x00, 0x00, 0x00, 0x00, 0x00, 0x00, 0xFF, 0xFF, 0x01, 0xFF, 0xFF,
  0x01, 0x00, 0x00, 0x00, 0x00, 0x00, 0x00, 0x00, 0x00, 0x00, 0x00, 0x00, 0x00, 0x00, 0x00, 0x00,
  0x00, 0x00, 0x00, 0x00, 0x00, 0x00, 0x00, 0x00, 0x00, 0xFF, 0xFF, 0x01, 0x00, 0x00, 0x00, 0xFF,
  0xFF, 0x0D, 0xFF, 0xFF, 0xCC, 0xFF, 0xFF, 0xFF, 0xFF, 0xFF, 0xFB, 0xFF, 0xFF, 0xFF, 0xFF, 0xFF,
  0xCE, 0xFF, 0xFF, 0x08, 0xFF, 0xFF, 0x01, 0xFF, 0xFF, 0x02, 0x00, 0x00, 0x00, 0x00, 0x00, 0x00,
  0x00, 0x00, 0x00, 0x00, 0x00, 0x00, 0x00, 0x00, 0x00, 0x00, 0x00, 0x00, 0x00, 0x00, 0x00, 0xFF,
  0xFF, 0x03, 0x00, 0x00, 0x00, 0x00, 0x00, 0x00, 0x00, 0x00, 0x00, 0x00, 0x00, 0x00, 0x00, 0x00,
  0x00, 0x00, 0x00, 0x00, 0x00, 0x00, 0x00, 0x00, 0x00, 0x00, 0xFF, 0xFF, 0x35, 0xFF, 0xFF, 0xF7,
  0xFF, 0xFF, 0xFF, 0xFF, 0xFF, 0xFB, 0xFF, 0xFF, 0xFF, 0xFF, 0xFF, 0x99, 0x00, 0x00, 0x00, 0x00,
  0x00, 0x00, 0x00, 0x00, 0x00, 0x00, 0x00, 0x00, 0x00, 0x00, 0x00, 0x00, 0x00, 0x00, 0x00, 0x00,
  0x00, 0x00, 0x00, 0x00, 0x00, 0x00, 0x00, 0x00, 0x00, 0x00, 0x00, 0x00, 0x00, 0x00, 0x00, 0x00,
  0x00, 0x00, 0x00, 0x00, 0x00, 0x00, 0xFF, 0xFF, 0x02, 0x00, 0x00, 0x00, 0x00, 0x00, 0x00, 0x00,
  0x00, 0x00, 0x00, 0x00, 0x00, 0x00, 0x00, 0x00, 0x00, 0x00, 0x00, 0x00, 0x00, 0x00, 0x00, 0x00,
  0x00, 0xFF, 0xFF, 0x02, 0x00, 0x00, 0x00, 0x00, 0x00, 0x00, 0x00, 0x00, 0x00, 0x00, 0x00, 0x00,
  0x00, 0x00, 0x00, 0x00, 0x00, 0x00, 0x00, 0x00, 0x00, 0x00, 0x00, 0x00, 0x00, 0x00, 0x00, 0x00,
  0x00, 0x00, 0xFF, 0xFF, 0x02, 0xFF, 0xFF, 0x02, 0x00, 0x00, 0x00, 0x00, 0x00, 0x00, 0x00, 0x00,
  0x00, 0x00, 0x00, 0x00, 0x00, 0x00, 0x00, 0x00, 0x00, 0x00, 0x00, 0x00, 0x00, 0x00, 0x00, 0x00,
  0xFF, 0xFF, 0x02, 0xFF, 0xFF, 0x02, 0x00, 0x00, 0x00, 0x00, 0x00, 0x00, 0x00, 0x00, 0x00, 0x00,
  0x00, 0x00, 0x00, 0x00, 0x00, 0x00, 0x00, 0x00, 0x00, 0x00, 0x00, 0x00, 0x00, 0x00, 0x00, 0x00,
  0x00, 0xFF, 0xFF, 0x01, 0xFF, 0xFF, 0x03, 0x00, 0x00, 0x00, 0x00, 0x00, 0x00, 0x00, 0x00, 0x00,
  0x00, 0x00, 0x00, 0x00, 0x00, 0x00, 0x00, 0x00, 0x00, 0x00, 0x00, 0x00, 0x00, 0x00, 0x00, 0x00,
  0x00, 0x00, 0xFF, 0xFF, 0x02, 0xFF, 0xFF, 0x01, 0x00, 0x00, 0x00, 0x00, 0x00, 0x00, 0x00, 0x00,
  0x00, 0x00, 0x00, 0x00, 0x00, 0x00, 0x00, 0x00, 0x00, 0x00, 0x00, 0x00, 0x00, 0x00, 0x00, 0x00,
  0xFF, 0xFF, 0x02, 0xFF, 0xFF, 0x02, 0x00, 0x00, 0x00, 0x00, 0x00, 0x00, 0x00, 0x00, 0x00, 0x00,
  0x00, 0x00, 0x00, 0x00, 0x00, 0x00, 0x00, 0x00, 0x00, 0x00, 0x00, 0x00, 0x00, 0x00, 0x00, 0x00,
  0x00, 0xFF, 0xFF, 0x02, 0xFF, 0xFF, 0x01, 0x00, 0x00, 0x00, 0x00, 0x00, 0x00, 0x00, 0x00, 0x00,
  0xFF, 0xFF, 0x67, 0xFF, 0xFF, 0xFF, 0xFF, 0xFF, 0xFB, 0xFF, 0xFF, 0xFC, 0xFF, 0xFF, 0xFF, 0xFF,
  0xFF, 0x8B, 0xFF, 0xFF, 0x01, 0xFF, 0xFF, 0x03, 0xFF, 0xFF, 0x01, 0xFF, 0xFF, 0x01, 0xFF, 0xFF,
  0x01, 0xFF, 0xFF, 0x01, 0xFF, 0xFF, 0x04, 0x00, 0x00, 0x00, 0xFF, 0xFF, 0x1E, 0xFF, 0xFF, 0xE8,
  0xFF, 0xFF, 0xFF, 0xFF, 0xFF, 0xFD, 0xFF, 0xFF, 0xFF, 0xFF, 0xFF, 0xFA, 0xFF, 0xFF, 0x30, 0x00,
  0x00, 0x00, 0xFF, 0xFF, 0x03, 0xFF, 0xFF, 0x01, 0x00, 0x00, 0x00, 0xFF, 0xFF, 0x30, 0xFF, 0xFF,
  0x54, 0xFF, 0xFF, 0x4D, 0xFF, 0xFF, 0x50, 0xFF, 0xFF, 0x48, 0xFF, 0xFF, 0x0F, 0x00, 0x00, 0x00,
  0xFF, 0xFF, 0x0C, 0xFF, 0xFF, 0x47, 0xFF, 0xFF, 0x7F, 0xFF, 0xFF, 0x93, 0xFF, 0xFF, 0x82, 0xFF,
  0xFF, 0x1F, 0x00, 0x00, 0x00, 0x00, 0x00, 0x00, 0xFF, 0xFF, 0x2D, 0xFF, 0xFF, 0x54, 0xFF, 0xFF,
  0x4E, 0xFF, 0xFF, 0x4F, 0xFF, 0xFF, 0x51, 0xFF, 0xFF, 0x15, 0x00, 0x00, 0x00, 0x00, 0x00, 0x00,
  0x00, 0x00, 0x00, 0x00, 0x00, 0x00, 0x00, 0x00, 0x00, 0x00, 0x00, 0x00, 0xFF, 0xFF, 0x01, 0x00,
  0x00, 0x00, 0xFF, 0xFF, 0x07, 0xFF, 0xFF, 0x38, 0xFF, 0xFF, 0x67, 0xFF, 0xFF, 0x89, 0xFF, 0xFF,
  0x87, 0xFF, 0xFF, 0x70, 0xFF, 0xFF, 0x39, 0xFF, 0xFF, 0x02, 0x00, 0x00, 0x00, 0xFF, 0xFF, 0x02,
  0xFF, 0xFF, 0x3A, 0xFF, 0xFF, 0x53, 0xFF, 0xFF, 0x4E, 0xFF, 0xFF, 0x4F, 0xFF, 0xFF, 0x4B, 0xFF,
  0xFF, 0x10, 0x00, 0x00, 0x00, 0xFF, 0xFF, 0x02, 0x00, 0x00, 0x00, 0xFF, 0xFF, 0x0D, 0xFF, 0xFF,
  0xCC, 0xFF, 0xFF, 0xFF, 0xFF, 0xFF, 0xFB, 0xFF, 0xFF, 0xFF, 0xFF, 0xFF, 0xCE, 0xFF, 0xFF, 0x0A,
  0x00, 0x00, 0x00, 0x00, 0x00, 0x00, 0xFF, 0xFF, 0x2E, 0xFF, 0xFF, 0x62, 0xFF, 0xFF, 0x83, 0xFF,
  0xFF, 0x8B, 0xFF, 0xFF, 0x73, 0xFF, 0xFF, 0x4C, 0xFF, 0xFF, 0x1C, 0x00, 0x00, 0x00, 0x00, 0x00,
  0x00, 0x00, 0x00, 0x00, 0x00, 0x00, 0x00, 0x00, 0x00, 0x00, 0x00, 0x00, 0x00, 0xFF, 0xFF, 0x11,
  0xFF, 0xFF, 0x4E, 0xFF, 0xFF, 0x47, 0xFF, 0xFF, 0x78, 0xFF, 0xFF, 0xFA, 0xFF, 0xFF, 0xFF, 0xFF,
  0xFF, 0xFD, 0xFF, 0xFF, 0xFF, 0xFF, 0xFF, 0xBB, 0xFF, 0xFF, 0x49, 0xFF, 0xFF, 0x4E, 0xFF, 0xFF,
  0x52, 0xFF, 0xFF, 0x3B, 0xFF, 0xFF, 0x03, 0xFF, 0xFF, 0x01, 0x00, 0x00, 0x00, 0xFF, 0xFF, 0x0E,
  0xFF, 0xFF, 0x4A, 0xFF, 0xFF, 0x4F, 0xFF, 0xFF, 0x4C, 0xFF, 0xFF, 0x54, 0xFF, 0xFF, 0x24, 0xFF,
  0xFF, 0x02, 0x00, 0x00, 0x00, 0xFF, 0xFF, 0x0F, 0xFF, 0xFF, 0x3F, 0xFF, 0xFF, 0x70, 0xFF, 0xFF,
  0x88, 0xFF, 0xFF, 0x86, 0xFF, 0xFF, 0x6A, 0xFF, 0xFF, 0x3D, 0xFF, 0xFF, 0x04, 0x00, 0x00, 0x00,
  0xFF, 0xFF, 0x02, 0x00, 0x00, 0x00, 0x00, 0x00, 0x00, 0x00, 0x00, 0x00, 0x00, 0x00, 0x00, 0x00,
  0x00, 0x00, 0x00, 0x00, 0x00, 0x00, 0x00, 0x00, 0x00, 0x00, 0x00, 0xFF, 0xFF, 0x02, 0x00, 0x00,
  0x00, 0x00, 0x00, 0x00, 0xFF, 0xFF, 0x24, 0xFF, 0xFF, 0x50, 0xFF, 0xFF, 0x78, 0xFF, 0xFF, 0x87,
  0xFF, 0xFF, 0x87, 0xFF, 0xFF, 0x71, 0xFF, 0xFF, 0x4A, 0xFF, 0xFF, 0x1D, 0x00, 0x00, 0x00, 0x00,
  0x00, 0x00, 0xFF, 0xFF, 0x02, 0x00, 0x00, 0x00, 0x00, 0x00, 0x00, 0x00, 0x00, 0x00, 0x00, 0x00,
  0x00, 0x00, 0x00, 0x00, 0x00, 0x00, 0x00, 0x00, 0x00, 0x00, 0xFF, 0xFF, 0x02, 0x00, 0x00, 0x00,
  0x00, 0x00, 0x00, 0xFF, 0xFF, 0x13, 0xFF, 0xFF, 0x3C, 0xFF, 0xFF, 0x67, 0xFF, 0xFF, 0x7F, 0xFF,
  0xFF, 0x8D, 0xFF, 0xFF, 0x83, 0xFF, 0xFF, 0x6D, 0xFF, 0xFF, 0x48, 0xFF, 0xFF, 0x20, 0x00, 0x00,
  0x00, 0x00, 0x00, 0x00, 0xFF, 0xFF, 0x02, 0x00, 0x00, 0x00, 0x00, 0x00, 0x00, 0x00, 0x00, 0x00,
  0x00, 0x00, 0x00, 0x00, 0x00, 0x00, 0x00, 0x00, 0x00, 0xFF, 0xFF, 0x02, 0x00, 0x00, 0x00, 0x00,
  0x00, 0x00, 0xFF, 0xFF, 0x1A, 0xFF, 0xFF, 0x44, 0xFF, 0xFF, 0x6F, 0xFF, 0xFF, 0x81, 0xFF, 0xFF,
  0x89, 0xFF, 0xFF, 0x80, 0xFF, 0xFF, 0x6C, 0xFF, 0xFF, 0x46, 0xFF, 0xFF, 0x18, 0x00, 0x00, 0x00,
  0x00, 0x00, 0x00, 0xFF, 0xFF, 0x02, 0x00, 0x00, 0x00, 0x00, 0x00, 0x00, 0xFF, 0xFF, 0x67, 0xFF,
  0xFF, 0xFF, 0xFF, 0xFF, 0xFB, 0xFF, 0xFF, 0xFC, 0xFF, 0xFF, 0xFF, 0xFF, 0xFF, 0x8A, 0x00, 0x00,
  0x00, 0xFF, 0xFF, 0x02, 0x00, 0x00, 0x00, 0x00, 0x00, 0x00, 0x00, 0x00, 0x00, 0x00, 0x00, 0x00,
  0xFF, 0xFF, 0x01, 0xFF, 0xFF, 0x01, 0xFF, 0xFF, 0x0F, 0xFF, 0xFF, 0xC7, 0xFF, 0xFF, 0xFF, 0xFF,
  0xFF, 0xFC, 0xFF, 0xFF, 0xFF, 0xFF, 0xFF, 0xF5, 0xFF, 0xFF, 0x2C, 0x00, 0x00, 0x00, 0xFF, 0xFF,
  0x03, 0xFF, 0xFF, 0x03, 0x00, 0x00, 0x00, 0xFF, 0xFF, 0x99, 0xFF, 0xFF, 0xFD, 0xFF, 0xFF, 0xF5,
  0xFF, 0xFF, 0xFA, 0xFF, 0xFF, 0xED, 0xFF, 0xFF, 0x27, 0xFF, 0xFF, 0x23, 0xFF, 0xFF, 0xB5, 0xFF,
  0xFF, 0xF8, 0xFF, 0xFF, 0xFF, 0xFF, 0xFF, 0xFF, 0xFF, 0xFF, 0xFE, 0xFF, 0xFF, 0x43, 0x00, 0x00,
  0x00, 0x00, 0x00, 0x00, 0xFF, 0xFF, 0x8C, 0xFF, 0xFF, 0xFD, 0xFF, 0xFF, 0xF5, 0xFF, 0xFF, 0xF9,
  0xFF, 0xFF, 0xFB, 0xFF, 0xFF, 0x4C, 0x00, 0x00, 0x00, 0xFF, 0xFF, 0x02, 0x00, 0x00, 0x00, 0x00,
  0x00, 0x00, 0x00, 0x00, 0x00, 0xFF, 0xFF, 0x02, 0x00, 0x00, 0x00, 0xFF, 0xFF, 0x44, 0xFF, 0xFF,
  0xAF, 0xFF, 0xFF, 0xF1, 0xFF, 0xFF, 0xFE, 0xFF, 0xFF, 0xFF, 0xFF, 0xFF, 0xFF, 0xFF, 0xFF, 0xFF,
  0xFF, 0xFF, 0xF0, 0xFF, 0xFF, 0xA2, 0xFF, 0xFF, 0x23, 0x00, 0x00, 0x00, 0xFF, 0xFF, 0xB6, 0xFF,
  0xFF, 0xFD, 0xFF, 0xFF, 0xF7, 0xFF, 0xFF, 0xFA, 0xFF, 0xFF, 0xEA, 0xFF, 0xFF, 0x32, 0x00, 0x00,
  0x00, 0xFF, 0xFF, 0x04, 0x00, 0x00, 0x00, 0xFF, 0xFF, 0x0D, 0xFF, 0xFF, 0xCC, 0xFF, 0xFF, 0xFF,
  0xFF, 0xFF, 0xFB, 0xFF, 0xFF, 0xFF, 0xFF, 0xFF, 0xD0, 0xFF, 0xFF, 0x03, 0xFF, 0xFF, 0x0F, 0xFF,
  0xFF, 0x90, 0xFF, 0xFF, 0xEA, 0xFF, 0xFF, 0xFD, 0xFF, 0xFF, 0xFF, 0xFF, 0xFF, 0xFF, 0xFF, 0xFF,
  0xFF, 0xFF, 0xFF, 0xF9, 0xFF, 0xFF, 0xD3, 0xFF, 0xFF, 0x63, 0xFF, 0xFF, 0x01, 0xFF, 0xFF, 0x01,
  0xFF, 0xFF, 0x01, 0xFF, 0xFF, 0x02, 0x00, 0x00, 0x00, 0xFF, 0xFF, 0x3F, 0xFF, 0xFF, 0xF5, 0xFF,
  0xFF, 0xF9, 0xFF, 0xFF, 0xFA, 0xFF, 0xFF, 0xFF, 0xFF, 0xFF, 0xFF, 0xFF, 0xFF, 0xFF, 0xFF, 0xFF,
  0xFF, 0xFF, 0xFF, 0xFD, 0xFF, 0xFF, 0xF9, 0xFF, 0xFF, 0xF7, 0xFF, 0xFF, 0xFC, 0xFF, 0xFF, 0xC0,
  0xFF, 0xFF, 0x0A, 0xFF, 0xFF, 0x03, 0x00, 0x00, 0x00, 0xFF, 0xFF, 0x32, 0xFF, 0xFF, 0xEF, 0xFF,
  0xFF, 0xFA, 0xFF, 0xFF, 0xF5, 0xFF, 0xFF, 0xFD, 0xFF, 0xFF, 0x77, 0x00, 0x00, 0x00, 0xFF, 0xFF,
  0x3B, 0xFF, 0xFF, 0xBF, 0xFF, 0xFF, 0xF5, 0xFF, 0xFF, 0xFF, 0xFF, 0xFF, 0xFF, 0xFF, 0xFF, 0xFF,
  0xFF, 0xFF, 0xFE, 0xFF, 0xFF, 0xF4, 0xFF, 0xFF, 0xA9, 0xFF, 0xFF, 0x31, 0x00, 0x00, 0x00, 0xFF,
  0xFF, 0x02, 0x00, 0x00, 0x00, 0x00, 0x00, 0x00, 0x00, 0x00, 0x00, 0x00, 0x00, 0x00, 0x00, 0x00,
  0x00, 0x00, 0x00, 0x00, 0xFF, 0xFF, 0x02, 0x00, 0x00, 0x00, 0xFF, 0xFF, 0x2C, 0xFF, 0xFF, 0x93,
  0xFF, 0xFF, 0xE0, 0xFF, 0xFF, 0xFA, 0xFF, 0xFF, 0xFF, 0xFF, 0xFF, 0xFF, 0xFF, 0xFF, 0xFF, 0xFF,
  0xFF, 0xFF, 0xFF, 0xFF, 0xF8, 0xFF, 0xFF, 0xD5, 0xFF, 0xFF, 0x89, 0xFF, 0xFF, 0x1F, 0x00, 0x00,
  0x00, 0xFF, 0xFF, 0x02, 0x00, 0x00, 0x00, 0x00, 0x00, 0x00, 0x00, 0x00, 0x00, 0x00, 0x00, 0x00,
  0x00, 0x00, 0x00, 0xFF, 0xFF, 0x02, 0x00, 0x00, 0x00, 0xFF, 0xFF, 0x0E, 0xFF, 0xFF, 0x6D, 0xFF,
  0xFF, 0xC6, 0xFF, 0xFF, 0xF4, 0xFF, 0xFF, 0xFE, 0xFF, 0xFF, 0xFF, 0xFF, 0xFF, 0xFF, 0xFF, 0xFF,
  0xFF, 0xFF, 0xFF, 0xFE, 0xFF, 0xFF, 0xF8, 0xFF, 0xFF, 0xDA, 0xFF, 0xFF, 0x87, 0xFF, 0xFF, 0x1B,
  0x00, 0x00, 0x00, 0xFF, 0xFF, 0x02, 0x00, 0x00, 0x00, 0x00, 0x00, 0x00, 0x00, 0x00, 0x00, 0x00,
  0x00, 0x00, 0xFF, 0xFF, 0x02, 0x00, 0x00, 0x00, 0xFF, 0xFF, 0x1C, 0xFF, 0xFF, 0x84, 0xFF, 0xFF,
  0xD1, 0xFF, 0xFF, 0xF7, 0xFF, 0xFF, 0xFF, 0xFF, 0xFF, 0xFF, 0xFF, 0xFF, 0xFF, 0xFF, 0xFF, 0xFF,
  0xFF, 0xFF, 0xFE, 0xFF, 0xFF, 0xF7, 0xFF, 0xFF, 0xCF, 0xFF, 0xFF, 0x70, 0xFF, 0xFF, 0x0C, 0x00,
  0x00, 0x00, 0xFF, 0xFF, 0x02, 0x00, 0x00, 0x00, 0xFF, 0xFF, 0x67, 0xFF, 0xFF, 0xFF, 0xFF, 0xFF,
  0xFB, 0xFF, 0xFF, 0xFC, 0xFF, 0xFF, 0xFF, 0xFF, 0xFF, 0x8A, 0x00, 0x00, 0x00, 0xFF, 0xFF, 0x02,
  0x00, 0x00, 0x00, 0x00, 0x00, 0x00, 0x00, 0x00, 0x00, 0x00, 0x00, 0x00, 0xFF, 0xFF, 0x03, 0xFF,
  0xFF, 0x02, 0xFF, 0xFF, 0x18, 0xFF, 0xFF, 0xE1, 0xFF, 0xFF, 0xFF, 0xFF, 0xFF, 0xFC, 0xFF, 0xFF,
  0xFE, 0xFF, 0xFF, 0xE1, 0xFF, 0xFF, 0x1B, 0x00, 0x00, 0x00, 0xFF, 0xFF, 0x02, 0xFF, 0xFF, 0x02,
  0x00, 0x00, 0x00, 0xFF, 0xFF, 0x96, 0xFF, 0xFF, 0xFF, 0xFF, 0xFF, 0xF9, 0xFF, 0xFF, 0xFF, 0xFF,
  0xFF, 0xE7, 0xFF, 0xFF, 0x38, 0xFF, 0xFF, 0xBD, 0xFF, 0xFF, 0xFF, 0xFF, 0xFF, 0xFB, 0xFF, 0xFF,
  0xFA, 0xFF, 0xFF, 0xFA, 0xFF, 0xFF, 0xF3, 0xFF, 0xFF, 0x3F, 0x00, 0x00, 0x00, 0x00, 0x00, 0x00,
  0xFF, 0xFF, 0x8B, 0xFF, 0xFF, 0xFF, 0xFF, 0xFF, 0xF9, 0xFF, 0xFF, 0xFD, 0xFF, 0xFF, 0xFF, 0xFF,
  0xFF, 0x4A, 0x00, 0x00, 0x00, 0xFF, 0xFF, 0x02, 0x00, 0x00, 0x00, 0xFF, 0xFF, 0x01, 0xFF, 0xFF,
  0x02, 0x00, 0x00, 0x00, 0xFF, 0xFF, 0x6A, 0xFF, 0xFF, 0xF0, 0xFF, 0xFF, 0xFF, 0xFF, 0xFF, 0xFF,
  0xFF, 0xFF, 0xFC, 0xFF, 0xFF, 0xFB, 0xFF, 0xFF, 0xFB, 0xFF, 0xFF, 0xFB, 0xFF, 0xFF, 0xFD, 0xFF,
  0xFF, 0xFF, 0xFF, 0xFF, 0xC8, 0xFF, 0xFF, 0x17, 0xFF, 0xFF, 0xAA, 0xFF, 0xFF, 0xFF, 0xFF, 0xFF,
  0xFA, 0xFF, 0xFF, 0xFE, 0xFF, 0xFF, 0xEA, 0xFF, 0xFF, 0x30, 0x00, 0x00, 0x00, 0xFF, 0xFF, 0x04,
  0x00, 0x00, 0x00, 0xFF, 0xFF, 0x0D, 0xFF, 0xFF, 0xCC, 0xFF, 0xFF, 0xFF, 0xFF, 0xFF, 0xFB, 0xFF,
  0xFF, 0xFF, 0xFF, 0xFF, 0xC8, 0xFF, 0xFF, 0x16, 0xFF, 0xFF, 0xAF, 0xFF, 0xFF, 0xFF, 0xFF, 0xFF,
  0xFE, 0xFF, 0xFF, 0xFC, 0xFF, 0xFF, 0xFB, 0xFF, 0xFF, 0xFB, 0xFF, 0xFF, 0xFD, 0xFF, 0xFF, 0xFD,
  0xFF, 0xFF, 0xFF, 0xFF, 0xFF, 0xFF, 0xFF, 0xFF, 0x83, 0x00, 0x00, 0x00, 0xFF, 0xFF, 0x01, 0xFF,
  0xFF, 0x03, 0x00, 0x00, 0x00, 0xFF, 0xFF, 0x3D, 0xFF, 0xFF, 0xF3, 0xFF, 0xFF, 0xFD, 0xFF, 0xFF,
  0xFC, 0xFF, 0xFF, 0xFF, 0xFF, 0xFF, 0xFF, 0xFF, 0xFF, 0xFF, 0xFF, 0xFF, 0xFF, 0xFF, 0xFF, 0xFE,
  0xFF, 0xFF, 0xFC, 0xFF, 0xFF, 0xF9, 0xFF, 0xFF, 0xFF, 0xFF, 0xFF, 0xBC, 0xFF, 0xFF, 0x0A, 0xFF,
  0xFF, 0x03, 0x00, 0x00, 0x00, 0xFF, 0xFF, 0x30, 0xFF, 0xFF, 0xEF, 0xFF, 0xFF, 0xFF, 0xFF, 0xFF,
  0xF9, 0xFF, 0xFF, 0xFF, 0xFF, 0xFF, 0x69, 0xFF, 0xFF, 0x2A, 0xFF, 0xFF, 0xE5, 0xFF, 0xFF, 0xFF,
  0xFF, 0xFF, 0xFC, 0xFF, 0xFF, 0xFB, 0xFF, 0xFF, 0xFA, 0xFF, 0xFF, 0xFC, 0xFF, 0xFF, 0xFC, 0xFF,
  0xFF, 0xFF, 0xFF, 0xFF, 0xFF, 0xFF, 0xFF, 0xE2, 0xFF, 0xFF, 0x3B, 0x00, 0x00, 0x00, 0xFF, 0xFF,
  0x02, 0x00, 0x00, 0x00, 0x00, 0x00, 0x00, 0x00, 0x00, 0x00, 0x00, 0x00, 0x00, 0xFF, 0xFF, 0x02,
  0x00, 0x00, 0x00, 0xFF, 0xFF, 0x4E, 0xFF, 0xFF, 0xDF, 0xFF, 0xFF, 0xFF, 0xFF, 0xFF, 0xFF, 0xFF,
  0xFF, 0xFC, 0xFF, 0xFF, 0xFB, 0xFF, 0xFF, 0xFD, 0xFF, 0xFF, 0xFE, 0xFF, 0xFF, 0xFC, 0xFF, 0xFF,
  0xFD, 0xFF, 0xFF, 0xFF, 0xFF, 0xFF, 0xFF, 0xFF, 0xFF, 0xD3, 0xFF, 0xFF, 0x3D, 0x00, 0x00, 0x00,
  0xFF, 0xFF, 0x02, 0x00, 0x00, 0x00, 0x00, 0x00, 0x00, 0x00, 0x00, 0x00, 0xFF, 0xFF, 0x02, 0x00,
  0x00, 0x00, 0xFF, 0xFF, 0x23, 0xFF, 0xFF, 0xBE, 0xFF, 0xFF, 0xFF, 0xFF, 0xFF, 0xFF, 0xFF, 0xFF,
  0xFE, 0xFF, 0xFF, 0xFB, 0xFF, 0xFF, 0xFF, 0xFF, 0xFF, 0xFF, 0xFF, 0xFF, 0xFF, 0xFF, 0xFF, 0xFC,
  0xFF, 0xFF, 0xFD, 0xFF, 0xFF, 0xFF, 0xFF, 0xFF, 0xFF, 0xFF, 0xFF, 0xC6, 0xFF, 0xFF, 0x20, 0x00,
  0x00, 0x00, 0xFF, 0xFF, 0x02, 0x00, 0x00, 0x00, 0x00, 0x00, 0x00, 0xFF, 0xFF, 0x02, 0x00, 0x00,
  0x00, 0xFF, 0xFF, 0x30, 0xFF, 0xFF, 0xCE, 0xFF, 0xFF, 0xFF, 0xFF, 0xFF, 0xFF, 0xFF, 0xFF, 0xFD,
  0xFF, 0xFF, 0xFB, 0xFF, 0xFF, 0xFF, 0xFF, 0xFF, 0xFF, 0xFF, 0xFF, 0xFF, 0xFF, 0xFF, 0xFC, 0xFF,
  0xFF, 0xFE, 0xFF, 0xFF, 0xFF, 0xFF, 0xFF, 0xFF, 0xFF, 0xFF, 0xAA, 0xFF, 0xFF, 0x12, 0x00, 0x00,
  0x00, 0xFF, 0xFF, 0x01, 0xFF, 0xFF, 0x67, 0xFF, 0xFF, 0xFF, 0xFF, 0xFF, 0xFB, 0xFF, 0xFF, 0xFC,
  0xFF, 0xFF, 0xFF, 0xFF, 0xFF, 0x8B, 0xFF, 0xFF, 0x02, 0xFF, 0xFF, 0x04, 0xFF, 0xFF, 0x02, 0xFF,
  0xFF, 0x02, 0xFF, 0xFF, 0x02, 0xFF, 0xFF, 0x02, 0x00, 0x00, 0x00, 0x00, 0x00, 0x00, 0xFF, 0xFF,
  0x6C, 0xFF, 0xFF, 0xFF, 0xFF, 0xFF, 0xFC, 0xFF, 0xFF, 0xFB, 0xFF, 0xFF, 0xFF, 0xFF, 0xFF, 0x9C,
  0xFF, 0xFF, 0x01, 0xFF, 0xFF, 0x02, 0xFF, 0xFF, 0x01, 0xFF, 0xFF, 0x03, 0x00, 0x00, 0x00, 0xFF,
  0xFF, 0x97, 0xFF, 0xFF, 0xFE, 0xFF, 0xFF, 0xFA, 0xFF, 0xFF, 0xFE, 0xFF, 0xFF, 0xDC, 0xFF, 0xFF,
  0x9E, 0xFF, 0xFF, 0xFC, 0xFF, 0xFF, 0xFE, 0xFF, 0xFF, 0xFF, 0xFF, 0xFF, 0xFF, 0xFF, 0xFF, 0xFF,
  0xFF, 0xFF, 0xFF, 0xFF, 0xFF, 0x42, 0x00, 0x00, 0x00, 0x00, 0x00, 0x00, 0xFF, 0xFF, 0x8C, 0xFF,
  0xFF, 0xFE, 0xFF, 0xFF, 0xFA, 0xFF, 0xFF, 0xFE, 0xFF, 0xFF, 0xFE, 0xFF, 0xFF, 0x4B, 0x00, 0x00,
  0x00, 0xFF, 0xFF, 0x02, 0x00, 0x00, 0x00, 0xFF, 0xFF, 0x02, 0x00, 0x00, 0x00, 0xFF, 0xFF, 0x59,
  0xFF, 0xFF, 0xFE, 0xFF, 0xFF, 0xFF, 0xFF, 0xFF, 0xFB, 0xFF, 0xFF, 0xFD, 0xFF, 0xFF, 0xFF, 0xFF,
  0xFF, 0xFF, 0xFF, 0xFF, 0xFF, 0xFF, 0xFF, 0xFF, 0xFF, 0xFF, 0xFF, 0xFF, 0xFF, 0xFF, 0xFF, 0xFF,
  0xFF, 0xFF, 0xFF, 0x99, 0xFF, 0xFF, 0xB2, 0xFF, 0xFF, 0xFE, 0xFF, 0xFF, 0xFC, 0xFF, 0xFF, 0xFF,
  0xFF, 0xFF, 0xEB, 0xFF, 0xFF, 0x30, 0x00, 0x00, 0x00, 0xFF, 0xFF, 0x04, 0x00, 0x00, 0x00, 0xFF,
  0xFF, 0x0D, 0xFF, 0xFF, 0xCC, 0xFF, 0xFF, 0xFF, 0xFF, 0xFF, 0xFB, 0xFF, 0xFF, 0xFF, 0xFF, 0xFF,
  0xC5, 0xFF, 0xFF, 0x83, 0xFF, 0xFF, 0xFF, 0xFF, 0xFF, 0xFF, 0xFF, 0xFF, 0xFF, 0xFF, 0xFF, 0xFF,
  0xFF, 0xFF, 0xFF, 0xFF, 0xFF, 0xFF, 0xFF, 0xFF, 0xFD, 0xFF, 0xFF, 0xFF, 0xFF, 0xFF, 0xFC, 0xFF,
  0xFF, 0xFD, 0xFF, 0xFF, 0xFD, 0xFF, 0xFF, 0x4F, 0x00, 0x00, 0x00, 0xFF, 0xFF, 0x05, 0x00, 0x00,
  0x00, 0xFF, 0xFF, 0x3F, 0xFF, 0xFF, 0xFA, 0xFF, 0xFF, 0xFF, 0xFF, 0xFF, 0xFF, 0xFF, 0xFF, 0xFF,
  0xFF, 0xFF, 0xFF, 0xFF, 0xFF, 0xFF, 0xFF, 0xFF, 0xFF, 0xFF, 0xFF, 0xFF, 0xFF, 0xFF, 0xFF, 0xFF,
  0xFF, 0xFF, 0xFF, 0xFF, 0xFF, 0xFF, 0xFF, 0xC2, 0xFF, 0xFF, 0x0A, 0xFF, 0xFF, 0x03, 0x00, 0x00,
  0x00, 0xFF, 0xFF, 0x30, 0xFF, 0xFF, 0xF0, 0xFF, 0xFF, 0xFE, 0xFF, 0xFF, 0xFB, 0xFF, 0xFF, 0xFE,
  0xFF, 0xFF, 0x81, 0xFF, 0xFF, 0xBF, 0xFF, 0xFF, 0xFF, 0xFF, 0xFF, 0xFF, 0xFF, 0xFF, 0xFF, 0xFF,
  0xFF, 0xFF, 0xFF, 0xFF, 0xFF, 0xFF, 0xFF, 0xFF, 0xFF, 0xFF, 0xFE, 0xFF, 0xFF, 0xFE, 0xFF, 0xFF,
  0xFA, 0xFF, 0xFF, 0xFF, 0xFF, 0xFF, 0xD0, 0xFF, 0xFF, 0x14, 0xFF, 0xFF, 0x01, 0xFF, 0xFF, 0x01,
  0x00, 0x00, 0x00, 0x00, 0x00, 0x00, 0xFF, 0xFF, 0x02, 0x00, 0x00, 0x00, 0xFF, 0xFF, 0x4F, 0xFF,
  0xFF, 0xF2, 0xFF, 0xFF, 0xFF, 0xFF, 0xFF, 0xFA, 0xFF, 0xFF, 0xFC, 0xFF, 0xFF, 0xFF, 0xFF, 0xFF,
  0xFF, 0xFF, 0xFF, 0xF9, 0xFF, 0xFF, 0xF9, 0xFF, 0xFF, 0xFF, 0xFF, 0xFF, 0xFF, 0xFF, 0xFF, 0xFC,
  0xFF, 0xFF, 0xFB, 0xFF, 0xFF, 0xFF, 0xFF, 0xFF, 0xE8, 0xFF, 0xFF, 0x38, 0x00, 0x00, 0x00, 0xFF,
  0xFF, 0x02, 0x00, 0x00, 0x00, 0xFF, 0xFF, 0x01, 0x00, 0x00, 0x00, 0xFF, 0xFF, 0x0C, 0xFF, 0xFF,
  0xBE, 0xFF, 0xFF, 0xFF, 0xFF, 0xFF, 0xFB, 0xFF, 0xFF, 0xFC, 0xFF, 0xFF, 0xFF, 0xFF, 0xFF, 0xFF,
  0xFF, 0xFF, 0xEE, 0xFF, 0xFF, 0xE1, 0xFF, 0xFF, 0xE8, 0xFF, 0xFF, 0xFF, 0xFF, 0xFF, 0xFF, 0xFF,
  0xFF, 0xFC, 0xFF, 0xFF, 0xFA, 0xFF, 0xFF, 0xFF, 0xFF, 0xFF, 0xBF, 0xFF, 0xFF, 0x0C, 0xFF, 0xFF,
  0x01, 0xFF, 0xFF, 0x01, 0xFF, 0xFF, 0x01, 0x00, 0x00, 0x00, 0xFF, 0xFF, 0x1F, 0xFF, 0xFF, 0xD5,
  0xFF, 0xFF, 0xFF, 0xFF, 0xFF, 0xFB, 0xFF, 0xFF, 0xFC, 0xFF, 0xFF, 0xFF, 0xFF, 0xFF, 0xFF, 0xFF,
  0xFF, 0xEE, 0xFF, 0xFF, 0xE2, 0xFF, 0xFF, 0xEC, 0xFF, 0xFF, 0xFF, 0xFF, 0xFF, 0xFF, 0xFF, 0xFF,
  0xFC, 0xFF, 0xFF, 0xFB, 0xFF, 0xFF, 0xFF, 0xFF, 0xFF, 0xA7, 0xFF, 0xFF, 0x04, 0xFF, 0xFF, 0x01,
  0xFF, 0xFF, 0x67, 0xFF, 0xFF, 0xFF, 0xFF, 0xFF, 0xFB, 0xFF, 0xFF, 0xFC, 0xFF, 0xFF, 0xFF, 0xFF,
  0xFF, 0x85, 0x00, 0x00, 0x00, 0x00, 0x00, 0x00, 0x00, 0x00, 0x00, 0x00, 0x00, 0x00, 0x00, 0x00,
  0x00, 0x00, 0x00, 0x00, 0xFF, 0xFF, 0x10, 0xFF, 0xFF, 0x65, 0xFF, 0xFF, 0xEE, 0xFF, 0xFF, 0xFE,
  0xFF, 0xFF, 0xFD, 0xFF, 0xFF, 0xFF, 0xFF, 0xFF, 0xDE, 0xFF, 0xFF, 0x27, 0x00, 0x00, 0x00, 0xFF,
  0xFF, 0x02, 0x00, 0x00, 0x00, 0xFF, 0xFF, 0x03, 0x00, 0x00, 0x00, 0xFF, 0xFF, 0x97, 0xFF, 0xFF,
  0xFF, 0xFF, 0xFF, 0xFB, 0xFF, 0xFF, 0xFF, 0xFF, 0xFF, 0xF4, 0xFF, 0xFF, 0xF3, 0xFF, 0xFF, 0xFF,
  0xFF, 0xFF, 0xF5, 0xFF, 0xFF, 0xCB, 0xFF, 0xFF, 0xB2, 0xFF, 0xFF, 0xB2, 0xFF, 0xFF, 0xC4, 0xFF,
  0xFF, 0x37, 0x00, 0x00, 0x00, 0x00, 0x00, 0x00, 0xFF, 0xFF, 0x8C, 0xFF, 0xFF, 0xFF, 0xFF, 0xFF,
  0xFA, 0xFF, 0xFF, 0xFE, 0xFF, 0xFF, 0xFF, 0xFF, 0xFF, 0x4B, 0x00, 0x00, 0x00, 0xFF, 0xFF, 0x02,
  0xFF, 0xFF, 0x01, 0x00, 0x00, 0x00, 0xFF, 0xFF, 0x1C, 0xFF, 0xFF, 0xE1, 0xFF, 0xFF, 0xFF, 0xFF,
  0xFF, 0xFC, 0xFF, 0xFF, 0xFF, 0xFF, 0xFF, 0xFF, 0xFF, 0xFF, 0xFB, 0xFF, 0xFF, 0xBB, 0xFF, 0xFF,
  0x77, 0xFF, 0xFF, 0x68, 0xFF, 0xFF, 0x82, 0xFF, 0xFF, 0xCA, 0xFF, 0xFF, 0xFF, 0xFF, 0xFF, 0xFB,
  0xFF, 0xFF, 0xF4, 0xFF, 0xFF, 0xFF, 0xFF, 0xFF, 0xFE, 0xFF, 0xFF, 0xFF, 0xFF, 0xFF, 0xEB, 0xFF,
  0xFF, 0x30, 0x00, 0x00, 0x00, 0xFF, 0xFF, 0x04, 0x00, 0x00, 0x00, 0xFF, 0xFF, 0x0D, 0xFF, 0xFF,
  0xCC, 0xFF, 0xFF, 0xFF, 0xFF, 0xFF, 0xFD, 0xFF, 0xFF, 0xFF, 0xFF, 0xFF, 0xF3, 0xFF, 0xFF, 0xF0,
  0xFF, 0xFF, 0xFF, 0xFF, 0xFF, 0xD0, 0xFF, 0xFF, 0x96, 0xFF, 0xFF, 0x7F, 0xFF, 0xFF, 0x99, 0xFF,
  0xFF, 0xD6, 0xFF, 0xFF, 0xFF, 0xFF, 0xFF, 0xFE, 0xFF, 0xFF, 0xFF, 0xFF, 0xFF, 0xFB, 0xFF, 0xFF,
  0xFF, 0xFF, 0xFF, 0xC2, 0xFF, 0xFF, 0x06, 0xFF, 0xFF, 0x01, 0x00, 0x00, 0x00, 0xFF, 0xFF, 0x1D,
  0xFF, 0xFF, 0x70, 0xFF, 0xFF, 0x6B, 0xFF, 0xFF, 0x90, 0xFF, 0xFF, 0xF9, 0xFF, 0xFF, 0xFF, 0xFF,
  0xFF, 0xFD, 0xFF, 0xFF, 0xFF, 0xFF, 0xFF, 0xC8, 0xFF, 0xFF, 0x6C, 0xFF, 0xFF, 0x6F, 0xFF, 0xFF,
  0x77, 0xFF, 0xFF, 0x55, 0xFF, 0xFF, 0x04, 0xFF, 0xFF, 0x02, 0x00, 0x00, 0x00, 0xFF, 0xFF, 0x30,
  0xFF, 0xFF, 0xF0, 0xFF, 0xFF, 0xFF, 0xFF, 0xFF, 0xFD, 0xFF, 0xFF, 0xFF, 0xFF, 0xFF, 0xE7, 0xFF,
  0xFF, 0xFF, 0xFF, 0xFF, 0xF7, 0xFF, 0xFF, 0xBC, 0xFF, 0xFF, 0x89, 0xFF, 0xFF, 0x80, 0xFF, 0xFF,
  0xA8, 0xFF, 0xFF, 0xEF, 0xFF, 0xFF, 0xFF, 0xFF, 0xFF, 0xFE, 0xFF, 0xFF, 0xFF, 0xFF, 0xFF, 0xFB,
  0xFF, 0xFF, 0xFF, 0xFF, 0xFF, 0x6B, 0x00, 0x00, 0x00, 0xFF, 0xFF, 0x03, 0x00, 0x00, 0x00, 0xFF,
  0xFF, 0x02, 0x00, 0x00, 0x00, 0xFF, 0xFF, 0x24, 0xFF, 0xFF, 0xE7, 0xFF, 0xFF, 0xFF, 0xFF, 0xFF,
  0xFB, 0xFF, 0xFF, 0xFE, 0xFF, 0xFF, 0xFF, 0xFF, 0xFF, 0xC2, 0xFF, 0xFF, 0x6C, 0xFF, 0xFF, 0x45,
  0xFF, 0xFF, 0x44, 0xFF, 0xFF, 0x69, 0xFF, 0xFF, 0xC7, 0xFF, 0xFF, 0xFF, 0xFF, 0xFF, 0xFF, 0xFF,
  0xFF, 0xFA, 0xFF, 0xFF, 0xFF, 0xFF, 0xFF, 0xC5, 0xFF, 0xFF, 0x0C, 0xFF, 0xFF, 0x01, 0xFF, 0xFF,
  0x01, 0xFF, 0xFF, 0x03, 0x00, 0x00, 0x00, 0xFF, 0xFF, 0x66, 0xFF, 0xFF, 0xFF, 0xFF, 0xFF, 0xFA,
  0xFF, 0xFF, 0xFD, 0xFF, 0xFF, 0xFF, 0xFF, 0xFF, 0xEC, 0xFF, 0xFF, 0x7E, 0xFF, 0xFF, 0x39, 0xFF,
  0xFF, 0x2E, 0xFF, 0xFF, 0x33, 0xFF, 0xFF, 0x60, 0xFF, 0xFF, 0xD7, 0xFF, 0xFF, 0xFF, 0xFF, 0xFF,
  0xFC, 0xFF, 0xFF, 0xFC, 0xFF, 0xFF, 0xFF, 0xFF, 0xFF, 0x6A, 0x00, 0x00, 0x00, 0xFF, 0xFF, 0x03,
  0xFF, 0xFF, 0x03, 0x00, 0x00, 0x00, 0xFF, 0xFF, 0x88, 0xFF, 0xFF, 0xFF, 0xFF, 0xFF, 0xF9, 0xFF,
  0xFF, 0xFE, 0xFF, 0xFF, 0xFF, 0xFF, 0xFF, 0xE3, 0xFF, 0xFF, 0x6D, 0xFF, 0xFF, 0x38, 0xFF, 0xFF,
  0x2F, 0xFF, 0xFF, 0x36, 0xFF, 0xFF, 0x77, 0xFF, 0xFF, 0xEC, 0xFF, 0xFF, 0xFF, 0xFF, 0xFF, 0xFD,
  0xFF, 0xFF, 0xFD, 0xFF, 0xFF, 0xFF, 0xFF, 0xFF, 0x55, 0x00, 0x00, 0x00, 0xFF, 0xFF, 0x67, 0xFF,
  0xFF, 0xFF, 0xFF, 0xFF, 0xFB, 0xFF, 0xFF, 0xFD, 0xFF, 0xFF, 0xFF, 0xFF, 0xFF, 0xC7, 0xFF, 0xFF,
  0x82, 0xFF, 0xFF, 0x86, 0xFF, 0xFF, 0x86, 0xFF, 0xFF, 0x86, 0xFF, 0xFF, 0x85, 0xFF, 0xFF, 0x8B,
  0xFF, 0xFF, 0xC0, 0xFF, 0xFF, 0xFF, 0xFF, 0xFF, 0xFF, 0xFF, 0xFF, 0xFF, 0xFF, 0xFF, 0xFD, 0xFF,
  0xFF, 0xCB, 0xFF, 0xFF, 0x35, 0x00, 0x00, 0x00, 0xFF, 0xFF, 0x01, 0x00, 0x00, 0x00, 0x00, 0x00,
  0x00, 0xFF, 0xFF, 0x03, 0x00, 0x00, 0x00, 0xFF, 0xFF, 0x97, 0xFF, 0xFF, 0xFF, 0xFF, 0xFF, 0xFB,
  0xFF, 0xFF, 0xFF, 0xFF, 0xFF, 0xFF, 0xFF, 0xFF, 0xFF, 0xFF, 0xFF, 0xD5, 0xFF, 0xFF, 0x50, 0xFF,
  0xFF, 0x0C, 0xFF, 0xFF, 0x05, 0xFF, 0xFF, 0x05, 0xFF, 0xFF, 0x0A, 0xFF, 0xFF, 0x05, 0xFF, 0xFF,
  0x03, 0x00, 0x00, 0x00, 0xFF, 0xFF, 0x8C, 0xFF, 0xFF, 0xFF, 0xFF, 0xFF, 0xFA, 0xFF, 0xFF, 0xFE,
  0xFF, 0xFF, 0xFF, 0xFF, 0xFF, 0x4B, 0x00, 0x00, 0x00, 0xFF, 0xFF, 0x02, 0xFF, 0xFF, 0x03, 0x00,
  0x00, 0x00, 0xFF, 0xFF, 0x85, 0xFF, 0xFF, 0xFF, 0xFF, 0xFF, 0xFC, 0xFF, 0xFF, 0xFE, 0xFF, 0xFF,
  0xFE, 0xFF, 0xFF, 0xF8, 0xFF, 0xFF, 0x6E, 0xFF, 0xFF, 0x07, 0x00, 0x00, 0x00, 0x00, 0x00, 0x00,
  0x00, 0x00, 0x00, 0xFF, 0xFF, 0x11, 0xFF, 0xFF, 0x95, 0xFF, 0xFF, 0xFF, 0xFF, 0xFF, 0xFF, 0xFF,
  0xFF, 0xFF, 0xFF, 0xFF, 0xFE, 0xFF, 0xFF, 0xFF, 0xFF, 0xFF, 0xEB, 0xFF, 0xFF, 0x30, 0x00, 0x00,
  0x00, 0xFF, 0xFF, 0x04, 0x00, 0x00, 0x00, 0xFF, 0xFF, 0x0D, 0xFF, 0xFF, 0xCC, 0xFF, 0xFF, 0xFF,
  0xFF, 0xFF, 0xFD, 0xFF, 0xFF, 0xFE, 0xFF, 0xFF, 0xFF, 0xFF, 0xFF, 0xFF, 0xFF, 0xFF, 0x84, 0xFF,
  0xFF, 0x14, 0x00, 0x00, 0x00, 0x00, 0x00, 0x00, 0x00, 0x00, 0x00, 0xFF, 0xFF, 0x1E, 0xFF, 0xFF,
  0xB2, 0xFF, 0xFF, 0xFF, 0xFF, 0xFF, 0xFE, 0xFF, 0xFF, 0xFF, 0xFF, 0xFF, 0xFF, 0xFF, 0xFF, 0xF8,
  0xFF, 0xFF, 0x26, 0x00, 0x00, 0x00, 0xFF, 0xFF, 0x01, 0x00, 0x00, 0x00, 0x00, 0x00, 0x00, 0x00,
  0x00, 0x00, 0xFF, 0xFF, 0x34, 0xFF, 0xFF, 0xF6, 0xFF, 0xFF, 0xFF, 0xFF, 0xFF, 0xFB, 0xFF, 0xFF,
  0xFF, 0xFF, 0xFF, 0x99, 0x00, 0x00, 0x00, 0x00, 0x00, 0x00, 0x00, 0x00, 0x00, 0x00, 0x00, 0x00,
  0x00, 0x00, 0x00, 0xFF, 0xFF, 0x02, 0x00, 0x00, 0x00, 0xFF, 0xFF, 0x30, 0xFF, 0xFF, 0xF0, 0xFF,
  0xFF, 0xFF, 0xFF, 0xFF, 0xFE, 0xFF, 0xFF, 0xFD, 0xFF, 0xFF, 0xFF, 0xFF, 0xFF, 0xE9, 0xFF, 0xFF,
  0x5A, 0xFF, 0xFF, 0x07, 0x00, 0x00, 0x00, 0x00, 0x00, 0x00, 0xFF, 0xFF, 0x03, 0xFF, 0xFF, 0x47,
  0xFF, 0xFF, 0xE3, 0xFF, 0xFF, 0xFF, 0xFF, 0xFF, 0xFE, 0xFF, 0xFF, 0xFC, 0xFF, 0xFF, 0xFE, 0xFF,
  0xFF, 0xAF, 0xFF, 0xFF, 0x02, 0x00, 0x00, 0x00, 0x00, 0x00, 0x00, 0xFF, 0xFF, 0x02, 0xFF, 0xFF,
  0x04, 0xFF, 0xFF, 0xA4, 0xFF, 0xFF, 0xFF, 0xFF, 0xFF, 0xFB, 0xFF, 0xFF, 0xFE, 0xFF, 0xFF, 0xFF,
  0xFF, 0xFF, 0x9B, 0xFF, 0xFF, 0x0E, 0x00, 0x00, 0x00, 0x00, 0x00, 0x00, 0x00, 0x00, 0x00, 0x00,
  0x00, 0x00, 0xFF, 0xFF, 0x10, 0xFF, 0xFF, 0x9E, 0xFF, 0xFF, 0xFF, 0xFF, 0xFF, 0xFD, 0xFF, 0xFF,
  0xFC, 0xFF, 0xFF, 0xFF, 0xFF, 0xFF, 0x64, 0x00, 0x00, 0x00, 0xFF, 0xFF, 0x04, 0xFF, 0xFF, 0x01,
  0x00, 0x00, 0x00, 0xFF, 0xFF, 0xAB, 0xFF, 0xFF, 0xFE, 0xFF, 0xFF, 0xFB, 0xFF, 0xFF, 0xFD, 0xFF,
  0xFF, 0xFE, 0xFF, 0xFF, 0x63, 0x00, 0x00, 0x00, 0x00, 0x00, 0x00, 0x00, 0x00, 0x00, 0x00, 0x00,
  0x00, 0x00, 0x00, 0x00, 0xFF, 0xFF, 0x2E, 0xFF, 0xFF, 0xEA, 0xFF, 0xFF, 0xFF, 0xFF, 0xFF, 0xF9,
  0xFF, 0xFF, 0xF8, 0xFF, 0xFF, 0xB3, 0xFF, 0xFF, 0x07, 0xFF, 0xFF, 0x01, 0xFF, 0xFF, 0x01, 0xFF,
  0xFF, 0x04, 0xFF, 0xFF, 0xC3, 0xFF, 0xFF, 0xFE, 0xFF, 0xFF, 0xFB, 0xFF, 0xFF, 0xFF, 0xFF, 0xFF,
  0xF9, 0xFF, 0xFF, 0x47, 0x00, 0x00, 0x00, 0x00, 0x00, 0x00, 0x00, 0x00, 0x00, 0x00, 0x00, 0x00,
  0x00, 0x00, 0x00, 0xFF, 0xFF, 0x4B, 0xFF, 0xFF, 0xFB, 0xFF, 0xFF, 0xFF, 0xFF, 0xFF, 0xF8, 0xFF,
  0xFF, 0xF8, 0xFF, 0xFF, 0x99, 0x00, 0x00, 0x00, 0xFF, 0xFF, 0x67, 0xFF, 0xFF, 0xFF, 0xFF, 0xFF,
  0xFB, 0xFF, 0xFF, 0xFF, 0xFF, 0xFF, 0xFF, 0xFF, 0xFF, 0xFF, 0xFF, 0xFF, 0xFF, 0xFF, 0xFF, 0xFF,
  0xFF, 0xFF, 0xFF, 0xFF, 0xFF, 0xFF, 0xFF, 0xFF, 0xFF, 0xFF, 0xFF, 0xFF, 0xFF, 0xFF, 0xFF, 0xFF,
  0xFF, 0xFE, 0xFF, 0xFF, 0xFE, 0xFF, 0xFF, 0xD2, 0xFF, 0xFF, 0x71, 0xFF, 0xFF, 0x0E, 0x00, 0x00,
  0x00, 0xFF, 0xFF, 0x04, 0x00, 0x00, 0x00, 0x00, 0x00, 0x00, 0x00, 0x00, 0x00, 0xFF, 0xFF, 0x03,
  0x00, 0x00, 0x00, 0xFF, 0xFF, 0x97, 0xFF, 0xFF, 0xFF, 0xFF, 0xFF, 0xFB, 0xFF, 0xFF, 0xFD, 0xFF,
  0xFF, 0xFE, 0xFF, 0xFF, 0xE6, 0xFF, 0xFF, 0x33, 0x00, 0x00, 0x00, 0x00, 0x00, 0x00, 0x00, 0x00,
  0x00, 0x00, 0x00, 0x00, 0x00, 0x00, 0x00, 0x00, 0x00, 0x00, 0xFF, 0xFF, 0x04, 0x00, 0x00, 0x00,
  0xFF, 0xFF, 0x8C, 0xFF, 0xFF, 0xFF, 0xFF, 0xFF, 0xFA, 0xFF, 0xFF, 0xFE, 0xFF, 0xFF, 0xFF, 0xFF,
  0xFF, 0x4B, 0x00, 0x00, 0x00, 0xFF, 0xFF, 0x04, 0x00, 0x00, 0x00, 0xFF, 0xFF, 0x17, 0xFF, 0xFF,
  0xD8, 0xFF, 0xFF, 0xFE, 0xFF, 0xFF, 0xFD, 0xFF, 0xFF, 0xFC, 0xFF, 0xFF, 0xFF, 0xFF, 0xFF, 0x88,
  0x00, 0x00, 0x00, 0x00, 0x00, 0x00, 0xFF, 0xFF, 0x02, 0xFF, 0xFF, 0x02, 0xFF, 0xFF, 0x02, 0x00,
  0x00, 0x00, 0xFF, 0xFF, 0x09, 0xFF, 0xFF, 0xBC, 0xFF, 0xFF, 0xFF, 0xFF, 0xFF, 0xFC, 0xFF, 0xFF,
  0xFE, 0xFF, 0xFF, 0xFF, 0xFF, 0xFF, 0xEB, 0xFF, 0xFF, 0x30, 0x00, 0x00, 0x00, 0xFF, 0xFF, 0x04,
  0x00, 0x00, 0x00, 0xFF, 0xFF, 0x0D, 0xFF, 0xFF, 0xCC, 0xFF, 0xFF, 0xFF, 0xFF, 0xFF, 0xFD, 0xFF,
  0xFF, 0xFD, 0xFF, 0xFF, 0xFF, 0xFF, 0xFF, 0xAB, 0xFF, 0xFF, 0x01, 0x00, 0x00, 0x00, 0xFF, 0xFF,
  0x01, 0xFF, 0xFF, 0x01, 0xFF, 0xFF, 0x01, 0x00, 0x00, 0x00, 0xFF, 0xFF, 0x19, 0xFF, 0xFF, 0xD8,
  0xFF, 0xFF, 0xFF, 0xFF, 0xFF, 0xFD, 0xFF, 0xFF, 0xFE, 0xFF, 0xFF, 0xFF, 0xFF, 0xFF, 0x55, 0x00,
  0x00, 0x00, 0xFF, 0xFF, 0x03, 0x00, 0x00, 0x00, 0xFF, 0xFF, 0x05, 0xFF, 0xFF, 0x02, 0xFF, 0xFF,
  0x3F, 0xFF, 0xFF, 0xF7, 0xFF, 0xFF, 0xFF, 0xFF, 0xFF, 0xFB, 0xFF, 0xFF, 0xFF, 0xFF, 0xFF, 0x9E,
  0xFF, 0xFF, 0x02, 0xFF, 0xFF, 0x03, 0xFF, 0xFF, 0x02, 0xFF, 0xFF, 0x01, 0x00, 0x00, 0x00, 0xFF,
  0xFF, 0x02, 0x00, 0x00, 0x00, 0xFF, 0xFF, 0x30, 0xFF, 0xFF, 0xF0, 0xFF, 0xFF, 0xFF, 0xFF, 0xFF,
  0xFD, 0xFF, 0xFF, 0xFE, 0xFF, 0xFF, 0xFF, 0xFF, 0xFF, 0x6E, 0x00, 0x00, 0x00, 0x00, 0x00, 0x00,
  0xFF, 0xFF, 0x01, 0xFF, 0xFF, 0x01, 0xFF, 0xFF, 0x01, 0x00, 0x00, 0x00, 0xFF, 0xFF, 0x5D, 0xFF,
  0xFF, 0xFF, 0xFF, 0xFF, 0xFD, 0xFF, 0xFF, 0xFD, 0xFF, 0xFF, 0xFF, 0xFF, 0xFF, 0xDD, 0xFF, 0xFF,
  0x0F, 0x00, 0x00, 0x00, 0xFF, 0xFF, 0x03, 0x00, 0x00, 0x00, 0xFF, 0xFF, 0x2E, 0xFF, 0xFF, 0xF0,
  0xFF, 0xFF, 0xFE, 0xFF, 0xFF, 0xFB, 0xFF, 0xFF, 0xFF, 0xFF, 0xFF, 0xBC, 0xFF, 0xFF, 0x0A, 0xFF,
  0xFF, 0x01, 0xFF, 0xFF, 0x05, 0xFF, 0xFF, 0x05, 0xFF, 0xFF, 0x05, 0xFF, 0xFF, 0x06, 0x00, 0x00,
  0x00, 0xFF, 0xFF, 0x11, 0xFF, 0xFF, 0xCF, 0xFF, 0xFF, 0xFF, 0xFF, 0xFF, 0xFA, 0xFF, 0xFF, 0xFE,
  0xFF, 0xFF, 0xBC, 0xFF, 0xFF, 0x06, 0xFF, 0xFF, 0x02, 0x00, 0x00, 0x00, 0x00, 0x00, 0x00, 0xFF,
  0xFF, 0xB4, 0xFF, 0xFF, 0xFF, 0xFF, 0xFF, 0xFB, 0xFF, 0xFF, 0xFF, 0xFF, 0xFF, 0xFB, 0xFF, 0xFF,
  0x22, 0x00, 0x00, 0x00, 0xFF, 0xFF, 0x07, 0xFF, 0xFF, 0x04, 0xFF, 0xFF, 0x04, 0xFF, 0xFF, 0x05,
  0x00, 0x00, 0x00, 0xFF, 0xFF, 0x5B, 0xFF, 0xFF, 0x87, 0xFF, 0xFF, 0x68, 0xFF, 0xFF, 0x53, 0xFF,
  0xFF, 0x32, 0xFF, 0xFF, 0x04, 0xFF, 0xFF, 0x01, 0x00, 0x00, 0x00, 0xFF, 0xFF, 0x0C, 0xFF, 0xFF,
  0xC9, 0xFF, 0xFF, 0xFF, 0xFF, 0xFF, 0xFC, 0xFF, 0xFF, 0xFF, 0xFF, 0xFF, 0xEA, 0xFF, 0xFF, 0x01,
  0xFF, 0xFF, 0x02, 0xFF, 0xFF, 0x06, 0xFF, 0xFF, 0x04, 0xFF, 0xFF, 0x04, 0xFF, 0xFF, 0x02, 0x00,
  0x00, 0x00, 0xFF, 0xFF, 0x70, 0xFF, 0xFF, 0x81, 0xFF, 0xFF, 0x63, 0xFF, 0xFF, 0x52, 0xFF, 0xFF,
  0x2C, 0x00, 0x00, 0x00, 0xFF, 0xFF, 0x67, 0xFF, 0xFF, 0xFF, 0xFF, 0xFF, 0xFB, 0xFF, 0xFF, 0xFF,
  0xFF, 0xFF, 0xFF, 0xFF, 0xFF, 0xFF, 0xFF, 0xFF, 0xFF, 0xFF, 0xFF, 0xFF, 0xFF, 0xFF, 0xFF, 0xFF,
  0xFF, 0xFF, 0xFF, 0xFF, 0xFF, 0xFF, 0xFF, 0xFF, 0xFF, 0xFF, 0xFF, 0xFF, 0xFF, 0xFC, 0xFF, 0xFF,
  0xFD, 0xFF, 0xFF, 0xD9, 0xFF, 0xFF, 0xAA, 0xFF, 0xFF, 0x6F, 0xFF, 0xFF, 0x15, 0x00, 0x00, 0x00,
  0xFF, 0xFF, 0x02, 0x00, 0x00, 0x00, 0x00, 0x00, 0x00, 0xFF, 0xFF, 0x03, 0x00, 0x00, 0x00, 0xFF,
  0xFF, 0x97, 0xFF, 0xFF, 0xFF, 0xFF, 0xFF, 0xFC, 0xFF, 0xFF, 0xFC, 0xFF, 0xFF, 0xFF, 0xFF, 0xFF,
  0x86, 0x00, 0x00, 0x00, 0xFF, 0xFF, 0x05, 0xFF, 0xFF, 0x01, 0xFF, 0xFF, 0x01, 0xFF, 0xFF, 0x01,
  0xFF, 0xFF, 0x01, 0x00, 0x00, 0x00, 0xFF, 0xFF, 0x04, 0x00, 0x00, 0x00, 0xFF, 0xFF, 0x8C, 0xFF,
  0xFF, 0xFF, 0xFF, 0xFF, 0xFA, 0xFF, 0xFF, 0xFE, 0xFF, 0xFF, 0xFF, 0xFF, 0xFF, 0x4B, 0x00, 0x00,
  0x00, 0xFF, 0xFF, 0x05, 0x00, 0x00, 0x00, 0xFF, 0xFF, 0x38, 0xFF, 0xFF, 0xF7, 0xFF, 0xFF, 0xFF,
  0xFF, 0xFF, 0xFD, 0xFF, 0xFF, 0xFF, 0xFF, 0xFF, 0xE5, 0xFF, 0xFF, 0x23, 0xFF, 0xFF, 0x01, 0xFF,
  0xFF, 0x03, 0x00, 0x00, 0x00, 0x00, 0x00, 0x00, 0x00, 0x00, 0x00, 0xFF, 0xFF, 0x04, 0x00, 0x00,
  0x00, 0xFF, 0xFF, 0x56, 0xFF, 0xFF, 0xFC, 0xFF, 0xFF, 0xFE, 0xFF, 0xFF, 0xFE, 0xFF, 0xFF, 0xFF,
  0xFF, 0xFF, 0xEB, 0xFF, 0xFF, 0x30, 0x00, 0x00, 0x00, 0xFF, 0xFF, 0x04, 0x00, 0x00, 0x00, 0xFF,
  0xFF, 0x0D, 0xFF, 0xFF, 0xCC, 0xFF, 0xFF, 0xFF, 0xFF, 0xFF, 0xFC, 0xFF, 0xFF, 0xFF, 0xFF, 0xFF,
  0xFD, 0xFF, 0xFF, 0x45, 0x00, 0x00, 0x00, 0xFF, 0xFF, 0x04, 0x00, 0x00, 0x00, 0x00, 0x00, 0x00,
  0xFF, 0xFF, 0x01, 0xFF, 0xFF, 0x03, 0x00, 0x00, 0x00, 0xFF, 0xFF, 0x96, 0xFF, 0xFF, 0xFF, 0xFF,
  0xFF, 0xFB, 0xFF, 0xFF, 0xFD, 0xFF, 0xFF, 0xFF, 0xFF, 0xFF, 0x72, 0x00, 0x00, 0x00, 0xFF, 0xFF,
  0x03, 0x00, 0x00, 0x00, 0xFF, 0xFF, 0x03, 0x00, 0x00, 0x00, 0xFF, 0xFF, 0x3D, 0xFF, 0xFF, 0xF7,
  0xFF, 0xFF, 0xFF, 0xFF, 0xFF, 0xFB, 0xFF, 0xFF, 0xFF, 0xFF, 0xFF, 0x9D, 0x00, 0x00, 0x00, 0xFF,
  0xFF, 0x01, 0x00, 0x00, 0x00, 0x00, 0x00, 0x00, 0x00, 0x00, 0x00, 0xFF, 0xFF, 0x02, 0x00, 0x00,
  0x00, 0xFF, 0xFF, 0x30, 0xFF, 0xFF, 0xF0, 0xFF, 0xFF, 0xFF, 0xFF, 0xFF, 0xFD, 0xFF, 0xFF, 0xFF,
  0xFF, 0xFF, 0xE2, 0xFF, 0xFF, 0x0F, 0xFF, 0xFF, 0x02, 0xFF, 0xFF, 0x02, 0x00, 0x00, 0x00, 0x00,
  0x00, 0x00, 0xFF, 0xFF, 0x02, 0xFF, 0xFF, 0x02, 0xFF, 0xFF, 0x1A, 0xFF, 0xFF, 0xE2, 0xFF, 0xFF,
  0xFF, 0xFF, 0xFF, 0xFD, 0xFF, 0xFF, 0xFF, 0xFF, 0xFF, 0xF5, 0xFF, 0xFF, 0x17, 0x00, 0x00, 0x00,
  0xFF, 0xFF, 0x05, 0x00, 0x00, 0x00, 0xFF, 0xFF, 0x6B, 0xFF, 0xFF, 0xFF, 0xFF, 0xFF, 0xFC, 0xFF,
  0xFF, 0xFD, 0xFF, 0xFF, 0xFC, 0xFF, 0xFF, 0x4D, 0x00, 0x00, 0x00, 0x00, 0x00, 0x00, 0x00, 0x00,
  0x00, 0x00, 0x00, 0x00, 0x00, 0x00, 0x00, 0x00, 0x00, 0x00, 0xFF, 0xFF, 0x01, 0x00, 0x00, 0x00,
  0xFF, 0xFF, 0x79, 0xFF, 0xFF, 0xFF, 0xFF, 0xFF, 0xFB, 0xFF, 0xFF, 0xFF, 0xFF, 0xFF, 0xEF, 0xFF,
  0xFF, 0x30, 0x00, 0x00, 0x00, 0xFF, 0xFF, 0x03, 0x00, 0x00, 0x00, 0xFF, 0xFF, 0xAD, 0xFF, 0xFF,
  0xFE, 0xFF, 0xFF, 0xFB, 0xFF, 0xFF, 0xFD, 0xFF, 0xFF, 0xFF, 0xFF, 0xFF, 0x87, 0xFF, 0xFF, 0x08,
  0x00, 0x00, 0x00, 0x00, 0x00, 0x00, 0x00, 0x00, 0x00, 0x00, 0x00, 0x00, 0xFF, 0xFF, 0x04, 0x00,
  0x00, 0x00, 0x00, 0x00, 0x00, 0x00, 0x00, 0x00, 0x00, 0x00, 0x00, 0x00, 0x00, 0x00, 0x00, 0x00,
  0x00, 0xFF, 0xFF, 0x01, 0x00, 0x00, 0x00, 0xFF, 0xFF, 0x09, 0xFF, 0xFF, 0xCA, 0xFF, 0xFF, 0xFE,
  0xFF, 0xFF, 0xFC, 0xFF, 0xFF, 0xFF, 0xFF, 0xFF, 0xFC, 0xFF, 0xFF, 0x62, 0xFF, 0xFF, 0x01, 0x00,
  0x00, 0x00, 0x00, 0x00, 0x00, 0x00, 0x00, 0x00, 0x00, 0x00, 0x00, 0xFF, 0xFF, 0x04, 0x00, 0x00,
  0x00, 0x00, 0x00, 0x00, 0x00, 0x00, 0x00, 0x00, 0x00, 0x00, 0x00, 0x00, 0x00, 0x00, 0x00, 0x00,
  0xFF, 0xFF, 0x67, 0xFF, 0xFF, 0xFF, 0xFF, 0xFF, 0xFB, 0xFF, 0xFF, 0xFF, 0xFF, 0xFF, 0xFF, 0xFF,
  0xFF, 0xF0, 0xFF, 0xFF, 0xDD, 0xFF, 0xFF, 0xDF, 0xFF, 0xFF, 0xDF, 0xFF, 0xFF, 0xDF, 0xFF, 0xFF,
  0xDF, 0xFF, 0xFF, 0xDF, 0xFF, 0xFF, 0xEB, 0xFF, 0xFF, 0xFF, 0xFF, 0xFF, 0xFF, 0xFF, 0xFF, 0xFF,
  0xFF, 0xFF, 0xFF, 0xFF, 0xFF, 0xFF, 0xFF, 0xFF, 0xBF, 0xFF, 0xFF, 0x27, 0x00, 0x00, 0x00, 0xFF,
  0xFF, 0x01, 0x00, 0x00, 0x00, 0xFF, 0xFF, 0x03, 0x00, 0x00, 0x00, 0xFF, 0xFF, 0x97, 0xFF, 0xFF,
  0xFF, 0xFF, 0xFF, 0xFC, 0xFF, 0xFF, 0xFC, 0xFF, 0xFF, 0xFF, 0xFF, 0xFF, 0x4E, 0xFF, 0xFF, 0x01,
  0xFF, 0xFF, 0x03, 0x00, 0x00, 0x00, 0x00, 0x00, 0x00, 0x00, 0x00, 0x00, 0x00, 0x00, 0x00, 0x00,
  0x00, 0x00, 0xFF, 0xFF, 0x04, 0x00, 0x00, 0x00, 0xFF, 0xFF, 0x8C, 0xFF, 0xFF, 0xFF, 0xFF, 0xFF,
  0xFA, 0xFF, 0xFF, 0xFE, 0xFF, 0xFF, 0xFF, 0xFF, 0xFF, 0x4B, 0x00, 0x00, 0x00, 0xFF, 0xFF, 0x05,
  0x00, 0x00, 0x00, 0xFF, 0xFF, 0x59, 0xFF, 0xFF, 0xFE, 0xFF, 0xFF, 0xFD, 0xFF, 0xFF, 0xFC, 0xFF,
  0xFF, 0xFF, 0xFF, 0xFF, 0xB1, 0x00, 0x00, 0x00, 0xFF, 0xFF, 0x02, 0x00, 0x00, 0x00, 0x00, 0x00,
  0x00, 0x00, 0x00, 0x00, 0x00, 0x00, 0x00, 0xFF, 0xFF, 0x01, 0xFF, 0xFF, 0x01, 0xFF, 0xFF, 0x13,
  0xFF, 0xFF, 0xE1, 0xFF, 0xFF, 0xFF, 0xFF, 0xFF, 0xFC, 0xFF, 0xFF, 0xFF, 0xFF, 0xFF, 0xEB, 0xFF,
  0xFF, 0x30, 0x00, 0x00, 0x00, 0xFF, 0xFF, 0x04, 0x00, 0x00, 0x00, 0xFF, 0xFF, 0x0D, 0xFF, 0xFF,
  0xCC, 0xFF, 0xFF, 0xFF, 0xFF, 0xFF, 0xFC, 0xFF, 0xFF, 0xFF, 0xFF, 0xFF, 0xF2, 0xFF, 0xFF, 0x17,
  0xFF, 0xFF, 0x01, 0xFF, 0xFF, 0x01, 0x00, 0x00, 0x00, 0x00, 0x00, 0x00, 0x00, 0x00, 0x00, 0xFF,
  0xFF, 0x03, 0xFF, 0xFF, 0x01, 0xFF, 0xFF, 0x7B, 0xFF, 0xFF, 0xFF, 0xFF, 0xFF, 0xFC, 0xFF, 0xFF,
  0xFD, 0xFF, 0xFF, 0xFF, 0xFF, 0xFF, 0x76, 0x00, 0x00, 0x00, 0xFF, 0xFF, 0x03, 0x00, 0x00, 0x00,
  0xFF, 0xFF, 0x03, 0x00, 0x00, 0x00, 0xFF, 0xFF, 0x3D, 0xFF, 0xFF, 0xF7, 0xFF, 0xFF, 0xFF, 0xFF,
  0xFF, 0xFB, 0xFF, 0xFF, 0xFF, 0xFF, 0xFF, 0x9D, 0x00, 0x00, 0x00, 0xFF, 0xFF, 0x01, 0x00, 0x00,
  0x00, 0x00, 0x00, 0x00, 0x00, 0x00, 0x00, 0xFF, 0xFF, 0x02, 0x00, 0x00, 0x00, 0xFF, 0xFF, 0x30,
  0xFF, 0xFF, 0xF0, 0xFF, 0xFF, 0xFF, 0xFF, 0xFF, 0xFB, 0xFF, 0xFF, 0xFF, 0xFF, 0xFF, 0xB9, 0xFF,
  0xFF, 0x01, 0x00, 0x00, 0x00, 0x00, 0x00, 0x00, 0x00, 0x00, 0x00, 0x00, 0x00, 0x00, 0xFF, 0xFF,
  0x01, 0x00, 0x00, 0x00, 0xFF, 0xFF, 0x0A, 0xFF, 0xFF, 0xC3, 0xFF, 0xFF, 0xFF, 0xFF, 0xFF, 0xFC,
  0xFF, 0xFF, 0xFF, 0xFF, 0xFF, 0xF8, 0xFF, 0xFF, 0x1A, 0x00, 0x00, 0x00, 0xFF, 0xFF, 0x04, 0xFF,
  0xFF, 0x01, 0xFF, 0xFF, 0xA4, 0xFF, 0xFF, 0xFF, 0xFF, 0xFF, 0xFB, 0xFF, 0xFF, 0xFF, 0xFF, 0xFF,
  0xF0, 0xFF, 0xFF, 0x3E, 0xFF, 0xFF, 0x26, 0xFF, 0xFF, 0x29, 0xFF, 0xFF, 0x27, 0xFF, 0xFF, 0x27,
  0xFF, 0xFF, 0x27, 0xFF, 0xFF, 0x27, 0xFF, 0xFF, 0x2A, 0xFF, 0xFF, 0x23, 0xFF, 0xFF, 0x72, 0xFF,
  0xFF, 0xFF, 0xFF, 0xFF, 0xFE, 0xFF, 0xFF, 0xFE, 0xFF, 0xFF, 0xFC, 0xFF, 0xFF, 0x4B, 0x00, 0x00,
  0x00, 0xFF, 0xFF, 0x07, 0x00, 0x00, 0x00, 0xFF, 0xFF, 0x82, 0xFF, 0xFF, 0xFF, 0xFF, 0xFF, 0xFA,
  0xFF, 0xFF, 0xFF, 0xFF, 0xFF, 0xFF, 0xFF, 0xFF, 0xFB, 0xFF, 0xFF, 0xB2, 0xFF, 0xFF, 0x69, 0xFF,
  0xFF, 0x3D, 0xFF, 0xFF, 0x20, 0xFF, 0xFF, 0x0C, 0x00, 0x00, 0x00, 0x00, 0x00, 0x00, 0x00, 0x00,
  0x00, 0xFF, 0xFF, 0x03, 0xFF, 0xFF, 0x04, 0xFF, 0xFF, 0x02, 0x00, 0x00, 0x00, 0x00, 0x00, 0x00,
  0xFF, 0xFF, 0x02, 0x00, 0x00, 0x00, 0xFF, 0xFF, 0x9C, 0xFF, 0xFF, 0xFF, 0xFF, 0xFF, 0xFA, 0xFF,
  0xFF, 0xFF, 0xFF, 0xFF, 0xFF, 0xFF, 0xFF, 0xF0, 0xFF, 0xFF, 0xA0, 0xFF, 0xFF, 0x62, 0xFF, 0xFF,
  0x36, 0xFF, 0xFF, 0x1B, 0xFF, 0xFF, 0x09, 0x00, 0x00, 0x00, 0x00, 0x00, 0x00, 0x00, 0x00, 0x00,
  0xFF, 0xFF, 0x04, 0xFF, 0xFF, 0x04, 0xFF, 0xFF, 0x02, 0x00, 0x00, 0x00, 0xFF, 0xFF, 0x67, 0xFF,
  0xFF, 0xFF, 0xFF, 0xFF, 0xFB, 0xFF, 0xFF, 0xFC, 0xFF, 0xFF, 0xFF, 0xFF, 0xFF, 0x99, 0xFF, 0xFF,
  0x20, 0xFF, 0xFF, 0x27, 0xFF, 0xFF, 0x26, 0xFF, 0xFF, 0x26, 0xFF, 0xFF, 0x26, 0xFF, 0xFF, 0x27,
  0xFF, 0xFF, 0x3C, 0xFF, 0xFF, 0x76, 0xFF, 0xFF, 0xDF, 0xFF, 0xFF, 0xFF, 0xFF, 0xFF, 0xFB, 0xFF,
  0xFF, 0xFB, 0xFF, 0xFF, 0xFF, 0xFF, 0xFF, 0xC9, 0xFF, 0xFF, 0x15, 0xFF, 0xFF, 0x01, 0xFF, 0xFF,
  0x02, 0xFF, 0xFF, 0x03, 0x00, 0x00, 0x00, 0xFF, 0xFF, 0x97, 0xFF, 0xFF, 0xFF, 0xFF, 0xFF, 0xFB,
  0xFF, 0xFF, 0xFD, 0xFF, 0xFF, 0xFF, 0xFF, 0xFF, 0x44, 0x00, 0x00, 0x00, 0xFF, 0xFF, 0x02, 0x00,
  0x00, 0x00, 0x00, 0x00, 0x00, 0x00, 0x00, 0x00, 0x00, 0x00, 0x00, 0x00, 0x00, 0x00, 0xFF, 0xFF,
  0x04, 0x00, 0x00, 0x00, 0xFF, 0xFF, 0x8C, 0xFF, 0xFF, 0xFF, 0xFF, 0xFF, 0xFA, 0xFF, 0xFF, 0xFE,
  0xFF, 0xFF, 0xFF, 0xFF, 0xFF, 0x4B, 0x00, 0x00, 0x00, 0xFF, 0xFF, 0x05, 0x00, 0x00, 0x00, 0xFF,
  0xFF, 0x7B, 0xFF, 0xFF, 0xFF, 0xFF, 0xFF, 0xFC, 0xFF, 0xFF, 0xFC, 0xFF, 0xFF, 0xFF, 0xFF, 0xFF,
  0x93, 0x00, 0x00, 0x00, 0xFF, 0xFF, 0x04, 0x00, 0x00, 0x00, 0x00, 0x00, 0x00, 0x00, 0x00, 0x00,
  0x00, 0x00, 0x00, 0x00, 0x00, 0x00, 0xFF, 0xFF, 0x01, 0xFF, 0xFF, 0x01, 0xFF, 0xFF, 0xC9, 0xFF,
  0xFF, 0xFF, 0xFF, 0xFF, 0xFC, 0xFF, 0xFF, 0xFF, 0xFF, 0xFF, 0xEB, 0xFF, 0xFF, 0x30, 0x00, 0x00,
  0x00, 0xFF, 0xFF, 0x04, 0x00, 0x00, 0x00, 0xFF, 0xFF, 0x0D, 0xFF, 0xFF, 0xCC, 0xFF, 0xFF, 0xFF,
  0xFF, 0xFF, 0xFC, 0xFF, 0xFF, 0xFF, 0xFF, 0xFF, 0xF0, 0xFF, 0xFF, 0x11, 0x00, 0x00, 0x00, 0xFF,
  0xFF, 0x01, 0x00, 0x00, 0x00, 0x00, 0x00, 0x00, 0x00, 0x00, 0x00, 0xFF, 0xFF, 0x03, 0x00, 0x00,
  0x00, 0xFF, 0xFF, 0x7B, 0xFF, 0xFF, 0xFF, 0xFF, 0xFF, 0xFB, 0xFF, 0xFF, 0xFD, 0xFF, 0xFF, 0xFF,
  0xFF, 0xFF, 0x75, 0x00, 0x00, 0x00, 0xFF, 0xFF, 0x03, 0x00, 0x00, 0x00, 0xFF, 0xFF, 0x03, 0x00,
  0x00, 0x00, 0xFF, 0xFF, 0x3D, 0xFF, 0xFF, 0xF7, 0xFF, 0xFF, 0xFF, 0xFF, 0xFF, 0xFB, 0xFF, 0xFF,
  0xFF, 0xFF, 0xFF, 0x9D, 0x00, 0x00, 0x00, 0xFF, 0xFF, 0x01, 0x00, 0x00, 0x00, 0x00, 0x00, 0x00,
  0x00, 0x00, 0x00, 0xFF, 0xFF, 0x02, 0x00, 0x00, 0x00, 0xFF, 0xFF, 0x30, 0xFF, 0xFF, 0xF0, 0xFF,
  0xFF, 0xFF, 0xFF, 0xFF, 0xFB, 0xFF, 0xFF, 0xFF, 0xFF, 0xFF, 0xAB, 0x00, 0x00, 0x00, 0x00, 0x00,
  0x00, 0x00, 0x00, 0x00, 0x00, 0x00, 0x00, 0x00, 0x00, 0x00, 0xFF, 0xFF, 0x01, 0x00, 0x00, 0x00,
  0xFF, 0xFF, 0x06, 0xFF, 0xFF, 0xBE, 0xFF, 0xFF, 0xFF, 0xFF, 0xFF, 0xFC, 0xFF, 0xFF, 0xFF, 0xFF,
  0xFF, 0xF8, 0xFF, 0xFF, 0x1A, 0x00, 0x00, 0x00, 0xFF, 0xFF, 0x02, 0xFF, 0xFF, 0x05, 0xFF, 0xFF,
  0xBF, 0xFF, 0xFF, 0xFF, 0xFF, 0xFF, 0xFC, 0xFF, 0xFF, 0xFF, 0xFF, 0xFF, 0xFD, 0xFF, 0xFF, 0xE7,
  0xFF, 0xFF, 0xE5, 0xFF, 0xFF, 0xE6, 0xFF, 0xFF, 0xE6, 0xFF, 0xFF, 0xE6, 0xFF, 0xFF, 0xE6, 0xFF,
  0xFF, 0xE6, 0xFF, 0xFF, 0xE6, 0xFF, 0xFF, 0xE3, 0xFF, 0xFF, 0xEC, 0xFF, 0xFF, 0xFE, 0xFF, 0xFF,
  0xFE, 0xFF, 0xFF, 0xFB, 0xFF, 0xFF, 0xFE, 0xFF, 0xFF, 0x5C, 0x00, 0x00, 0x00, 0xFF, 0xFF, 0x06,
  0x00, 0x00, 0x00, 0xFF, 0xFF, 0x1E, 0xFF, 0xFF, 0xDC, 0xFF, 0xFF, 0xFF, 0xFF, 0xFF, 0xFC, 0xFF,
  0xFF, 0xFD, 0xFF, 0xFF, 0xFE, 0xFF, 0xFF, 0xFF, 0xFF, 0xFF, 0xFF, 0xFF, 0xFF, 0xF0, 0xFF, 0xFF,
  0xD8, 0xFF, 0xFF, 0xB0, 0xFF, 0xFF, 0x86, 0xFF, 0xFF, 0x59, 0xFF, 0xFF, 0x20, 0x00, 0x00, 0x00,
  0x00, 0x00, 0x00, 0xFF, 0xFF, 0x02, 0x00, 0x00, 0x00, 0x00, 0x00, 0x00, 0xFF, 0xFF, 0x02, 0x00,
  0x00, 0x00, 0xFF, 0xFF, 0x33, 0xFF, 0xFF, 0xF0, 0xFF, 0xFF, 0xFF, 0xFF, 0xFF, 0xFC, 0xFF, 0xFF,
  0xFD, 0xFF, 0xFF, 0xFF, 0xFF, 0xFF, 0xFF, 0xFF, 0xFF, 0xFD, 0xFF, 0xFF, 0xED, 0xFF, 0xFF, 0xD0,
  0xFF, 0xFF, 0xAA, 0xFF, 0xFF, 0x7F, 0xFF, 0xFF, 0x51, 0xFF, 0xFF, 0x1A, 0x00, 0x00, 0x00, 0x00,
  0x00, 0x00, 0xFF, 0xFF, 0x01, 0x00, 0x00, 0x00, 0xFF, 0xFF, 0x67, 0xFF, 0xFF, 0xFF, 0xFF, 0xFF,
  0xFB, 0xFF, 0xFF, 0xFC, 0xFF, 0xFF, 0xFF, 0xFF, 0xFF, 0x87, 0x00, 0x00, 0x00, 0x00, 0x00, 0x00,
  0x00, 0x00, 0x00, 0x00, 0x00, 0x00, 0x00, 0x00, 0x00, 0x00, 0x00, 0x00, 0x00, 0x00, 0x00, 0x00,
  0x00, 0x00, 0xFF, 0xFF, 0x32, 0xFF, 0xFF, 0xDA, 0xFF, 0xFF, 0xFF, 0xFF, 0xFF, 0xFD, 0xFF, 0xFF,
  0xFB, 0xFF, 0xFF, 0xFF, 0xFF, 0xFF, 0x88, 0x00, 0x00, 0x00, 0xFF, 0xFF, 0x03, 0xFF, 0xFF, 0x02,
  0x00, 0x00, 0x00, 0xFF, 0xFF, 0x97, 0xFF, 0xFF, 0xFF, 0xFF, 0xFF, 0xFB, 0xFF, 0xFF, 0xFD, 0xFF,
  0xFF, 0xFF, 0xFF, 0xFF, 0x43, 0x00, 0x00, 0x00, 0xFF, 0xFF, 0x02, 0x00, 0x00, 0x00, 0x00, 0x00,
  0x00, 0x00, 0x00, 0x00, 0x00, 0x00, 0x00, 0x00, 0x00, 0x00, 0xFF, 0xFF, 0x04, 0x00, 0x00, 0x00,
  0xFF, 0xFF, 0x8C, 0xFF, 0xFF, 0xFF, 0xFF, 0xFF, 0xFA, 0xFF, 0xFF, 0xFE, 0xFF, 0xFF, 0xFF, 0xFF,
  0xFF, 0x4B, 0x00, 0x00, 0x00, 0xFF, 0xFF, 0x05, 0x00, 0x00, 0x00, 0xFF, 0xFF, 0x7F, 0xFF, 0xFF,
  0xFF, 0xFF, 0xFF, 0xFC, 0xFF, 0xFF, 0xFC, 0xFF, 0xFF, 0xFF, 0xFF, 0xFF, 0x84, 0x00, 0x00, 0x00,
  0xFF, 0xFF, 0x03, 0x00, 0x00, 0x00, 0x00, 0x00, 0x00, 0x00, 0x00, 0x00, 0x00, 0x00, 0x00, 0x00,
  0x00, 0x00, 0xFF, 0xFF, 0x02, 0xFF, 0xFF, 0x01, 0xFF, 0xFF, 0xB5, 0xFF, 0xFF, 0xFF, 0xFF, 0xFF,
  0xFC, 0xFF, 0xFF, 0xFF, 0xFF, 0xFF, 0xEB, 0xFF, 0xFF, 0x30, 0x00, 0x00, 0x00, 0xFF, 0xFF, 0x04,
  0x00, 0x00, 0x00, 0xFF, 0xFF, 0x0D, 0xFF, 0xFF, 0xCC, 0xFF, 0xFF, 0xFF, 0xFF, 0xFF, 0xFC, 0xFF,
  0xFF, 0xFF, 0xFF, 0xFF, 0xF0, 0xFF, 0xFF, 0x11, 0x00, 0x00, 0x00, 0xFF, 0xFF, 0x01, 0x00, 0x00,
  0x00, 0x00, 0x00, 0x00, 0x00, 0x00, 0x00, 0xFF, 0xFF, 0x03, 0x00, 0x00, 0x00, 0xFF, 0xFF, 0x7B,
  0xFF, 0xFF, 0xFF, 0xFF, 0xFF, 0xFC, 0xFF, 0xFF, 0xFD, 0xFF, 0xFF, 0xFF, 0xFF, 0xFF, 0x75, 0x00,
  0x00, 0x00, 0xFF, 0xFF, 0x03, 0x00, 0x00, 0x00, 0xFF, 0xFF, 0x03, 0x00, 0x00, 0x00, 0xFF, 0xFF,
  0x3D, 0xFF, 0xFF, 0xF7, 0xFF, 0xFF, 0xFF, 0xFF, 0xFF, 0xFB, 0xFF, 0xFF, 0xFF, 0xFF, 0xFF, 0x9D,
  0x00, 0x00, 0x00, 0xFF, 0xFF, 0x01, 0x00, 0x00, 0x00, 0x00, 0x00, 0x00, 0x00, 0x00, 0x00, 0xFF,
  0xFF, 0x02, 0x00, 0x00, 0x00, 0xFF, 0xFF, 0x30, 0xFF, 0xFF, 0xF0, 0xFF, 0xFF, 0xFF, 0xFF, 0xFF,
  0xFB, 0xFF, 0xFF, 0xFF, 0xFF, 0xFF, 0xAB, 0x00, 0x00, 0x00, 0x00, 0x00, 0x00, 0x00, 0x00, 0x00,
  0x00, 0x00, 0x00, 0x00, 0x00, 0x00, 0xFF, 0xFF, 0x01, 0x00, 0x00, 0x00, 0xFF, 0xFF, 0x06, 0xFF,
  0xFF, 0xBF, 0xFF, 0xFF, 0xFF, 0xFF, 0xFF, 0xFC, 0xFF, 0xFF, 0xFF, 0xFF, 0xFF, 0xF8, 0xFF, 0xFF,
  0x19, 0x00, 0x00, 0x00, 0xFF, 0xFF, 0x01, 0xFF, 0xFF, 0x07, 0xFF, 0xFF, 0xC6, 0xFF, 0xFF, 0xFF,
  0xFF, 0xFF, 0xFD, 0xFF, 0xFF, 0xFF, 0xFF, 0xFF, 0xFF, 0xFF, 0xFF, 0xFF, 0xFF, 0xFF, 0xFF, 0xFF,
  0xFF, 0xFF, 0xFF, 0xFF, 0xFF, 0xFF, 0xFF, 0xFF, 0xFF, 0xFF, 0xFF, 0xFF, 0xFF, 0xFF, 0xFF, 0xFF,
  0xFF, 0xFF, 0xFF, 0xFF, 0xFF, 0xFF, 0xFF, 0xFF, 0xFF, 0xFF, 0xFF, 0xFF, 0xFF, 0xFF, 0xFF, 0xFE,
  0xFF, 0xFF, 0xFF, 0xFF, 0xFF, 0x62, 0x00, 0x00, 0x00, 0xFF, 0xFF, 0x04, 0xFF, 0xFF, 0x02, 0x00,
  0x00, 0x00, 0xFF, 0xFF, 0x46, 0xFF, 0xFF, 0xDA, 0xFF, 0xFF, 0xFF, 0xFF, 0xFF, 0xFF, 0xFF, 0xFF,
  0xFF, 0xFF, 0xFF, 0xFA, 0xFF, 0xFF, 0xFC, 0xFF, 0xFF, 0xFF, 0xFF, 0xFF, 0xFF, 0xFF, 0xFF, 0xFF,
  0xFF, 0xFF, 0xFF, 0xFF, 0xFF, 0xFA, 0xFF, 0xFF, 0xD6, 0xFF, 0xFF, 0x8B, 0xFF, 0xFF, 0x1C, 0x00,
  0x00, 0x00, 0xFF, 0xFF, 0x02, 0x00, 0x00, 0x00, 0x00, 0x00, 0x00, 0xFF, 0xFF, 0x01, 0x00, 0x00,
  0x00, 0xFF, 0xFF, 0x59, 0xFF, 0xFF, 0xEA, 0xFF, 0xFF, 0xFF, 0xFF, 0xFF, 0xFF, 0xFF, 0xFF, 0xFF,
  0xFF, 0xFF, 0xFA, 0xFF, 0xFF, 0xFD, 0xFF, 0xFF, 0xFF, 0xFF, 0xFF, 0xFF, 0xFF, 0xFF, 0xFF, 0xFF,
  0xFF, 0xFF, 0xFF, 0xFF, 0xF6, 0xFF, 0xFF, 0xD4, 0xFF, 0xFF, 0x78, 0xFF, 0xFF, 0x13, 0x00, 0x00,
  0x00, 0xFF, 0xFF, 0x01, 0xFF, 0xFF, 0x67, 0xFF, 0xFF, 0xFF, 0xFF, 0xFF, 0xFB, 0xFF, 0xFF, 0xFC,
  0xFF, 0xFF, 0xFF, 0xFF, 0xFF, 0x8B, 0xFF, 0xFF, 0x01, 0xFF, 0xFF, 0x03, 0xFF, 0xFF, 0x01, 0xFF,
  0xFF, 0x01, 0xFF, 0xFF, 0x01, 0xFF, 0xFF, 0x01, 0xFF, 0xFF, 0x02, 0xFF, 0xFF, 0x05, 0x00, 0x00,
  0x00, 0xFF, 0xFF, 0x56, 0xFF, 0xFF, 0xF9, 0xFF, 0xFF, 0xFD, 0xFF, 0xFF, 0xFD, 0xFF, 0xFF, 0xFE,
  0xFF, 0xFF, 0xD9, 0xFF, 0xFF, 0x0E, 0x00, 0x00, 0x00, 0xFF, 0xFF, 0x03, 0x00, 0x00, 0x00, 0xFF,
  0xFF, 0x97, 0xFF, 0xFF, 0xFF, 0xFF, 0xFF, 0xFB, 0xFF, 0xFF, 0xFD, 0xFF, 0xFF, 0xFF, 0xFF, 0xFF,
  0x43, 0x00, 0x00, 0x00, 0xFF, 0xFF, 0x02, 0x00, 0x00, 0x00, 0x00, 0x00, 0x00, 0x00, 0x00, 0x00,
  0x00, 0x00, 0x00, 0x00, 0x00, 0x00, 0xFF, 0xFF, 0x04, 0x00, 0x00, 0x00, 0xFF, 0xFF, 0x8C, 0xFF,
  0xFF, 0xFF, 0xFF, 0xFF, 0xFA, 0xFF, 0xFF, 0xFE, 0xFF, 0xFF, 0xFF, 0xFF, 0xFF, 0x4B, 0x00, 0x00,
  0x00, 0xFF, 0xFF, 0x05, 0x00, 0x00, 0x00, 0xFF, 0xFF, 0x7F, 0xFF, 0xFF, 0xFF, 0xFF, 0xFF, 0xFC,
  0xFF, 0xFF, 0xFC, 0xFF, 0xFF, 0xFF, 0xFF, 0xFF, 0x88, 0xFF, 0xFF, 0x01, 0xFF, 0xFF, 0x03, 0x00,
  0x00, 0x00, 0x00, 0x00, 0x00, 0x00, 0x00, 0x00, 0x00, 0x00, 0x00, 0x00, 0x00, 0x00, 0xFF, 0xFF,
  0x01, 0xFF, 0xFF, 0x01, 0xFF, 0xFF, 0xBC, 0xFF, 0xFF, 0xFF, 0xFF, 0xFF, 0xFC, 0xFF, 0xFF, 0xFF,
  0xFF, 0xFF, 0xEB, 0xFF, 0xFF, 0x30, 0x00, 0x00, 0x00, 0xFF, 0xFF, 0x04, 0x00, 0x00, 0x00, 0xFF,
  0xFF, 0x0D, 0xFF, 0xFF, 0xCC, 0xFF, 0xFF, 0xFF, 0xFF, 0xFF, 0xFC, 0xFF, 0xFF, 0xFF, 0xFF, 0xFF,
  0xF0, 0xFF, 0xFF, 0x11, 0x00, 0x00, 0x00, 0xFF, 0xFF, 0x01, 0x00, 0x00, 0x00, 0x00, 0x00, 0x00,
  0x00, 0x00, 0x00, 0xFF, 0xFF, 0x03, 0x00, 0x00, 0x00, 0xFF, 0xFF, 0x7B, 0xFF, 0xFF, 0xFF, 0xFF,
  0xFF, 0xFC, 0xFF, 0xFF, 0xFD, 0xFF, 0xFF, 0xFF, 0xFF, 0xFF, 0x75, 0x00, 0x00, 0x00, 0xFF, 0xFF,
  0x03, 0x00, 0x00, 0x00, 0xFF, 0xFF, 0x03, 0x00, 0x00, 0x00, 0xFF, 0xFF, 0x3D, 0xFF, 0xFF, 0xF7,
  0xFF, 0xFF, 0xFF, 0xFF, 0xFF, 0xFB, 0xFF, 0xFF, 0xFF, 0xFF, 0xFF, 0x9D, 0x00, 0x00, 0x00, 0xFF,
  0xFF, 0x01, 0x00, 0x00, 0x00, 0x00, 0x00, 0x00, 0x00, 0x00, 0x00, 0xFF, 0xFF, 0x02, 0x00, 0x00,
  0x00, 0xFF, 0xFF, 0x30, 0xFF, 0xFF, 0xF0, 0xFF, 0xFF, 0xFF, 0xFF, 0xFF, 0xFB, 0xFF, 0xFF, 0xFF,
  0xFF, 0xFF, 0xAB, 0x00, 0x00, 0x00, 0x00, 0x00, 0x00, 0x00, 0x00, 0x00, 0x00, 0x00, 0x00, 0x00,
  0x00, 0x00, 0xFF, 0xFF, 0x01, 0x00, 0x00, 0x00, 0xFF, 0xFF, 0x06, 0xFF, 0xFF, 0xBF, 0xFF, 0xFF,
  0xFF, 0xFF, 0xFF, 0xFC, 0xFF, 0xFF, 0xFF, 0xFF, 0xFF, 0xF8, 0xFF, 0xFF, 0x19, 0x00, 0x00, 0x00,
  0xFF, 0xFF, 0x01, 0xFF, 0xFF, 0x07, 0xFF, 0xFF, 0xC6, 0xFF, 0xFF, 0xFF, 0xFF, 0xFF, 0xFD, 0xFF,
  0xFF, 0xFF, 0xFF, 0xFF, 0xFE, 0xFF, 0xFF, 0xF3, 0xFF, 0xFF, 0xF2, 0xFF, 0xFF, 0xF2, 0xFF, 0xFF,
  0xF2, 0xFF, 0xFF, 0xF2, 0xFF, 0xFF, 0xF2, 0xFF, 0xFF, 0xF2, 0xFF, 0xFF, 0xF3, 0xFF, 0xFF, 0xF2,
  0xFF, 0xFF, 0xF3, 0xFF, 0xFF, 0xF4, 0xFF, 0xFF, 0xF4, 0xFF, 0xFF, 0xF2, 0xFF, 0xFF, 0xF8, 0xFF,
  0xFF, 0x5E, 0x00, 0x00, 0x00, 0xFF, 0xFF, 0x04, 0x00, 0x00, 0x00, 0xFF, 0xFF, 0x02, 0x00, 0x00,
  0x00, 0xFF, 0xFF, 0x29, 0xFF, 0xFF, 0x90, 0xFF, 0xFF, 0xDC, 0xFF, 0xFF, 0xF5, 0xFF, 0xFF, 0xFF,
  0xFF, 0xFF, 0xFF, 0xFF, 0xFF, 0xFF, 0xFF, 0xFF, 0xFF, 0xFF, 0xFF, 0xFC, 0xFF, 0xFF, 0xFA, 0xFF,
  0xFF, 0xFF, 0xFF, 0xFF, 0xFF, 0xFF, 0xFF, 0xFF, 0xFF, 0xFF, 0xC9, 0xFF, 0xFF, 0x2A, 0x00, 0x00,
  0x00, 0xFF, 0xFF, 0x02, 0x00, 0x00, 0x00, 0x00, 0x00, 0x00, 0xFF, 0xFF, 0x01, 0x00, 0x00, 0x00,
  0xFF, 0xFF, 0x3A, 0xFF, 0xFF, 0x9E, 0xFF, 0xFF, 0xDA, 0xFF, 0xFF, 0xFA, 0xFF, 0xFF, 0xFF, 0xFF,
  0xFF, 0xFF, 0xFF, 0xFF, 0xFF, 0xFF, 0xFF, 0xFF, 0xFF, 0xFF, 0xFC, 0xFF, 0xFF, 0xFA, 0xFF, 0xFF,
  0xFF, 0xFF, 0xFF, 0xFF, 0xFF, 0xFF, 0xFF, 0xFF, 0xFF, 0xB7, 0xFF, 0xFF, 0x15, 0x00, 0x00, 0x00,
  0xFF, 0xFF, 0x67, 0xFF, 0xFF, 0xFF, 0xFF, 0xFF, 0xFB, 0xFF, 0xFF, 0xFC, 0xFF, 0xFF, 0xFF, 0xFF,
  0xFF, 0x8A, 0x00, 0x00, 0x00, 0xFF, 0xFF, 0x02, 0x00, 0x00, 0x00, 0x00, 0x00, 0x00, 0x00, 0x00,
  0x00, 0x00, 0x00, 0x00, 0x00, 0x00, 0x00, 0xFF, 0xFF, 0x02, 0xFF, 0xFF, 0x02, 0xFF, 0xFF, 0x14,
  0xFF, 0xFF, 0xD9, 0xFF, 0xFF, 0xFF, 0xFF, 0xFF, 0xFC, 0xFF, 0xFF, 0xFF, 0xFF, 0xFF, 0xF2, 0xFF,
  0xFF, 0x38, 0x00, 0x00, 0x00, 0xFF, 0xFF, 0x05, 0x00, 0x00, 0x00, 0xFF, 0xFF, 0x97, 0xFF, 0xFF,
  0xFF, 0xFF, 0xFF, 0xFB, 0xFF, 0xFF, 0xFD, 0xFF, 0xFF, 0xFF, 0xFF, 0xFF, 0x43, 0x00, 0x00, 0x00,
  0xFF, 0xFF, 0x02, 0x00, 0x00, 0x00, 0x00, 0x00, 0x00, 0x00, 0x00, 0x00, 0x00, 0x00, 0x00, 0x00,
  0x00, 0x00, 0xFF, 0xFF, 0x04, 0x00, 0x00, 0x00, 0xFF, 0xFF, 0x8C, 0xFF, 0xFF, 0xFF, 0xFF, 0xFF,
  0xFA, 0xFF, 0xFF, 0xFE, 0xFF, 0xFF, 0xFF, 0xFF, 0xFF, 0x4B, 0x00, 0x00, 0x00, 0xFF, 0xFF, 0x06,
  0x00, 0x00, 0x00, 0xFF, 0xFF, 0x75, 0xFF, 0xFF, 0xFF, 0xFF, 0xFF, 0xFD, 0xFF, 0xFF, 0xFC, 0xFF,
  0xFF, 0xFF, 0xFF, 0xFF, 0x9F, 0x00, 0x00, 0x00, 0xFF, 0xFF, 0x03, 0x00, 0x00, 0x00, 0x00, 0x00,
  0x00, 0x00, 0x00, 0x00, 0x00, 0x00, 0x00, 0x00, 0x00, 0x00, 0x00, 0x00, 0x00, 0xFF, 0xFF, 0x03,
  0xFF, 0xFF, 0xD3, 0xFF, 0xFF, 0xFF, 0xFF, 0xFF, 0xFC, 0xFF, 0xFF, 0xFF, 0xFF, 0xFF, 0xEB, 0xFF,
  0xFF, 0x30, 0x00, 0x00, 0x00, 0xFF, 0xFF, 0x04, 0x00, 0x00, 0x00, 0xFF, 0xFF, 0x0D, 0xFF, 0xFF,
  0xCC, 0xFF, 0xFF, 0xFF, 0xFF, 0xFF, 0xFC, 0xFF, 0xFF, 0xFF, 0xFF, 0xFF, 0xF0, 0xFF, 0xFF, 0x11,
  0x00, 0x00, 0x00, 0xFF, 0xFF, 0x01, 0x00, 0x00, 0x00, 0x00, 0x00, 0x00, 0x00, 0x00, 0x00, 0xFF,
  0xFF, 0x03, 0x00, 0x00, 0x00, 0xFF, 0xFF, 0x7B, 0xFF, 0xFF, 0xFF, 0xFF, 0xFF, 0xFC, 0xFF, 0xFF,
  0xFD, 0xFF, 0xFF, 0xFF, 0xFF, 0xFF, 0x75, 0x00, 0x00, 0x00, 0xFF, 0xFF, 0x03, 0x00, 0x00, 0x00,
  0xFF, 0xFF, 0x03, 0x00, 0x00, 0x00, 0xFF, 0xFF, 0x3D, 0xFF, 0xFF, 0xF7, 0xFF, 0xFF, 0xFF, 0xFF,
  0xFF, 0xFB, 0xFF, 0xFF, 0xFF, 0xFF, 0xFF, 0x9D, 0x00, 0x00, 0x00, 0xFF, 0xFF, 0x01, 0x00, 0x00,
  0x00, 0x00, 0x00, 0x00, 0x00, 0x00, 0x00, 0xFF, 0xFF, 0x02, 0x00, 0x00, 0x00, 0xFF, 0xFF, 0x30,
  0xFF, 0xFF, 0xF0, 0xFF, 0xFF, 0xFF, 0xFF, 0xFF, 0xFB, 0xFF, 0xFF, 0xFF, 0xFF, 0xFF, 0xAB, 0x00,
  0x00, 0x00, 0x00, 0x00, 0x00, 0x00, 0x00, 0x00, 0x00, 0x00, 0x00, 0x00, 0x00, 0x00, 0xFF, 0xFF,
  0x01, 0x00, 0x00, 0x00, 0xFF, 0xFF, 0x06, 0xFF, 0xFF, 0xBF, 0xFF, 0xFF, 0xFF, 0xFF, 0xFF, 0xFC,
  0xFF, 0xFF, 0xFF, 0xFF, 0xFF, 0xF8, 0xFF, 0xFF, 0x1A, 0x00, 0x00, 0x00, 0xFF, 0xFF, 0x02, 0xFF,
  0xFF, 0x06, 0xFF, 0xFF, 0xC0, 0xFF, 0xFF, 0xFF, 0xFF, 0xFF, 0xFB, 0xFF, 0xFF, 0xFF, 0xFF, 0xFF,
  0xEE, 0xFF, 0xFF, 0x59, 0xFF, 0xFF, 0x4D, 0xFF, 0xFF, 0x50, 0xFF, 0xFF, 0x4F, 0xFF, 0xFF, 0x4F,
  0xFF, 0xFF, 0x4F, 0xFF, 0xFF, 0x4F, 0xFF, 0xFF, 0x4F, 0xFF, 0xFF, 0x4F, 0xFF, 0xFF, 0x4F, 0xFF,
  0xFF, 0x4F, 0xFF, 0xFF, 0x4F, 0xFF, 0xFF, 0x4D, 0xFF, 0xFF, 0x54, 0xFF, 0xFF, 0x20, 0x00, 0x00,
  0x00, 0xFF, 0xFF, 0x01, 0x00, 0x00, 0x00, 0x00, 0x00, 0x00, 0xFF, 0xFF, 0x02, 0x00, 0x00, 0x00,
  0xFF, 0xFF, 0x01, 0xFF, 0xFF, 0x23, 0xFF, 0xFF, 0x51, 0xFF, 0xFF, 0x77, 0xFF, 0xFF, 0xA1, 0xFF,
  0xFF, 0xCB, 0xFF, 0xFF, 0xEA, 0xFF, 0xFF, 0xFE, 0xFF, 0xFF, 0xFF, 0xFF, 0xFF, 0xFE, 0xFF, 0xFF,
  0xFD, 0xFF, 0xFF, 0xFA, 0xFF, 0xFF, 0xFF, 0xFF, 0xFF, 0xB2, 0xFF, 0xFF, 0x07, 0xFF, 0xFF, 0x01,
  0xFF, 0xFF, 0x01, 0x00, 0x00, 0x00, 0x00, 0x00, 0x00, 0xFF, 0xFF, 0x01, 0x00, 0x00, 0x00, 0xFF,
  0xFF, 0x04, 0xFF, 0xFF, 0x26, 0xFF, 0xFF, 0x59, 0xFF, 0xFF, 0x80, 0xFF, 0xFF, 0xA6, 0xFF, 0xFF,
  0xD0, 0xFF, 0xFF, 0xEC, 0xFF, 0xFF, 0xFF, 0xFF, 0xFF, 0xFF, 0xFF, 0xFF, 0xFD, 0xFF, 0xFF, 0xFC,
  0xFF, 0xFF, 0xFB, 0xFF, 0xFF, 0xFF, 0xFF, 0xFF, 0x90, 0x00, 0x00, 0x00, 0xFF, 0xFF, 0x67, 0xFF,
  0xFF, 0xFF, 0xFF, 0xFF, 0xFB, 0xFF, 0xFF, 0xFC, 0xFF, 0xFF, 0xFF, 0xFF, 0xFF, 0x8A, 0x00, 0x00,
  0x00, 0xFF, 0xFF, 0x02, 0x00, 0x00, 0x00, 0x00, 0x00, 0x00, 0x00, 0x00, 0x00, 0x00, 0x00, 0x00,
  0x00, 0x00, 0x00, 0xFF, 0xFF, 0x01, 0xFF, 0xFF, 0x01, 0xFF, 0xFF, 0x12, 0xFF, 0xFF, 0xD2, 0xFF,
  0xFF, 0xFF, 0xFF, 0xFF, 0xFC, 0xFF, 0xFF, 0xFF, 0xFF, 0xFF, 0xFE, 0xFF, 0xFF, 0x4D, 0x00, 0x00,
  0x00, 0xFF, 0xFF, 0x05, 0x00, 0x00, 0x00, 0xFF, 0xFF, 0x97, 0xFF, 0xFF, 0xFF, 0xFF, 0xFF, 0xFB,
  0xFF, 0xFF, 0xFD, 0xFF, 0xFF, 0xFF, 0xFF, 0xFF, 0x43, 0x00, 0x00, 0x00, 0xFF, 0xFF, 0x02, 0x00,
  0x00, 0x00, 0x00, 0x00, 0x00, 0x00, 0x00, 0x00, 0x00, 0x00, 0x00, 0x00, 0x00, 0x00, 0xFF, 0xFF,
  0x04, 0x00, 0x00, 0x00, 0xFF, 0xFF, 0x8C, 0xFF, 0xFF, 0xFF, 0xFF, 0xFF, 0xFA, 0xFF, 0xFF, 0xFE,
  0xFF, 0xFF, 0xFF, 0xFF, 0xFF, 0x4B, 0x00, 0x00, 0x00, 0xFF, 0xFF, 0x06, 0x00, 0x00, 0x00, 0xFF,
  0xFF, 0x51, 0xFF, 0xFF, 0xFD, 0xFF, 0xFF, 0xFE, 0xFF, 0xFF, 0xFC, 0xFF, 0xFF, 0xFF, 0xFF, 0xFF,
  0xC5, 0xFF, 0xFF, 0x07, 0xFF, 0xFF, 0x03, 0x00, 0x00, 0x00, 0x00, 0x00, 0x00, 0x00, 0x00, 0x00,
  0x00, 0x00, 0x00, 0xFF, 0xFF, 0x02, 0xFF, 0xFF, 0x02, 0xFF, 0xFF, 0x27, 0xFF, 0xFF, 0xEE, 0xFF,
  0xFF, 0xFF, 0xFF, 0xFF, 0xFD, 0xFF, 0xFF, 0xFF, 0xFF, 0xFF, 0xEB, 0xFF, 0xFF, 0x30, 0x00, 0x00,
  0x00, 0xFF, 0xFF, 0x04, 0x00, 0x00, 0x00, 0xFF, 0xFF, 0x0D, 0xFF, 0xFF, 0xCC, 0xFF, 0xFF, 0xFF,
  0xFF, 0xFF, 0xFC, 0xFF, 0xFF, 0xFF, 0xFF, 0xFF, 0xF0, 0xFF, 0xFF, 0x11, 0x00, 0x00, 0x00, 0xFF,
  0xFF, 0x01, 0x00, 0x00, 0x00, 0x00, 0x00, 0x00, 0x00, 0x00, 0x00, 0xFF, 0xFF, 0x03, 0x00, 0x00,
  0x00, 0xFF, 0xFF, 0x7B, 0xFF, 0xFF, 0xFF, 0xFF, 0xFF, 0xFC, 0xFF, 0xFF, 0xFD, 0xFF, 0xFF, 0xFF,
  0xFF, 0xFF, 0x75, 0x00, 0x00, 0x00, 0xFF, 0xFF, 0x03, 0x00, 0x00, 0x00, 0xFF, 0xFF, 0x03, 0x00,
  0x00, 0x00, 0xFF, 0xFF, 0x3D, 0xFF, 0xFF, 0xF7, 0xFF, 0xFF, 0xFF, 0xFF, 0xFF, 0xFB, 0xFF, 0xFF,
  0xFF, 0xFF, 0xFF, 0x9D, 0x00, 0x00, 0x00, 0xFF, 0xFF, 0x01, 0x00, 0x00, 0x00, 0x00, 0x00, 0x00,
  0x00, 0x00, 0x00, 0xFF, 0xFF, 0x02, 0x00, 0x00, 0x00, 0xFF, 0xFF, 0x30, 0xFF, 0xFF, 0xF0, 0xFF,
  0xFF, 0xFF, 0xFF, 0xFF, 0xFB, 0xFF, 0xFF, 0xFF, 0xFF, 0xFF, 0xAB, 0x00, 0x00, 0x00, 0x00, 0x00,
  0x00, 0x00, 0x00, 0x00, 0x00, 0x00, 0x00, 0x00, 0x00, 0x00, 0xFF, 0xFF, 0x01, 0x00, 0x00, 0x00,
  0xFF, 0xFF, 0x06, 0xFF, 0xFF, 0xBF, 0xFF, 0xFF, 0xFF, 0xFF, 0xFF, 0xFC, 0xFF, 0xFF, 0xFF, 0xFF,
  0xFF, 0xF8, 0xFF, 0xFF, 0x1A, 0x00, 0x00, 0x00, 0xFF, 0xFF, 0x03, 0xFF, 0xFF, 0x01, 0xFF, 0xFF,
  0xA7, 0xFF, 0xFF, 0xFF, 0xFF, 0xFF, 0xFB, 0xFF, 0xFF, 0xFF, 0xFF, 0xFF, 0xEE, 0xFF, 0xFF, 0x1E,
  0x00, 0x00, 0x00, 0x00, 0x00, 0x00, 0x00, 0x00, 0x00, 0x00, 0x00, 0x00, 0x00, 0x00, 0x00, 0x00,
  0x00, 0x00, 0x00, 0x00, 0x00, 0x00, 0x00, 0x00, 0x00, 0x00, 0x00, 0x00, 0x00, 0x00, 0x00, 0x00,
  0x00, 0x00, 0x00, 0x00, 0x00, 0x00, 0x00, 0x00, 0x00, 0x00, 0x00, 0x00, 0x00, 0x00, 0x00, 0x00,
  0xFF, 0xFF, 0x01, 0xFF, 0xFF, 0x03, 0xFF, 0xFF, 0x02, 0xFF, 0xFF, 0x02, 0x00, 0x00, 0x00, 0x00,
  0x00, 0x00, 0x00, 0x00, 0x00, 0x00, 0x00, 0x00, 0xFF, 0xFF, 0x05, 0xFF, 0xFF, 0x18, 0xFF, 0xFF,
  0x30, 0xFF, 0xFF, 0x63, 0xFF, 0xFF, 0xC4, 0xFF, 0xFF, 0xFF, 0xFF, 0xFF, 0xFE, 0xFF, 0xFF, 0xFE,
  0xFF, 0xFF, 0xFC, 0xFF, 0xFF, 0xF4, 0xFF, 0xFF, 0x37, 0x00, 0x00, 0x00, 0xFF, 0xFF, 0x02, 0xFF,
  0xFF, 0x01, 0xFF, 0xFF, 0x03, 0xFF, 0xFF, 0x02, 0xFF, 0xFF, 0x02, 0x00, 0x00, 0x00, 0x00, 0x00,
  0x00, 0x00, 0x00, 0x00, 0x00, 0x00, 0x00, 0xFF, 0xFF, 0x07, 0xFF, 0xFF, 0x1B, 0xFF, 0xFF, 0x36,
  0xFF, 0xFF, 0x67, 0xFF, 0xFF, 0xD1, 0xFF, 0xFF, 0xFF, 0xFF, 0xFF, 0xFE, 0xFF, 0xFF, 0xFD, 0xFF,
  0xFF, 0xFD, 0xFF, 0xFF, 0xDE, 0xFF, 0xFF, 0x1E, 0xFF, 0xFF, 0x67, 0xFF, 0xFF, 0xFF, 0xFF, 0xFF,
  0xFB, 0xFF, 0xFF, 0xFC, 0xFF, 0xFF, 0xFF, 0xFF, 0xFF, 0x8B, 0xFF, 0xFF, 0x01, 0xFF, 0xFF, 0x04,
  0xFF, 0xFF, 0x02, 0xFF, 0xFF, 0x02, 0xFF, 0xFF, 0x02, 0xFF, 0xFF, 0x02, 0xFF, 0xFF, 0x02, 0xFF,
  0xFF, 0x05, 0x00, 0x00, 0x00, 0xFF, 0xFF, 0x28, 0xFF, 0xFF, 0xE9, 0xFF, 0xFF, 0xFF, 0xFF, 0xFF,
  0xFD, 0xFF, 0xFF, 0xFF, 0xFF, 0xFF, 0xF9, 0xFF, 0xFF, 0x44, 0x00, 0x00, 0x00, 0xFF, 0xFF, 0x05,
  0x00, 0x00, 0x00, 0xFF, 0xFF, 0x97, 0xFF, 0xFF, 0xFF, 0xFF, 0xFF, 0xFB, 0xFF, 0xFF, 0xFD, 0xFF,
  0xFF, 0xFF, 0xFF, 0xFF, 0x43, 0x00, 0x00, 0x00, 0xFF, 0xFF, 0x02, 0x00, 0x00, 0x00, 0x00, 0x00,
  0x00, 0x00, 0x00, 0x00, 0x00, 0x00, 0x00, 0x00, 0x00, 0x00, 0xFF, 0xFF, 0x04, 0x00, 0x00, 0x00,
  0xFF, 0xFF, 0x8C, 0xFF, 0xFF, 0xFF, 0xFF, 0xFF, 0xFA, 0xFF, 0xFF, 0xFE, 0xFF, 0xFF, 0xFF, 0xFF,
  0xFF, 0x4B, 0x00, 0x00, 0x00, 0xFF, 0xFF, 0x05, 0x00, 0x00, 0x00, 0xFF, 0xFF, 0x2B, 0xFF, 0xFF,
  0xED, 0xFF, 0xFF, 0xFE, 0xFF, 0xFF, 0xFD, 0xFF, 0xFF, 0xFE, 0xFF, 0xFF, 0xF9, 0xFF, 0xFF, 0x49,
  0x00, 0x00, 0x00, 0xFF, 0xFF, 0x05, 0xFF, 0xFF, 0x02, 0xFF, 0xFF, 0x01, 0xFF, 0xFF, 0x02, 0xFF,
  0xFF, 0x06, 0x00, 0x00, 0x00, 0xFF, 0xFF, 0x78, 0xFF, 0xFF, 0xFF, 0xFF, 0xFF, 0xFD, 0xFF, 0xFF,
  0xFE, 0xFF, 0xFF, 0xFF, 0xFF, 0xFF, 0xEB, 0xFF, 0xFF, 0x30, 0x00, 0x00, 0x00, 0xFF, 0xFF, 0x04,
  0x00, 0x00, 0x00, 0xFF, 0xFF, 0x0D, 0xFF, 0xFF, 0xCC, 0xFF, 0xFF, 0xFF, 0xFF, 0xFF, 0xFC, 0xFF,
  0xFF, 0xFF, 0xFF, 0xFF, 0xF0, 0xFF, 0xFF, 0x11, 0x00, 0x00, 0x00, 0xFF, 0xFF, 0x01, 0x00, 0x00,
  0x00, 0x00, 0x00, 0x00, 0x00, 0x00, 0x00, 0xFF, 0xFF, 0x03, 0x00, 0x00, 0x00, 0xFF, 0xFF, 0x7B,
  0xFF, 0xFF, 0xFF, 0xFF, 0xFF, 0xFC, 0xFF, 0xFF, 0xFD, 0xFF, 0xFF, 0xFF, 0xFF, 0xFF, 0x75, 0x00,
  0x00, 0x00, 0xFF, 0xFF, 0x03, 0x00, 0x00, 0x00, 0xFF, 0xFF, 0x03, 0x00, 0x00, 0x00, 0xFF, 0xFF,
  0x3D, 0xFF, 0xFF, 0xF7, 0xFF, 0xFF, 0xFF, 0xFF, 0xFF, 0xFB, 0xFF, 0xFF, 0xFF, 0xFF, 0xFF, 0x9E,
  0xFF, 0xFF, 0x01, 0xFF, 0xFF, 0x02, 0xFF, 0xFF, 0x01, 0x00, 0x00, 0x00, 0x00, 0x00, 0x00, 0xFF,
  0xFF, 0x02, 0x00, 0x00, 0x00, 0xFF, 0xFF, 0x30, 0xFF, 0xFF, 0xF0, 0xFF, 0xFF, 0xFF, 0xFF, 0xFF,
  0xFB, 0xFF, 0xFF, 0xFF, 0xFF, 0xFF, 0xAB, 0x00, 0x00, 0x00, 0x00, 0x00, 0x00, 0x00, 0x00, 0x00,
  0x00, 0x00, 0x00, 0x00, 0x00, 0x00, 0xFF, 0xFF, 0x01, 0x00, 0x00, 0x00, 0xFF, 0xFF, 0x06, 0xFF,
  0xFF, 0xBF, 0xFF, 0xFF, 0xFF, 0xFF, 0xFF, 0xFC, 0xFF, 0xFF, 0xFF, 0xFF, 0xFF, 0xF8, 0xFF, 0xFF,
  0x1A, 0x00, 0x00, 0x00, 0xFF, 0xFF, 0x05, 0x00, 0x00, 0x00, 0xFF, 0xFF, 0x72, 0xFF, 0xFF, 0xFF,
  0xFF, 0xFF, 0xFC, 0xFF, 0xFF, 0xFE, 0xFF, 0xFF, 0xFE, 0xFF, 0xFF, 0x60, 0x00, 0x00, 0x00, 0xFF,
  0xFF, 0x07, 0xFF, 0xFF, 0x03, 0xFF, 0xFF, 0x03, 0xFF, 0xFF, 0x03, 0xFF, 0xFF, 0x03, 0xFF, 0xFF,
  0x03, 0xFF, 0xFF, 0x04, 0xFF, 0xFF, 0x08, 0xFF, 0xFF, 0x0C, 0xFF, 0xFF, 0x02, 0x00, 0x00, 0x00,
  0x00, 0x00, 0x00, 0x00, 0x00, 0x00, 0x00, 0x00, 0x00, 0x00, 0x00, 0x00, 0x00, 0x00, 0x00, 0x00,
  0x00, 0x00, 0x00, 0x00, 0x00, 0xFF, 0xFF, 0x04, 0xFF, 0xFF, 0x15, 0xFF, 0xFF, 0x0E, 0xFF, 0xFF,
  0x04, 0xFF, 0xFF, 0x04, 0x00, 0x00, 0x00, 0x00, 0x00, 0x00, 0x00, 0x00, 0x00, 0x00, 0x00, 0x00,
  0xFF, 0xFF, 0x19, 0xFF, 0xFF, 0xD3, 0xFF, 0xFF, 0xFF, 0xFF, 0xFF, 0xFD, 0xFF, 0xFF, 0xFD, 0xFF,
  0xFF, 0xFE, 0xFF, 0xFF, 0x62, 0x00, 0x00, 0x00, 0xFF, 0xFF, 0x03, 0x00, 0x00, 0x00, 0x00, 0x00,
  0x00, 0x00, 0x00, 0x00, 0xFF, 0xFF, 0x05, 0xFF, 0xFF, 0x16, 0xFF, 0xFF, 0x06, 0xFF, 0xFF, 0x04,
  0xFF, 0xFF, 0x03, 0x00, 0x00, 0x00, 0x00, 0x00, 0x00, 0x00, 0x00, 0x00, 0x00, 0x00, 0x00, 0xFF,
  0xFF, 0x2C, 0xFF, 0xFF, 0xEA, 0xFF, 0xFF, 0xFF, 0xFF, 0xFF, 0xFD, 0xFF, 0xFF, 0xFF, 0xFF, 0xFF,
  0xF8, 0xFF, 0xFF, 0x46, 0xFF, 0xFF, 0x67, 0xFF, 0xFF, 0xFF, 0xFF, 0xFF, 0xFB, 0xFF, 0xFF, 0xFC,
  0xFF, 0xFF, 0xFF, 0xFF, 0xFF, 0x87, 0x00, 0x00, 0x00, 0x00, 0x00, 0x00, 0x00, 0x00, 0x00, 0x00,
  0x00, 0x00, 0x00, 0x00, 0x00, 0x00, 0x00, 0x00, 0x00, 0x00, 0x00, 0x00, 0x00, 0x00, 0xFF, 0xFF,
  0x0D, 0xFF, 0xFF, 0xA5, 0xFF, 0xFF, 0xFF, 0xFF, 0xFF, 0xFD, 0xFF, 0xFF, 0xFE, 0xFF, 0xFF, 0xFE,
  0xFF, 0xFF, 0xE3, 0xFF, 0xFF, 0x1A, 0x00, 0x00, 0x00, 0xFF, 0xFF, 0x04, 0x00, 0x00, 0x00, 0xFF,
  0xFF, 0x97, 0xFF, 0xFF, 0xFF, 0xFF, 0xFF, 0xFB, 0xFF, 0xFF, 0xFD, 0xFF, 0xFF, 0xFF, 0xFF, 0xFF,
  0x43, 0x00, 0x00, 0x00, 0xFF, 0xFF, 0x02, 0x00, 0x00, 0x00, 0x00, 0x00, 0x00, 0x00, 0x00, 0x00,
  0x00, 0x00, 0x00, 0x00, 0x00, 0x00, 0xFF, 0xFF, 0x04, 0x00, 0x00, 0x00, 0xFF, 0xFF, 0x8C, 0xFF,
  0xFF, 0xFF, 0xFF, 0xFF, 0xFA, 0xFF, 0xFF, 0xFE, 0xFF, 0xFF, 0xFF, 0xFF, 0xFF, 0x4B, 0x00, 0x00,
  0x00, 0xFF, 0xFF, 0x02, 0xFF, 0xFF, 0x02, 0xFF, 0xFF, 0x07, 0xFF, 0xFF, 0xB4, 0xFF, 0xFF, 0xFE,
  0xFF, 0xFF, 0xFC, 0xFF, 0xFF, 0xFD, 0xFF, 0xFF, 0xFF, 0xFF, 0xFF, 0xCC, 0xFF, 0xFF, 0x21, 0x00,
  0x00, 0x00, 0x00, 0x00, 0x00, 0x00, 0x00, 0x00, 0x00, 0x00, 0x00, 0x00, 0x00, 0x00, 0xFF, 0xFF,
  0x3C, 0xFF, 0xFF, 0xE3, 0xFF, 0xFF, 0xFE, 0xFF, 0xFF, 0xFD, 0xFF, 0xFF, 0xFE, 0xFF, 0xFF, 0xFF,
  0xFF, 0xFF, 0xEB, 0xFF, 0xFF, 0x30, 0x00, 0x00, 0x00, 0xFF, 0xFF, 0x04, 0x00, 0x00, 0x00, 0xFF,
  0xFF, 0x0D, 0xFF, 0xFF, 0xCC, 0xFF, 0xFF, 0xFF, 0xFF, 0xFF, 0xFC, 0xFF, 0xFF, 0xFF, 0xFF, 0xFF,
  0xF0, 0xFF, 0xFF, 0x11, 0x00, 0x00, 0x00, 0xFF, 0xFF, 0x01, 0x00, 0x00, 0x00, 0x00, 0x00, 0x00,
  0x00, 0x00, 0x00, 0xFF, 0xFF, 0x03, 0x00, 0x00, 0x00, 0xFF, 0xFF, 0x7B, 0xFF, 0xFF, 0xFF, 0xFF,
  0xFF, 0xFC, 0xFF, 0xFF, 0xFD, 0xFF, 0xFF, 0xFF, 0xFF, 0xFF, 0x75, 0x00, 0x00, 0x00, 0xFF, 0xFF,
  0x03, 0x00, 0x00, 0x00, 0xFF, 0xFF, 0x03, 0x00, 0x00, 0x00, 0xFF, 0xFF, 0x3D, 0xFF, 0xFF, 0xF7,
  0xFF, 0xFF, 0xFF, 0xFF, 0xFF, 0xFB, 0xFF, 0xFF, 0xFF, 0xFF, 0xFF, 0xB0, 0x00, 0x00, 0x00, 0x00,
  0x00, 0x00, 0x00, 0x00, 0x00, 0x00, 0x00, 0x00, 0x00, 0x00, 0x00, 0xFF, 0xFF, 0x02, 0x00, 0x00,
  0x00, 0xFF, 0xFF, 0x30, 0xFF, 0xFF, 0xF0, 0xFF, 0xFF, 0xFF, 0xFF, 0xFF, 0xFB, 0xFF, 0xFF, 0xFF,
  0xFF, 0xFF, 0xAB, 0x00, 0x00, 0x00, 0x00, 0x00, 0x00, 0x00, 0x00, 0x00, 0x00, 0x00, 0x00, 0x00,
  0x00, 0x00, 0xFF, 0xFF, 0x01, 0x00, 0x00, 0x00, 0xFF, 0xFF, 0x06, 0xFF, 0xFF, 0xBF, 0xFF, 0xFF,
  0xFF, 0xFF, 0xFF, 0xFC, 0xFF, 0xFF, 0xFF, 0xFF, 0xFF, 0xF8, 0xFF, 0xFF, 0x19, 0x00, 0x00, 0x00,
  0xFF, 0xFF, 0x04, 0x00, 0x00, 0x00, 0xFF, 0xFF, 0x32, 0xFF, 0xFF, 0xF1, 0xFF, 0xFF, 0xFE, 0xFF,
  0xFF, 0xFB, 0xFF, 0xFF, 0xFF, 0xFF, 0xFF, 0xC2, 0xFF, 0xFF, 0x0F, 0x00, 0x00, 0x00, 0xFF, 0xFF,
  0x03, 0xFF, 0xFF, 0x03, 0xFF, 0xFF, 0x03, 0xFF, 0xFF, 0x03, 0x00, 0x00, 0x00, 0x00, 0x00, 0x00,
  0xFF, 0xFF, 0x78, 0xFF, 0xFF, 0xBE, 0xFF, 0xFF, 0xA1, 0xFF, 0xFF, 0x8E, 0xFF, 0xFF, 0x77, 0xFF,
  0xFF, 0x19, 0x00, 0x00, 0x00, 0x00, 0x00, 0x00, 0xFF, 0xFF, 0x27, 0xFF, 0xFF, 0x93, 0xFF, 0xFF,
  0xA0, 0xFF, 0xFF, 0xAD, 0xFF, 0xFF, 0xC9, 0xFF, 0xFF, 0x72, 0x00, 0x00, 0x00, 0xFF, 0xFF, 0x03,
  0xFF, 0xFF, 0x04, 0xFF, 0xFF, 0x04, 0xFF, 0xFF, 0x05, 0xFF, 0xFF, 0x08, 0x00, 0x00, 0x00, 0xFF,
  0xFF, 0xA7, 0xFF, 0xFF, 0xFF, 0xFF, 0xFF, 0xFC, 0xFF, 0xFF, 0xFD, 0xFF, 0xFF, 0xFD, 0xFF, 0xFF,
  0x5D, 0x00, 0x00, 0x00, 0x00, 0x00, 0x00, 0xFF, 0xFF, 0x3C, 0xFF, 0xFF, 0x9B, 0xFF, 0xFF, 0x9E,
  0xFF, 0xFF, 0xAD, 0xFF, 0xFF, 0xCA, 0xFF, 0xFF, 0x5A, 0x00, 0x00, 0x00, 0xFF, 0xFF, 0x04, 0xFF,
  0xFF, 0x04, 0xFF, 0xFF, 0x04, 0xFF, 0xFF, 0x06, 0xFF, 0xFF, 0x04, 0x00, 0x00, 0x00, 0xFF, 0xFF,
  0xCA, 0xFF, 0xFF, 0xFF, 0xFF, 0xFF, 0xFC, 0xFF, 0xFF, 0xFF, 0xFF, 0xFF, 0xF9, 0xFF, 0xFF, 0x48,
  0xFF, 0xFF, 0x67, 0xFF, 0xFF, 0xFF, 0xFF, 0xFF, 0xFB, 0xFF, 0xFF, 0xFC, 0xFF, 0xFF, 0xFF, 0xFF,
  0xFF, 0x98, 0xFF, 0xFF, 0x1E, 0xFF, 0xFF, 0x26, 0xFF, 0xFF, 0x24, 0xFF, 0xFF, 0x24, 0xFF, 0xFF,
  0x24, 0xFF, 0xFF, 0x26, 0xFF, 0xFF, 0x36, 0xFF, 0xFF, 0x5F, 0xFF, 0xFF, 0xB1, 0xFF, 0xFF, 0xFF,
  0xFF, 0xFF, 0xFE, 0xFF, 0xFF, 0xFF, 0xFF, 0xFF, 0xFC, 0xFF, 0xFF, 0xFF, 0xFF, 0xFF, 0xAD, 0x00,
  0x00, 0x00, 0xFF, 0xFF, 0x02, 0xFF, 0xFF, 0x02, 0x00, 0x00, 0x00, 0xFF, 0xFF, 0x97, 0xFF, 0xFF,
  0xFF, 0xFF, 0xFF, 0xFB, 0xFF, 0xFF, 0xFD, 0xFF, 0xFF, 0xFF, 0xFF, 0xFF, 0x43, 0x00, 0x00, 0x00,
  0xFF, 0xFF, 0x02, 0x00, 0x00, 0x00, 0x00, 0x00, 0x00, 0x00, 0x00, 0x00, 0x00, 0x00, 0x00, 0x00,
  0x00, 0x00, 0xFF, 0xFF, 0x04, 0x00, 0x00, 0x00, 0xFF, 0xFF, 0x8C, 0xFF, 0xFF, 0xFF, 0xFF, 0xFF,
  0xFA, 0xFF, 0xFF, 0xFE, 0xFF, 0xFF, 0xFF, 0xFF, 0xFF, 0x4B, 0x00, 0x00, 0x00, 0xFF, 0xFF, 0x02,
  0xFF, 0xFF, 0x03, 0x00, 0x00, 0x00, 0xFF, 0xFF, 0x54, 0xFF, 0xFF, 0xFF, 0xFF, 0xFF, 0xFC, 0xFF,
  0xFF, 0xFF, 0xFF, 0xFF, 0xFE, 0xFF, 0xFF, 0xFF, 0xFF, 0xFF, 0xCB, 0xFF, 0xFF, 0x5D, 0xFF, 0xFF,
  0x26, 0xFF, 0xFF, 0x18, 0xFF, 0xFF, 0x30, 0xFF, 0xFF, 0x71, 0xFF, 0xFF, 0xDE, 0xFF, 0xFF, 0xFF,
  0xFF, 0xFF, 0xFF, 0xFF, 0xFF, 0xFF, 0xFF, 0xFF, 0xFE, 0xFF, 0xFF, 0xFF, 0xFF, 0xFF, 0xEB, 0xFF,
  0xFF, 0x30, 0x00, 0x00, 0x00, 0xFF, 0xFF, 0x04, 0x00, 0x00, 0x00, 0xFF, 0xFF, 0x0D, 0xFF, 0xFF,
  0xCC, 0xFF, 0xFF, 0xFF, 0xFF, 0xFF, 0xFC, 0xFF, 0xFF, 0xFF, 0xFF, 0xFF, 0xF0, 0xFF, 0xFF, 0x11,
  0x00, 0x00, 0x00, 0xFF, 0xFF, 0x01, 0x00, 0x00, 0x00, 0x00, 0x00, 0x00, 0x00, 0x00, 0x00, 0xFF,
  0xFF, 0x03, 0x00, 0x00, 0x00, 0xFF, 0xFF, 0x7B, 0xFF, 0xFF, 0xFF, 0xFF, 0xFF, 0xFC, 0xFF, 0xFF,
  0xFD, 0xFF, 0xFF, 0xFF, 0xFF, 0xFF, 0x75, 0x00, 0x00, 0x00, 0xFF, 0xFF, 0x03, 0x00, 0x00, 0x00,
  0xFF, 0xFF, 0x03, 0x00, 0x00, 0x00, 0xFF, 0xFF, 0x3A, 0xFF, 0xFF, 0xF5, 0xFF, 0xFF, 0xFF, 0xFF,
  0xFF, 0xFD, 0xFF, 0xFF, 0xFF, 0xFF, 0xFF, 0xEA, 0xFF, 0xFF, 0x2D, 0xFF, 0xFF, 0x03, 0xFF, 0xFF,
  0x06, 0xFF, 0xFF, 0x03, 0x00, 0x00, 0x00, 0xFF, 0xFF, 0x02, 0x00, 0x00, 0x00, 0xFF, 0xFF, 0x30,
  0xFF, 0xFF, 0xF0, 0xFF, 0xFF, 0xFF, 0xFF, 0xFF, 0xFB, 0xFF, 0xFF, 0xFF, 0xFF, 0xFF, 0xAB, 0x00,
  0x00, 0x00, 0x00, 0x00, 0x00, 0x00, 0x00, 0x00, 0x00, 0x00, 0x00, 0x00, 0x00, 0x00, 0xFF, 0xFF,
  0x01, 0x00, 0x00, 0x00, 0xFF, 0xFF, 0x06, 0xFF, 0xFF, 0xBF, 0xFF, 0xFF, 0xFF, 0xFF, 0xFF, 0xFC,
  0xFF, 0xFF, 0xFF, 0xFF, 0xFF, 0xF8, 0xFF, 0xFF, 0x19, 0x00, 0x00, 0x00, 0xFF, 0xFF, 0x01, 0xFF,
  0xFF, 0x02, 0xFF, 0xFF, 0x04, 0xFF, 0xFF, 0xAD, 0xFF, 0xFF, 0xFF, 0xFF, 0xFF, 0xFB, 0xFF, 0xFF,
  0xFE, 0xFF, 0xFF, 0xFF, 0xFF, 0xFF, 0xA6, 0xFF, 0xFF, 0x14, 0x00, 0x00, 0x00, 0x00, 0x00, 0x00,
  0x00, 0x00, 0x00, 0x00, 0x00, 0x00, 0xFF, 0xFF, 0x01, 0xFF, 0xFF, 0x60, 0xFF, 0xFF, 0xF8, 0xFF,
  0xFF, 0xFF, 0xFF, 0xFF, 0xFF, 0xFF, 0xFF, 0xFF, 0xFF, 0xFF, 0xDB, 0xFF, 0xFF, 0x16, 0xFF, 0xFF,
  0x01, 0x00, 0x00, 0x00, 0xFF, 0xFF, 0x32, 0xFF, 0xFF, 0xFF, 0xFF, 0xFF, 0xFF, 0xFF, 0xFF, 0xFF,
  0xFF, 0xFF, 0xFF, 0xFF, 0xFF, 0xE6, 0xFF, 0xFF, 0x39, 0x00, 0x00, 0x00, 0x00, 0x00, 0x00, 0x00,
  0x00, 0x00, 0x00, 0x00, 0x00, 0x00, 0x00, 0x00, 0xFF, 0xFF, 0x2D, 0xFF, 0xFF, 0xE0, 0xFF, 0xFF,
  0xFF, 0xFF, 0xFF, 0xFD, 0xFF, 0xFF, 0xFE, 0xFF, 0xFF, 0xF3, 0xFF, 0xFF, 0x34, 0x00, 0x00, 0x00,
  0x00, 0x00, 0x00, 0xFF, 0xFF, 0x53, 0xFF, 0xFF, 0xFF, 0xFF, 0xFF, 0xFF, 0xFF, 0xFF, 0xFF, 0xFF,
  0xFF, 0xFF, 0xFF, 0xFF, 0xD8, 0xFF, 0xFF, 0x24, 0x00, 0x00, 0x00, 0x00, 0x00, 0x00, 0x00, 0x00,
  0x00, 0x00, 0x00, 0x00, 0x00, 0x00, 0x00, 0xFF, 0xFF, 0x45, 0xFF, 0xFF, 0xF4, 0xFF, 0xFF, 0xFF,
  0xFF, 0xFF, 0xFD, 0xFF, 0xFF, 0xFE, 0xFF, 0xFF, 0xE5, 0xFF, 0xFF, 0x23, 0xFF, 0xFF, 0x67, 0xFF,
  0xFF, 0xFF, 0xFF, 0xFF, 0xFB, 0xFF, 0xFF, 0xFF, 0xFF, 0xFF, 0xFF, 0xFF, 0xFF, 0xEF, 0xFF, 0xFF,
  0xDB, 0xFF, 0xFF, 0xDE, 0xFF, 0xFF, 0xDD, 0xFF, 0xFF, 0xDD, 0xFF, 0xFF, 0xDD, 0xFF, 0xFF, 0xDE,
  0xFF, 0xFF, 0xE6, 0xFF, 0xFF, 0xFE, 0xFF, 0xFF, 0xFF, 0xFF, 0xFF, 0xFF, 0xFF, 0xFF, 0xFF, 0xFF,
  0xFF, 0xFB, 0xFF, 0xFF, 0xFF, 0xFF, 0xFF, 0xF3, 0xFF, 0xFF, 0x38, 0x00, 0x00, 0x00, 0xFF, 0xFF,
  0x03, 0xFF, 0xFF, 0x02, 0x00, 0x00, 0x00, 0xFF, 0xFF, 0x97, 0xFF, 0xFF, 0xFF, 0xFF, 0xFF, 0xFB,
  0xFF, 0xFF, 0xFD, 0xFF, 0xFF, 0xFF, 0xFF, 0xFF, 0x43, 0x00, 0x00, 0x00, 0xFF, 0xFF, 0x02, 0x00,
  0x00, 0x00, 0x00, 0x00, 0x00, 0x00, 0x00, 0x00, 0x00, 0x00, 0x00, 0x00, 0x00, 0x00, 0xFF, 0xFF,
  0x04, 0x00, 0x00, 0x00, 0xFF, 0xFF, 0x8C, 0xFF, 0xFF, 0xFF, 0xFF, 0xFF, 0xFA, 0xFF, 0xFF, 0xFE,
  0xFF, 0xFF, 0xFF, 0xFF, 0xFF, 0x4B, 0x00, 0x00, 0x00, 0xFF, 0xFF, 0x02, 0x00, 0x00, 0x00, 0xFF,
  0xFF, 0x02, 0xFF, 0xFF, 0x03, 0xFF, 0xFF, 0xA7, 0xFF, 0xFF, 0xFF, 0xFF, 0xFF, 0xFA, 0xFF, 0xFF,
  0xFD, 0xFF, 0xFF, 0xFE, 0xFF, 0xFF, 0xFF, 0xFF, 0xFF, 0xFB, 0xFF, 0xFF, 0xDE, 0xFF, 0xFF, 0xD7,
  0xFF, 0xFF, 0xE4, 0xFF, 0xFF, 0xFF, 0xFF, 0xFF, 0xFF, 0xFF, 0xFF, 0xD5, 0xFF, 0xFF, 0xDF, 0xFF,
  0xFF, 0xFF, 0xFF, 0xFF, 0xFD, 0xFF, 0xFF, 0xFF, 0xFF, 0xFF, 0xEB, 0xFF, 0xFF, 0x30, 0x00, 0x00,
  0x00, 0xFF, 0xFF, 0x04, 0x00, 0x00, 0x00, 0xFF, 0xFF, 0x0D, 0xFF, 0xFF, 0xCC, 0xFF, 0xFF, 0xFF,
  0xFF, 0xFF, 0xFC, 0xFF, 0xFF, 0xFF, 0xFF, 0xFF, 0xF0, 0xFF, 0xFF, 0x11, 0x00, 0x00, 0x00, 0xFF,
  0xFF, 0x01, 0x00, 0x00, 0x00, 0x00, 0x00, 0x00, 0x00, 0x00, 0x00, 0xFF, 0xFF, 0x03, 0x00, 0x00,
  0x00, 0xFF, 0xFF, 0x7B, 0xFF, 0xFF, 0xFF, 0xFF, 0xFF, 0xFC, 0xFF, 0xFF, 0xFD, 0xFF, 0xFF, 0xFF,
  0xFF, 0xFF, 0x75, 0x00, 0x00, 0x00, 0xFF, 0xFF, 0x03, 0x00, 0x00, 0x00, 0xFF, 0xFF, 0x02, 0x00,
  0x00, 0x00, 0xFF, 0xFF, 0x1B, 0xFF, 0xFF, 0xE1, 0xFF, 0xFF, 0xFD, 0xFF, 0xFF, 0xFD, 0xFF, 0xFF,
  0xFF, 0xFF, 0xFF, 0xFF, 0xFF, 0xFF, 0xDF, 0xFF, 0xFF, 0xA7, 0xFF, 0xFF, 0xBB, 0xFF, 0xFF, 0x5F,
  0x00, 0x00, 0x00, 0xFF, 0xFF, 0x05, 0x00, 0x00, 0x00, 0xFF, 0xFF, 0x30, 0xFF, 0xFF, 0xF0, 0xFF,
  0xFF, 0xFF, 0xFF, 0xFF, 0xFB, 0xFF, 0xFF, 0xFF, 0xFF, 0xFF, 0xAB, 0x00, 0x00, 0x00, 0x00, 0x00,
  0x00, 0x00, 0x00, 0x00, 0x00, 0x00, 0x00, 0x00, 0x00, 0x00, 0xFF, 0xFF, 0x01, 0x00, 0x00, 0x00,
  0xFF, 0xFF, 0x06, 0xFF, 0xFF, 0xBF, 0xFF, 0xFF, 0xFF, 0xFF, 0xFF, 0xFC, 0xFF, 0xFF, 0xFF, 0xFF,
  0xFF, 0xF8, 0xFF, 0xFF, 0x19, 0x00, 0x00, 0x00, 0xFF, 0xFF, 0x01, 0xFF, 0xFF, 0x02, 0x00, 0x00,
  0x00, 0xFF, 0xFF, 0x2D, 0xFF, 0xFF, 0xED, 0xFF, 0xFF, 0xFF, 0xFF, 0xFF, 0xFB, 0xFF, 0xFF, 0xFF,
  0xFF, 0xFF, 0xFF, 0xFF, 0xFF, 0xCD, 0xFF, 0xFF, 0x79, 0xFF, 0xFF, 0x4F, 0xFF, 0xFF, 0x4A, 0xFF,
  0xFF, 0x61, 0xFF, 0xFF, 0xA2, 0xFF, 0xFF, 0xF6, 0xFF, 0xFF, 0xFF, 0xFF, 0xFF, 0xFB, 0xFF, 0xFF,
  0xF8, 0xFF, 0xFF, 0xFF, 0xFF, 0xFF, 0x78, 0x00, 0x00, 0x00, 0xFF, 0xFF, 0x04, 0xFF, 0xFF, 0x01,
  0xFF, 0xFF, 0x04, 0xFF, 0xFF, 0xAD, 0xFF, 0xFF, 0xFF, 0xFF, 0xFF, 0xF7, 0xFF, 0xFF, 0xFC, 0xFF,
  0xFF, 0xFF, 0xFF, 0xFF, 0xDF, 0xFF, 0xFF, 0x78, 0xFF, 0xFF, 0x41, 0xFF, 0xFF, 0x39, 0xFF, 0xFF,
  0x41, 0xFF, 0xFF, 0x72, 0xFF, 0xFF, 0xDD, 0xFF, 0xFF, 0xFF, 0xFF, 0xFF, 0xFE, 0xFF, 0xFF, 0xF9,
  0xFF, 0xFF, 0xFF, 0xFF, 0xFF, 0xB8, 0xFF, 0xFF, 0x09, 0xFF, 0xFF, 0x01, 0x00, 0x00, 0x00, 0xFF,
  0xFF, 0x0F, 0xFF, 0xFF, 0xCE, 0xFF, 0xFF, 0xFE, 0xFF, 0xFF, 0xF8, 0xFF, 0xFF, 0xFC, 0xFF, 0xFF,
  0xFF, 0xFF, 0xFF, 0xCF, 0xFF, 0xFF, 0x69, 0xFF, 0xFF, 0x3D, 0xFF, 0xFF, 0x39, 0xFF, 0xFF, 0x45,
  0xFF, 0xFF, 0x81, 0xFF, 0xFF, 0xE8, 0xFF, 0xFF, 0xFF, 0xFF, 0xFF, 0xFE, 0xFF, 0xFF, 0xFA, 0xFF,
  0xFF, 0xFF, 0xFF, 0xFF, 0xA3, 0x00, 0x00, 0x00, 0xFF, 0xFF, 0x66, 0xFF, 0xFF, 0xFE, 0xFF, 0xFF,
  0xF9, 0xFF, 0xFF, 0xFE, 0xFF, 0xFF, 0xFD, 0xFF, 0xFF, 0xFF, 0xFF, 0xFF, 0xFF, 0xFF, 0xFF, 0xFF,
  0xFF, 0xFF, 0xFF, 0xFF, 0xFF, 0xFF, 0xFF, 0xFF, 0xFF, 0xFF, 0xFF, 0xFF, 0xFF, 0xFF, 0xFF, 0xFF,
  0xFF, 0xFD, 0xFF, 0xFF, 0xFB, 0xFF, 0xFF, 0xFC, 0xFF, 0xFF, 0xFD, 0xFF, 0xFF, 0xFF, 0xFF, 0xFF,
  0xF9, 0xFF, 0xFF, 0x66, 0x00, 0x00, 0x00, 0xFF, 0xFF, 0x02, 0xFF, 0xFF, 0x01, 0xFF, 0xFF, 0x03,
  0x00, 0x00, 0x00, 0xFF, 0xFF, 0x96, 0xFF, 0xFF, 0xFE, 0xFF, 0xFF, 0xF9, 0xFF, 0xFF, 0xFB, 0xFF,
  0xFF, 0xFE, 0xFF, 0xFF, 0x43, 0x00, 0x00, 0x00, 0xFF, 0xFF, 0x02, 0x00, 0x00, 0x00, 0x00, 0x00,
  0x00, 0x00, 0x00, 0x00, 0x00, 0x00, 0x00, 0x00, 0x00, 0x00, 0xFF, 0xFF, 0x04, 0x00, 0x00, 0x00,
  0xFF, 0xFF, 0x8B, 0xFF, 0xFF, 0xFE, 0xFF, 0xFF, 0xF8, 0xFF, 0xFF, 0xFC, 0xFF, 0xFF, 0xFE, 0xFF,
  0xFF, 0x4B, 0x00, 0x00, 0x00, 0xFF, 0xFF, 0x02, 0x00, 0x00, 0x00, 0xFF, 0xFF, 0x02, 0x00, 0x00,
  0x00, 0xFF, 0xFF, 0x14, 0xFF, 0xFF, 0xB8, 0xFF, 0xFF, 0xFF, 0xFF, 0xFF, 0xFF, 0xFF, 0xFF, 0xFC,
  0xFF, 0xFF, 0xFA, 0xFF, 0xFF, 0xFD, 0xFF, 0xFF, 0xFF, 0xFF, 0xFF, 0xFF, 0xFF, 0xFF, 0xFF, 0xFF,
  0xFF, 0xFF, 0xFF, 0xFF, 0xF8, 0xFF, 0xFF, 0x4C, 0xFF, 0xFF, 0xB6, 0xFF, 0xFF, 0xFF, 0xFF, 0xFF,
  0xFC, 0xFF, 0xFF, 0xFF, 0xFF, 0xFF, 0xEB, 0xFF, 0xFF, 0x30, 0x00, 0x00, 0x00, 0xFF, 0xFF, 0x04,
  0x00, 0x00, 0x00, 0xFF, 0xFF, 0x0D, 0xFF, 0xFF, 0xCB, 0xFF, 0xFF, 0xFE, 0xFF, 0xFF, 0xFA, 0xFF,
  0xFF, 0xFE, 0xFF, 0xFF, 0xEF, 0xFF, 0xFF, 0x11, 0x00, 0x00, 0x00, 0xFF, 0xFF, 0x01, 0x00, 0x00,
  0x00, 0x00, 0x00, 0x00, 0x00, 0x00, 0x00, 0xFF, 0xFF, 0x03, 0x00, 0x00, 0x00, 0xFF, 0xFF, 0x7A,
  0xFF, 0xFF, 0xFE, 0xFF, 0xFF, 0xFA, 0xFF, 0xFF, 0xFB, 0xFF, 0xFF, 0xFE, 0xFF, 0xFF, 0x74, 0x00,
  0x00, 0x00, 0xFF, 0xFF, 0x03, 0x00, 0x00, 0x00, 0x00, 0x00, 0x00, 0xFF, 0xFF, 0x02, 0x00, 0x00,
  0x00, 0xFF, 0xFF, 0x99, 0xFF, 0xFF, 0xFF, 0xFF, 0xFF, 0xFA, 0xFF, 0xFF, 0xFD, 0xFF, 0xFF, 0xFE,
  0xFF, 0xFF, 0xFF, 0xFF, 0xFF, 0xFF, 0xFF, 0xFF, 0xFF, 0xFF, 0xFF, 0x9B, 0x00, 0x00, 0x00, 0xFF,
  0xFF, 0x05, 0x00, 0x00, 0x00, 0xFF, 0xFF, 0x30, 0xFF, 0xFF, 0xEF, 0xFF, 0xFF, 0xFE, 0xFF, 0xFF,
  0xF9, 0xFF, 0xFF, 0xFE, 0xFF, 0xFF, 0xAA, 0x00, 0x00, 0x00, 0x00, 0x00, 0x00, 0x00, 0x00, 0x00,
  0x00, 0x00, 0x00, 0x00, 0x00, 0x00, 0xFF, 0xFF, 0x01, 0x00, 0x00, 0x00, 0xFF, 0xFF, 0x06, 0xFF,
  0xFF, 0xBE, 0xFF, 0xFF, 0xFE, 0xFF, 0xFF, 0xFA, 0xFF, 0xFF, 0xFE, 0xFF, 0xFF, 0xF7, 0xFF, 0xFF,
  0x19, 0x00, 0x00, 0x00, 0xFF, 0xFF, 0x01, 0x00, 0x00, 0x00, 0xFF, 0xFF, 0x03, 0x00, 0x00, 0x00,
  0xFF, 0xFF, 0x5E, 0xFF, 0xFF, 0xFB, 0xFF, 0xFF, 0xFF, 0xFF, 0xFF, 0xFB, 0xFF, 0xFF, 0xFC, 0xFF,
  0xFF, 0xFF, 0xFF, 0xFF, 0xFF, 0xFF, 0xFF, 0xFF, 0xFF, 0xFF, 0xFD, 0xFF, 0xFF, 0xFF, 0xFF, 0xFF,
  0xFF, 0xFF, 0xFF, 0xFF, 0xFF, 0xFF, 0xFB, 0xFF, 0xFF, 0xFC, 0xFF, 0xFF, 0xFF, 0xFF, 0xFF, 0xB9,
  0xFF, 0xFF, 0x0C, 0xFF, 0xFF, 0x01, 0xFF, 0xFF, 0x01, 0xFF, 0xFF, 0x02, 0x00, 0x00, 0x00, 0xFF,
  0xFF, 0x31, 0xFF, 0xFF, 0xE7, 0xFF, 0xFF, 0xFF, 0xFF, 0xFF, 0xFB, 0xFF, 0xFF, 0xFC, 0xFF, 0xFF,
  0xFF, 0xFF, 0xFF, 0xFF, 0xFF, 0xFF, 0xF6, 0xFF, 0xFF, 0xEC, 0xFF, 0xFF, 0xF7, 0xFF, 0xFF, 0xFF,
  0xFF, 0xFF, 0xFF, 0xFF, 0xFF, 0xFC, 0xFF, 0xFF, 0xFB, 0xFF, 0xFF, 0xFF, 0xFF, 0xFF, 0xEA, 0xFF,
  0xFF, 0x39, 0x00, 0x00, 0x00, 0xFF, 0xFF, 0x02, 0xFF, 0xFF, 0x02, 0x00, 0x00, 0x00, 0xFF, 0xFF,
  0x4B, 0xFF, 0xFF, 0xF6, 0xFF, 0xFF, 0xFF, 0xFF, 0xFF, 0xFB, 0xFF, 0xFF, 0xFC, 0xFF, 0xFF, 0xFF,
  0xFF, 0xFF, 0xFF, 0xFF, 0xFF, 0xF3, 0xFF, 0xFF, 0xED, 0xFF, 0xFF, 0xF9, 0xFF, 0xFF, 0xFF, 0xFF,
  0xFF, 0xFF, 0xFF, 0xFF, 0xFC, 0xFF, 0xFF, 0xFC, 0xFF, 0xFF, 0xFF, 0xFF, 0xFF, 0xD3, 0xFF, 0xFF,
  0x22, 0x00, 0x00, 0x00, 0xFF, 0xFF, 0x69, 0xFF, 0xFF, 0xFF, 0xFF, 0xFF, 0xFF, 0xFF, 0xFF, 0xFF,
  0xFF, 0xFF, 0xFF, 0xFF, 0xFF, 0xFF, 0xFF, 0xFF, 0xFF, 0xFF, 0xFF, 0xFF, 0xFF, 0xFF, 0xFF, 0xFF,
  0xFF, 0xFF, 0xFF, 0xFF, 0xFF, 0xFF, 0xFF, 0xFF, 0xFF, 0xFF, 0xFF, 0xFF, 0xFF, 0xFF, 0xFF, 0xFF,
  0xFF, 0xFF, 0xFF, 0xFF, 0xFF, 0xFF, 0xFF, 0xFF, 0xFF, 0xCC, 0xFF, 0xFF, 0x4F, 0x00, 0x00, 0x00,
  0xFF, 0xFF, 0x01, 0xFF, 0xFF, 0x01, 0x00, 0x00, 0x00, 0xFF, 0xFF, 0x02, 0x00, 0x00, 0x00, 0xFF,
  0xFF, 0x99, 0xFF, 0xFF, 0xFF, 0xFF, 0xFF, 0xFF, 0xFF, 0xFF, 0xFF, 0xFF, 0xFF, 0xFF, 0xFF, 0xFF,
  0x44, 0x00, 0x00, 0x00, 0xFF, 0xFF, 0x02, 0x00, 0x00, 0x00, 0x00, 0x00, 0x00, 0x00, 0x00, 0x00,
  0x00, 0x00, 0x00, 0x00, 0x00, 0x00, 0xFF, 0xFF, 0x04, 0x00, 0x00, 0x00, 0xFF, 0xFF, 0x8E, 0xFF,
  0xFF, 0xFF, 0xFF, 0xFF, 0xFE, 0xFF, 0xFF, 0xFF, 0xFF, 0xFF, 0xFF, 0xFF, 0xFF, 0x4C, 0x00, 0x00,
  0x00, 0xFF, 0xFF, 0x02, 0x00, 0x00, 0x00, 0x00, 0x00, 0x00, 0xFF, 0xFF, 0x01, 0x00, 0x00, 0x00,
  0xFF, 0xFF, 0x15, 0xFF, 0xFF, 0x90, 0xFF, 0xFF, 0xE4, 0xFF, 0xFF, 0xFF, 0xFF, 0xFF, 0xFF, 0xFF,
  0xFF, 0xFF, 0xFF, 0xFF, 0xFF, 0xFF, 0xFF, 0xFF, 0xFF, 0xFF, 0xFF, 0xFF, 0xFF, 0xE0, 0xFF, 0xFF,
  0x5F, 0x00, 0x00, 0x00, 0xFF, 0xFF, 0xC7, 0xFF, 0xFF, 0xFF, 0xFF, 0xFF, 0xFC, 0xFF, 0xFF, 0xFF,
  0xFF, 0xFF, 0xEB, 0xFF, 0xFF, 0x30, 0x00, 0x00, 0x00, 0xFF, 0xFF, 0x04, 0x00, 0x00, 0x00, 0xFF,
  0xFF, 0x0D, 0xFF, 0xFF, 0xCE, 0xFF, 0xFF, 0xFF, 0xFF, 0xFF, 0xFF, 0xFF, 0xFF, 0xFF, 0xFF, 0xFF,
  0xF3, 0xFF, 0xFF, 0x11, 0x00, 0x00, 0x00, 0xFF, 0xFF, 0x01, 0x00, 0x00, 0x00, 0x00, 0x00, 0x00,
  0x00, 0x00, 0x00, 0xFF, 0xFF, 0x03, 0x00, 0x00, 0x00, 0xFF, 0xFF, 0x7C, 0xFF, 0xFF, 0xFF, 0xFF,
  0xFF, 0xFF, 0xFF, 0xFF, 0xFF, 0xFF, 0xFF, 0xFF, 0xFF, 0xFF, 0x77, 0x00, 0x00, 0x00, 0xFF, 0xFF,
  0x03, 0x00, 0x00, 0x00, 0x00, 0x00, 0x00, 0xFF, 0xFF, 0x01, 0xFF, 0xFF, 0x01, 0xFF, 0xFF, 0x19,
  0xFF, 0xFF, 0xC2, 0xFF, 0xFF, 0xFF, 0xFF, 0xFF, 0xFF, 0xFF, 0xFF, 0xFE, 0xFF, 0xFF, 0xFC, 0xFF,
  0xFF, 0xF9, 0xFF, 0xFF, 0xFE, 0xFF, 0xFF, 0xC6, 0xFF, 0xFF, 0x0E, 0xFF, 0xFF, 0x02, 0x00, 0x00,
  0x00, 0xFF, 0xFF, 0x31, 0xFF, 0xFF, 0xF3, 0xFF, 0xFF, 0xFF, 0xFF, 0xFF, 0xFF, 0xFF, 0xFF, 0xFF,
  0xFF, 0xFF, 0xAD, 0x00, 0x00, 0x00, 0x00, 0x00, 0x00, 0x00, 0x00, 0x00, 0x00, 0x00, 0x00, 0x00,
  0x00, 0x00, 0xFF, 0xFF, 0x01, 0x00, 0x00, 0x00, 0xFF, 0xFF, 0x06, 0xFF, 0xFF, 0xC1, 0xFF, 0xFF,
  0xFF, 0xFF, 0xFF, 0xFF, 0xFF, 0xFF, 0xFF, 0xFF, 0xFF, 0xFB, 0xFF, 0xFF, 0x19, 0x00, 0x00, 0x00,
  0xFF, 0xFF, 0x01, 0x00, 0x00, 0x00, 0xFF, 0xFF, 0x01, 0xFF, 0xFF, 0x02, 0x00, 0x00, 0x00, 0xFF,
  0xFF, 0x56, 0xFF, 0xFF, 0xDB, 0xFF, 0xFF, 0xFF, 0xFF, 0xFF, 0xFF, 0xFF, 0xFF, 0xFD, 0xFF, 0xFF,
  0xFB, 0xFF, 0xFF, 0xFC, 0xFF, 0xFF, 0xFC, 0xFF, 0xFF, 0xFC, 0xFF, 0xFF, 0xFC, 0xFF, 0xFF, 0xFF,
  0xFF, 0xFF, 0xFF, 0xFF, 0xFF, 0xFB, 0xFF, 0xFF, 0xA3, 0xFF, 0xFF, 0x18, 0x00, 0x00, 0x00, 0xFF,
  0xFF, 0x01, 0x00, 0x00, 0x00, 0x00, 0x00, 0x00, 0xFF, 0xFF, 0x01, 0x00, 0x00, 0x00, 0xFF, 0xFF,
  0x3E, 0xFF, 0xFF, 0xD8, 0xFF, 0xFF, 0xFF, 0xFF, 0xFF, 0xFF, 0xFF, 0xFF, 0xFE, 0xFF, 0xFF, 0xFC,
  0xFF, 0xFF, 0xFE, 0xFF, 0xFF, 0xFF, 0xFF, 0xFF, 0xFE, 0xFF, 0xFF, 0xFC, 0xFF, 0xFF, 0xFF, 0xFF,
  0xFF, 0xFF, 0xFF, 0xFF, 0xFF, 0xFF, 0xFF, 0xD3, 0xFF, 0xFF, 0x45, 0x00, 0x00, 0x00, 0xFF, 0xFF,
  0x01, 0x00, 0x00, 0x00, 0x00, 0x00, 0x00, 0xFF, 0xFF, 0x02, 0x00, 0x00, 0x00, 0xFF, 0xFF, 0x5B,
  0xFF, 0xFF, 0xE6, 0xFF, 0xFF, 0xFF, 0xFF, 0xFF, 0xFF, 0xFF, 0xFF, 0xFD, 0xFF, 0xFF, 0xFC, 0xFF,
  0xFF, 0xFF, 0xFF, 0xFF, 0xFF, 0xFF, 0xFF, 0xFD, 0xFF, 0xFF, 0xFC, 0xFF, 0xFF, 0xFF, 0xFF, 0xFF,
  0xFF, 0xFF, 0xFF, 0xFF, 0xFF, 0xFF, 0xC5, 0xFF, 0xFF, 0x2C, 0x00, 0x00, 0x00, 0xFF, 0xFF, 0x02,
  0xFF, 0xFF, 0x5F, 0xFF, 0xFF, 0xF1, 0xFF, 0xFF, 0xE6, 0xFF, 0xFF, 0xEA, 0xFF, 0xFF, 0xEA, 0xFF,
  0xFF, 0xEA, 0xFF, 0xFF, 0xEA, 0xFF, 0xFF, 0xEA, 0xFF, 0xFF, 0xEA, 0xFF, 0xFF, 0xEA, 0xFF, 0xFF,
  0xEA, 0xFF, 0xFF, 0xEA, 0xFF, 0xFF, 0xEB, 0xFF, 0xFF, 0xE0, 0xFF, 0xFF, 0xCA, 0xFF, 0xFF, 0xA2,
  0xFF, 0xFF, 0x61, 0xFF, 0xFF, 0x15, 0x00, 0x00, 0x00, 0xFF, 0xFF, 0x02, 0x00, 0x00, 0x00, 0x00,
  0x00, 0x00, 0x00, 0x00, 0x00, 0xFF, 0xFF, 0x02, 0x00, 0x00, 0x00, 0xFF, 0xFF, 0x8A, 0xFF, 0xFF,
  0xF1, 0xFF, 0xFF, 0xE7, 0xFF, 0xFF, 0xE8, 0xFF, 0xFF, 0xEB, 0xFF, 0xFF, 0x3C, 0x00, 0x00, 0x00,
  0xFF, 0xFF, 0x02, 0x00, 0x00, 0x00, 0x00, 0x00, 0x00, 0x00, 0x00, 0x00, 0x00, 0x00, 0x00, 0x00,
  0x00, 0x00, 0xFF, 0xFF, 0x04, 0x00, 0x00, 0x00, 0xFF, 0xFF, 0x82, 0xFF, 0xFF, 0xF1, 0xFF, 0xFF,
  0xE5, 0xFF, 0xFF, 0xE8, 0xFF, 0xFF, 0xEE, 0xFF, 0xFF, 0x45, 0x00, 0x00, 0x00, 0xFF, 0xFF, 0x02,
  0x00, 0x00, 0x00, 0x00, 0x00, 0x00, 0x00, 0x00, 0x00, 0xFF, 0xFF, 0x01, 0x00, 0x00, 0x00, 0x00,
  0x00, 0x00, 0xFF, 0xFF, 0x2D, 0xFF, 0xFF, 0x78, 0xFF, 0xFF, 0xA4, 0xFF, 0xFF, 0xB5, 0xFF, 0xFF,
  0xB3, 0xFF, 0xFF, 0xA5, 0xFF, 0xFF, 0x79, 0xFF, 0xFF, 0x27, 0x00, 0x00, 0x00, 0xFF, 0xFF, 0x04,
  0xFF, 0xFF, 0xC5, 0xFF, 0xFF, 0xFF, 0xFF, 0xFF, 0xFC, 0xFF, 0xFF, 0xFF, 0xFF, 0xFF, 0xEC, 0xFF,
  0xFF, 0x31, 0x00, 0x00, 0x00, 0xFF, 0xFF, 0x04, 0x00, 0x00, 0x00, 0xFF, 0xFF, 0x0B, 0xFF, 0xFF,
  0xBF, 0xFF, 0xFF, 0xEF, 0xFF, 0xFF, 0xE6, 0xFF, 0xFF, 0xEC, 0xFF, 0xFF, 0xDD, 0xFF, 0xFF, 0x0F,
  0x00, 0x00, 0x00, 0xFF, 0xFF, 0x01, 0x00, 0x00, 0x00, 0x00, 0x00, 0x00, 0x00, 0x00, 0x00, 0xFF,
  0xFF, 0x03, 0x00, 0x00, 0x00, 0xFF, 0xFF, 0x72, 0xFF, 0xFF, 0xF0, 0xFF, 0xFF, 0xE6, 0xFF, 0xFF,
  0xE8, 0xFF, 0xFF, 0xF0, 0xFF, 0xFF, 0x69, 0x00, 0x00, 0x00, 0xFF, 0xFF, 0x03, 0x00, 0x00, 0x00,
  0x00, 0x00, 0x00, 0x00, 0x00, 0x00, 0xFF, 0xFF, 0x01, 0x00, 0x00, 0x00, 0xFF, 0xFF, 0x1A, 0xFF,
  0xFF, 0x8F, 0xFF, 0xFF, 0xE0, 0xFF, 0xFF, 0xF9, 0xFF, 0xFF, 0xFC, 0xFF, 0xFF, 0xFB, 0xFF, 0xFF,
  0xFA, 0xFF, 0xFF, 0xD9, 0xFF, 0xFF, 0x1D, 0x00, 0x00, 0x00, 0x00, 0x00, 0x00, 0xFF, 0xFF, 0x2D,
  0xFF, 0xFF, 0xDE, 0xFF, 0xFF, 0xEB, 0xFF, 0xFF, 0xE6, 0xFF, 0xFF, 0xF0, 0xFF, 0xFF, 0x9E, 0x00,
  0x00, 0x00, 0x00, 0x00, 0x00, 0x00, 0x00, 0x00, 0x00, 0x00, 0x00, 0x00, 0x00, 0x00, 0xFF, 0xFF,
  0x01, 0x00, 0x00, 0x00, 0xFF, 0xFF, 0x05, 0xFF, 0xFF, 0xB2, 0xFF, 0xFF, 0xF0, 0xFF, 0xFF, 0xE7,
  0xFF, 0xFF, 0xEA, 0xFF, 0xFF, 0xE5, 0xFF, 0xFF, 0x18, 0x00, 0x00, 0x00, 0xFF, 0xFF, 0x01, 0x00,
  0x00, 0x00, 0x00, 0x00, 0x00, 0x00, 0x00, 0x00, 0xFF, 0xFF, 0x02, 0x00, 0x00, 0x00, 0xFF, 0xFF,
  0x22, 0xFF, 0xFF, 0x85, 0xFF, 0xFF, 0xD6, 0xFF, 0xFF, 0xF7, 0xFF, 0xFF, 0xFE, 0xFF, 0xFF, 0xFF,
  0xFF, 0xFF, 0xFF, 0xFF, 0xFF, 0xFF, 0xFF, 0xFF, 0xFA, 0xFF, 0xFF, 0xEC, 0xFF, 0xFF, 0xB1, 0xFF,
  0xFF, 0x53, 0xFF, 0xFF, 0x03, 0x00, 0x00, 0x00, 0xFF, 0xFF, 0x01, 0x00, 0x00, 0x00, 0x00, 0x00,
  0x00, 0x00, 0x00, 0x00, 0x00, 0x00, 0x00, 0xFF, 0xFF, 0x02, 0x00, 0x00, 0x00, 0xFF, 0xFF, 0x21,
  0xFF, 0xFF, 0x83, 0xFF, 0xFF, 0xD0, 0xFF, 0xFF, 0xF6, 0xFF, 0xFF, 0xFD, 0xFF, 0xFF, 0xFF, 0xFF,
  0xFF, 0xFF, 0xFF, 0xFF, 0xFF, 0xFF, 0xFF, 0xFC, 0xFF, 0xFF, 0xF4, 0xFF, 0xFF, 0xCE, 0xFF, 0xFF,
  0x79, 0xFF, 0xFF, 0x1A, 0x00, 0x00, 0x00, 0xFF, 0xFF, 0x02, 0x00, 0x00, 0x00, 0x00, 0x00, 0x00,
  0x00, 0x00, 0x00, 0x00, 0x00, 0x00, 0xFF, 0xFF, 0x03, 0x00, 0x00, 0x00, 0xFF, 0xFF, 0x2E, 0xFF,
  0xFF, 0x91, 0xFF, 0xFF, 0xDD, 0xFF, 0xFF, 0xF8, 0xFF, 0xFF, 0xFD, 0xFF, 0xFF, 0xFF, 0xFF, 0xFF,
  0xFF, 0xFF, 0xFF, 0xFF, 0xFF, 0xFF, 0xFC, 0xFF, 0xFF, 0xF2, 0xFF, 0xFF, 0xC4, 0xFF, 0xFF, 0x6F,
  0xFF, 0xFF, 0x13, 0x00, 0x00, 0x00, 0xFF, 0xFF, 0x02, 0x00, 0x00, 0x00, 0xFF, 0xFF, 0x13, 0xFF,
  0xFF, 0x31, 0xFF, 0xFF, 0x2C, 0xFF, 0xFF, 0x2D, 0xFF, 0xFF, 0x2D, 0xFF, 0xFF, 0x2D, 0xFF, 0xFF,
  0x2D, 0xFF, 0xFF, 0x2D, 0xFF, 0xFF, 0x2D, 0xFF, 0xFF, 0x2D, 0xFF, 0xFF, 0x2D, 0xFF, 0xFF, 0x2D,
  0xFF, 0xFF, 0x2D, 0xFF, 0xFF, 0x26, 0xFF, 0xFF, 0x18, 0x00, 0x00, 0x00, 0x00, 0x00, 0x00, 0x00,
  0x00, 0x00, 0xFF, 0xFF, 0x03, 0x00, 0x00, 0x00, 0x00, 0x00, 0x00, 0x00, 0x00, 0x00, 0x00, 0x00,
  0x00, 0x00, 0x00, 0x00, 0x00, 0x00, 0x00, 0xFF, 0xFF, 0x1A, 0xFF, 0xFF, 0x30, 0xFF, 0xFF, 0x2C,
  0xFF, 0xFF, 0x2C, 0xFF, 0xFF, 0x2D, 0xFF, 0xFF, 0x0B, 0x00, 0x00, 0x00, 0x00, 0x00, 0x00, 0x00,
  0x00, 0x00, 0x00, 0x00, 0x00, 0x00, 0x00, 0x00, 0x00, 0x00, 0x00, 0x00, 0x00, 0x00, 0x00, 0x00,
  0x00, 0x00, 0x00, 0x00, 0xFF, 0xFF, 0x19, 0xFF, 0xFF, 0x30, 0xFF, 0xFF, 0x2C, 0xFF, 0xFF, 0x2C,
  0xFF, 0xFF, 0x2E, 0xFF, 0xFF, 0x0E, 0x00, 0x00, 0x00, 0x00, 0x00, 0x00, 0x00, 0x00, 0x00, 0x00,
  0x00, 0x00, 0xFF, 0xFF, 0x01, 0xFF, 0xFF, 0x03, 0xFF, 0xFF, 0x04, 0x00, 0x00, 0x00, 0x00, 0x00,
  0x00, 0x00, 0x00, 0x00, 0x00, 0x00, 0x00, 0xFF, 0xFF, 0x0A, 0xFF, 0xFF, 0x09, 0x00, 0x00, 0x00,
  0x00, 0x00, 0x00, 0x00, 0x00, 0x00, 0xFF, 0xFF, 0x03, 0xFF, 0xFF, 0x03, 0xFF, 0xFF, 0xC5, 0xFF,
  0xFF, 0xFF, 0xFF, 0xFF, 0xFC, 0xFF, 0xFF, 0xFF, 0xFF, 0xFF, 0xE9, 0xFF, 0xFF, 0x2C, 0x00, 0x00,
  0x00, 0xFF, 0xFF, 0x02, 0x00, 0x00, 0x00, 0xFF, 0xFF, 0x02, 0xFF, 0xFF, 0x26, 0xFF, 0xFF, 0x2F,
  0xFF, 0xFF, 0x2C, 0xFF, 0xFF, 0x2E, 0xFF, 0xFF, 0x2B, 0xFF, 0xFF, 0x03, 0x00, 0x00, 0x00, 0x00,
  0x00, 0x00, 0x00, 0x00, 0x00, 0x00, 0x00, 0x00, 0x00, 0x00, 0x00, 0x00, 0x00, 0x00, 0x00, 0x00,
  0x00, 0xFF, 0xFF, 0x16, 0xFF, 0xFF, 0x2F, 0xFF, 0xFF, 0x2C, 0xFF, 0xFF, 0x2C, 0xFF, 0xFF, 0x2E,
  0xFF, 0xFF, 0x13, 0x00, 0x00, 0x00, 0x00, 0x00, 0x00, 0x00, 0x00, 0x00, 0x00, 0x00, 0x00, 0x00,
  0x00, 0x00, 0x00, 0x00, 0x00, 0xFF, 0xFF, 0x02, 0x00, 0x00, 0x00, 0x00, 0x00, 0x00, 0xFF, 0xFF,
  0x25, 0xFF, 0xFF, 0x4B, 0xFF, 0xFF, 0x61, 0xFF, 0xFF, 0x5E, 0xFF, 0xFF, 0x4A, 0xFF, 0xFF, 0x2D,
  0xFF, 0xFF, 0x05, 0x00, 0x00, 0x00, 0x00, 0x00, 0x00, 0xFF, 0xFF, 0x09, 0xFF, 0xFF, 0x2B, 0xFF,
  0xFF, 0x2D, 0xFF, 0xFF, 0x2C, 0xFF, 0xFF, 0x30, 0xFF, 0xFF, 0x1E, 0x00, 0x00, 0x00, 0x00, 0x00,
  0x00, 0x00, 0x00, 0x00, 0x00, 0x00, 0x00, 0x00, 0x00, 0x00, 0x00, 0x00, 0x00, 0x00, 0x00, 0x00,
  0xFF, 0xFF, 0x01, 0xFF, 0xFF, 0x23, 0xFF, 0xFF, 0x2F, 0xFF, 0xFF, 0x2C, 0xFF, 0xFF, 0x2D, 0xFF,
  0xFF, 0x2D, 0xFF, 0xFF, 0x05, 0x00, 0x00, 0x00, 0x00, 0x00, 0x00, 0x00, 0x00, 0x00, 0x00, 0x00,
  0x00, 0x00, 0x00, 0x00, 0x00, 0x00, 0x00, 0xFF, 0xFF, 0x02, 0x00, 0x00, 0x00, 0x00, 0x00, 0x00,
  0xFF, 0xFF, 0x1D, 0xFF, 0xFF, 0x41, 0xFF, 0xFF, 0x66, 0xFF, 0xFF, 0x7C, 0xFF, 0xFF, 0x80, 0xFF,
  0xFF, 0x72, 0xFF, 0xFF, 0x55, 0xFF, 0xFF, 0x30, 0xFF, 0xFF, 0x07, 0x00, 0x00, 0x00, 0x00, 0x00,
  0x00, 0xFF, 0xFF, 0x02, 0x00, 0x00, 0x00, 0x00, 0x00, 0x00, 0x00, 0x00, 0x00, 0x00, 0x00, 0x00,
  0x00, 0x00, 0x00, 0x00, 0x00, 0x00, 0xFF, 0xFF, 0x03, 0x00, 0x00, 0x00, 0x00, 0x00, 0x00, 0xFF,
  0xFF, 0x1A, 0xFF, 0xFF, 0x40, 0xFF, 0xFF, 0x5F, 0xFF, 0xFF, 0x78, 0xFF, 0xFF, 0x84, 0xFF, 0xFF,
  0x75, 0xFF, 0xFF, 0x5E, 0xFF, 0xFF, 0x3A, 0xFF, 0xFF, 0x18, 0x00, 0x00, 0x00, 0x00, 0x00, 0x00,
  0xFF, 0xFF, 0x02, 0x00, 0x00, 0x00, 0x00, 0x00, 0x00, 0x00, 0x00, 0x00, 0x00, 0x00, 0x00, 0x00,
  0x00, 0x00, 0x00, 0x00, 0x00, 0xFF, 0xFF, 0x02, 0x00, 0x00, 0x00, 0x00, 0x00, 0x00, 0xFF, 0xFF,
  0x23, 0xFF, 0xFF, 0x47, 0xFF, 0xFF, 0x65, 0xFF, 0xFF, 0x7D, 0xFF, 0xFF, 0x82, 0xFF, 0xFF, 0x74,
  0xFF, 0xFF, 0x5C, 0xFF, 0xFF, 0x39, 0xFF, 0xFF, 0x11, 0x00, 0x00, 0x00, 0x00, 0x00, 0x00, 0xFF,
  0xFF, 0x02, 0x00, 0x00, 0x00, 0x00, 0x00, 0x00, 0x00, 0x00, 0x00, 0x00, 0x00, 0x00, 0x00, 0x00,
  0x00, 0x00, 0x00, 0x00, 0x00, 0x00, 0x00, 0x00, 0x00, 0x00, 0x00, 0x00, 0x00, 0x00, 0x00, 0x00,
  0x00, 0x00, 0x00, 0x00, 0x00, 0x00, 0x00, 0x00, 0x00, 0x00, 0x00, 0x00, 0x00, 0x00, 0x00, 0x00,
  0x00, 0x00, 0x00, 0x00, 0x00, 0xFF, 0xFF, 0x01, 0xFF, 0xFF, 0x03, 0xFF, 0xFF, 0x01, 0x00, 0x00,
  0x00, 0x00, 0x00, 0x00, 0x00, 0x00, 0x00, 0x00, 0x00, 0x00, 0x00, 0x00, 0x00, 0x00, 0x00, 0x00,
  0x00, 0x00, 0x00, 0x00, 0x00, 0x00, 0x00, 0x00, 0x00, 0x00, 0x00, 0x00, 0x00, 0x00, 0x00, 0x00,
  0x00, 0x00, 0x00, 0x00, 0x00, 0x00, 0x00, 0x00, 0x00, 0x00, 0x00, 0x00, 0x00, 0x00, 0x00, 0x00,
  0x00, 0x00, 0x00, 0x00, 0x00, 0x00, 0x00, 0x00, 0x00, 0x00, 0x00, 0x00, 0x00, 0x00, 0x00, 0x00,
  0x00, 0x00, 0x00, 0x00, 0x00, 0x00, 0x00, 0x00, 0x00, 0x00, 0x00, 0x00, 0x00, 0x00, 0x00, 0x00,
  0x00, 0x00, 0x00, 0x00, 0x00, 0x00, 0x00, 0x00, 0x00, 0x00, 0x00, 0x00, 0x00, 0x00, 0x00, 0x00,
  0x00, 0x00, 0x00, 0x00, 0x00, 0x00, 0x00, 0xFF, 0xFF, 0x0D, 0xFF, 0xFF, 0x12, 0x00, 0x00, 0x00,
  0xFF, 0xFF, 0x03, 0x00, 0x00, 0x00, 0x00, 0x00, 0x00, 0xFF, 0xFF, 0x01, 0xFF, 0xFF, 0x03, 0xFF,
  0xFF, 0x03, 0xFF, 0xFF, 0x03, 0xFF, 0xFF, 0x03, 0xFF, 0xFF, 0xD6, 0xFF, 0xFF, 0xFF, 0xFF, 0xFF,
  0xFC, 0xFF, 0xFF, 0xFF, 0xFF, 0xFF, 0xE1, 0xFF, 0xFF, 0x20, 0x00, 0x00, 0x00, 0xFF, 0xFF, 0x02,
  0x00, 0x00, 0x00, 0x00, 0x00, 0x00, 0x00, 0x00, 0x00, 0x00, 0x00, 0x00, 0x00, 0x00, 0x00, 0x00,
  0x00, 0x00, 0x00, 0x00, 0x00, 0x00, 0x00, 0x00, 0x00, 0x00, 0x00, 0x00, 0x00, 0x00, 0x00, 0x00,
  0x00, 0x00, 0x00, 0x00, 0x00, 0x00, 0x00, 0x00, 0x00, 0x00, 0x00, 0x00, 0x00, 0x00, 0x00, 0x00,
  0x00, 0x00, 0x00, 0x00, 0x00, 0x00, 0x00, 0x00, 0x00, 0x00, 0x00, 0x00, 0x00, 0x00, 0x00, 0x00,
  0x00, 0x00, 0x00, 0x00, 0x00, 0x00, 0x00, 0x00, 0x00, 0x00, 0x00, 0x00, 0x00, 0x00, 0x00, 0x00,
  0x00, 0x00, 0x00, 0x00, 0xFF, 0xFF, 0x01, 0xFF, 0xFF, 0x02, 0x00, 0x00, 0x00, 0x00, 0x00, 0x00,
  0x00, 0x00, 0x00, 0x00, 0x00, 0x00, 0x00, 0x00, 0x00, 0x00, 0x00, 0x00, 0x00, 0x00, 0x00, 0x00,
  0x00, 0x00, 0x00, 0x00, 0x00, 0x00, 0x00, 0x00, 0x00, 0x00, 0x00, 0x00, 0x00, 0x00, 0x00, 0x00,
  0x00, 0x00, 0x00, 0x00, 0x00, 0x00, 0x00, 0x00, 0x00, 0x00, 0x00, 0x00, 0x00, 0x00, 0x00, 0x00,
  0x00, 0x00, 0x00, 0x00, 0x00, 0x00, 0x00, 0x00, 0x00, 0x00, 0x00, 0x00, 0x00, 0x00, 0x00, 0x00,
  0x00, 0x00, 0x00, 0x00, 0x00, 0x00, 0x00, 0x00, 0x00, 0x00, 0x00, 0x00, 0x00, 0x00, 0x00, 0x00,
  0x00, 0x00, 0x00, 0x00, 0x00, 0x00, 0x00, 0x00, 0x00, 0x00, 0x00, 0x00, 0x00, 0x00, 0x00, 0x00,
  0x00, 0x00, 0x00, 0x00, 0x00, 0x00, 0xFF, 0xFF, 0x02, 0xFF, 0xFF, 0x02, 0x00, 0x00, 0x00, 0x00,
  0x00, 0x00, 0x00, 0x00, 0x00, 0x00, 0x00, 0x00, 0x00, 0x00, 0x00, 0x00, 0x00, 0x00, 0x00, 0x00,
  0x00, 0x00, 0x00, 0x00, 0x00, 0x00, 0x00, 0xFF, 0xFF, 0x03, 0xFF, 0xFF, 0x01, 0x00, 0x00, 0x00,
  0x00, 0x00, 0x00, 0x00, 0x00, 0x00, 0x00, 0x00, 0x00, 0x00, 0x00, 0x00, 0x00, 0x00, 0x00, 0x00,
  0x00, 0x00, 0x00, 0x00, 0x00, 0xFF, 0xFF, 0x02, 0xFF, 0xFF, 0x03, 0x00, 0x00, 0x00, 0x00, 0x00,
  0x00, 0x00, 0x00, 0x00, 0x00, 0x00, 0x00, 0x00, 0x00, 0x00, 0x00, 0x00, 0x00, 0x00, 0x00, 0x00,
  0x00, 0x00, 0x00, 0x00, 0x00, 0x00, 0xFF, 0xFF, 0x03, 0xFF, 0xFF, 0x02, 0x00, 0x00, 0x00, 0x00,
  0x00, 0x00, 0x00, 0x00, 0x00, 0x00, 0x00, 0x00, 0x00, 0x00, 0x00, 0x00, 0x00, 0x00, 0x00, 0x00,
  0x00, 0x00, 0x00, 0x00, 0xFF, 0xFF, 0x02, 0xFF, 0xFF, 0x02, 0x00, 0x00, 0x00, 0x00, 0x00, 0x00,
  0x00, 0x00, 0x00, 0x00, 0x00, 0x00, 0x00, 0x00, 0x00, 0x00, 0x00, 0x00, 0x00, 0x00, 0x00, 0x00,
  0x00, 0x00, 0x00, 0x00, 0x00, 0xFF, 0xFF, 0x03, 0xFF, 0xFF, 0x01, 0x00, 0x00, 0x00, 0x00, 0x00,
  0x00, 0x00, 0x00, 0x00, 0xFF, 0xFF, 0x01, 0xFF, 0xFF, 0x03, 0xFF, 0xFF, 0x03, 0xFF, 0xFF, 0x03,
  0xFF, 0xFF, 0x03, 0xFF, 0xFF, 0x03, 0xFF, 0xFF, 0x03, 0xFF, 0xFF, 0x03, 0xFF, 0xFF, 0x03, 0xFF,
  0xFF, 0x03, 0xFF, 0xFF, 0x03, 0xFF, 0xFF, 0x03, 0xFF, 0xFF, 0x03, 0xFF, 0xFF, 0x02, 0xFF, 0xFF,
  0x01, 0x00, 0x00, 0x00, 0x00, 0x00, 0x00, 0x00, 0x00, 0x00, 0x00, 0x00, 0x00, 0x00, 0x00, 0x00,
  0x00, 0x00, 0x00, 0x00, 0x00, 0x00, 0x00, 0x00, 0x00, 0x00, 0x00, 0x00, 0x00, 0x00, 0x00, 0xFF,
  0xFF, 0x02, 0xFF, 0xFF, 0x03, 0xFF, 0xFF, 0x03, 0xFF, 0xFF, 0x03, 0xFF, 0xFF, 0x03, 0xFF, 0xFF,
  0x01, 0x00, 0x00, 0x00, 0x00, 0x00, 0x00, 0x00, 0x00, 0x00, 0x00, 0x00, 0x00, 0x00, 0x00, 0x00,
  0x00, 0x00, 0x00, 0x00, 0x00, 0x00, 0x00, 0x00, 0x00, 0x00, 0x00, 0x00, 0xFF, 0xFF, 0x01, 0xFF,
  0xFF, 0x03, 0xFF, 0xFF, 0x03, 0xFF, 0xFF, 0x03, 0xFF, 0xFF, 0x03, 0xFF, 0xFF, 0x01, 0x00, 0x00,
  0x00, 0x00, 0x00, 0x00, 0x00, 0x00, 0x00, 0x00, 0x00, 0x00, 0xFF, 0xFF, 0x24, 0xFF, 0xFF, 0x59,
  0xFF, 0xFF, 0x81, 0xFF, 0xFF, 0xBF, 0xFF, 0xFF, 0xC9, 0xFF, 0xFF, 0x1E, 0x00, 0x00, 0x00, 0xFF,
  0xFF, 0x04, 0xFF, 0xFF, 0x04, 0xFF, 0xFF, 0x03, 0xFF, 0xFF, 0x03, 0xFF, 0xFF, 0x02, 0x00, 0x00,
  0x00, 0xFF, 0xFF, 0x47, 0xFF, 0xFF, 0xF6, 0xFF, 0xFF, 0xFE, 0xFF, 0xFF, 0xFB, 0xFF, 0xFF, 0xFE,
  0xFF, 0xFF, 0xCC, 0xFF, 0xFF, 0x0E, 0x00, 0x00, 0x00, 0xFF, 0xFF, 0x01, 0x00, 0x00, 0x00, 0x00,
  0x00, 0x00, 0xFF, 0xFF, 0x02, 0xFF, 0xFF, 0x03, 0xFF, 0xFF, 0x03, 0xFF, 0xFF, 0x03, 0xFF, 0xFF,
  0x03, 0x00, 0x00, 0x00, 0x00, 0x00, 0x00, 0x00, 0x00, 0x00, 0x00, 0x00, 0x00, 0x00, 0x00, 0x00,
  0x00, 0x00, 0x00, 0x00, 0x00, 0x00, 0x00, 0x00, 0x00, 0xFF, 0xFF, 0x01, 0xFF, 0xFF, 0x03, 0xFF,
  0xFF, 0x03, 0xFF, 0xFF, 0x03, 0xFF, 0xFF, 0x03, 0xFF, 0xFF, 0x01, 0x00, 0x00, 0x00, 0x00, 0x00,
  0x00, 0x00, 0x00, 0x00, 0x00, 0x00, 0x00, 0x00, 0x00, 0x00, 0x00, 0x00, 0x00, 0x00, 0x00, 0x00,
  0x00, 0x00, 0x00, 0x00, 0x00, 0x00, 0xFF, 0xFF, 0x02, 0xFF, 0xFF, 0x03, 0xFF, 0xFF, 0x02, 0xFF,
  0xFF, 0x02, 0xFF, 0xFF, 0x03, 0xFF, 0xFF, 0x03, 0x00, 0x00, 0x00, 0x00, 0x00, 0x00, 0x00, 0x00,
  0x00, 0x00, 0x00, 0x00, 0xFF, 0xFF, 0x03, 0xFF, 0xFF, 0x03, 0xFF, 0xFF, 0x03, 0xFF, 0xFF, 0x03,
  0xFF, 0xFF, 0x01, 0x00, 0x00, 0x00, 0x00, 0x00, 0x00, 0x00, 0x00, 0x00, 0x00, 0x00, 0x00, 0x00,
  0x00, 0x00, 0x00, 0x00, 0x00, 0x00, 0x00, 0x00, 0x00, 0x00, 0x00, 0xFF, 0xFF, 0x02, 0xFF, 0xFF,
  0x03, 0xFF, 0xFF, 0x03, 0xFF, 0xFF, 0x03, 0xFF, 0xFF, 0x03, 0x00, 0x00, 0x00, 0x00, 0x00, 0x00,
  0x00, 0x00, 0x00, 0x00, 0x00, 0x00, 0x00, 0x00, 0x00, 0x00, 0x00, 0x00, 0x00, 0x00, 0x00, 0x00,
  0x00, 0x00, 0x00, 0x00, 0x00, 0x00, 0x00, 0x00, 0xFF, 0xFF, 0x02, 0xFF, 0xFF, 0x03, 0xFF, 0xFF,
  0x02, 0xFF, 0xFF, 0x01, 0xFF, 0xFF, 0x01, 0xFF, 0xFF, 0x01, 0xFF, 0xFF, 0x03, 0xFF, 0xFF, 0x03,
  0xFF, 0xFF, 0x01, 0x00, 0x00, 0x00, 0x00, 0x00, 0x00, 0x00, 0x00, 0x00, 0x00, 0x00, 0x00, 0x00,
  0x00, 0x00, 0x00, 0x00, 0x00, 0x00, 0x00, 0x00, 0x00, 0x00, 0x00, 0x00, 0x00, 0x00, 0x00, 0x00,
  0x00, 0x00, 0x00, 0x00, 0x00, 0x00, 0x00, 0xFF, 0xFF, 0x01, 0xFF, 0xFF, 0x03, 0xFF, 0xFF, 0x03,
  0xFF, 0xFF, 0x01, 0xFF, 0xFF, 0x01, 0xFF, 0xFF, 0x01, 0xFF, 0xFF, 0x03, 0xFF, 0xFF, 0x03, 0xFF,
  0xFF, 0x01, 0x00, 0x00, 0x00, 0x00, 0x00, 0x00, 0x00, 0x00, 0x00, 0x00, 0x00, 0x00, 0x00, 0x00,
  0x00, 0x00, 0x00, 0x00, 0x00, 0x00, 0x00, 0x00, 0x00, 0x00, 0x00, 0x00, 0x00, 0x00, 0x00, 0x00,
  0x00, 0x00, 0x00, 0x00, 0x00, 0x00, 0xFF, 0xFF, 0x02, 0xFF, 0xFF, 0x03, 0xFF, 0xFF, 0x02, 0xFF,
  0xFF, 0x01, 0xFF, 0xFF, 0x01, 0xFF, 0xFF, 0x01, 0xFF, 0xFF, 0x03, 0xFF, 0xFF, 0x03, 0xFF, 0xFF,
  0x01, 0x00, 0x00, 0x00, 0x00, 0x00, 0x00, 0x00, 0x00, 0x00, 0x00, 0x00, 0x00, 0x00, 0x00, 0x00,
  0x00, 0x00, 0x00, 0x00, 0x00, 0x00, 0x00, 0x00, 0x00, 0x00, 0x00, 0x00, 0x00, 0x00, 0x00, 0x00,
  0x00, 0x00, 0x00, 0x00, 0x00, 0x00, 0x00, 0x00, 0x00, 0x00, 0x00, 0x00, 0x00, 0x00, 0x00, 0x00,
  0x00, 0x00, 0x00, 0x00, 0x00, 0x00, 0x00, 0x00, 0x00, 0x00, 0x00, 0x00, 0x00, 0x00, 0x00, 0x00,
  0x00, 0x00, 0x00, 0x00, 0x00, 0x00, 0x00, 0x00, 0x00, 0x00, 0x00, 0x00, 0x00, 0x00, 0x00, 0x00,
  0x00, 0x00, 0x00, 0x00, 0x00, 0x00, 0x00, 0x00, 0x00, 0x00, 0x00, 0x00, 0x00, 0x00, 0x00, 0x00,
  0x00, 0x00, 0x00, 0x00, 0x00, 0x00, 0x00, 0x00, 0x00, 0x00, 0x00, 0x00, 0x00, 0x00, 0x00, 0x00,
  0x00, 0x00, 0x00, 0x00, 0x00, 0x00, 0x00, 0x00, 0x00, 0x00, 0x00, 0x00, 0x00, 0x00, 0x00, 0x00,
  0x00, 0x00, 0x00, 0x00, 0x00, 0x00, 0x00, 0x00, 0x00, 0x00, 0x00, 0x00, 0x00, 0x00, 0x00, 0x00,
  0x00, 0x00, 0x00, 0x00, 0x00, 0x00, 0x00, 0x00, 0x00, 0x00, 0x00, 0x00, 0x00, 0x00, 0x00, 0x00,
  0xFF, 0xFF, 0x03, 0x00, 0x00, 0x00, 0xFF, 0xFF, 0x8C, 0xFF, 0xFF, 0xFF, 0xFF, 0xFF, 0xFF, 0xFF,
  0xFF, 0xFF, 0xFF, 0xFF, 0xFF, 0xFF, 0xFF, 0xC7, 0xFF, 0xFF, 0x2F, 0x00, 0x00, 0x00, 0x00, 0x00,
  0x00, 0x00, 0x00, 0x00, 0x00, 0x00, 0x00, 0xFF, 0xFF, 0x01, 0xFF, 0xFF, 0x49, 0xFF, 0xFF, 0xDE,
  0xFF, 0xFF, 0xFF, 0xFF, 0xFF, 0xFE, 0xFF, 0xFF, 0xFB, 0xFF, 0xFF, 0xFF, 0xFF, 0xFF, 0x82, 0x00,
  0x00, 0x00, 0xFF, 0xFF, 0x03, 0x00, 0x00, 0x00, 0x00, 0x00, 0x00, 0x00, 0x00, 0x00, 0x00, 0x00,
  0x00, 0x00, 0x00, 0x00, 0x00, 0x00, 0x00, 0x00, 0x00, 0x00, 0x00, 0x00, 0x00, 0x00, 0x00, 0x00,
  0x00, 0x00, 0x00, 0x00, 0x00, 0x00, 0x00, 0x00, 0x00, 0x00, 0x00, 0x00, 0x00, 0x00, 0x00, 0x00,
  0x00, 0x00, 0x00, 0x00, 0x00, 0x00, 0x00, 0x00, 0x00, 0x00, 0x00, 0x00, 0x00, 0x00, 0x00, 0x00,
  0x00, 0x00, 0x00, 0x00, 0x00, 0x00, 0x00, 0x00, 0x00, 0x00, 0x00, 0x00, 0x00, 0x00, 0x00, 0x00,
  0x00, 0x00, 0x00, 0x00, 0x00, 0x00, 0x00, 0x00, 0x00, 0x00, 0x00, 0x00, 0x00, 0x00, 0x00, 0x00,
  0x00, 0x00, 0x00, 0x00, 0x00, 0x00, 0x00, 0x00, 0x00, 0x00, 0x00, 0x00, 0x00, 0x00, 0x00, 0x00,
  0x00, 0x00, 0x00, 0x00, 0x00, 0x00, 0x00, 0x00, 0x00, 0x00, 0x00, 0x00, 0x00, 0x00, 0x00, 0x00,
  0x00, 0x00, 0x00, 0x00, 0x00, 0x00, 0x00, 0x00, 0x00, 0x00, 0x00, 0x00, 0x00, 0x00, 0x00, 0x00,
  0x00, 0x00, 0x00, 0x00, 0x00, 0x00, 0x00, 0x00, 0x00, 0x00, 0x00, 0x00, 0x00, 0x00, 0x00, 0x00,
  0x00, 0x00, 0x00, 0x00, 0x00, 0x00, 0x00, 0x00, 0x00, 0x00, 0x00, 0x00, 0x00, 0x00, 0x00, 0x00,
  0x00, 0x00, 0x00, 0x00, 0x00, 0x00, 0x00, 0x00, 0x00, 0x00, 0x00, 0x00, 0x00, 0x00, 0x00, 0x00,
  0x00, 0x00, 0x00, 0x00, 0x00, 0x00, 0x00, 0x00, 0x00, 0x00, 0x00, 0x00, 0x00, 0x00, 0x00, 0x00,
  0x00, 0x00, 0x00, 0x00, 0x00, 0x00, 0x00, 0x00, 0x00, 0x00, 0x00, 0x00, 0x00, 0x00, 0x00, 0x00,
  0x00, 0x00, 0x00, 0x00, 0x00, 0x00, 0x00, 0x00, 0x00, 0x00, 0x00, 0x00, 0x00, 0x00, 0x00, 0x00,
  0x00, 0x00, 0x00, 0x00, 0x00, 0x00, 0x00, 0x00, 0x00, 0x00, 0x00, 0x00, 0x00, 0x00, 0x00, 0x00,
  0x00, 0x00, 0x00, 0x00, 0x00, 0x00, 0x00, 0x00, 0x00, 0x00, 0x00, 0x00, 0x00, 0x00, 0x00, 0x00,
  0x00, 0x00, 0x00, 0x00, 0x00, 0x00, 0x00, 0x00, 0x00, 0x00, 0x00, 0x00, 0x00, 0x00, 0x00, 0x00,
  0x00, 0x00, 0x00, 0x00, 0x00, 0x00, 0x00, 0x00, 0x00, 0x00, 0x00, 0x00, 0x00, 0x00, 0x00, 0x00,
  0x00, 0x00, 0x00, 0x00, 0x00, 0x00, 0x00, 0x00, 0x00, 0x00, 0x00, 0x00, 0x00, 0x00, 0x00, 0x00,
  0x00, 0x00, 0x00, 0x00, 0x00, 0x00, 0x00, 0x00, 0x00, 0x00, 0x00, 0x00, 0x00, 0x00, 0x00, 0x00,
  0x00, 0x00, 0x00, 0x00, 0x00, 0x00, 0x00, 0x00, 0x00, 0x00, 0x00, 0x00, 0x00, 0x00, 0x00, 0x00,
  0x00, 0x00, 0x00, 0x00, 0x00, 0x00, 0x00, 0x00, 0x00, 0x00, 0x00, 0x00, 0x00, 0x00, 0x00, 0x00,
  0x00, 0x00, 0x00, 0x00, 0x00, 0x00, 0x00, 0x00, 0x00, 0x00, 0x00, 0x00, 0x00, 0x00, 0x00, 0x00,
  0x00, 0x00, 0x00, 0x00, 0x00, 0x00, 0x00, 0x00, 0x00, 0x00, 0x00, 0x00, 0x00, 0x00, 0x00, 0x00,
  0x00, 0x00, 0x00, 0x00, 0x00, 0x00, 0x00, 0x00, 0x00, 0x00, 0x00, 0x00, 0x00, 0x00, 0x00, 0x00,
  0x00, 0x00, 0x00, 0x00, 0x00, 0x00, 0x00, 0x00, 0x00, 0x00, 0x00, 0x00, 0x00, 0x00, 0x00, 0x00,
  0x00, 0x00, 0x00, 0x00, 0x00, 0x00, 0x00, 0x00, 0x00, 0x00, 0x00, 0x00, 0x00, 0x00, 0x00, 0x00,
  0x00, 0x00, 0x00, 0x00, 0x00, 0x00, 0x00, 0x00, 0x00, 0x00, 0x00, 0x00, 0x00, 0x00, 0x00, 0x00,
  0x00, 0x00, 0x00, 0x00, 0x00, 0x00, 0x00, 0x00, 0x00, 0x00, 0x00, 0x00, 0x00, 0x00, 0x00, 0x00,
  0x00, 0x00, 0x00, 0x00, 0x00, 0x00, 0x00, 0x00, 0x00, 0x00, 0x00, 0x00, 0x00, 0x00, 0x00, 0x00,
  0x00, 0x00, 0x00, 0x00, 0x00, 0x00, 0x00, 0x00, 0x00, 0x00, 0x00, 0x00, 0x00, 0x00, 0x00, 0x00,
  0x00, 0x00, 0x00, 0x00, 0x00, 0x00, 0x00, 0x00, 0x00, 0x00, 0x00, 0x00, 0xFF, 0xFF, 0x02, 0x00,
  0x00, 0x00, 0xFF, 0xFF, 0x2E, 0xFF, 0xFF, 0xED, 0xFF, 0xFF, 0xFE, 0xFF, 0xFF, 0xFA, 0xFF, 0xFF,
  0xFD, 0xFF, 0xFF, 0xFF, 0xFF, 0xFF, 0xEA, 0xFF, 0xFF, 0xAB, 0xFF, 0xFF, 0x82, 0xFF, 0xFF, 0x78,
  0xFF, 0xFF, 0x8C, 0xFF, 0xFF, 0xB7, 0xFF, 0xFF, 0xF8, 0xFF, 0xFF, 0xFF, 0xFF, 0xFF, 0xFE, 0xFF,
  0xFF, 0xFB, 0xFF, 0xFF, 0xFF, 0xFF, 0xFF, 0xDE, 0xFF, 0xFF, 0x21, 0x00, 0x00, 0x00, 0xFF, 0xFF,
  0x02, 0x00, 0x00, 0x00, 0x00, 0x00, 0x00, 0x00, 0x00, 0x00, 0x00, 0x00, 0x00, 0x00, 0x00, 0x00,
  0x00, 0x00, 0x00, 0x00, 0x00, 0x00, 0x00, 0x00, 0x00, 0x00, 0x00, 0x00, 0x00, 0x00, 0x00, 0x00,
  0x00, 0x00, 0x00, 0x00, 0x00, 0x00, 0x00, 0x00, 0x00, 0x00, 0x00, 0x00, 0x00, 0x00, 0x00, 0x00,
  0x00, 0x00, 0x00, 0x00, 0x00, 0x00, 0x00, 0x00, 0x00, 0x00, 0x00, 0x00, 0x00, 0x00, 0x00, 0x00,
  0x00, 0x00, 0x00, 0x00, 0x00, 0x00, 0x00, 0x00, 0x00, 0x00, 0x00, 0x00, 0x00, 0x00, 0x00, 0x00,
  0x00, 0x00, 0x00, 0x00, 0x00, 0x00, 0x00, 0x00, 0x00, 0x00, 0x00, 0x00, 0x00, 0x00, 0x00, 0x00,
  0x00, 0x00, 0x00, 0x00, 0x00, 0x00, 0x00, 0x00, 0x00, 0x00, 0x00, 0x00, 0x00, 0x00, 0x00, 0x00,
  0x00, 0x00, 0x00, 0x00, 0x00, 0x00, 0x00, 0x00, 0x00, 0x00, 0x00, 0x00, 0x00, 0x00, 0x00, 0x00,
  0x00, 0x00, 0x00, 0x00, 0x00, 0x00, 0x00, 0x00, 0x00, 0x00, 0x00, 0x00, 0x00, 0x00, 0x00, 0x00,
  0x00, 0x00, 0x00, 0x00, 0x00, 0x00, 0x00, 0x00, 0x00, 0x00, 0x00, 0x00, 0x00, 0x00, 0x00, 0x00,
  0x00, 0x00, 0x00, 0x00, 0x00, 0x00, 0x00, 0x00, 0x00, 0x00, 0x00, 0x00, 0x00, 0x00, 0x00, 0x00,
  0x00, 0x00, 0x00, 0x00, 0x00, 0x00, 0x00, 0x00, 0x00, 0x00, 0x00, 0x00, 0x00, 0x00, 0x00, 0x00,
  0x00, 0x00, 0x00, 0x00, 0x00, 0x00, 0x00, 0x00, 0x00, 0x00, 0x00, 0x00, 0x00, 0x00, 0x00, 0x00,
  0x00, 0x00, 0x00, 0x00, 0x00, 0x00, 0x00, 0x00, 0x00, 0x00, 0x00, 0x00, 0x00, 0x00, 0x00, 0x00,
  0x00, 0x00, 0x00, 0x00, 0x00, 0x00, 0x00, 0x00, 0x00, 0x00, 0x00, 0x00, 0x00, 0x00, 0x00, 0x00,
  0x00, 0x00, 0x00, 0x00, 0x00, 0x00, 0x00, 0x00, 0x00, 0x00, 0x00, 0x00, 0x00, 0x00, 0x00, 0x00,
  0x00, 0x00, 0x00, 0x00, 0x00, 0x00, 0x00, 0x00, 0x00, 0x00, 0x00, 0x00, 0x00, 0x00, 0x00, 0x00,
  0x00, 0x00, 0x00, 0x00, 0x00, 0x00, 0x00, 0x00, 0x00, 0x00, 0x00, 0x00, 0x00, 0x00, 0x00, 0x00,
  0x00, 0x00, 0x00, 0x00, 0x00, 0x00, 0x00, 0x00, 0x00, 0x00, 0x00, 0x00, 0x00, 0x00, 0x00, 0x00,
  0x00, 0x00, 0x00, 0x00, 0x00, 0x00, 0x00, 0x00, 0x00, 0x00, 0x00, 0x00, 0x00, 0x00, 0x00, 0x00,
  0x00, 0x00, 0x00, 0x00, 0x00, 0x00, 0x00, 0x00, 0x00, 0x00, 0x00, 0x00, 0x00, 0x00, 0x00, 0x00,
  0x00, 0x00, 0x00, 0x00, 0x00, 0x00, 0x00, 0x00, 0x00, 0x00, 0x00, 0x00, 0x00, 0x00, 0x00, 0x00,
  0x00, 0x00, 0x00, 0x00, 0x00, 0x00, 0x00, 0x00, 0x00, 0x00, 0x00, 0x00, 0x00, 0x00, 0x00, 0x00,
  0x00, 0x00, 0x00, 0x00, 0x00, 0x00, 0x00, 0x00, 0x00, 0x00, 0x00, 0x00, 0x00, 0x00, 0x00, 0x00,
  0x00, 0x00, 0x00, 0x00, 0x00, 0x00, 0x00, 0x00, 0x00, 0x00, 0x00, 0x00, 0x00, 0x00, 0x00, 0x00,
  0x00, 0x00, 0x00, 0x00, 0x00, 0x00, 0x00, 0x00, 0x00, 0x00, 0x00, 0x00, 0x00, 0x00, 0x00, 0x00,
  0x00, 0x00, 0x00, 0x00, 0x00, 0x00, 0x00, 0x00, 0x00, 0x00, 0x00, 0x00, 0x00, 0x00, 0x00, 0x00,
  0x00, 0x00, 0x00, 0x00, 0x00, 0x00, 0x00, 0x00, 0x00, 0x00, 0x00, 0x00, 0x00, 0x00, 0x00, 0x00,
  0x00, 0x00, 0x00, 0x00, 0x00, 0x00, 0x00, 0x00, 0x00, 0x00, 0x00, 0x00, 0x00, 0x00, 0x00, 0x00,
  0x00, 0x00, 0x00, 0x00, 0x00, 0x00, 0x00, 0x00, 0x00, 0x00, 0x00, 0x00, 0x00, 0x00, 0x00, 0x00,
  0x00, 0x00, 0x00, 0x00, 0x00, 0x00, 0x00, 0x00, 0x00, 0x00, 0x00, 0x00, 0x00, 0x00, 0x00, 0x00,
  0x00, 0x00, 0x00, 0x00, 0x00, 0x00, 0x00, 0x00, 0x00, 0x00, 0x00, 0x00, 0x00, 0x00, 0x00, 0x00,
  0x00, 0x00, 0x00, 0x00, 0x00, 0x00, 0x00, 0x00, 0x00, 0x00, 0x00, 0xFF, 0xFF, 0x02, 0x00, 0x00,
  0x00, 0xFF, 0xFF, 0x55, 0xFF, 0xFF, 0xF3, 0xFF, 0xFF, 0xFF, 0xFF, 0xFF, 0xFC, 0xFF, 0xFF, 0xFA,
  0xFF, 0xFF, 0xFF, 0xFF, 0xFF, 0xFF, 0xFF, 0xFF, 0xFF, 0xFF, 0xFF, 0xFF, 0xFF, 0xFF, 0xFF, 0xFF,
  0xFF, 0xFF, 0xFF, 0xFF, 0xFD, 0xFF, 0xFF, 0xFA, 0xFF, 0xFF, 0xFD, 0xFF, 0xFF, 0xFF, 0xFF, 0xFF,
  0xE7, 0xFF, 0xFF, 0x40, 0x00, 0x00, 0x00, 0xFF, 0xFF, 0x02, 0x00, 0x00, 0x00, 0x00, 0x00, 0x00,
  0x00, 0x00, 0x00, 0x00, 0x00, 0x00, 0x00, 0x00, 0x00, 0x00, 0x00, 0x00, 0x00, 0x00, 0x00, 0x00,
  0x00, 0x00, 0x00, 0x00, 0x00, 0x00, 0x00, 0x00, 0x00, 0x00, 0x00, 0x00, 0x00, 0x00, 0x00, 0x00,
  0x00, 0x00, 0x00, 0x00, 0x00, 0x00, 0x00, 0x00, 0x00, 0x00, 0x00, 0x00, 0x00, 0x00, 0x00, 0x00,
  0x00, 0x00, 0x00, 0x00, 0x00, 0x00, 0x00, 0x00, 0x00, 0x00, 0x00, 0x00, 0x00, 0x00, 0x00, 0x00,
  0x00, 0x00, 0x00, 0x00, 0x00, 0x00, 0x00, 0x00, 0x00, 0x00, 0x00, 0x00, 0x00, 0x00, 0x00, 0x00,
  0x00, 0x00, 0x00, 0x00, 0x00, 0x00, 0x00, 0x00, 0x00, 0x00, 0x00, 0x00, 0x00, 0x00, 0x00, 0x00,
  0x00, 0x00, 0x00, 0x00, 0x00, 0x00, 0x00, 0x00, 0x00, 0x00, 0x00, 0x00, 0x00, 0x00, 0x00, 0x00,
  0x00, 0x00, 0x00, 0x00, 0x00, 0x00, 0x00, 0x00, 0x00, 0x00, 0x00, 0x00, 0x00, 0x00, 0x00, 0x00,
  0x00, 0x00, 0x00, 0x00, 0x00, 0x00, 0x00, 0x00, 0x00, 0x00, 0x00, 0x00, 0x00, 0x00, 0x00, 0x00,
  0x00, 0x00, 0x00, 0x00, 0x00, 0x00, 0x00, 0x00, 0x00, 0x00, 0x00, 0x00, 0x00, 0x00, 0x00, 0x00,
  0x00, 0x00, 0x00, 0x00, 0x00, 0x00, 0x00, 0x00, 0x00, 0x00, 0x00, 0x00, 0x00, 0x00, 0x00, 0x00,
  0x00, 0x00, 0x00, 0x00, 0x00, 0x00, 0x00, 0x00, 0x00, 0x00, 0x00, 0x00, 0x00, 0x00, 0x00, 0x00,
  0x00, 0x00, 0x00, 0x00, 0x00, 0x00, 0x00, 0x00, 0x00, 0x00, 0x00, 0x00, 0x00, 0x00, 0x00, 0x00,
  0x00, 0x00, 0x00, 0x00, 0x00, 0x00, 0x00, 0x00, 0x00, 0x00, 0x00, 0x00, 0x00, 0x00, 0x00, 0x00,
  0x00, 0x00, 0x00, 0x00, 0x00, 0x00, 0x00, 0x00, 0x00, 0x00, 0x00, 0x00, 0x00, 0x00, 0x00, 0x00,
  0x00, 0x00, 0x00, 0x00, 0x00, 0x00, 0x00, 0x00, 0x00, 0x00, 0x00, 0x00, 0x00, 0x00, 0x00, 0x00,
  0x00, 0x00, 0x00, 0x00, 0x00, 0x00, 0x00, 0x00, 0x00, 0x00, 0x00, 0x00, 0x00, 0x00, 0x00, 0x00,
  0x00, 0x00, 0x00, 0x00, 0x00, 0x00, 0x00, 0x00, 0x00, 0x00, 0x00, 0x00, 0x00, 0x00, 0x00, 0x00,
  0x00, 0x00, 0x00, 0x00, 0x00, 0x00, 0x00, 0x00, 0x00, 0x00, 0x00, 0x00, 0x00, 0x00, 0x00, 0x00,
  0x00, 0x00, 0x00, 0x00, 0x00, 0x00, 0x00, 0x00, 0x00, 0x00, 0x00, 0x00, 0x00, 0x00, 0x00, 0x00,
  0x00, 0x00, 0x00, 0x00, 0x00, 0x00, 0x00, 0x00, 0x00, 0x00, 0x00, 0x00, 0x00, 0x00, 0x00, 0x00,
  0x00, 0x00, 0x00, 0x00, 0x00, 0x00, 0x00, 0x00, 0x00, 0x00, 0x00, 0x00, 0x00, 0x00, 0x00, 0x00,
  0x00, 0x00, 0x00, 0x00, 0x00, 0x00, 0x00, 0x00, 0x00, 0x00, 0x00, 0x00, 0x00, 0x00, 0x00, 0x00,
  0x00, 0x00, 0x00, 0x00, 0x00, 0x00, 0x00, 0x00, 0x00, 0x00, 0x00, 0x00, 0x00, 0x00, 0x00, 0x00,
  0x00, 0x00, 0x00, 0x00, 0x00, 0x00, 0x00, 0x00, 0x00, 0x00, 0x00, 0x00, 0x00, 0x00, 0x00, 0x00,
  0x00, 0x00, 0x00, 0x00, 0x00, 0x00, 0x00, 0x00, 0x00, 0x00, 0x00, 0x00, 0x00, 0x00, 0x00, 0x00,
  0x00, 0x00, 0x00, 0x00, 0x00, 0x00, 0x00, 0x00, 0x00, 0x00, 0x00, 0x00, 0x00, 0x00, 0x00, 0x00,
  0x00, 0x00, 0x00, 0x00, 0x00, 0x00, 0x00, 0x00, 0x00, 0x00, 0x00, 0x00, 0x00, 0x00, 0x00, 0x00,
  0x00, 0x00, 0x00, 0x00, 0x00, 0x00, 0x00, 0x00, 0x00, 0x00, 0x00, 0x00, 0x00, 0x00, 0x00, 0x00,
  0x00, 0x00, 0x00, 0x00, 0x00, 0x00, 0x00, 0x00, 0x00, 0x00, 0x00, 0x00, 0x00, 0x00, 0x00, 0x00,
  0x00, 0x00, 0x00, 0x00, 0x00, 0x00, 0x00, 0x00, 0x00, 0x00, 0x00, 0x00, 0x00, 0x00, 0x00, 0x00,
  0x00, 0x00, 0x00, 0x00, 0x00, 0x00, 0x00, 0x00, 0x00, 0x00, 0x00, 0x00, 0x00, 0x00, 0x00, 0x00,
  0x00, 0x00, 0x00, 0x00, 0x00, 0x00, 0x00, 0x00, 0x00, 0x00, 0xFF, 0xFF, 0x02, 0x00, 0x00, 0x00,
  0xFF, 0xFF, 0x43, 0xFF, 0xFF, 0xC8, 0xFF, 0xFF, 0xFF, 0xFF, 0xFF, 0xFF, 0xFF, 0xFF, 0xFF, 0xFF,
  0xFF, 0xFF, 0xFF, 0xFF, 0xFE, 0xFF, 0xFF, 0xFE, 0xFF, 0xFF, 0xFE, 0xFF, 0xFF, 0xFF, 0xFF, 0xFF,
  0xFF, 0xFF, 0xFF, 0xFF, 0xFF, 0xFF, 0xFE, 0xFF, 0xFF, 0xB4, 0xFF, 0xFF, 0x31, 0x00, 0x00, 0x00,
  0xFF, 0xFF, 0x02, 0x00, 0x00, 0x00, 0x00, 0x00, 0x00, 0x00, 0x00, 0x00, 0x00, 0x00, 0x00, 0x00,
  0x00, 0x00, 0x00, 0x00, 0x00, 0x00, 0x00, 0x00, 0x00, 0x00, 0x00, 0x00, 0x00, 0x00, 0x00, 0x00,
  0x00, 0x00, 0x00, 0x00, 0x00, 0x00, 0x00, 0x00, 0x00, 0x00, 0x00, 0x00, 0x00, 0x00, 0x00, 0x00,
  0x00, 0x00, 0x00, 0x00, 0x00, 0x00, 0x00, 0x00, 0x00, 0x00, 0x00, 0x00, 0x00, 0x00, 0x00, 0x00,
  0x00, 0x00, 0x00, 0x00, 0x00, 0x00, 0x00, 0x00, 0x00, 0x00, 0x00, 0x00, 0x00, 0x00, 0x00, 0x00,
  0x00, 0x00, 0x00, 0x00, 0x00, 0x00, 0x00, 0x00, 0x00, 0x00, 0x00, 0x00, 0x00, 0x00, 0x00, 0x00,
  0x00, 0x00, 0x00, 0x00, 0x00, 0x00, 0x00, 0x00, 0x00, 0x00, 0x00, 0x00, 0x00, 0x00, 0x00, 0x00,
  0x00, 0x00, 0x00, 0x00, 0x00, 0x00, 0x00, 0x00, 0x00, 0x00, 0x00, 0x00, 0x00, 0x00, 0x00, 0x00,
  0x00, 0x00, 0x00, 0x00, 0x00, 0x00, 0x00, 0x00, 0x00, 0x00, 0x00, 0x00, 0x00, 0x00, 0x00, 0x00,
  0x00, 0x00, 0x00, 0x00, 0x00, 0x00, 0x00, 0x00, 0x00, 0x00, 0x00, 0x00, 0x00, 0x00, 0x00, 0x00,
  0x00, 0x00, 0x00, 0x00, 0x00, 0x00, 0x00, 0x00, 0x00, 0x00, 0x00, 0x00, 0x00, 0x00, 0x00, 0x00,
  0x00, 0x00, 0x00, 0x00, 0x00, 0x00, 0x00, 0x00, 0x00, 0x00, 0x00, 0x00, 0x00, 0x00, 0x00, 0x00,
  0x00, 0x00, 0x00, 0x00, 0x00, 0x00, 0x00, 0x00, 0x00, 0x00, 0x00, 0x00, 0x00, 0x00, 0x00, 0x00,
  0x00, 0x00, 0x00, 0x00, 0x00, 0x00, 0x00, 0x00, 0x00, 0x00, 0x00, 0x00, 0x00, 0x00, 0x00, 0x00,
  0x00, 0x00, 0x00, 0x00, 0x00, 0x00, 0x00, 0x00, 0x00, 0x00, 0x00, 0x00, 0x00, 0x00, 0x00, 0x00,
  0x00, 0x00, 0x00, 0x00, 0x00, 0x00, 0x00, 0x00, 0x00, 0x00, 0x00, 0x00, 0x00, 0x00, 0x00, 0x00,
  0x00, 0x00, 0x00, 0x00, 0x00, 0x00, 0x00, 0x00, 0x00, 0x00, 0x00, 0x00, 0x00, 0x00, 0x00, 0x00,
  0x00, 0x00, 0x00, 0x00, 0x00, 0x00, 0x00, 0x00, 0x00, 0x00, 0x00, 0x00, 0x00, 0x00, 0x00, 0x00,
  0x00, 0x00, 0x00, 0x00, 0x00, 0x00, 0x00, 0x00, 0x00, 0x00, 0x00, 0x00, 0x00, 0x00, 0x00, 0x00,
  0x00, 0x00, 0x00, 0x00, 0x00, 0x00, 0x00, 0x00, 0x00, 0x00, 0x00, 0x00, 0x00, 0x00, 0x00, 0x00,
  0x00, 0x00, 0x00, 0x00, 0x00, 0x00, 0x00, 0x00, 0x00, 0x00, 0x00, 0x00, 0x00, 0x00, 0x00, 0x00,
  0x00, 0x00, 0x00, 0x00, 0x00, 0x00, 0x00, 0x00, 0x00, 0x00, 0x00, 0x00, 0x00, 0x00, 0x00, 0x00,
  0x00, 0x00, 0x00, 0x00, 0x00, 0x00, 0x00, 0x00, 0x00, 0x00, 0x00, 0x00, 0x00, 0x00, 0x00, 0x00,
  0x00, 0x00, 0x00, 0x00, 0x00, 0x00, 0x00, 0x00, 0x00, 0x00, 0x00, 0x00, 0x00, 0x00, 0x00, 0x00,
  0x00, 0x00, 0x00, 0x00, 0x00, 0x00, 0x00, 0x00, 0x00, 0x00, 0x00, 0x00, 0x00, 0x00, 0x00, 0x00,
  0x00, 0x00, 0x00, 0x00, 0x00, 0x00, 0x00, 0x00, 0x00, 0x00, 0x00, 0x00, 0x00, 0x00, 0x00, 0x00,
  0x00, 0x00, 0x00, 0x00, 0x00, 0x00, 0x00, 0x00, 0x00, 0x00, 0x00, 0x00, 0x00, 0x00, 0x00, 0x00,
  0x00, 0x00, 0x00, 0x00, 0x00, 0x00, 0x00, 0x00, 0x00, 0x00, 0x00, 0x00, 0x00, 0x00, 0x00, 0x00,
  0x00, 0x00, 0x00, 0x00, 0x00, 0x00, 0x00, 0x00, 0x00, 0x00, 0x00, 0x00, 0x00, 0x00, 0x00, 0x00,
  0x00, 0x00, 0x00, 0x00, 0x00, 0x00, 0x00, 0x00, 0x00, 0x00, 0x00, 0x00, 0x00, 0x00, 0x00, 0x00,
  0x00, 0x00, 0x00, 0x00, 0x00, 0x00, 0x00, 0x00, 0x00, 0x00, 0x00, 0x00, 0x00, 0x00, 0x00, 0x00,
  0x00, 0x00, 0x00, 0x00, 0x00, 0x00, 0x00, 0x00, 0x00, 0x00, 0x00, 0x00, 0x00, 0x00, 0x00, 0x00,
  0x00, 0x00, 0x00, 0x00, 0x00, 0x00, 0x00, 0x00, 0x00, 0x00, 0x00, 0x00, 0x00, 0x00, 0x00, 0x00,
  0x00, 0x00, 0x00, 0x00, 0x00, 0x00, 0x00, 0x00, 0x00, 0xFF, 0xFF, 0x03, 0x00, 0x00, 0x00, 0xFF,
  0xFF, 0x0F, 0xFF, 0xFF, 0x53, 0xFF, 0xFF, 0xA5, 0xFF, 0xFF, 0xCF, 0xFF, 0xFF, 0xE5, 0xFF, 0xFF,
  0xF2, 0xFF, 0xFF, 0xF4, 0xFF, 0xFF, 0xEE, 0xFF, 0xFF, 0xDE, 0xFF, 0xFF, 0xC7, 0xFF, 0xFF, 0x9C,
  0xFF, 0xFF, 0x44, 0xFF, 0xFF, 0x04, 0x00, 0x00, 0x00, 0xFF, 0xFF, 0x03, 0x00, 0x00, 0x00, 0x00,
  0x00, 0x00, 0x00, 0x00, 0x00, 0x00, 0x00, 0x00, 0x00, 0x00, 0x00, 0x00, 0x00, 0x00, 0x00, 0x00,
  0x00, 0x00, 0x00, 0x00, 0x00, 0x00, 0x00, 0x00, 0x00, 0x00, 0x00, 0x00, 0x00, 0x00, 0x00, 0x00,
  0x00, 0x00, 0x00, 0x00, 0x00, 0x00, 0x00, 0x00, 0x00, 0x00, 0x00, 0x00, 0x00, 0x00, 0x00, 0x00,
  0x00, 0x00, 0x00, 0x00, 0x00, 0x00, 0x00, 0x00, 0x00, 0x00, 0x00, 0x00, 0x00, 0x00, 0x00, 0x00,
  0x00, 0x00, 0x00, 0x00, 0x00, 0x00, 0x00, 0x00, 0x00, 0x00, 0x00, 0x00, 0x00, 0x00, 0x00, 0x00,
  0x00, 0x00, 0x00, 0x00, 0x00, 0x00, 0x00, 0x00, 0x00, 0x00, 0x00, 0x00, 0x00, 0x00, 0x00, 0x00,
  0x00, 0x00, 0x00, 0x00, 0x00, 0x00, 0x00, 0x00, 0x00, 0x00, 0x00, 0x00, 0x00, 0x00, 0x00, 0x00,
  0x00, 0x00, 0x00, 0x00, 0x00, 0x00, 0x00, 0x00, 0x00, 0x00, 0x00, 0x00, 0x00, 0x00, 0x00, 0x00,
  0x00, 0x00, 0x00, 0x00, 0x00, 0x00, 0x00, 0x00, 0x00, 0x00, 0x00, 0x00, 0x00, 0x00, 0x00, 0x00,
  0x00, 0x00, 0x00, 0x00, 0x00, 0x00, 0x00, 0x00, 0x00, 0x00, 0x00, 0x00, 0x00, 0x00, 0x00, 0x00,
  0x00, 0x00, 0x00, 0x00, 0x00, 0x00, 0x00, 0x00, 0x00, 0x00, 0x00, 0x00, 0x00, 0x00, 0x00, 0x00,
  0x00, 0x00, 0x00, 0x00, 0x00, 0x00, 0x00, 0x00, 0x00, 0x00, 0x00, 0x00, 0x00, 0x00, 0x00, 0x00,
  0x00, 0x00, 0x00, 0x00, 0x00, 0x00, 0x00, 0x00, 0x00, 0x00, 0x00, 0x00, 0x00, 0x00, 0x00, 0x00,
  0x00, 0x00, 0x00, 0x00, 0x00, 0x00, 0x00, 0x00, 0x00, 0x00, 0x00, 0x00, 0x00, 0x00, 0x00, 0x00,
  0x00, 0x00, 0x00, 0x00, 0x00, 0x00, 0x00, 0x00, 0x00, 0x00, 0x00, 0x00, 0x00, 0x00, 0x00, 0x00,
  0x00, 0x00, 0x00, 0x00, 0x00, 0x00, 0x00, 0x00, 0x00, 0x00, 0x00, 0x00, 0x00, 0x00, 0x00, 0x00,
  0x00, 0x00, 0x00, 0x00, 0x00, 0x00, 0x00, 0x00, 0x00, 0x00, 0x00, 0x00, 0x00, 0x00, 0x00, 0x00,
  0x00, 0x00, 0x00, 0x00, 0x00, 0x00, 0x00, 0x00, 0x00, 0x00, 0x00, 0x00, 0x00, 0x00, 0x00, 0x00,
  0x00, 0x00, 0x00, 0x00, 0x00, 0x00, 0x00, 0x00, 0x00, 0x00, 0x00, 0x00, 0x00, 0x00, 0x00, 0x00,
  0x00, 0x00, 0x00, 0x00, 0x00, 0x00, 0x00, 0x00, 0x00, 0x00, 0x00, 0x00, 0x00, 0x00, 0x00, 0x00,
  0x00, 0x00, 0x00, 0x00, 0x00, 0x00, 0x00, 0x00, 0x00, 0x00, 0x00, 0x00, 0x00, 0x00, 0x00, 0x00,
  0x00, 0x00, 0x00, 0x00, 0x00, 0x00, 0x00, 0x00, 0x00, 0x00, 0x00, 0x00, 0x00, 0x00, 0x00, 0x00,
  0x00, 0x00, 0x00, 0x00, 0x00, 0x00, 0x00, 0x00, 0x00, 0x00, 0x00, 0x00, 0x00, 0x00, 0x00, 0x00,
  0x00, 0x00, 0x00, 0x00, 0x00, 0x00, 0x00, 0x00, 0x00, 0x00, 0x00, 0x00, 0x00, 0x00, 0x00, 0x00,
  0x00, 0x00, 0x00, 0x00, 0x00, 0x00, 0x00, 0x00, 0x00, 0x00, 0x00, 0x00, 0x00, 0x00, 0x00, 0x00,
  0x00, 0x00, 0x00, 0x00, 0x00, 0x00, 0x00, 0x00, 0x00, 0x00, 0x00, 0x00, 0x00, 0x00, 0x00, 0x00,
  0x00, 0x00, 0x00, 0x00, 0x00, 0x00, 0x00, 0x00, 0x00, 0x00, 0x00, 0x00, 0x00, 0x00, 0x00, 0x00,
  0x00, 0x00, 0x00, 0x00, 0x00, 0x00, 0x00, 0x00, 0x00, 0x00, 0x00, 0x00, 0x00, 0x00, 0x00, 0x00,
  0x00, 0x00, 0x00, 0x00, 0x00, 0x00, 0x00, 0x00, 0x00, 0x00, 0x00, 0x00, 0x00, 0x00, 0x00, 0x00,
  0x00, 0x00, 0x00, 0x00, 0x00, 0x00, 0x00, 0x00, 0x00, 0x00, 0x00, 0x00, 0x00, 0x00, 0x00, 0x00,
  0x00, 0x00, 0x00, 0x00, 0x00, 0x00, 0x00, 0x00, 0x00, 0x00, 0x00, 0x00, 0x00, 0x00, 0x00, 0x00,
  0x00, 0x00, 0x00, 0x00, 0x00, 0x00, 0x00, 0x00, 0x00, 0x00, 0x00, 0x00, 0x00, 0x00, 0x00, 0x00,
  0x00, 0x00, 0x00, 0x00, 0x00, 0x00, 0x00, 0x00, 0x00, 0x00, 0x00, 0x00, 0x00, 0x00, 0x00, 0x00,
  0x00, 0x00, 0x00, 0x00, 0x00, 0x00, 0x00, 0x00, 0xFF, 0xFF, 0x03, 0x00, 0x00, 0x00, 0x00, 0x00,
  0x00, 0x00, 0x00, 0x00, 0xFF, 0xFF, 0x0F, 0xFF, 0xFF, 0x2B, 0xFF, 0xFF, 0x3D, 0xFF, 0xFF, 0x3F,
  0xFF, 0xFF, 0x37, 0xFF, 0xFF, 0x21, 0xFF, 0xFF, 0x06, 0x00, 0x00, 0x00, 0x00, 0x00, 0x00, 0x00,
  0x00, 0x00, 0xFF, 0xFF, 0x03, 0x00, 0x00, 0x00, 0x00, 0x00, 0x00, 0x00, 0x00, 0x00, 0x00, 0x00,
  0x00, 0x00, 0x00, 0x00, 0x00, 0x00, 0x00, 0x00, 0x00, 0x00, 0x00, 0x00, 0x00, 0x00, 0x00, 0x00,
  0x00, 0x00, 0x00, 0x00, 0x00, 0x00, 0x00, 0x00, 0x00, 0x00, 0x00, 0x00, 0x00, 0x00, 0x00, 0x00,
  0x00, 0x00, 0x00, 0x00, 0x00, 0x00, 0x00, 0x00, 0x00, 0x00, 0x00, 0x00, 0x00, 0x00, 0x00, 0x00,
  0x00, 0x00, 0x00, 0x00, 0x00, 0x00, 0x00, 0x00, 0x00, 0x00, 0x00, 0x00, 0x00, 0x00, 0x00, 0x00,
  0x00, 0x00, 0x00, 0x00, 0x00, 0x00, 0x00, 0x00, 0x00, 0x00, 0x00, 0x00, 0x00, 0x00, 0x00, 0x00,
  0x00, 0x00, 0x00, 0x00, 0x00, 0x00, 0x00, 0x00, 0x00, 0x00, 0x00, 0x00, 0x00, 0x00, 0x00, 0x00,
  0x00, 0x00, 0x00, 0x00, 0x00, 0x00, 0x00, 0x00, 0x00, 0x00, 0x00, 0x00, 0x00, 0x00, 0x00, 0x00,
  0x00, 0x00, 0x00, 0x00, 0x00, 0x00, 0x00, 0x00, 0x00, 0x00, 0x00, 0x00, 0x00, 0x00, 0x00, 0x00,
  0x00, 0x00, 0x00, 0x00, 0x00, 0x00, 0x00, 0x00, 0x00, 0x00, 0x00, 0x00, 0x00, 0x00, 0x00, 0x00,
  0x00, 0x00, 0x00, 0x00, 0x00, 0x00, 0x00, 0x00, 0x00, 0x00, 0x00, 0x00, 0x00, 0x00, 0x00, 0x00,
  0x00, 0x00, 0x00, 0x00, 0x00, 0x00, 0x00, 0x00, 0x00, 0x00, 0x00, 0x00, 0x00, 0x00, 0x00, 0x00,
  0x00, 0x00, 0x00, 0x00, 0x00, 0x00, 0x00, 0x00, 0x00, 0x00, 0x00, 0x00, 0x00, 0x00, 0x00, 0x00,
  0x00, 0x00, 0x00, 0x00, 0x00, 0x00, 0x00, 0x00, 0x00, 0x00, 0x00, 0x00, 0x00, 0x00, 0x00, 0x00,
  0x00, 0x00, 0x00, 0x00, 0x00, 0x00, 0x00, 0x00, 0x00, 0x00, 0x00, 0x00, 0x00, 0x00, 0x00, 0x00,
  0x00, 0x00, 0x00, 0x00, 0x00, 0x00, 0x00, 0x00, 0x00, 0x00, 0x00, 0x00, 0x00, 0x00, 0x00, 0x00,
  0x00, 0x00, 0x00, 0x00, 0x00, 0x00, 0x00, 0x00, 0x00, 0x00, 0x00, 0x00, 0x00, 0x00, 0x00, 0x00,
  0x00, 0x00, 0x00, 0x00, 0x00, 0x00, 0x00, 0x00, 0x00, 0x00, 0x00, 0x00, 0x00, 0x00, 0x00, 0x00,
  0x00, 0x00, 0x00, 0x00, 0x00, 0x00, 0x00, 0x00, 0x00, 0x00, 0x00, 0x00, 0x00, 0x00, 0x00, 0x00,
  0x00, 0x00, 0x00, 0x00, 0x00, 0x00, 0x00, 0x00, 0x00, 0x00, 0x00, 0x00, 0x00, 0x00, 0x00, 0x00,
  0x00, 0x00, 0x00, 0x00, 0x00, 0x00, 0x00, 0x00, 0x00, 0x00, 0x00, 0x00, 0x00, 0x00, 0x00, 0x00,
  0x00, 0x00, 0x00, 0x00, 0x00, 0x00, 0x00, 0x00, 0x00, 0x00, 0x00, 0x00, 0x00, 0x00, 0x00, 0x00,
  0x00, 0x00, 0x00, 0x00, 0x00, 0x00, 0x00, 0x00, 0x00, 0x00, 0x00, 0x00, 0x00, 0x00, 0x00, 0x00,
  0x00, 0x00, 0x00, 0x00, 0x00, 0x00, 0x00, 0x00, 0x00, 0x00, 0x00, 0x00, 0x00, 0x00, 0x00, 0x00,
  0x00, 0x00, 0x00, 0x00, 0x00, 0x00, 0x00, 0x00,
};
const lv_img_dsc_t txt_brightness_title = {
  .header.always_zero = 0,
  .header.w = 196,
  .header.h = 38,
  .data_size = 22344,
  .header.cf = LV_IMG_CF_TRUE_COLOR_ALPHA,
  .data = txt_brightness_title_data,
};

#endif /* BRIGHTNESS_ICONS_H */
